Date,close,ticker,name,indexed
2018-01-02,36.0538444519043,ARKK,ARK Innovation ETF (disruptive growth),100.0
2018-01-03,36.203369140625,ARKK,ARK Innovation ETF (disruptive growth),100.41472606040715
2018-01-04,36.324851989746094,ARKK,ARK Innovation ETF (disruptive growth),100.75167445236893
2018-01-05,36.91360092163086,ARKK,ARK Innovation ETF (disruptive growth),102.38464575081161
2018-01-08,36.66128158569336,ARKK,ARK Innovation ETF (disruptive growth),101.68480544314596
2018-01-09,36.736045837402344,ARKK,ARK Innovation ETF (disruptive growth),101.89217376362762
2018-01-10,36.82949447631836,ARKK,ARK Innovation ETF (disruptive growth),102.15136564825639
2018-01-11,36.92294692993164,ARKK,ARK Innovation ETF (disruptive growth),102.41056811344134
2018-01-12,37.10985565185547,ARKK,ARK Innovation ETF (disruptive growth),102.9289836243674
2018-01-16,36.27812576293945,ARKK,ARK Innovation ETF (disruptive growth),100.62207321977645
2018-01-17,37.12854766845703,ARKK,ARK Innovation ETF (disruptive growth),102.98082834962686
2018-01-18,37.25937271118164,ARKK,ARK Innovation ETF (disruptive growth),103.3436885236622
2018-01-19,37.324790954589844,ARKK,ARK Innovation ETF (disruptive growth),103.52513448151413
2018-01-22,38.36211013793945,ARKK,ARK Innovation ETF (disruptive growth),106.40227338062208
2018-01-23,38.84806823730469,ARKK,ARK Innovation ETF (disruptive growth),107.75014101236243
2018-01-24,38.61442947387695,ARKK,ARK Innovation ETF (disruptive growth),107.10211368828772
2018-01-25,38.586395263671875,ARKK,ARK Innovation ETF (disruptive growth),107.02435718095471
2018-01-26,39.296630859375,ARKK,ARK Innovation ETF (disruptive growth),108.99428745191534
2018-01-29,39.55829620361328,ARKK,ARK Innovation ETF (disruptive growth),109.72005012221071
2018-01-30,38.876094818115234,ARKK,ARK Innovation ETF (disruptive growth),107.82787635858308
2018-01-31,38.5396728515625,ARKK,ARK Innovation ETF (disruptive growth),106.89476652891841
2018-02-01,38.081756591796875,ARKK,ARK Innovation ETF (disruptive growth),105.62467656562342
2018-02-02,37.1939582824707,ARKK,ARK Innovation ETF (disruptive growth),103.16225314636644
2018-02-05,35.876285552978516,ARKK,ARK Innovation ETF (disruptive growth),99.50751743225985
2018-02-06,36.717350006103516,ARKK,ARK Innovation ETF (disruptive growth),101.84031845781199
2018-02-07,37.23134231567383,ARKK,ARK Innovation ETF (disruptive growth),103.26594259688535
2018-02-08,35.60527420043945,ARKK,ARK Innovation ETF (disruptive growth),98.75583239933474
2018-02-09,35.85758972167969,ARKK,ARK Innovation ETF (disruptive growth),99.45566212644421
2018-02-12,36.27812576293945,ARKK,ARK Innovation ETF (disruptive growth),100.62207321977645
2018-02-13,36.700531005859375,ARKK,ARK Innovation ETF (disruptive growth),101.79366878563465
2018-02-14,37.64252471923828,ARKK,ARK Innovation ETF (disruptive growth),104.40641016647552
2018-02-15,38.39949035644531,ARKK,ARK Innovation ETF (disruptive growth),106.50595225058481
2018-02-16,38.371456146240234,ARKK,ARK Innovation ETF (disruptive growth),106.4281957432518
2018-02-20,38.334075927734375,ARKK,ARK Innovation ETF (disruptive growth),106.32451687328906
2018-02-21,38.380802154541016,ARKK,ARK Innovation ETF (disruptive growth),106.45411810588153
2018-02-22,38.30603790283203,ARKK,ARK Innovation ETF (disruptive growth),106.24674978539987
2018-02-23,38.791988372802734,ARKK,ARK Innovation ETF (disruptive growth),107.59459625602787
2018-02-26,39.58633804321289,ARKK,ARK Innovation ETF (disruptive growth),109.79782779065607
2018-02-27,38.960201263427734,ARKK,ARK Innovation ETF (disruptive growth),108.06115646113831
2018-02-28,38.23128128051758,ARKK,ARK Innovation ETF (disruptive growth),106.03940262603057
2018-03-01,38.10044860839844,ARKK,ARK Innovation ETF (disruptive growth),105.67652129088287
2018-03-02,38.9788932800293,ARKK,ARK Innovation ETF (disruptive growth),108.11300118639777
2018-03-05,39.77324295043945,ARKK,ARK Innovation ETF (disruptive growth),110.31623272102597
2018-03-06,40.14704513549805,ARKK,ARK Innovation ETF (disruptive growth),111.35302142065339
2018-03-07,40.75448989868164,ARKK,ARK Innovation ETF (disruptive growth),113.03784802491171
2018-03-08,41.118953704833984,ARKK,ARK Innovation ETF (disruptive growth),114.04873552302176
2018-03-09,41.95067596435547,ARKK,ARK Innovation ETF (disruptive growth),116.35562476650036
2018-03-12,42.03478240966797,ARKK,ARK Innovation ETF (disruptive growth),116.58890486905557
2018-03-13,41.53013610839844,ARKK,ARK Innovation ETF (disruptive growth),115.18920309261192
2018-03-14,41.240440368652344,ARKK,ARK Innovation ETF (disruptive growth),114.38569449553971
2018-03-15,40.77317810058594,ARKK,ARK Innovation ETF (disruptive growth),113.08968216961499
2018-03-16,40.576927185058594,ARKK,ARK Innovation ETF (disruptive growth),112.54535487661538
2018-03-19,39.81061935424805,ARKK,ARK Innovation ETF (disruptive growth),110.41990101043254
2018-03-20,39.885379791259766,ARKK,ARK Innovation ETF (disruptive growth),110.62725875035802
2018-03-21,39.87603759765625,ARKK,ARK Innovation ETF (disruptive growth),110.60134696828446
2018-03-22,38.74526596069336,ARKK,ARK Innovation ETF (disruptive growth),107.46500560399159
2018-03-23,37.988304138183594,ARKK,ARK Innovation ETF (disruptive growth),105.36547410043846
2018-03-26,38.791988372802734,ARKK,ARK Innovation ETF (disruptive growth),107.59459625602787
2018-03-27,36.81080627441406,ARKK,ARK Innovation ETF (disruptive growth),102.09953150355311
2018-03-28,35.876285552978516,ARKK,ARK Innovation ETF (disruptive growth),99.50751743225985
2018-03-29,36.51176452636719,ARKK,ARK Innovation ETF (disruptive growth),101.27010054385117
2018-04-02,35.334259033203125,ARKK,ARK Innovation ETF (disruptive growth),98.00413678585346
2018-04-03,35.83890151977539,ARKK,ARK Innovation ETF (disruptive growth),99.40382798174092
2018-04-04,36.69866180419922,ARKK,ARK Innovation ETF (disruptive growth),101.78848431310871
2018-04-05,36.94163513183594,ARKK,ARK Innovation ETF (disruptive growth),102.46240225814462
2018-04-06,35.92300796508789,ARKK,ARK Innovation ETF (disruptive growth),99.63710808429613
2018-04-09,36.14729690551758,ARKK,ARK Innovation ETF (disruptive growth),100.25920246518494
2018-04-10,37.30609893798828,ARKK,ARK Innovation ETF (disruptive growth),103.47328975625467
2018-04-11,37.464969635009766,ARKK,ARK Innovation ETF (disruptive growth),103.91393817929155
2018-04-12,37.86681365966797,ARKK,ARK Innovation ETF (disruptive growth),105.02850454736434
2018-04-13,37.60514831542969,ARKK,ARK Innovation ETF (disruptive growth),104.30274187706897
2018-04-16,37.586456298828125,ARKK,ARK Innovation ETF (disruptive growth),104.2508971518095
2018-04-17,38.67050552368164,ARKK,ARK Innovation ETF (disruptive growth),107.25764786406609
2018-04-18,38.932167053222656,ARKK,ARK Innovation ETF (disruptive growth),107.98339995380529
2018-04-19,38.53032684326172,ARKK,ARK Innovation ETF (disruptive growth),106.86884416628868
2018-04-20,38.19389724731445,ARKK,ARK Innovation ETF (disruptive growth),105.93571317551164
2018-04-23,37.567771911621094,ARKK,ARK Innovation ETF (disruptive growth),104.1990735876624
2018-04-24,37.035091400146484,ARKK,ARK Innovation ETF (disruptive growth),102.72161530388574
2018-04-25,36.31550979614258,ARKK,ARK Innovation ETF (disruptive growth),100.72576267029537
2018-04-26,36.95098876953125,ARKK,ARK Innovation ETF (disruptive growth),102.48834578188671
2018-04-27,36.80146408081055,ARKK,ARK Innovation ETF (disruptive growth),102.07361972147956
2018-04-30,36.53044891357422,ARKK,ARK Innovation ETF (disruptive growth),101.32192410799827
2018-05-01,36.9790153503418,ARKK,ARK Innovation ETF (disruptive growth),102.56608112810737
2018-05-02,36.960323333740234,ARKK,ARK Innovation ETF (disruptive growth),102.5142364028479
2018-05-03,36.717350006103516,ARKK,ARK Innovation ETF (disruptive growth),101.84031845781199
2018-05-04,37.296756744384766,ARKK,ARK Innovation ETF (disruptive growth),103.44737797418111
2018-05-07,38.26865768432617,ARKK,ARK Innovation ETF (disruptive growth),106.14307091543712
2018-05-08,38.586395263671875,ARKK,ARK Innovation ETF (disruptive growth),107.02435718095471
2018-05-09,39.56764602661133,ARKK,ARK Innovation ETF (disruptive growth),109.74598306539662
2018-05-10,39.87603759765625,ARKK,ARK Innovation ETF (disruptive growth),110.60134696828446
2018-05-11,40.069480895996094,ARKK,ARK Innovation ETF (disruptive growth),111.13788697193898
2018-05-14,40.1377067565918,ARKK,ARK Innovation ETF (disruptive growth),111.32712021913602
2018-05-15,39.932106018066406,ARKK,ARK Innovation ETF (disruptive growth),110.75685998295049
2018-05-16,40.249847412109375,ARKK,ARK Innovation ETF (disruptive growth),111.63815682902424
2018-05-17,40.30591583251953,ARKK,ARK Innovation ETF (disruptive growth),111.79366984369027
2018-05-18,39.82931137084961,ARKK,ARK Innovation ETF (disruptive growth),110.471745735692
2018-05-21,39.94145202636719,ARKK,ARK Innovation ETF (disruptive growth),110.78278234558022
2018-05-22,40.06293869018555,ARKK,ARK Innovation ETF (disruptive growth),111.11974131809818
2018-05-23,40.502166748046875,ARKK,ARK Innovation ETF (disruptive growth),112.33799713668989
2018-05-24,40.418060302734375,ARKK,ARK Innovation ETF (disruptive growth),112.10471703413468
2018-05-25,40.36198425292969,ARKK,ARK Innovation ETF (disruptive growth),111.9491828583563
2018-05-29,40.249847412109375,ARKK,ARK Innovation ETF (disruptive growth),111.63815682902424
2018-05-30,40.81055450439453,ARKK,ARK Innovation ETF (disruptive growth),113.19335045902156
2018-05-31,40.63299560546875,ARKK,ARK Innovation ETF (disruptive growth),112.7008678912814
2018-06-01,40.90400695800781,ARKK,ARK Innovation ETF (disruptive growth),113.4525529242065
2018-06-04,41.59555435180664,ARKK,ARK Innovation ETF (disruptive growth),115.37064905046385
2018-06-05,42.137577056884766,ARKK,ARK Innovation ETF (disruptive growth),116.87401911631406
2018-06-06,42.86650466918945,ARKK,ARK Innovation ETF (disruptive growth),118.89579411253416
2018-06-07,42.455318450927734,ARKK,ARK Innovation ETF (disruptive growth),117.75531596238781
2018-06-08,42.707637786865234,ARKK,ARK Innovation ETF (disruptive growth),118.45515627005346
2018-06-11,42.78239822387695,ARKK,ARK Innovation ETF (disruptive growth),118.66251400997895
2018-06-12,43.14685821533203,ARKK,ARK Innovation ETF (disruptive growth),119.67339092753282
2018-06-13,43.36179733276367,ARKK,ARK Innovation ETF (disruptive growth),120.26955236523573
2018-06-14,44.174835205078125,ARKK,ARK Innovation ETF (disruptive growth),122.5246180445672
2018-06-15,44.184181213378906,ARKK,ARK Innovation ETF (disruptive growth),122.55054040719693
2018-06-18,44.71685791015625,ARKK,ARK Innovation ETF (disruptive growth),124.02798811041741
2018-06-19,44.31501007080078,ARKK,ARK Innovation ETF (disruptive growth),122.91341116178845
2018-06-20,45.20281219482422,ARKK,ARK Innovation ETF (disruptive growth),125.37584516160159
2018-06-21,44.12811279296875,ARKK,ARK Innovation ETF (disruptive growth),122.3950273925309
2018-06-22,43.55805206298828,ARKK,ARK Innovation ETF (disruptive growth),120.81389023879152
2018-06-25,42.324485778808594,ARKK,ARK Innovation ETF (disruptive growth),117.39243462724014
2018-06-26,42.77305603027344,ARKK,ARK Innovation ETF (disruptive growth),118.63660222790539
2018-06-27,41.539485931396484,ARKK,ARK Innovation ETF (disruptive growth),115.21513603579783
2018-06-28,42.02543640136719,ARKK,ARK Innovation ETF (disruptive growth),116.56298250642584
2018-06-29,42.03478240966797,ARKK,ARK Innovation ETF (disruptive growth),116.58890486905557
2018-07-02,42.61418151855469,ARKK,ARK Innovation ETF (disruptive growth),118.19594322431234
2018-07-03,42.19364547729492,ARKK,ARK Innovation ETF (disruptive growth),117.02953213098009
2018-07-05,42.77305603027344,ARKK,ARK Innovation ETF (disruptive growth),118.63660222790539
2018-07-06,43.64216232299805,ARKK,ARK Innovation ETF (disruptive growth),121.0471809219029
2018-07-09,44.08138656616211,ARKK,ARK Innovation ETF (disruptive growth),122.26542615993844
2018-07-10,43.8851318359375,ARKK,ARK Innovation ETF (disruptive growth),121.72108828638264
2018-07-11,43.84775161743164,ARKK,ARK Innovation ETF (disruptive growth),121.6174094164199
2018-07-12,44.62340545654297,ARKK,ARK Innovation ETF (disruptive growth),123.76878564523247
2018-07-13,44.61405944824219,ARKK,ARK Innovation ETF (disruptive growth),123.74286328260274
2018-07-16,43.86643600463867,ARKK,ARK Innovation ETF (disruptive growth),121.66923298056702
2018-07-17,44.343048095703125,ARKK,ARK Innovation ETF (disruptive growth),122.99117824967763
2018-07-18,44.212215423583984,ARKK,ARK Innovation ETF (disruptive growth),122.62829691452995
2018-07-19,44.417808532714844,ARKK,ARK Innovation ETF (disruptive growth),123.19853598960312
2018-07-20,44.174835205078125,ARKK,ARK Innovation ETF (disruptive growth),122.5246180445672
2018-07-23,44.02531051635742,ARKK,ARK Innovation ETF (disruptive growth),122.10989198416006
2018-07-24,42.875850677490234,ARKK,ARK Innovation ETF (disruptive growth),118.92171647516389
2018-07-25,43.791683197021484,ARKK,ARK Innovation ETF (disruptive growth),121.46189640175388
2018-07-26,43.45525360107422,ARKK,ARK Innovation ETF (disruptive growth),120.52876541097685
2018-07-27,41.79180908203125,ARKK,ARK Innovation ETF (disruptive growth),115.91498692401964
2018-07-30,40.74513626098633,ARKK,ARK Innovation ETF (disruptive growth),113.01190450116962
2018-07-31,41.6329345703125,ARKK,ARK Innovation ETF (disruptive growth),115.4743279204266
2018-08-01,41.8011474609375,ARKK,ARK Innovation ETF (disruptive growth),115.94088812553703
2018-08-02,42.86650466918945,ARKK,ARK Innovation ETF (disruptive growth),118.89579411253416
2018-08-03,42.492698669433594,ARKK,ARK Innovation ETF (disruptive growth),117.85899483235056
2018-08-06,42.931922912597656,ARKK,ARK Innovation ETF (disruptive growth),119.0772400703861
2018-08-07,43.5487060546875,ARKK,ARK Innovation ETF (disruptive growth),120.78796787616179
2018-08-08,43.595436096191406,ARKK,ARK Innovation ETF (disruptive growth),120.91757968931043
2018-08-09,43.75430679321289,ARKK,ARK Innovation ETF (disruptive growth),121.3582281123473
2018-08-10,43.85710144042969,ARKK,ARK Innovation ETF (disruptive growth),121.64334235960581
2018-08-13,43.55805206298828,ARKK,ARK Innovation ETF (disruptive growth),120.81389023879152
2018-08-14,43.81037521362305,ARKK,ARK Innovation ETF (disruptive growth),121.51374112701333
2018-08-15,42.913230895996094,ARKK,ARK Innovation ETF (disruptive growth),119.02539534512664
2018-08-16,43.36179733276367,ARKK,ARK Innovation ETF (disruptive growth),120.26955236523573
2018-08-17,42.82912826538086,ARKK,ARK Innovation ETF (disruptive growth),118.79212582312759
2018-08-20,43.343109130859375,ARKK,ARK Innovation ETF (disruptive growth),120.21771822053243
2018-08-21,44.26828384399414,ARKK,ARK Innovation ETF (disruptive growth),122.78380992919598
2018-08-22,44.305667877197266,ARKK,ARK Innovation ETF (disruptive growth),122.8874993797149
2018-08-23,44.24025344848633,ARKK,ARK Innovation ETF (disruptive growth),122.70606400241914
2018-08-24,44.913108825683594,ARKK,ARK Innovation ETF (disruptive growth),124.57231540341704
2018-08-27,45.679412841796875,ARKK,ARK Innovation ETF (disruptive growth),126.6977586890437
2018-08-28,45.78221130371094,ARKK,ARK Innovation ETF (disruptive growth),126.98288351685837
2018-08-29,46.38031005859375,ARKK,ARK Innovation ETF (disruptive growth),128.64178775848694
2018-08-30,46.35226821899414,ARKK,ARK Innovation ETF (disruptive growth),128.5640100900416
2018-08-31,46.44572448730469,ARKK,ARK Innovation ETF (disruptive growth),128.8232231357827
2018-09-04,45.95042419433594,ARKK,ARK Innovation ETF (disruptive growth),127.4494437219688
2018-09-05,44.847694396972656,ARKK,ARK Innovation ETF (disruptive growth),124.39088002612128
2018-09-06,43.95989227294922,ARKK,ARK Innovation ETF (disruptive growth),121.92844602630812
2018-09-07,43.670188903808594,ARKK,ARK Innovation ETF (disruptive growth),121.12491626812357
2018-09-10,43.791683197021484,ARKK,ARK Innovation ETF (disruptive growth),121.46189640175388
2018-09-11,44.32435989379883,ARKK,ARK Innovation ETF (disruptive growth),122.93934410497435
2018-09-12,44.46453857421875,ARKK,ARK Innovation ETF (disruptive growth),123.32814780275177
2018-09-13,44.80096435546875,ARKK,ARK Innovation ETF (disruptive growth),124.26126821297262
2018-09-14,45.081321716308594,ARKK,ARK Innovation ETF (disruptive growth),125.03887560852746
2018-09-17,44.184181213378906,ARKK,ARK Innovation ETF (disruptive growth),122.55054040719693
2018-09-18,44.98786544799805,ARKK,ARK Innovation ETF (disruptive growth),124.77966256278634
2018-09-19,44.959835052490234,ARKK,ARK Innovation ETF (disruptive growth),124.7019166360095
2018-09-20,45.165428161621094,ARKK,ARK Innovation ETF (disruptive growth),125.27215571108268
2018-09-21,44.07203674316406,ARKK,ARK Innovation ETF (disruptive growth),122.23949321675254
2018-09-24,44.23090744018555,ARKK,ARK Innovation ETF (disruptive growth),122.68014163978941
2018-09-25,44.642093658447266,ARKK,ARK Innovation ETF (disruptive growth),123.82061978993575
2018-09-26,44.67947769165039,ARKK,ARK Innovation ETF (disruptive growth),123.92430924045468
2018-09-27,45.05329132080078,ARKK,ARK Innovation ETF (disruptive growth),124.96112968175062
2018-09-28,44.24025344848633,ARKK,ARK Innovation ETF (disruptive growth),122.70606400241914
2018-10-01,44.305667877197266,ARKK,ARK Innovation ETF (disruptive growth),122.8874993797149
2018-10-02,43.165550231933594,ARKK,ARK Innovation ETF (disruptive growth),119.72523565279228
2018-10-03,43.24965286254883,ARKK,ARK Innovation ETF (disruptive growth),119.95850517479131
2018-10-04,41.89459991455078,ARKK,ARK Innovation ETF (disruptive growth),116.20009059072197
2018-10-05,41.10026168823242,ARKK,ARK Innovation ETF (disruptive growth),113.99689079776229
2018-10-08,40.33395004272461,ARKK,ARK Innovation ETF (disruptive growth),111.87142635102329
2018-10-09,40.52085494995117,ARKK,ARK Innovation ETF (disruptive growth),112.38983128139317
2018-10-10,38.40883255004883,ARKK,ARK Innovation ETF (disruptive growth),106.53186403265836
2018-10-11,38.03502655029297,ARKK,ARK Innovation ETF (disruptive growth),105.49506475247476
2018-10-12,39.26859664916992,ARKK,ARK Innovation ETF (disruptive growth),108.91653094458232
2018-10-15,38.91347885131836,ARKK,ARK Innovation ETF (disruptive growth),107.93156580910201
2018-10-16,40.77317810058594,ARKK,ARK Innovation ETF (disruptive growth),113.08968216961499
2018-10-17,40.53020095825195,ARKK,ARK Innovation ETF (disruptive growth),112.4157536440229
2018-10-18,39.34335708618164,ARKK,ARK Innovation ETF (disruptive growth),109.12388868450782
2018-10-19,38.61442947387695,ARKK,ARK Innovation ETF (disruptive growth),107.10211368828772
2018-10-22,38.72657775878906,ARKK,ARK Innovation ETF (disruptive growth),107.4131714592883
2018-10-23,39.02561569213867,ARKK,ARK Innovation ETF (disruptive growth),108.24259183843407
2018-10-24,36.81080627441406,ARKK,ARK Innovation ETF (disruptive growth),102.09953150355311
2018-10-25,38.53032684326172,ARKK,ARK Innovation ETF (disruptive growth),106.86884416628868
2018-10-26,38.2219352722168,ARKK,ARK Innovation ETF (disruptive growth),106.01348026340084
2018-10-29,37.83877944946289,ARKK,ARK Innovation ETF (disruptive growth),104.95074804003133
2018-10-30,38.80133819580078,ARKK,ARK Innovation ETF (disruptive growth),107.62052919921378
2018-10-31,39.791934967041016,ARKK,ARK Innovation ETF (disruptive growth),110.36807744628543
2018-11-01,41.79180908203125,ARKK,ARK Innovation ETF (disruptive growth),115.91498692401964
2018-11-02,42.50204086303711,ARKK,ARK Innovation ETF (disruptive growth),117.88490661442411
2018-11-05,41.885257720947266,ARKK,ARK Innovation ETF (disruptive growth),116.17417880864842
2018-11-06,41.89459991455078,ARKK,ARK Innovation ETF (disruptive growth),116.20009059072197
2018-11-07,42.95060729980469,ARKK,ARK Innovation ETF (disruptive growth),119.1290636345332
2018-11-08,42.27775955200195,ARKK,ARK Innovation ETF (disruptive growth),117.26283339464766
2018-11-09,41.470333099365234,ARKK,ARK Innovation ETF (disruptive growth),115.02333171345018
2018-11-12,39.960140228271484,ARKK,ARK Innovation ETF (disruptive growth),110.83461649028351
2018-11-13,40.28722381591797,ARKK,ARK Innovation ETF (disruptive growth),111.74182511843081
2018-11-14,39.801273345947266,ARKK,ARK Innovation ETF (disruptive growth),110.39397864780281
2018-11-15,40.969425201416016,ARKK,ARK Innovation ETF (disruptive growth),113.63399888205844
2018-11-16,40.81055450439453,ARKK,ARK Innovation ETF (disruptive growth),113.19335045902156
2018-11-19,38.8574104309082,ARKK,ARK Innovation ETF (disruptive growth),107.77605279443598
2018-11-20,38.14717102050781,ARKK,ARK Innovation ETF (disruptive growth),105.80611194291917
2018-11-21,39.00693130493164,ARKK,ARK Innovation ETF (disruptive growth),108.19076827428695
2018-11-23,38.9788932800293,ARKK,ARK Innovation ETF (disruptive growth),108.11300118639777
2018-11-26,40.1377067565918,ARKK,ARK Innovation ETF (disruptive growth),111.32712021913602
2018-11-27,39.74520492553711,ARKK,ARK Innovation ETF (disruptive growth),110.23846563313678
2018-11-28,41.28716278076172,ARKK,ARK Innovation ETF (disruptive growth),114.51528514757601
2018-11-29,41.16567611694336,ARKK,ARK Innovation ETF (disruptive growth),114.17832617505805
2018-11-30,41.539485931396484,ARKK,ARK Innovation ETF (disruptive growth),115.21513603579783
2018-12-03,42.54876708984375,ARKK,ARK Innovation ETF (disruptive growth),118.01450784701659
2018-12-04,40.43675231933594,ARKK,ARK Innovation ETF (disruptive growth),112.15656175939414
2018-12-06,40.68907165527344,ARKK,ARK Innovation ETF (disruptive growth),112.85640206705978
2018-12-07,39.34335708618164,ARKK,ARK Innovation ETF (disruptive growth),109.12388868450782
2018-12-10,39.75455093383789,ARKK,ARK Innovation ETF (disruptive growth),110.26438799576651
2018-12-11,39.679786682128906,ARKK,ARK Innovation ETF (disruptive growth),110.05701967528485
2018-12-12,40.4741325378418,ARKK,ARK Innovation ETF (disruptive growth),112.26024062935687
2018-12-13,39.847999572753906,ARKK,ARK Innovation ETF (disruptive growth),110.52357988039527
2018-12-14,39.03496551513672,ARKK,ARK Innovation ETF (disruptive growth),108.26852478161996
2018-12-17,37.30609893798828,ARKK,ARK Innovation ETF (disruptive growth),103.47328975625467
2018-12-18,37.2780647277832,ARKK,ARK Innovation ETF (disruptive growth),103.39553324892165
2018-12-19,36.7080078125,ARKK,ARK Innovation ETF (disruptive growth),101.81440667573844
2018-12-20,35.34360885620117,ARKK,ARK Innovation ETF (disruptive growth),98.03006972903937
2018-12-21,33.502593994140625,ARKK,ARK Innovation ETF (disruptive growth),92.92377693267349
2018-12-24,33.02599334716797,ARKK,ARK Innovation ETF (disruptive growth),91.60186340523138
2018-12-26,35.06324768066406,ARKK,ARK Innovation ETF (disruptive growth),97.25245175292835
2018-12-27,35.10955047607422,ARKK,ARK Innovation ETF (disruptive growth),97.38087854378536
2018-12-28,35.4664306640625,ARKK,ARK Innovation ETF (disruptive growth),98.37073189621871
2018-12-31,35.871543884277344,ARKK,ARK Innovation ETF (disruptive growth),99.49436580093382
2019-01-02,36.0933837890625,ARKK,ARK Innovation ETF (disruptive growth),100.10966746475802
2019-01-03,34.90699005126953,ARKK,ARK Innovation ETF (disruptive growth),96.81905101087163
2019-01-04,37.06758499145508,ARKK,ARK Innovation ETF (disruptive growth),102.8117404813878
2019-01-07,38.67837905883789,ARKK,ARK Innovation ETF (disruptive growth),107.27948613201212
2019-01-08,38.79412078857422,ARKK,ARK Innovation ETF (disruptive growth),107.60051078692992
2019-01-09,40.00945281982422,ARKK,ARK Innovation ETF (disruptive growth),110.97139133996289
2019-01-10,40.21200180053711,ARKK,ARK Innovation ETF (disruptive growth),111.5331871312081
2019-01-11,40.2988166809082,ARKK,ARK Innovation ETF (disruptive growth),111.77397942864785
2019-01-14,39.575401306152344,ARKK,ARK Innovation ETF (disruptive growth),109.76749333610121
2019-01-15,40.781089782714844,ARKK,ARK Innovation ETF (disruptive growth),113.11162624312277
2019-01-16,40.810028076171875,ARKK,ARK Innovation ETF (disruptive growth),113.19189034226936
2019-01-17,41.128326416015625,ARKK,ARK Innovation ETF (disruptive growth),114.07473194954471
2019-01-18,41.28265380859375,ARKK,ARK Innovation ETF (disruptive growth),114.50277893017669
2019-01-22,39.65257263183594,ARKK,ARK Innovation ETF (disruptive growth),109.98153798752955
2019-01-23,39.257102966308594,ARKK,ARK Innovation ETF (disruptive growth),108.88465172882584
2019-01-24,40.10590744018555,ARKK,ARK Innovation ETF (disruptive growth),111.23892070285788
2019-01-25,41.06081008911133,ARKK,ARK Innovation ETF (disruptive growth),113.88746668579631
2019-01-28,40.202362060546875,ARKK,ARK Innovation ETF (disruptive growth),111.50645006575287
2019-01-29,39.787601470947266,ARKK,ARK Innovation ETF (disruptive growth),110.35605793447017
2019-01-30,40.771446228027344,ARKK,ARK Innovation ETF (disruptive growth),113.08487859711136
2019-01-31,41.52379608154297,ARKK,ARK Innovation ETF (disruptive growth),115.17161820824842
2019-02-01,41.5816650390625,ARKK,ARK Innovation ETF (disruptive growth),115.33212524542922
2019-02-04,42.2472038269043,ARKK,ARK Innovation ETF (disruptive growth),117.1780831396827
2019-02-05,42.36294937133789,ARKK,ARK Innovation ETF (disruptive growth),117.49911837515668
2019-02-06,42.40153121948242,ARKK,ARK Innovation ETF (disruptive growth),117.60613012031467
2019-02-07,40.983646392822266,ARKK,ARK Innovation ETF (disruptive growth),113.67344319548033
2019-02-08,41.465919494628906,ARKK,ARK Innovation ETF (disruptive growth),115.01109000995524
2019-02-11,41.88067626953125,ARKK,ARK Innovation ETF (disruptive growth),116.16147156068176
2019-02-12,42.681251525878906,ARKK,ARK Innovation ETF (disruptive growth),118.38197056298822
2019-02-13,42.96097183227539,ARKK,ARK Innovation ETF (disruptive growth),119.15781100566176
2019-02-14,43.07671356201172,ARKK,ARK Innovation ETF (disruptive growth),119.47883566057956
2019-02-15,43.587928771972656,ARKK,ARK Innovation ETF (disruptive growth),120.89675715475724
2019-02-19,43.61686325073242,ARKK,ARK Innovation ETF (disruptive growth),120.97701067334765
2019-02-20,43.9737434387207,ARKK,ARK Innovation ETF (disruptive growth),121.966864025781
2019-02-21,43.115299224853516,ARKK,ARK Innovation ETF (disruptive growth),119.58585798629373
2019-02-22,44.14736557006836,ARKK,ARK Innovation ETF (disruptive growth),122.44842745954816
2019-02-25,44.745384216308594,ARKK,ARK Innovation ETF (disruptive growth),124.10710950949705
2019-02-26,44.40779495239258,ARKK,ARK Innovation ETF (disruptive growth),123.1707620296427
2019-02-27,45.06368637084961,ARKK,ARK Innovation ETF (disruptive growth),124.9899616973286
2019-02-28,44.909358978271484,ARKK,ARK Innovation ETF (disruptive growth),124.56191471669662
2019-03-01,45.140846252441406,ARKK,ARK Innovation ETF (disruptive growth),125.2039746070884
2019-03-04,44.5910530090332,ARKK,ARK Innovation ETF (disruptive growth),123.67905194830891
2019-03-05,44.71644592285156,ARKK,ARK Innovation ETF (disruptive growth),124.02684541035048
2019-03-06,43.75190353393555,ARKK,ARK Innovation ETF (disruptive growth),121.35156236195681
2019-03-07,42.989906311035156,ARKK,ARK Innovation ETF (disruptive growth),119.23806452425217
2019-03-08,43.26962661743164,ARKK,ARK Innovation ETF (disruptive growth),120.01390496692571
2019-03-11,44.774322509765625,ARKK,ARK Innovation ETF (disruptive growth),124.18737360864364
2019-03-12,44.899715423583984,ARKK,ARK Innovation ETF (disruptive growth),124.5351670706852
2019-03-13,45.27587890625,ARKK,ARK Innovation ETF (disruptive growth),125.5785051345852
2019-03-14,44.98651885986328,ARKK,ARK Innovation ETF (disruptive growth),124.77592762645642
2019-03-15,45.32411193847656,ARKK,ARK Innovation ETF (disruptive growth),125.71228568686696
2019-03-18,45.1890754699707,ARKK,ARK Innovation ETF (disruptive growth),125.33774457881398
2019-03-19,45.31446838378906,ARKK,ARK Innovation ETF (disruptive growth),125.68553804085555
2019-03-20,45.430213928222656,ARKK,ARK Innovation ETF (disruptive growth),126.00657327632953
2019-03-21,46.365821838378906,ARKK,ARK Innovation ETF (disruptive growth),128.60160280613277
2019-03-22,44.41743469238281,ARKK,ARK Innovation ETF (disruptive growth),123.19749909509794
2019-03-25,44.32098388671875,ARKK,ARK Innovation ETF (disruptive growth),122.92998031275913
2019-03-26,44.513893127441406,ARKK,ARK Innovation ETF (disruptive growth),123.4650390385491
2019-03-27,44.031620025634766,ARKK,ARK Innovation ETF (disruptive growth),122.12739222407417
2019-03-28,44.50424575805664,ARKK,ARK Innovation ETF (disruptive growth),123.4382808119815
2019-03-29,45.07332992553711,ARKK,ARK Innovation ETF (disruptive growth),125.01670934334
2019-04-01,45.74851608276367,ARKK,ARK Innovation ETF (disruptive growth),126.88942546416106
2019-04-02,46.11504364013672,ARKK,ARK Innovation ETF (disruptive growth),127.906037043162
2019-04-03,47.0506477355957,ARKK,ARK Innovation ETF (disruptive growth),130.50105599240908
2019-04-04,46.42369842529297,ARKK,ARK Innovation ETF (disruptive growth),128.76213100442595
2019-04-05,47.176048278808594,ARKK,ARK Innovation ETF (disruptive growth),130.84887061556302
2019-04-08,47.079593658447266,ARKK,ARK Innovation ETF (disruptive growth),130.581341252668
2019-04-09,46.587669372558594,ARKK,ARK Innovation ETF (disruptive growth),129.21692563106933
2019-04-10,47.24356460571289,ARKK,ARK Innovation ETF (disruptive growth),131.03613587931142
2019-04-11,46.63589859008789,ARKK,ARK Innovation ETF (disruptive growth),129.35069560279493
2019-04-12,46.74199676513672,ARKK,ARK Innovation ETF (disruptive growth),129.64497261170132
2019-04-15,46.250083923339844,ARKK,ARK Innovation ETF (disruptive growth),128.28058873177116
2019-04-16,46.56837844848633,ARKK,ARK Innovation ETF (disruptive growth),129.16341975849033
2019-04-17,45.38198471069336,ARKK,ARK Innovation ETF (disruptive growth),125.87280330460395
2019-04-18,45.42056655883789,ARKK,ARK Innovation ETF (disruptive growth),125.97981504976194
2019-04-22,45.574893951416016,ARKK,ARK Innovation ETF (disruptive growth),126.40786203039391
2019-04-23,46.71305847167969,ARKK,ARK Innovation ETF (disruptive growth),129.56470851255472
2019-04-24,46.30794906616211,ARKK,ARK Innovation ETF (disruptive growth),128.4410851883958
2019-04-25,45.89319610595703,ARKK,ARK Innovation ETF (disruptive growth),127.29071421822545
2019-04-26,45.999298095703125,ARKK,ARK Innovation ETF (disruptive growth),127.58500180768802
2019-04-29,46.09574890136719,ARKK,ARK Innovation ETF (disruptive growth),127.85252059002683
2019-04-30,45.54595947265625,ARKK,ARK Innovation ETF (disruptive growth),126.3276085118035
2019-05-01,45.12155532836914,ARKK,ARK Innovation ETF (disruptive growth),125.1504687345094
2019-05-02,45.34339904785156,ARKK,ARK Innovation ETF (disruptive growth),125.76578097888978
2019-05-03,46.67448043823242,ARKK,ARK Innovation ETF (disruptive growth),129.45770734795292
2019-05-06,47.089237213134766,ARKK,ARK Innovation ETF (disruptive growth),130.60808889867943
2019-05-07,45.62312316894531,ARKK,ARK Innovation ETF (disruptive growth),126.5416320021195
2019-05-08,44.783966064453125,ARKK,ARK Innovation ETF (disruptive growth),124.21412125465505
2019-05-09,44.39814376831055,ARKK,ARK Innovation ETF (disruptive growth),123.14399322251893
2019-05-10,44.600704193115234,ARKK,ARK Innovation ETF (disruptive growth),123.70582075543267
2019-05-13,42.1411018371582,ARKK,ARK Innovation ETF (disruptive growth),116.88379555022013
2019-05-14,42.95132064819336,ARKK,ARK Innovation ETF (disruptive growth),119.131042198538
2019-05-15,43.4721794128418,ARKK,ARK Innovation ETF (disruptive growth),120.57571133872709
2019-05-16,43.67473220825195,ARKK,ARK Innovation ETF (disruptive growth),121.13751771052847
2019-05-17,42.40153121948242,ARKK,ARK Innovation ETF (disruptive growth),117.60613012031467
2019-05-20,41.40804672241211,ARKK,ARK Innovation ETF (disruptive growth),114.85057239221825
2019-05-21,42.343658447265625,ARKK,ARK Innovation ETF (disruptive growth),117.44561250257769
2019-05-22,41.69741439819336,ARKK,ARK Innovation ETF (disruptive growth),115.65317106145939
2019-05-23,40.54960632324219,ARKK,ARK Innovation ETF (disruptive growth),112.46957693328716
2019-05-24,40.646053314208984,ARKK,ARK Innovation ETF (disruptive growth),112.73708513506979
2019-05-28,40.4049186706543,ARKK,ARK Innovation ETF (disruptive growth),112.06826701811042
2019-05-29,40.04803466796875,ARKK,ARK Innovation ETF (disruptive growth),111.0784030851209
2019-05-30,40.32775115966797,ARKK,ARK Innovation ETF (disruptive growth),111.85423294723826
2019-05-31,39.286041259765625,ARKK,ARK Innovation ETF (disruptive growth),108.96491582797243
2019-06-03,38.716957092285156,ARKK,ARK Innovation ETF (disruptive growth),107.38648729661394
2019-06-04,40.31810760498047,ARKK,ARK Innovation ETF (disruptive growth),111.82748530122684
2019-06-05,40.61711883544922,ARKK,ARK Innovation ETF (disruptive growth),112.65683161647938
2019-06-06,40.636409759521484,ARKK,ARK Innovation ETF (disruptive growth),112.71033748905839
2019-06-07,41.67811584472656,ARKK,ARK Innovation ETF (disruptive growth),115.59964402776804
2019-06-10,42.07358169555664,ARKK,ARK Innovation ETF (disruptive growth),116.69651970591556
2019-06-11,41.76492691040039,ARKK,ARK Innovation ETF (disruptive growth),115.84042574465161
2019-06-12,41.62024688720703,ARKK,ARK Innovation ETF (disruptive growth),115.43913699058722
2019-06-13,42.13146209716797,ARKK,ARK Innovation ETF (disruptive growth),116.85705848476489
2019-06-14,41.543087005615234,ARKK,ARK Innovation ETF (disruptive growth),115.22512408082741
2019-06-17,42.83557891845703,ARKK,ARK Innovation ETF (disruptive growth),118.81001754362019
2019-06-18,43.51076126098633,ARKK,ARK Innovation ETF (disruptive growth),120.68272308388508
2019-06-19,43.66508865356445,ARKK,ARK Innovation ETF (disruptive growth),121.11077006451706
2019-06-20,43.722965240478516,ARKK,ARK Innovation ETF (disruptive growth),121.27129826281022
2019-06-21,43.82905960083008,ARKK,ARK Innovation ETF (disruptive growth),121.56556469116045
2019-06-24,43.202110290527344,ARKK,ARK Innovation ETF (disruptive growth),119.8266397031773
2019-06-25,42.88380432128906,ARKK,ARK Innovation ETF (disruptive growth),118.9437769347896
2019-06-26,43.10565185546875,ARKK,ARK Innovation ETF (disruptive growth),119.55909975972615
2019-06-27,44.19559097290039,ARKK,ARK Innovation ETF (disruptive growth),122.58218685071756
2019-06-28,46.279014587402344,ARKK,ARK Innovation ETF (disruptive growth),128.36083166980538
2019-07-01,46.22114181518555,ARKK,ARK Innovation ETF (disruptive growth),128.2003140520684
2019-07-02,45.758155822753906,ARKK,ARK Innovation ETF (disruptive growth),126.9161625296163
2019-07-03,46.356178283691406,ARKK,ARK Innovation ETF (disruptive growth),128.5748551601214
2019-07-05,46.10539627075195,ARKK,ARK Innovation ETF (disruptive growth),127.87927881659442
2019-07-08,45.67134475708008,ARKK,ARK Innovation ETF (disruptive growth),126.67538081273273
2019-07-09,46.53944778442383,ARKK,ARK Innovation ETF (disruptive growth),129.08317682045612
2019-07-10,46.85774612426758,ARKK,ARK Innovation ETF (disruptive growth),129.96601842773146
2019-07-11,46.886680603027344,ARKK,ARK Innovation ETF (disruptive growth),130.04627194632187
2019-07-12,46.74199676513672,ARKK,ARK Innovation ETF (disruptive growth),129.64497261170132
2019-07-15,46.944549560546875,ARKK,ARK Innovation ETF (disruptive growth),130.2067789835027
2019-07-16,46.655189514160156,ARKK,ARK Innovation ETF (disruptive growth),129.40420147537392
2019-07-17,46.87703323364258,ARKK,ARK Innovation ETF (disruptive growth),130.0195137197543
2019-07-18,47.098880767822266,ARKK,ARK Innovation ETF (disruptive growth),130.63483654469084
2019-07-19,46.578025817871094,ARKK,ARK Innovation ETF (disruptive growth),129.19017798505791
2019-07-22,47.0120735168457,ARKK,ARK Innovation ETF (disruptive growth),130.39406540836345
2019-07-23,47.16639709472656,ARKK,ARK Innovation ETF (disruptive growth),130.82210180843924
2019-07-24,48.150238037109375,ARKK,ARK Innovation ETF (disruptive growth),133.55091189052425
2019-07-25,46.5490837097168,ARKK,ARK Innovation ETF (disruptive growth),129.10990330535518
2019-07-26,47.60044860839844,ARKK,ARK Innovation ETF (disruptive growth),132.02599981230094
2019-07-29,47.388248443603516,ARKK,ARK Innovation ETF (disruptive growth),131.43743521393196
2019-07-30,47.85123062133789,ARKK,ARK Innovation ETF (disruptive growth),132.7215761558279
2019-07-31,46.74199676513672,ARKK,ARK Innovation ETF (disruptive growth),129.64497261170132
2019-08-01,46.02823257446289,ARKK,ARK Innovation ETF (disruptive growth),127.66525532627843
2019-08-02,44.48495101928711,ARKK,ARK Innovation ETF (disruptive growth),123.38476435884634
2019-08-05,42.59444046020508,ARKK,ARK Innovation ETF (disruptive growth),118.14118884610464
2019-08-06,42.980262756347656,ARKK,ARK Innovation ETF (disruptive growth),119.21131687824075
2019-08-07,43.530052185058594,ARKK,ARK Innovation ETF (disruptive growth),120.73622895646407
2019-08-08,44.26311111450195,ARKK,ARK Innovation ETF (disruptive growth),122.76946269502213
2019-08-09,43.66508865356445,ARKK,ARK Innovation ETF (disruptive growth),121.11077006451706
2019-08-12,42.762271881103516,ARKK,ARK Innovation ETF (disruptive growth),118.60669099559753
2019-08-13,43.62651062011719,ARKK,ARK Innovation ETF (disruptive growth),121.00376889991524
2019-08-14,42.09288024902344,ARKK,ARK Innovation ETF (disruptive growth),116.7500467396069
2019-08-15,42.015716552734375,ARKK,ARK Innovation ETF (disruptive growth),116.53602324929092
2019-08-16,43.10565185546875,ARKK,ARK Innovation ETF (disruptive growth),119.55909975972615
2019-08-19,43.93516159057617,ARKK,ARK Innovation ETF (disruptive growth),121.85985228062302
2019-08-20,43.65544128417969,ARKK,ARK Innovation ETF (disruptive growth),121.08401183794948
2019-08-21,44.041263580322266,ARKK,ARK Innovation ETF (disruptive growth),122.15413987008559
2019-08-22,43.39501953125,ARKK,ARK Innovation ETF (disruptive growth),120.36169842896727
2019-08-23,41.96748733520508,ARKK,ARK Innovation ETF (disruptive growth),116.40225327756534
2019-08-26,42.2375602722168,ARKK,ARK Innovation ETF (disruptive growth),117.1513354936713
2019-08-27,41.59131622314453,ARKK,ARK Innovation ETF (disruptive growth),115.35889405255298
2019-08-28,41.842098236083984,ARKK,ARK Innovation ETF (disruptive growth),116.05447039607995
2019-08-29,42.613731384277344,ARKK,ARK Innovation ETF (disruptive growth),118.19469471868365
2019-08-30,42.74877166748047,ARKK,ARK Innovation ETF (disruptive growth),118.5692464072928
2019-09-03,41.73599624633789,ARKK,ARK Innovation ETF (disruptive growth),115.76018280661738
2019-09-04,41.80351257324219,ARKK,ARK Innovation ETF (disruptive growth),115.94744807036578
2019-09-05,42.47869873046875,ARKK,ARK Innovation ETF (disruptive growth),117.82016419118685
2019-09-06,42.382240295410156,ARKK,ARK Innovation ETF (disruptive growth),117.55262424773568
2019-09-09,42.25685119628906,ARKK,ARK Innovation ETF (disruptive growth),117.20484136625029
2019-09-10,42.777706146240234,ARKK,ARK Innovation ETF (disruptive growth),118.6494999258832
2019-09-11,43.92551803588867,ARKK,ARK Innovation ETF (disruptive growth),121.8331046346116
2019-09-12,43.88693618774414,ARKK,ARK Innovation ETF (disruptive growth),121.72609288945361
2019-09-13,43.64580154418945,ARKK,ARK Innovation ETF (disruptive growth),121.05727477249424
2019-09-16,43.79048538208008,ARKK,ARK Innovation ETF (disruptive growth),121.4585741071148
2019-09-17,43.88693618774414,ARKK,ARK Innovation ETF (disruptive growth),121.72609288945361
2019-09-18,43.44324493408203,ARKK,ARK Innovation ETF (disruptive growth),120.49545782013668
2019-09-19,43.25997543334961,ARKK,ARK Innovation ETF (disruptive growth),119.98713615980195
2019-09-20,43.15388107299805,ARKK,ARK Innovation ETF (disruptive growth),119.69286973145174
2019-09-23,42.96097183227539,ARKK,ARK Innovation ETF (disruptive growth),119.15781100566176
2019-09-24,41.51414489746094,ARKK,ARK Innovation ETF (disruptive growth),115.14484940112465
2019-09-25,41.6106071472168,ARKK,ARK Innovation ETF (disruptive growth),115.41239992513198
2019-09-26,41.543087005615234,ARKK,ARK Innovation ETF (disruptive growth),115.22512408082741
2019-09-27,41.128326416015625,ARKK,ARK Innovation ETF (disruptive growth),114.07473194954471
2019-09-30,41.36946105957031,ARKK,ARK Innovation ETF (disruptive growth),114.74355006650408
2019-10-01,40.41456604003906,ARKK,ARK Innovation ETF (disruptive growth),112.09502524467801
2019-10-02,39.8068962097168,ARKK,ARK Innovation ETF (disruptive growth),110.40957438760535
2019-10-03,40.05767822265625,ARKK,ARK Innovation ETF (disruptive growth),111.1051507311323
2019-10-04,40.482086181640625,ARKK,ARK Innovation ETF (disruptive growth),112.28230108898258
2019-10-07,40.53995132446289,ARKK,ARK Innovation ETF (disruptive growth),112.44279754560722
2019-10-08,39.1799430847168,ARKK,ARK Innovation ETF (disruptive growth),108.67063881906604
2019-10-09,39.729732513427734,ARKK,ARK Innovation ETF (disruptive growth),110.19555089728935
2019-10-10,39.81654357910156,ARKK,ARK Innovation ETF (disruptive growth),110.43633261417293
2019-10-11,40.44350051879883,ARKK,ARK Innovation ETF (disruptive growth),112.17527876326841
2019-10-14,40.761802673339844,ARKK,ARK Innovation ETF (disruptive growth),113.05813095109995
2019-10-15,41.62024688720703,ARKK,ARK Innovation ETF (disruptive growth),115.43913699058722
2019-10-16,41.28265380859375,ARKK,ARK Innovation ETF (disruptive growth),114.50277893017669
2019-10-17,41.36078643798828,ARKK,ARK Innovation ETF (disruptive growth),114.71948988176122
2019-10-18,40.44350051879883,ARKK,ARK Innovation ETF (disruptive growth),112.17527876326841
2019-10-21,40.90648651123047,ARKK,ARK Innovation ETF (disruptive growth),113.45943028572052
2019-10-22,40.44350051879883,ARKK,ARK Innovation ETF (disruptive growth),112.17527876326841
2019-10-23,40.27952194213867,ARKK,ARK Innovation ETF (disruptive growth),111.72046297551267
2019-10-24,41.137977600097656,ARKK,ARK Innovation ETF (disruptive growth),114.10150075666847
2019-10-25,41.97713088989258,ARKK,ARK Innovation ETF (disruptive growth),116.42900092357675
2019-10-28,43.05742263793945,ARKK,ARK Innovation ETF (disruptive growth),119.42532978800057
2019-10-29,42.74877166748047,ARKK,ARK Innovation ETF (disruptive growth),118.5692464072928
2019-10-30,42.797000885009766,ARKK,ARK Innovation ETF (disruptive growth),118.70301637901838
2019-10-31,42.66196060180664,ARKK,ARK Innovation ETF (disruptive growth),118.32846469040922
2019-11-01,43.62651062011719,ARKK,ARK Innovation ETF (disruptive growth),121.00376889991524
2019-11-04,43.86764144897461,ARKK,ARK Innovation ETF (disruptive growth),121.67257643631844
2019-11-05,43.78083038330078,ARKK,ARK Innovation ETF (disruptive growth),121.43179471943486
2019-11-06,43.61686325073242,ARKK,ARK Innovation ETF (disruptive growth),120.97701067334765
2019-11-07,43.60721969604492,ARKK,ARK Innovation ETF (disruptive growth),120.95026302733625
2019-11-08,44.22452926635742,ARKK,ARK Innovation ETF (disruptive growth),122.66245094986414
2019-11-11,44.67786407470703,ARKK,ARK Innovation ETF (disruptive growth),123.91983366519248
2019-11-12,44.99617004394531,ARKK,ARK Innovation ETF (disruptive growth),124.8026964335802
2019-11-13,44.72609329223633,ARKK,ARK Innovation ETF (disruptive growth),124.05360363691806
2019-11-14,44.909358978271484,ARKK,ARK Innovation ETF (disruptive growth),124.56191471669662
2019-11-15,45.71957778930664,ARKK,ARK Innovation ETF (disruptive growth),126.80916136501448
2019-11-18,45.71957778930664,ARKK,ARK Innovation ETF (disruptive growth),126.80916136501448
2019-11-19,46.73234939575195,ARKK,ARK Innovation ETF (disruptive growth),129.61821438513374
2019-11-20,46.71305847167969,ARKK,ARK Innovation ETF (disruptive growth),129.56470851255472
2019-11-21,46.442989349365234,ARKK,ARK Innovation ETF (disruptive growth),128.81563687700495
2019-11-22,46.70341873168945,ARKK,ARK Innovation ETF (disruptive growth),129.5379714470995
2019-11-25,47.90910339355469,ARKK,ARK Innovation ETF (disruptive growth),132.8820937735649
2019-11-26,48.22740173339844,ARKK,ARK Innovation ETF (disruptive growth),133.76493538084023
2019-11-27,48.44925308227539,ARKK,ARK Innovation ETF (disruptive growth),134.38026878633298
2019-11-29,48.64216232299805,ARKK,ARK Innovation ETF (disruptive growth),134.91532751212293
2019-12-02,47.224273681640625,ARKK,ARK Innovation ETF (disruptive growth),130.98263000673242
2019-12-03,47.34966278076172,ARKK,ARK Innovation ETF (disruptive growth),131.3304128882178
2019-12-04,47.44611740112305,ARKK,ARK Innovation ETF (disruptive growth),131.59794225111278
2019-12-05,47.224273681640625,ARKK,ARK Innovation ETF (disruptive growth),130.98263000673242
2019-12-06,47.706546783447266,ARKK,ARK Innovation ETF (disruptive growth),132.32027682120733
2019-12-09,47.31108093261719,ARKK,ARK Innovation ETF (disruptive growth),131.22340114305982
2019-12-10,47.51363754272461,ARKK,ARK Innovation ETF (disruptive growth),131.78521809541735
2019-12-11,47.233917236328125,ARKK,ARK Innovation ETF (disruptive growth),131.0093776527438
2019-12-12,47.64867401123047,ARKK,ARK Innovation ETF (disruptive growth),132.15975920347034
2019-12-13,47.35930633544922,ARKK,ARK Innovation ETF (disruptive growth),131.35716053422922
2019-12-16,48.44925308227539,ARKK,ARK Innovation ETF (disruptive growth),134.38026878633298
2019-12-17,48.40102005004883,ARKK,ARK Innovation ETF (disruptive growth),134.2464882340512
2019-12-18,48.748260498046875,ARKK,ARK Innovation ETF (disruptive growth),135.20960452102932
2019-12-19,49.06656265258789,ARKK,ARK Innovation ETF (disruptive growth),136.09245670886088
2019-12-20,49.15336608886719,ARKK,ARK Innovation ETF (disruptive growth),136.33321726463208
2019-12-23,49.76103591918945,ARKK,ARK Innovation ETF (disruptive growth),138.01866812170476
2019-12-24,49.98287582397461,ARKK,ARK Innovation ETF (disruptive growth),138.63396978552896
2019-12-26,49.93465042114258,ARKK,ARK Innovation ETF (disruptive growth),138.50021039435956
2019-12-27,49.509647369384766,ARKK,ARK Innovation ETF (disruptive growth),137.3214094697459
2019-12-30,48.1542854309082,ARKK,ARK Innovation ETF (disruptive growth),133.56213786062636
2019-12-31,48.45439529418945,ARKK,ARK Innovation ETF (disruptive growth),134.39453137605742
2020-01-02,48.890052795410156,ARKK,ARK Innovation ETF (disruptive growth),135.60288379406893
2020-01-03,48.53184509277344,ARKK,ARK Innovation ETF (disruptive growth),134.60934840808656
2020-01-06,48.90941619873047,ARKK,ARK Innovation ETF (disruptive growth),135.65659069721528
2020-01-07,49.509647369384766,ARKK,ARK Innovation ETF (disruptive growth),137.3214094697459
2020-01-08,50.62298583984375,ARKK,ARK Innovation ETF (disruptive growth),140.4093976923172
2020-01-09,50.681068420410156,ARKK,ARK Innovation ETF (disruptive growth),140.57049724064385
2020-01-10,50.31319046020508,ARKK,ARK Innovation ETF (disruptive growth),139.55014014475682
2020-01-13,51.34907531738281,ARKK,ARK Innovation ETF (disruptive growth),142.42330075474283
2020-01-14,51.56206130981445,ARKK,ARK Innovation ETF (disruptive growth),143.0140449476839
2020-01-15,51.72664260864258,ARKK,ARK Innovation ETF (disruptive growth),143.47053246331535
2020-01-16,52.288150787353516,ARKK,ARK Innovation ETF (disruptive growth),145.0279480101095
2020-01-17,51.958988189697266,ARKK,ARK Innovation ETF (disruptive growth),144.11497297884662
2020-01-21,51.88154220581055,ARKK,ARK Innovation ETF (disruptive growth),143.90016652737364
2020-01-22,52.12356948852539,ARKK,ARK Innovation ETF (disruptive growth),144.57146049447806
2020-01-23,52.08484649658203,ARKK,ARK Innovation ETF (disruptive growth),144.46405726874158
2020-01-24,51.116729736328125,ARKK,ARK Innovation ETF (disruptive growth),141.77886023921155
2020-01-27,50.19701385498047,ARKK,ARK Innovation ETF (disruptive growth),139.227909306435
2020-01-28,51.13609313964844,ARKK,ARK Innovation ETF (disruptive growth),141.8325671423579
2020-01-29,51.165130615234375,ARKK,ARK Innovation ETF (disruptive growth),141.91310633596504
2020-01-30,51.26194763183594,ARKK,ARK Innovation ETF (disruptive growth),142.18164085169667
2020-01-31,50.14860534667969,ARKK,ARK Innovation ETF (disruptive growth),139.0936420485692
2020-02-03,52.23974609375,ARKK,ARK Innovation ETF (disruptive growth),144.89369133279988
2020-02-04,54.524505615234375,ARKK,ARK Innovation ETF (disruptive growth),151.23076732626913
2020-02-05,53.75001525878906,ARKK,ARK Innovation ETF (disruptive growth),149.08261816709006
2020-02-06,54.37928771972656,ARKK,ARK Innovation ETF (disruptive growth),150.827986713784
2020-02-07,54.059810638427734,ARKK,ARK Innovation ETF (disruptive growth),149.94187571465045
2020-02-10,55.07633972167969,ARKK,ARK Innovation ETF (disruptive growth),152.76135058260246
2020-02-11,55.94764709472656,ARKK,ARK Innovation ETF (disruptive growth),155.17803425751316
2020-02-12,56.47043228149414,ARKK,ARK Innovation ETF (disruptive growth),156.62804657857083
2020-02-13,56.88671875,ARKK,ARK Innovation ETF (disruptive growth),157.7826709323237
2020-02-14,56.81895065307617,ARKK,ARK Innovation ETF (disruptive growth),157.59470735186773
2020-02-18,57.27397155761719,ARKK,ARK Innovation ETF (disruptive growth),158.8567666730256
2020-02-19,58.44539260864258,ARKK,ARK Innovation ETF (disruptive growth),162.10585444392353
2020-02-20,57.98069763183594,ARKK,ARK Innovation ETF (disruptive growth),160.81696283230485
2020-02-21,56.74150466918945,ARKK,ARK Innovation ETF (disruptive growth),157.37990090039474
2020-02-24,54.23406982421875,ARKK,ARK Innovation ETF (disruptive growth),150.42520610129887
2020-02-25,52.37527847290039,ARKK,ARK Innovation ETF (disruptive growth),145.26960791315565
2020-02-26,51.833133697509766,ARKK,ARK Innovation ETF (disruptive growth),143.76589926950783
2020-02-27,50.06147766113281,ARKK,ARK Innovation ETF (disruptive growth),138.85198214552307
2020-02-28,51.155452728271484,ARKK,ARK Innovation ETF (disruptive growth),141.88626346494806
2020-03-02,52.35592269897461,ARKK,ARK Innovation ETF (disruptive growth),145.21592217112166
2020-03-03,51.3006706237793,ARKK,ARK Innovation ETF (disruptive growth),142.28904407743318
2020-03-04,53.04328536987305,ARKK,ARK Innovation ETF (disruptive growth),147.1224114272546
2020-03-05,51.80409240722656,ARKK,ARK Innovation ETF (disruptive growth),143.6853494953445
2020-03-06,50.448726654052734,ARKK,ARK Innovation ETF (disruptive growth),139.92606730566877
2020-03-09,46.25676345825195,ARKK,ARK Innovation ETF (disruptive growth),128.2991152856343
2020-03-10,48.45439529418945,ARKK,ARK Innovation ETF (disruptive growth),134.39453137605742
2020-03-11,45.44354248046875,ARKK,ARK Innovation ETF (disruptive growth),126.04354173960638
2020-03-12,39.72195816040039,ARKK,ARK Innovation ETF (disruptive growth),110.17398772380389
2020-03-13,41.532344818115234,ARKK,ARK Innovation ETF (disruptive growth),115.19532923463748
2020-03-16,35.06529998779297,ARKK,ARK Innovation ETF (disruptive growth),97.25814409215072
2020-03-17,37.0112190246582,ARKK,ARK Innovation ETF (disruptive growth),102.65540218334009
2020-03-18,33.584075927734375,ARKK,ARK Innovation ETF (disruptive growth),93.14977761258002
2020-03-19,36.604610443115234,ARKK,ARK Innovation ETF (disruptive growth),101.52762070060422
2020-03-20,36.643333435058594,ARKK,ARK Innovation ETF (disruptive growth),101.63502392634071
2020-03-23,37.12739562988281,ARKK,ARK Innovation ETF (disruptive growth),102.97763302166189
2020-03-24,40.806251525878906,ARKK,ARK Innovation ETF (disruptive growth),113.1814155916557
2020-03-25,42.39397048950195,ARKK,ARK Innovation ETF (disruptive growth),117.58515945797504
2020-03-26,44.50446701049805,ARKK,ARK Innovation ETF (disruptive growth),123.43889448423968
2020-03-27,42.36492156982422,ARKK,ARK Innovation ETF (disruptive growth),117.50458852269936
2020-03-30,43.17814254760742,ARKK,ARK Innovation ETF (disruptive growth),119.76016206872727
2020-03-31,42.59727096557617,ARKK,ARK Innovation ETF (disruptive growth),118.14903961878679
2020-04-01,38.95714569091797,ARKK,ARK Innovation ETF (disruptive growth),108.05268143564182
2020-04-02,39.19917297363281,ARKK,ARK Innovation ETF (disruptive growth),108.72397540274622
2020-04-03,38.918418884277344,ARKK,ARK Innovation ETF (disruptive growth),107.94526762934915
2020-04-06,42.77153396606445,ARKK,ARK Innovation ETF (disruptive growth),118.63238058599141
2020-04-07,42.81026077270508,ARKK,ARK Innovation ETF (disruptive growth),118.73979439228407
2020-04-08,44.54319381713867,ARKK,ARK Innovation ETF (disruptive growth),123.54630829053234
2020-04-09,45.782386779785156,ARKK,ARK Innovation ETF (disruptive growth),126.98337022244245
2020-04-13,46.32453155517578,ARKK,ARK Innovation ETF (disruptive growth),128.48707886609026
2020-04-14,48.77388000488281,ARKK,ARK Innovation ETF (disruptive growth),135.2806635363033
2020-04-15,47.98002243041992,ARKK,ARK Innovation ETF (disruptive growth),133.07879689342175
2020-04-16,48.98686599731445,ARKK,ARK Innovation ETF (disruptive growth),135.87140772924442
2020-04-17,50.59394454956055,ARKK,ARK Innovation ETF (disruptive growth),140.32884791815388
2020-04-20,51.116729736328125,ARKK,ARK Innovation ETF (disruptive growth),141.77886023921155
2020-04-21,48.996543884277344,ARKK,ARK Innovation ETF (disruptive growth),135.8982506002614
2020-04-22,50.74884033203125,ARKK,ARK Innovation ETF (disruptive growth),140.758471401656
2020-04-23,50.35191345214844,ARKK,ARK Innovation ETF (disruptive growth),139.6575433704933
2020-04-24,51.36844253540039,ARKK,ARK Innovation ETF (disruptive growth),142.4770182384453
2020-04-27,53.866188049316406,ARKK,ARK Innovation ETF (disruptive growth),149.40483842485568
2020-04-28,52.32687759399414,ARKK,ARK Innovation ETF (disruptive growth),145.13536181640217
2020-04-29,54.82463073730469,ARKK,ARK Innovation ETF (disruptive growth),152.06320316392487
2020-04-30,53.566070556640625,ARKK,ARK Innovation ETF (disruptive growth),148.57242374831227
2020-05-01,50.71011734008789,ARKK,ARK Innovation ETF (disruptive growth),140.65106817591953
2020-05-04,52.57859420776367,ARKK,ARK Innovation ETF (disruptive growth),145.8335303961921
2020-05-05,53.30467987060547,ARKK,ARK Innovation ETF (disruptive growth),147.84742287806154
2020-05-06,53.566070556640625,ARKK,ARK Innovation ETF (disruptive growth),148.57242374831227
2020-05-07,54.79557800292969,ARKK,ARK Innovation ETF (disruptive growth),151.98262164809302
2020-05-08,56.441383361816406,ARKK,ARK Innovation ETF (disruptive growth),156.54747564329517
2020-05-11,57.77738952636719,ARKK,ARK Innovation ETF (disruptive growth),160.25306151038075
2020-05-12,56.305850982666016,ARKK,ARK Innovation ETF (disruptive growth),156.1715590629394
2020-05-13,54.53419494628906,ARKK,ARK Innovation ETF (disruptive growth),151.25764193895463
2020-05-14,54.45674514770508,ARKK,ARK Innovation ETF (disruptive growth),151.0428249069255
2020-05-15,56.23807907104492,ARKK,ARK Innovation ETF (disruptive growth),155.98358490192723
2020-05-18,57.97101593017578,ARKK,ARK Innovation ETF (disruptive growth),160.79010938073168
2020-05-19,57.91292953491211,ARKK,ARK Innovation ETF (disruptive growth),160.62899925184888
2020-05-20,59.84916687011719,ARKK,ARK Innovation ETF (disruptive growth),165.99940389146508
2020-05-21,60.004066467285156,ARKK,ARK Innovation ETF (disruptive growth),166.42903795552337
2020-05-22,60.75920104980469,ARKK,ARK Innovation ETF (disruptive growth),168.52350137266845
2020-05-26,60.89474105834961,ARKK,ARK Innovation ETF (disruptive growth),168.89943911413658
2020-05-27,60.51716613769531,ARKK,ARK Innovation ETF (disruptive growth),167.8521862444517
2020-05-28,59.78139877319336,ARKK,ARK Innovation ETF (disruptive growth),165.8114403110091
2020-05-29,60.817291259765625,ARKK,ARK Innovation ETF (disruptive growth),168.68462208210744
2020-06-01,62.734169006347656,ARKK,ARK Innovation ETF (disruptive growth),174.0013303991335
2020-06-02,63.50865936279297,ARKK,ARK Innovation ETF (disruptive growth),176.14947955831258
2020-06-03,63.77005386352539,ARKK,ARK Innovation ETF (disruptive growth),176.87449100911948
2020-06-04,61.91126251220703,ARKK,ARK Innovation ETF (disruptive growth),171.71889282097624
2020-06-05,62.201698303222656,ARKK,ARK Innovation ETF (disruptive growth),172.5244540459465
2020-06-08,63.28599548339844,ARKK,ARK Innovation ETF (disruptive growth),175.53189249435448
2020-06-09,63.51834487915039,ARKK,ARK Innovation ETF (disruptive growth),176.17634359044192
2020-06-10,64.3896484375,ARKK,ARK Innovation ETF (disruptive growth),178.59301668479645
2020-06-11,59.607139587402344,ARKK,ARK Innovation ETF (disruptive growth),165.32810992436066
2020-06-12,60.43003845214844,ARKK,ARK Innovation ETF (disruptive growth),167.61052634140555
2020-06-15,62.57926940917969,ARKK,ARK Innovation ETF (disruptive growth),173.57169633507522
2020-06-16,64.56391906738281,ARKK,ARK Innovation ETF (disruptive growth),179.07637881311342
2020-06-17,64.37997436523438,ARKK,ARK Innovation ETF (disruptive growth),178.56618439433564
2020-06-18,65.47394561767578,ARKK,ARK Innovation ETF (disruptive growth),181.60045513320443
2020-06-19,65.86119842529297,ARKK,ARK Innovation ETF (disruptive growth),182.67455087390633
2020-06-22,69.01726531982422,ARKK,ARK Innovation ETF (disruptive growth),191.4283105422863
2020-06-23,70.09188079833984,ARKK,ARK Innovation ETF (disruptive growth),194.40889553912112
2020-06-24,67.09071350097656,ARKK,ARK Innovation ETF (disruptive growth),186.08476993479943
2020-06-25,68.32989501953125,ARKK,ARK Innovation ETF (disruptive growth),189.521800125041
2020-06-26,66.77122497558594,ARKK,ARK Innovation ETF (disruptive growth),185.19862719399737
2020-06-29,67.14878845214844,ARKK,ARK Innovation ETF (disruptive growth),186.24584832201373
2020-06-30,69.03661346435547,ARKK,ARK Innovation ETF (disruptive growth),191.48197512320795
2020-07-01,71.15680694580078,ARKK,ARK Innovation ETF (disruptive growth),197.36260592327045
2020-07-02,72.5509033203125,ARKK,ARK Innovation ETF (disruptive growth),201.22931249979501
2020-07-06,75.27131652832031,ARKK,ARK Innovation ETF (disruptive growth),208.77473033071962
2020-07-07,76.3265609741211,ARKK,ARK Innovation ETF (disruptive growth),211.70158726329578
2020-07-08,78.14663696289062,ARKK,ARK Innovation ETF (disruptive growth),216.74980338681488
2020-07-09,78.49515533447266,ARKK,ARK Innovation ETF (disruptive growth),217.71646416011174
2020-07-10,78.31121063232422,ARKK,ARK Innovation ETF (disruptive growth),217.20626974133395
2020-07-13,75.64888763427734,ARKK,ARK Innovation ETF (disruptive growth),209.82197261984834
2020-07-14,76.30721282958984,ARKK,ARK Innovation ETF (disruptive growth),211.64792268237414
2020-07-15,78.34993743896484,ARKK,ARK Innovation ETF (disruptive growth),217.31368354762662
2020-07-16,77.21723937988281,ARKK,ARK Innovation ETF (disruptive growth),214.17199900246516
2020-07-17,78.09822082519531,ARKK,ARK Innovation ETF (disruptive growth),216.6155149678367
2020-07-20,81.35110473632812,ARKK,ARK Innovation ETF (disruptive growth),225.63780915194832
2020-07-21,79.88924407958984,ARKK,ARK Innovation ETF (disruptive growth),221.58314957552395
2020-07-22,79.89893341064453,ARKK,ARK Innovation ETF (disruptive growth),221.61002418820948
2020-07-23,77.90460968017578,ARKK,ARK Innovation ETF (disruptive growth),216.07850941971046
2020-07-24,76.31688690185547,ARKK,ARK Innovation ETF (disruptive growth),211.67475497283496
2020-07-27,79.3567886352539,ARKK,ARK Innovation ETF (disruptive growth),220.10631554456165
2020-07-28,76.8203125,ARKK,ARK Innovation ETF (disruptive growth),213.07107097130248
2020-07-29,77.5173568725586,ARKK,ARK Innovation ETF (disruptive growth),215.00441367900856
2020-07-30,77.83683776855469,ARKK,ARK Innovation ETF (disruptive growth),215.8905352586983
2020-07-31,77.80779266357422,ARKK,ARK Innovation ETF (disruptive growth),215.8099749039788
2020-08-03,81.01226806640625,ARKK,ARK Innovation ETF (disruptive growth),224.6980018302246
2020-08-04,81.51568603515625,ARKK,ARK Innovation ETF (disruptive growth),226.09429666757975
2020-08-05,82.88074493408203,ARKK,ARK Innovation ETF (disruptive growth),229.88046405049718
2020-08-06,82.16433715820312,ARKK,ARK Innovation ETF (disruptive growth),227.89341443964474
2020-08-07,79.8602066040039,ARKK,ARK Innovation ETF (disruptive growth),221.5026103819168
2020-08-10,80.8089599609375,ARKK,ARK Innovation ETF (disruptive growth),224.1341005083005
2020-08-11,78.97921752929688,ARKK,ARK Innovation ETF (disruptive growth),219.05907325543293
2020-08-12,81.2736587524414,ARKK,ARK Innovation ETF (disruptive growth),225.42300270047537
2020-08-13,83.02596282958984,ARKK,ARK Innovation ETF (disruptive growth),230.2832446629823
2020-08-14,82.01911163330078,ARKK,ARK Innovation ETF (disruptive growth),227.49061266604727
2020-08-17,84.83634185791016,ARKK,ARK Innovation ETF (disruptive growth),235.30456501270353
2020-08-18,85.75605773925781,ARKK,ARK Innovation ETF (disruptive growth),237.85551594548008
2020-08-19,86.02713012695312,ARKK,ARK Innovation ETF (disruptive growth),238.607370267304
2020-08-20,86.62736511230469,ARKK,ARK Innovation ETF (disruptive growth),240.2721996203908
2020-08-21,86.9662094116211,ARKK,ARK Innovation ETF (disruptive growth),241.21202810322686
2020-08-24,85.63988494873047,ARKK,ARK Innovation ETF (disruptive growth),237.53329568771446
2020-08-25,86.64672088623047,ARKK,ARK Innovation ETF (disruptive growth),240.32588536242477
2020-08-26,88.48616027832031,ARKK,ARK Innovation ETF (disruptive growth),245.42780838909022
2020-08-27,87.87623596191406,ARKK,ARK Innovation ETF (disruptive growth),243.7361044233179
2020-08-28,89.4155502319336,ARKK,ARK Innovation ETF (disruptive growth),248.00559161232758
2020-08-31,92.29086303710938,ARKK,ARK Innovation ETF (disruptive growth),255.98064350731048
2020-09-01,94.11093139648438,ARKK,ARK Innovation ETF (disruptive growth),261.02883846971724
2020-09-02,93.87858581542969,ARKK,ARK Innovation ETF (disruptive growth),260.384397954186
2020-09-03,86.94683837890625,ARKK,ARK Innovation ETF (disruptive growth),241.15830003896818
2020-09-04,84.27483367919922,ARKK,ARK Innovation ETF (disruptive growth),233.7471494659094
2020-09-08,80.45075225830078,ARKK,ARK Innovation ETF (disruptive growth),223.1405651223181
2020-09-09,83.81981658935547,ARKK,ARK Innovation ETF (disruptive growth),232.48510072530772
2020-09-10,83.10340881347656,ARKK,ARK Innovation ETF (disruptive growth),230.49805111445528
2020-09-11,82.6290283203125,ARKK,ARK Innovation ETF (disruptive growth),229.18229547070726
2020-09-14,86.24979400634766,ARKK,ARK Innovation ETF (disruptive growth),239.2249573312621
2020-09-15,88.9024429321289,ARKK,ARK Innovation ETF (disruptive growth),246.5824221622869
2020-09-16,88.71849822998047,ARKK,ARK Innovation ETF (disruptive growth),246.07222774350913
2020-09-17,86.4531021118164,ARKK,ARK Innovation ETF (disruptive growth),239.7888586531862
2020-09-18,87.01461029052734,ARKK,ARK Innovation ETF (disruptive growth),241.34627419998034
2020-09-21,87.69229888916016,ARKK,ARK Innovation ETF (disruptive growth),243.22593116565247
2020-09-22,88.78626251220703,ARKK,ARK Innovation ETF (disruptive growth),246.2601807434089
2020-09-23,85.14613342285156,ARKK,ARK Innovation ETF (disruptive growth),236.16381197970776
2020-09-24,85.09773254394531,ARKK,ARK Innovation ETF (disruptive growth),236.0295658829543
2020-09-25,87.85687255859375,ARKK,ARK Innovation ETF (disruptive growth),243.68239752017158
2020-09-28,88.79595184326172,ARKK,ARK Innovation ETF (disruptive growth),246.28705535609444
2020-09-29,89.8124771118164,ARKK,ARK Innovation ETF (disruptive growth),249.1065196434903
2020-09-30,89.06702423095703,ARKK,ARK Innovation ETF (disruptive growth),247.03890967791835
2020-10-01,91.52604675292969,ARKK,ARK Innovation ETF (disruptive growth),253.85932663859222
2020-10-02,89.37682342529297,ARKK,ARK Innovation ETF (disruptive growth),247.8981778060349
2020-10-05,92.8330078125,ARKK,ARK Innovation ETF (disruptive growth),257.4843521509583
2020-10-06,92.6200180053711,ARKK,ARK Innovation ETF (disruptive growth),256.89359737746105
2020-10-07,96.04716491699219,ARKK,ARK Innovation ETF (disruptive growth),266.39923252877725
2020-10-08,97.36381530761719,ARKK,ARK Innovation ETF (disruptive growth),270.05113265382886
2020-10-09,99.48399353027344,ARKK,ARK Innovation ETF (disruptive growth),275.9317211316667
2020-10-12,99.06771087646484,ARKK,ARK Innovation ETF (disruptive growth),274.77710735847
2020-10-13,101.48800659179688,ARKK,ARK Innovation ETF (disruptive growth),281.4901105128512
2020-10-14,100.4617919921875,ARKK,ARK Innovation ETF (disruptive growth),278.64377161276985
2020-10-15,99.55176544189453,ARKK,ARK Innovation ETF (disruptive growth),276.11969529267884
2020-10-16,99.48399353027344,ARKK,ARK Innovation ETF (disruptive growth),275.9317211316667
2020-10-19,98.9902572631836,ARKK,ARK Innovation ETF (disruptive growth),274.56227974588467
2020-10-20,97.61552429199219,ARKK,ARK Innovation ETF (disruptive growth),270.74928007250645
2020-10-21,94.82733917236328,ARKK,ARK Innovation ETF (disruptive growth),263.01588808056965
2020-10-22,95.437255859375,ARKK,ARK Innovation ETF (disruptive growth),264.70757088522964
2020-10-23,96.01811981201172,ARKK,ARK Innovation ETF (disruptive growth),266.3186721740578
2020-10-26,94.10124206542969,ARKK,ARK Innovation ETF (disruptive growth),261.00196385703174
2020-10-27,95.48565673828125,ARKK,ARK Innovation ETF (disruptive growth),264.84181698198313
2020-10-28,91.72936248779297,ARKK,ARK Innovation ETF (disruptive growth),254.4232491216287
2020-10-29,92.92981719970703,ARKK,ARK Innovation ETF (disruptive growth),257.7528655055776
2020-10-30,87.89559936523438,ARKK,ARK Innovation ETF (disruptive growth),243.78981132646422
2020-11-02,87.90528869628906,ARKK,ARK Innovation ETF (disruptive growth),243.81668593914975
2020-11-03,90.19004821777344,ARKK,ARK Innovation ETF (disruptive growth),250.153761932619
2020-11-04,94.4013671875,ARKK,ARK Innovation ETF (disruptive growth),261.8343996946875
2020-11-05,97.6058349609375,ARKK,ARK Innovation ETF (disruptive growth),270.72240545982095
2020-11-06,98.82566833496094,ARKK,ARK Innovation ETF (disruptive growth),274.10577106914087
2020-11-09,94.32392120361328,ARKK,ARK Innovation ETF (disruptive growth),261.6195932432145
2020-11-10,91.7390365600586,ARKK,ARK Innovation ETF (disruptive growth),254.4500814120895
2020-11-11,95.58246612548828,ARKK,ARK Innovation ETF (disruptive growth),265.11033033660243
2020-11-12,95.73737335205078,ARKK,ARK Innovation ETF (disruptive growth),265.53998556177305
2020-11-13,96.23110961914062,ARKK,ARK Innovation ETF (disruptive growth),266.90942694755506
2020-11-16,96.36664581298828,ARKK,ARK Innovation ETF (disruptive growth),267.285354108467
2020-11-17,98.00276947021484,ARKK,ARK Innovation ETF (disruptive growth),271.823354652096
2020-11-18,97.7994613647461,ARKK,ARK Innovation ETF (disruptive growth),271.2594533301719
2020-11-19,99.96806335449219,ARKK,ARK Innovation ETF (disruptive growth),277.2743513881002
2020-11-20,101.55577087402344,ARKK,ARK Innovation ETF (disruptive growth),281.678063512751
2020-11-23,103.99542999267578,ARKK,ARK Innovation ETF (disruptive growth),288.4447735702785
2020-11-24,102.75624084472656,ARKK,ARK Innovation ETF (disruptive growth),285.00772221892464
2020-11-25,105.02164459228516,ARKK,ARK Innovation ETF (disruptive growth),291.2911124703599
2020-11-27,108.2164306640625,ARKK,ARK Innovation ETF (disruptive growth),300.1522647839202
2020-11-30,108.78762817382812,ARKK,ARK Innovation ETF (disruptive growth),301.7365549433998
2020-12-01,109.16519165039062,ARKK,ARK Innovation ETF (disruptive growth),302.78377607141624
2020-12-02,108.75857543945312,ARKK,ARK Innovation ETF (disruptive growth),301.655973427568
2020-12-03,110.63673400878906,ARKK,ARK Innovation ETF (disruptive growth),306.86528909941376
2020-12-04,113.45396423339844,ARKK,ARK Innovation ETF (disruptive growth),314.67924144607
2020-12-07,116.83270263671875,ARKK,ARK Innovation ETF (disruptive growth),324.0506093395204
2020-12-08,118.27519989013672,ARKK,ARK Innovation ETF (disruptive growth),328.05156201279846
2020-12-09,116.15502166748047,ARKK,ARK Innovation ETF (disruptive growth),322.17097353496064
2020-12-10,121.20860290527344,ARKK,ARK Innovation ETF (disruptive growth),336.1877346172203
2020-12-11,119.92100524902344,ARKK,ARK Innovation ETF (disruptive growth),332.6164160080006
2020-12-14,120.28888702392578,ARKK,ARK Innovation ETF (disruptive growth),333.6367836844438
2020-12-15,120.33729553222656,ARKK,ARK Innovation ETF (disruptive growth),333.7710509423096
2020-12-16,119.99845123291016,ARKK,ARK Innovation ETF (disruptive growth),332.83122245947357
2020-12-17,122.05086517333984,ARKK,ARK Innovation ETF (disruptive growth),338.52385793741155
2020-12-18,123.24166107177734,ARKK,ARK Innovation ETF (disruptive growth),341.8266843531244
2020-12-21,127.15284729003906,ARKK,ARK Innovation ETF (disruptive growth),352.6748651164247
2020-12-22,130.7445831298828,ARKK,ARK Innovation ETF (disruptive growth),362.63700894448476
2020-12-23,130.65745544433594,ARKK,ARK Innovation ETF (disruptive growth),362.39534904143864
2020-12-24,128.78897094726562,ARKK,ARK Innovation ETF (disruptive growth),357.2128656600537
2020-12-28,125.6619644165039,ARKK,ARK Innovation ETF (disruptive growth),348.53970866861795
2020-12-29,122.28227233886719,ARKK,ARK Innovation ETF (disruptive growth),339.16569563612364
2020-12-30,125.01670837402344,ARKK,ARK Innovation ETF (disruptive growth),346.75000759154904
2020-12-31,122.4494857788086,ARKK,ARK Innovation ETF (disruptive growth),339.62948373551615
2021-01-04,122.64620971679688,ARKK,ARK Innovation ETF (disruptive growth),340.1751230174815
2021-01-05,125.6658935546875,ARKK,ARK Innovation ETF (disruptive growth),348.55060664147857
2021-01-06,126.12818145751953,ARKK,ARK Innovation ETF (disruptive growth),349.8328219221506
2021-01-07,136.11183166503906,ARKK,ARK Innovation ETF (disruptive growth),377.5237668388229
2021-01-08,140.14462280273438,ARKK,ARK Innovation ETF (disruptive growth),388.70923457188263
2021-01-11,135.95443725585938,ARKK,ARK Innovation ETF (disruptive growth),377.0872130910259
2021-01-12,138.67904663085938,ARKK,ARK Innovation ETF (disruptive growth),384.64426953374345
2021-01-13,139.39706420898438,ARKK,ARK Innovation ETF (disruptive growth),386.6357841393019
2021-01-14,142.89871215820312,ARKK,ARK Innovation ETF (disruptive growth),396.34805755272373
2021-01-15,139.58395385742188,ARKK,ARK Innovation ETF (disruptive growth),387.1541467474471
2021-01-19,143.7347869873047,ARKK,ARK Innovation ETF (disruptive growth),398.66701921079846
2021-01-20,144.69873046875,ARKK,ARK Innovation ETF (disruptive growth),401.34064111187257
2021-01-21,142.43641662597656,ARKK,ARK Innovation ETF (disruptive growth),395.06582111093934
2021-01-22,143.68560791015625,ARKK,ARK Innovation ETF (disruptive growth),398.5306146805852
2021-01-25,144.26593017578125,ARKK,ARK Innovation ETF (disruptive growth),400.1402135304364
2021-01-26,139.50526428222656,ARKK,ARK Innovation ETF (disruptive growth),386.9358910346609
2021-01-27,136.0823211669922,ARKK,ARK Innovation ETF (disruptive growth),377.44191565625
2021-01-28,138.06919860839844,ARKK,ARK Innovation ETF (disruptive growth),382.95277717909465
2021-01-29,135.18722534179688,ARKK,ARK Innovation ETF (disruptive growth),374.9592516330295
2021-02-01,140.2823028564453,ARKK,ARK Innovation ETF (disruptive growth),389.0911080053652
2021-02-02,144.48233032226562,ARKK,ARK Innovation ETF (disruptive growth),400.74042732115447
2021-02-03,143.71511840820312,ARKK,ARK Innovation ETF (disruptive growth),398.6124658631581
2021-02-04,145.9184112548828,ARKK,ARK Innovation ETF (disruptive growth),404.7235834989455
2021-02-05,147.0102081298828,ARKK,ARK Innovation ETF (disruptive growth),407.7518233207943
2021-02-08,150.79708862304688,ARKK,ARK Innovation ETF (disruptive growth),418.2552260805631
2021-02-09,152.39053344726562,ARKK,ARK Innovation ETF (disruptive growth),422.6748513617017
2021-02-10,150.59054565429688,ARKK,ARK Innovation ETF (disruptive growth),417.68235244700224
2021-02-11,152.0364532470703,ARKK,ARK Innovation ETF (disruptive growth),421.6927641375011
2021-02-12,154.0135040283203,ARKK,ARK Innovation ETF (disruptive growth),427.1763701476379
2021-02-16,152.57742309570312,ARKK,ARK Innovation ETF (disruptive growth),423.1932139698469
2021-02-17,149.67578125,ARKK,ARK Innovation ETF (disruptive growth),415.1451350761414
2021-02-18,146.74462890625,ARKK,ARK Innovation ETF (disruptive growth),407.015204999863
2021-02-19,150.10858154296875,ARKK,ARK Innovation ETF (disruptive growth),416.34556265757755
2021-02-22,141.42330932617188,ARKK,ARK Innovation ETF (disruptive growth),392.25583700187667
2021-02-23,136.760986328125,ARKK,ARK Innovation ETF (disruptive growth),379.32428124430305
2021-02-24,136.0528106689453,ARKK,ARK Innovation ETF (disruptive growth),377.3600644736771
2021-02-25,127.38719940185547,ARKK,ARK Innovation ETF (disruptive growth),353.32487100450425
2021-02-26,128.2232666015625,ARKK,ARK Innovation ETF (disruptive growth),355.64381150146664
2021-03-01,134.4593505859375,ARKK,ARK Innovation ETF (disruptive growth),372.9403968703138
2021-03-02,131.32164001464844,ARKK,ARK Innovation ETF (disruptive growth),364.23755083824983
2021-03-03,123.059326171875,ARKK,ARK Innovation ETF (disruptive growth),341.3209549290526
2021-03-04,116.48881530761719,ARKK,ARK Innovation ETF (disruptive growth),323.09679336142045
2021-03-05,115.15110778808594,ARKK,ARK Innovation ETF (disruptive growth),319.38648856628066
2021-03-08,108.45272827148438,ARKK,ARK Innovation ETF (disruptive growth),300.80766675564917
2021-03-09,119.75439453125,ARKK,ARK Innovation ETF (disruptive growth),332.1542996364838
2021-03-10,119.20357513427734,ARKK,ARK Innovation ETF (disruptive growth),330.62653080809315
2021-03-11,126.57080078125,ARKK,ARK Innovation ETF (disruptive growth),351.0604838551822
2021-03-12,124.60359191894531,ARKK,ARK Innovation ETF (disruptive growth),345.60417567997797
2021-03-15,126.76753997802734,ARKK,ARK Innovation ETF (disruptive growth),351.6061654593723
2021-03-16,123.95440673828125,ARKK,ARK Innovation ETF (disruptive growth),343.80357663004844
2021-03-17,125.37081146240234,ARKK,ARK Innovation ETF (disruptive growth),347.73215829908673
2021-03-18,118.10193634033203,ARKK,ARK Innovation ETF (disruptive growth),327.57099315131177
2021-03-19,120.35440063476562,ARKK,ARK Innovation ETF (disruptive growth),333.81849415620013
2021-03-22,122.67572021484375,ARKK,ARK Innovation ETF (disruptive growth),340.2569742000544
2021-03-23,119.70521545410156,ARKK,ARK Innovation ETF (disruptive growth),332.0178951062706
2021-03-24,112.89864349365234,ARKK,ARK Innovation ETF (disruptive growth),313.13898756139236
2021-03-25,112.54454040527344,ARKK,ARK Innovation ETF (disruptive growth),312.1568368538547
2021-03-26,112.10192108154297,ARKK,ARK Innovation ETF (disruptive growth),310.9291749208231
2021-03-29,109.34781646728516,ARKK,ARK Innovation ETF (disruptive growth),303.2903096177573
2021-03-30,112.54454040527344,ARKK,ARK Innovation ETF (disruptive growth),312.1568368538547
2021-03-31,117.98390197753906,ARKK,ARK Innovation ETF (disruptive growth),327.2436095821326
2021-04-01,118.86914825439453,ARKK,ARK Innovation ETF (disruptive growth),329.6989546093082
2021-04-05,119.64620208740234,ARKK,ARK Innovation ETF (disruptive growth),331.8542139022371
2021-04-06,121.80030822753906,ARKK,ARK Innovation ETF (disruptive growth),337.82890584669894
2021-04-07,118.83964538574219,ARKK,ARK Innovation ETF (disruptive growth),329.6171245878477
2021-04-08,122.105224609375,ARKK,ARK Innovation ETF (disruptive growth),338.674630862911
2021-04-09,121.23965454101562,ARKK,ARK Innovation ETF (disruptive growth),336.27386034448807
2021-04-12,120.46260070800781,ARKK,ARK Innovation ETF (disruptive growth),334.11860105155915
2021-04-13,125.46916198730469,ARKK,ARK Innovation ETF (disruptive growth),348.0049461984009
2021-04-14,122.8232650756836,ARKK,ARK Innovation ETF (disruptive growth),340.66620895180654
2021-04-15,124.5445785522461,ARKK,ARK Innovation ETF (disruptive growth),345.44049447594455
2021-04-16,122.3412857055664,ARKK,ARK Innovation ETF (disruptive growth),339.3293768401571
2021-04-19,118.46587371826172,ARKK,ARK Innovation ETF (disruptive growth),328.5804205326696
2021-04-20,117.04947662353516,ARKK,ARK Innovation ETF (disruptive growth),324.6518600247437
2021-04-21,119.82324981689453,ARKK,ARK Innovation ETF (disruptive growth),332.3452786754498
2021-04-22,119.41997528076172,ARKK,ARK Innovation ETF (disruptive growth),331.22674459881125
2021-04-23,121.67243957519531,ARKK,ARK Innovation ETF (disruptive growth),337.47424560369956
2021-04-26,125.63638305664062,ARKK,ARK Innovation ETF (disruptive growth),348.4687554589057
2021-04-27,124.17080688476562,ARKK,ARK Innovation ETF (disruptive growth),344.4037904207665
2021-04-28,123.32489776611328,ARKK,ARK Innovation ETF (disruptive growth),342.0575520888716
2021-04-29,119.76423645019531,ARKK,ARK Innovation ETF (disruptive growth),332.18159747141635
2021-04-30,118.79045867919922,ARKK,ARK Innovation ETF (disruptive growth),329.48069889652203
2021-05-03,114.99373626708984,ARKK,ARK Innovation ETF (disruptive growth),318.94999830182076
2021-05-04,111.43306732177734,ARKK,ARK Innovation ETF (disruptive growth),309.0740225232532
2021-05-05,109.72158813476562,ARKK,ARK Innovation ETF (disruptive growth),304.3270136729353
2021-05-06,106.56420135498047,ARKK,ARK Innovation ETF (disruptive growth),295.56959313211865
2021-05-07,107.92158508300781,ARKK,ARK Innovation ETF (disruptive growth),299.3344724360112
2021-05-10,102.27567291259766,ARKK,ARK Innovation ETF (disruptive growth),283.6748049130601
2021-05-11,104.38059997558594,ARKK,ARK Innovation ETF (disruptive growth),289.51309232730864
2021-05-12,100.4854965209961,ARKK,ARK Innovation ETF (disruptive growth),278.7095191888438
2021-05-13,97.84943389892578,ARKK,ARK Innovation ETF (disruptive growth),271.3980586160696
2021-05-14,102.60025787353516,ARKK,ARK Innovation ETF (disruptive growth),284.5750832769125
2021-05-17,101.61664581298828,ARKK,ARK Innovation ETF (disruptive growth),281.846908028198
2021-05-18,103.07239532470703,ARKK,ARK Innovation ETF (disruptive growth),285.8846175536294
2021-05-19,101.28221893310547,ARKK,ARK Innovation ETF (disruptive growth),280.91933182941307
2021-05-20,104.84288024902344,ARKK,ARK Innovation ETF (disruptive growth),290.7952864468683
2021-05-21,104.10517883300781,ARKK,ARK Innovation ETF (disruptive growth),288.7491761714448
2021-05-24,106.94780731201172,ARKK,ARK Innovation ETF (disruptive growth),296.6335738611169
2021-05-25,107.58715057373047,ARKK,ARK Innovation ETF (disruptive growth),298.40687507611386
2021-05-26,109.60355377197266,ARKK,ARK Innovation ETF (disruptive growth),303.9996301037561
2021-05-27,110.43962097167969,ARKK,ARK Innovation ETF (disruptive growth),306.3185706007185
2021-05-28,110.2625732421875,ARKK,ARK Innovation ETF (disruptive growth),305.82750582750583
2021-06-01,109.42650604248047,ARKK,ARK Innovation ETF (disruptive growth),303.50856533054343
2021-06-02,109.4756851196289,ARKK,ARK Innovation ETF (disruptive growth),303.6449698607567
2021-06-03,105.66912078857422,ARKK,ARK Innovation ETF (disruptive growth),293.08697143112283
2021-06-04,107.71502685546875,ARKK,ARK Innovation ETF (disruptive growth),298.76155648022564
2021-06-07,110.84290313720703,ARKK,ARK Innovation ETF (disruptive growth),307.4371258384694
2021-06-08,111.27568054199219,ARKK,ARK Innovation ETF (disruptive growth),308.6374899365685
2021-06-09,111.00027465820312,ARKK,ARK Innovation ETF (disruptive growth),307.87361610292936
2021-06-10,113.08553314208984,ARKK,ARK Innovation ETF (disruptive growth),313.65735016953755
2021-06-11,114.21669006347656,ARKK,ARK Innovation ETF (disruptive growth),316.79476017000417
2021-06-14,116.39045715332031,ARKK,ARK Innovation ETF (disruptive growth),322.82398430099397
2021-06-15,113.20355987548828,ARKK,ARK Innovation ETF (disruptive growth),313.9847125776044
2021-06-16,112.65274047851562,ARKK,ARK Innovation ETF (disruptive growth),312.45694374921374
2021-06-17,116.55767059326172,ARKK,ARK Innovation ETF (disruptive growth),323.2877724003864
2021-06-18,116.95111083984375,ARKK,ARK Innovation ETF (disruptive growth),324.37902980320484
2021-06-21,117.55111694335938,ARKK,ARK Innovation ETF (disruptive growth),326.0432243229211
2021-06-22,119.03636169433594,ARKK,ARK Innovation ETF (disruptive growth),330.1627427087007
2021-06-23,121.50521850585938,ARKK,ARK Innovation ETF (disruptive growth),337.0104363431947
2021-06-24,123.2265396118164,ARKK,ARK Innovation ETF (disruptive growth),341.78474302844506
2021-06-25,123.43309783935547,ARKK,ARK Innovation ETF (disruptive growth),342.3576589842306
2021-06-28,128.09539794921875,ARKK,ARK Innovation ETF (disruptive growth),355.2891512584672
2021-06-29,128.73475646972656,ARKK,ARK Innovation ETF (disruptive growth),357.0624947956889
2021-06-30,128.6363983154297,ARKK,ARK Innovation ETF (disruptive growth),356.7896857352624
2021-07-01,127.0429458618164,ARKK,ARK Innovation ETF (disruptive growth),352.3700392930115
2021-07-02,126.04949188232422,ARKK,ARK Innovation ETF (disruptive growth),349.61456620936445
2021-07-06,125.15441131591797,ARKK,ARK Innovation ETF (disruptive growth),347.13194450836863
2021-07-07,122.22325897216797,ARKK,ARK Innovation ETF (disruptive growth),339.0020144320902
2021-07-08,121.28882598876953,ARKK,ARK Innovation ETF (disruptive growth),336.410243713589
2021-07-09,123.56096649169922,ARKK,ARK Innovation ETF (disruptive growth),342.71231922723
2021-07-12,122.69538879394531,ARKK,ARK Innovation ETF (disruptive growth),340.31152754769477
2021-07-13,120.265869140625,ARKK,ARK Innovation ETF (disruptive growth),333.5729406084814
2021-07-14,116.23307800292969,ARKK,ARK Innovation ETF (disruptive growth),322.3874728754217
2021-07-15,114.49209594726562,ARKK,ARK Innovation ETF (disruptive growth),317.5586340036433
2021-07-16,114.61996459960938,ARKK,ARK Innovation ETF (disruptive growth),317.9132942466427
2021-07-19,115.357666015625,ARKK,ARK Innovation ETF (disruptive growth),319.9594045220662
2021-07-20,118.78063201904297,ARKK,ARK Innovation ETF (disruptive growth),329.4534433838142
2021-07-21,120.64949035644531,ARKK,ARK Innovation ETF (disruptive growth),334.63696365970435
2021-07-22,119.71504974365234,ARKK,ARK Innovation ETF (disruptive growth),332.04517178009075
2021-07-23,120.42325592041016,ARKK,ARK Innovation ETF (disruptive growth),334.0094731951661
2021-07-26,119.60684967041016,ARKK,ARK Innovation ETF (disruptive growth),331.74506488473173
2021-07-27,116.67571258544922,ARKK,ARK Innovation ETF (disruptive growth),323.61517713067803
2021-07-28,119.36095428466797,ARKK,ARK Innovation ETF (disruptive growth),331.06304223366544
2021-07-29,119.60684967041016,ARKK,ARK Innovation ETF (disruptive growth),331.74506488473173
2021-07-30,118.03308868408203,ARKK,ARK Innovation ETF (disruptive growth),327.3800352734582
2021-08-02,119.13473510742188,ARKK,ARK Innovation ETF (disruptive growth),330.4355940913519
2021-08-03,118.24947357177734,ARKK,ARK Innovation ETF (disruptive growth),327.9802067419516
2021-08-04,121.25931549072266,ARKK,ARK Innovation ETF (disruptive growth),336.3283925310161
2021-08-05,123.51178741455078,ARKK,ARK Innovation ETF (disruptive growth),342.5759146970168
2021-08-06,120.99374389648438,ARKK,ARK Innovation ETF (disruptive growth),335.5917953711971
2021-08-09,122.65604400634766,ARKK,ARK Innovation ETF (disruptive growth),340.2023996913017
2021-08-10,119.44947814941406,ARKK,ARK Innovation ETF (disruptive growth),331.30857462027177
2021-08-11,119.31177520751953,ARKK,ARK Innovation ETF (disruptive growth),330.9266377034522
2021-08-12,119.8527603149414,ARKK,ARK Innovation ETF (disruptive growth),332.4271298580227
2021-08-13,118.13143920898438,ARKK,ARK Innovation ETF (disruptive growth),327.65282317277234
2021-08-16,115.06259155273438,ARKK,ARK Innovation ETF (disruptive growth),319.1409773407867
2021-08-17,113.99044799804688,ARKK,ARK Innovation ETF (disruptive growth),316.1672485443535
2021-08-18,113.94126892089844,ARKK,ARK Innovation ETF (disruptive growth),316.03084401414026
2021-08-19,111.98388671875,ARKK,ARK Innovation ETF (disruptive growth),310.60179135164384
2021-08-20,113.90193176269531,ARKK,ARK Innovation ETF (disruptive growth),315.9217373188595
2021-08-23,117.52161407470703,ARKK,ARK Innovation ETF (disruptive growth),325.9613943014606
2021-08-24,119.0757064819336,ARKK,ARK Innovation ETF (disruptive growth),330.27187056509376
2021-08-25,119.04619598388672,ARKK,ARK Innovation ETF (disruptive growth),330.19001938252086
2021-08-26,117.20685577392578,ARKK,ARK Innovation ETF (disruptive growth),325.088371450316
2021-08-27,120.0298080444336,ARKK,ARK Innovation ETF (disruptive growth),332.91819463123534
2021-08-30,120.77735137939453,ARKK,ARK Innovation ETF (disruptive growth),334.9916027415914
2021-08-31,120.0298080444336,ARKK,ARK Innovation ETF (disruptive growth),332.91819463123534
2021-09-01,121.69210815429688,ARKK,ARK Innovation ETF (disruptive growth),337.5287989513399
2021-09-02,122.78392028808594,ARKK,ARK Innovation ETF (disruptive growth),340.5570810954134
2021-09-03,123.01998138427734,ARKK,ARK Innovation ETF (disruptive growth),341.21182707265956
2021-09-07,122.66588592529297,ARKK,ARK Innovation ETF (disruptive growth),340.22969752623425
2021-09-08,119.18390655517578,ARKK,ARK Innovation ETF (disruptive growth),330.5719774604528
2021-09-09,119.71504974365234,ARKK,ARK Innovation ETF (disruptive growth),332.04517178009075
2021-09-10,118.48554229736328,ARKK,ARK Innovation ETF (disruptive growth),328.63497388031
2021-09-13,116.23307800292969,ARKK,ARK Innovation ETF (disruptive growth),322.3874728754217
2021-09-14,114.94454956054688,ARKK,ARK Innovation ETF (disruptive growth),318.8135726104951
2021-09-15,115.8888168334961,ARKK,ARK Innovation ETF (disruptive growth),321.4326200028165
2021-09-16,116.62651824951172,ARKK,ARK Innovation ETF (disruptive growth),323.47873027824005
2021-09-17,119.50849914550781,ARKK,ARK Innovation ETF (disruptive growth),331.4722769854176
2021-09-20,114.2363510131836,ARKK,ARK Innovation ETF (disruptive growth),316.84929235653215
2021-09-21,115.21996307373047,ARKK,ARK Innovation ETF (disruptive growth),319.5774676052466
2021-09-22,116.17406463623047,ARKK,ARK Innovation ETF (disruptive growth),322.22379167138826
2021-09-23,117.38389587402344,ARKK,ARK Innovation ETF (disruptive growth),325.5794150624163
2021-09-24,115.21012878417969,ARKK,ARK Innovation ETF (disruptive growth),319.55019093142647
2021-09-27,115.11176300048828,ARKK,ARK Innovation ETF (disruptive growth),319.2773607098876
2021-09-28,110.30191802978516,ARKK,ARK Innovation ETF (disruptive growth),305.9366336838989
2021-09-29,107.92158508300781,ARKK,ARK Innovation ETF (disruptive growth),299.3344724360112
2021-09-30,108.71830749511719,ARKK,ARK Innovation ETF (disruptive growth),301.5442850765805
2021-10-01,109.34781646728516,ARKK,ARK Innovation ETF (disruptive growth),303.2903096177573
2021-10-04,105.43305206298828,ARKK,ARK Innovation ETF (disruptive growth),292.4322042927644
2021-10-05,107.25273132324219,ARKK,ARK Innovation ETF (disruptive growth),297.4793200384413
2021-10-06,108.13797760009766,ARKK,ARK Innovation ETF (disruptive growth),299.9346650656169
2021-10-07,110.7543716430664,ARKK,ARK Innovation ETF (disruptive growth),307.19157229075074
2021-10-08,108.78716278076172,ARKK,ARK Innovation ETF (disruptive growth),301.73526411554644
2021-10-11,108.43305969238281,ARKK,ARK Innovation ETF (disruptive growth),300.7531134080088
2021-10-12,109.9084701538086,ARKK,ARK Innovation ETF (disruptive growth),304.8453551199682
2021-10-13,111.57077026367188,ARKK,ARK Innovation ETF (disruptive growth),309.4559594400727
2021-10-14,113.68553161621094,ARKK,ARK Innovation ETF (disruptive growth),315.3215235281415
2021-10-15,113.90193176269531,ARKK,ARK Innovation ETF (disruptive growth),315.9217373188595
2021-10-18,115.13143920898438,ARKK,ARK Innovation ETF (disruptive growth),319.3319352186403
2021-10-19,117.63964080810547,ARKK,ARK Innovation ETF (disruptive growth),326.28875670952743
2021-10-20,116.75439453125,ARKK,ARK Innovation ETF (disruptive growth),323.8334116823518
2021-10-21,117.69865417480469,ARKK,ARK Innovation ETF (disruptive growth),326.45243791356086
2021-10-22,115.81996154785156,ARKK,ARK Innovation ETF (disruptive growth),321.24164096385056
2021-10-25,119.81341552734375,ARKK,ARK Innovation ETF (disruptive growth),332.3180020016296
2021-10-26,119.21341705322266,ARKK,ARK Innovation ETF (disruptive growth),330.6538286430257
2021-10-27,116.7347183227539,ARKK,ARK Innovation ETF (disruptive growth),323.7788371735991
2021-10-28,119.7740707397461,ARKK,ARK Innovation ETF (disruptive growth),332.20887414523656
2021-10-29,119.29210662841797,ARKK,ARK Innovation ETF (disruptive growth),330.8720843558118
2021-11-01,123.06916809082031,ARKK,ARK Innovation ETF (disruptive growth),341.34825276398516
2021-11-02,121.07242584228516,ARKK,ARK Innovation ETF (disruptive growth),335.8100299228709
2021-11-03,122.59703063964844,ARKK,ARK Innovation ETF (disruptive growth),340.0387184872683
2021-11-04,122.35112762451172,ARKK,ARK Innovation ETF (disruptive growth),339.35667467508966
2021-11-05,120.28555297851562,ARKK,ARK Innovation ETF (disruptive growth),333.6275362783465
2021-11-08,121.37735748291016,ARKK,ARK Innovation ETF (disruptive growth),336.65579726130767
2021-11-09,118.59374237060547,ARKK,ARK Innovation ETF (disruptive growth),328.93508077566906
2021-11-10,114.62979888916016,ARKK,ARK Innovation ETF (disruptive growth),317.9405709204629
2021-11-11,115.41667938232422,ARKK,ARK Innovation ETF (disruptive growth),320.12308572609965
2021-11-12,116.5478286743164,ARKK,ARK Innovation ETF (disruptive growth),323.26047456545393
2021-11-15,115.60356903076172,ARKK,ARK Innovation ETF (disruptive growth),320.64144833424484
2021-11-16,116.97078704833984,ARKK,ARK Innovation ETF (disruptive growth),324.43360431195754
2021-11-17,114.80684661865234,ARKK,ARK Innovation ETF (disruptive growth),318.43163569367556
2021-11-18,111.95438385009766,ARKK,ARK Innovation ETF (disruptive growth),310.51996133018326
2021-11-19,111.38388061523438,ARKK,ARK Innovation ETF (disruptive growth),308.9375968319275
2021-11-22,106.71173858642578,ARKK,ARK Innovation ETF (disruptive growth),295.9788067227584
2021-11-23,104.22321319580078,ARKK,ARK Innovation ETF (disruptive growth),289.076559740624
2021-11-24,106.0035400390625,ARKK,ARK Innovation ETF (disruptive growth),294.01452646879545
2021-11-26,105.36419677734375,ARKK,ARK Innovation ETF (disruptive growth),292.24122525379846
2021-11-29,105.16747283935547,ARKK,ARK Innovation ETF (disruptive growth),291.69558597183305
2021-11-30,103.9576416015625,ARKK,ARK Innovation ETF (disruptive growth),288.33996258080504
2021-12-01,96.98384857177734,ARKK,ARK Innovation ETF (disruptive growth),268.99724577542196
2021-12-02,97.39696502685547,ARKK,ARK Innovation ETF (disruptive growth),270.1430776869931
2021-12-03,91.9969482421875,ARKK,ARK Innovation ETF (disruptive growth),255.16543281510826
2021-12-06,93.3936767578125,ARKK,ARK Innovation ETF (disruptive growth),259.03943997539386
2021-12-07,98.46910095214844,ARKK,ARK Innovation ETF (disruptive growth),273.1167853223139
2021-12-08,101.52812957763672,ARKK,ARK Innovation ETF (disruptive growth),281.6013968027041
2021-12-09,96.12812042236328,ARKK,ARK Innovation ETF (disruptive growth),266.6237730919316
2021-12-10,94.59368133544922,ARKK,ARK Innovation ETF (disruptive growth),262.36780785371405
2021-12-13,92.9510498046875,ARKK,ARK Innovation ETF (disruptive growth),257.8117568812499
2021-12-14,91.88875579833984,ARKK,ARK Innovation ETF (disruptive growth),254.8653470808616
2021-12-15,93.86580657958984,ARKK,ARK Innovation ETF (disruptive growth),260.3489530909984
2021-12-16,90.36416625976562,ARKK,ARK Innovation ETF (disruptive growth),250.63670083868894
2021-12-17,95.6067886352539,ARKK,ARK Innovation ETF (disruptive growth),265.1777919627768
2021-12-20,93.17728424072266,ARKK,ARK Innovation ETF (disruptive growth),258.43924734578815
2021-12-21,96.75762176513672,ARKK,ARK Innovation ETF (disruptive growth),268.3697764719961
2021-12-22,96.64942932128906,ARKK,ARK Innovation ETF (disruptive growth),268.0696907377494
2021-12-23,97.44615173339844,ARKK,ARK Innovation ETF (disruptive growth),270.2795033783187
2021-12-27,95.81336212158203,ARKK,ARK Innovation ETF (disruptive growth),265.750750240787
2021-12-28,94.0625228881836,ARKK,ARK Innovation ETF (disruptive growth),260.8945712118514
2021-12-29,93.05394744873047,ARKK,ARK Innovation ETF (disruptive growth),258.0971568035251
2021-12-30,95.90020751953125,ARKK,ARK Innovation ETF (disruptive growth),265.99162718267615
2021-12-31,93.80765533447266,ARKK,ARK Innovation ETF (disruptive growth),260.1876630926606
2022-01-03,96.18780517578125,ARKK,ARK Innovation ETF (disruptive growth),266.7893164738519
2022-01-04,91.92337799072266,ARKK,ARK Innovation ETF (disruptive growth),254.9613762087095
2022-01-05,85.40771484375,ARKK,ARK Innovation ETF (disruptive growth),236.88934187776727
2022-01-06,84.87218475341797,ARKK,ARK Innovation ETF (disruptive growth),235.4039799185276
2022-01-07,83.72177124023438,ARKK,ARK Innovation ETF (disruptive growth),232.21315927048758
2022-01-10,83.93995666503906,ARKK,ARK Innovation ETF (disruptive growth),232.81832476149575
2022-01-11,86.26060485839844,ARKK,ARK Innovation ETF (disruptive growth),239.25494262746318
2022-01-12,83.86061096191406,ARKK,ARK Innovation ETF (disruptive growth),232.59824919304742
2022-01-13,79.31849670410156,ARKK,ARK Innovation ETF (disruptive growth),220.000107921673
2022-01-14,79.57634735107422,ARKK,ARK Innovation ETF (disruptive growth),220.71529003579298
2022-01-18,76.27389526367188,ARKK,ARK Innovation ETF (disruptive growth),211.5555121047382
2022-01-19,75.12348175048828,ARKK,ARK Innovation ETF (disruptive growth),208.36469145669818
2022-01-20,75.24249267578125,ARKK,ARK Innovation ETF (disruptive growth),208.6947836482583
2022-01-21,70.928466796875,ARKK,ARK Innovation ETF (disruptive growth),196.72927499172337
2022-01-24,72.9317626953125,ARKK,ARK Innovation ETF (disruptive growth),202.28567522834692
2022-01-25,70.21442413330078,ARKK,ARK Innovation ETF (disruptive growth),194.74878532569969
2022-01-26,68.45906066894531,ARKK,ARK Innovation ETF (disruptive growth),189.88005775714004
2022-01-27,65.7813949584961,ARKK,ARK Innovation ETF (disruptive growth),182.45320563871695
2022-01-28,68.34005737304688,ARKK,ARK Innovation ETF (disruptive growth),189.54998672669228
2022-01-31,74.8061294555664,ARKK,ARK Innovation ETF (disruptive growth),207.48447382735432
2022-02-01,76.4424819946289,ARKK,ARK Innovation ETF (disruptive growth),212.0231092043538
2022-02-02,72.53507232666016,ARKK,ARK Innovation ETF (disruptive growth),201.1854031916671
2022-02-03,68.46897888183594,ARKK,ARK Innovation ETF (disruptive growth),189.9075672031961
2022-02-04,72.1482925415039,ARKK,ARK Innovation ETF (disruptive growth),200.11261943993097
2022-02-07,71.88053131103516,ARKK,ARK Innovation ETF (disruptive growth),199.36994904086728
2022-02-08,71.79127502441406,ARKK,ARK Innovation ETF (disruptive growth),199.1223851874753
2022-02-09,75.48050689697266,ARKK,ARK Innovation ETF (disruptive growth),209.3549468702662
2022-02-10,73.14994049072266,ARKK,ARK Innovation ETF (disruptive growth),202.89081955824273
2022-02-11,71.30532836914062,ARKK,ARK Innovation ETF (disruptive growth),197.77454929740347
2022-02-14,70.79954528808594,ARKK,ARK Innovation ETF (disruptive growth),196.37169451521956
2022-02-15,74.6573715209961,ARKK,ARK Innovation ETF (disruptive growth),207.07187445873842
2022-02-16,72.26730346679688,ARKK,ARK Innovation ETF (disruptive growth),200.44271163149108
2022-02-17,67.61609649658203,ARKK,ARK Innovation ETF (disruptive growth),187.54198761461257
2022-02-18,64.26405334472656,ARKK,ARK Innovation ETF (disruptive growth),178.24466245327758
2022-02-22,62.8657112121582,ARKK,ARK Innovation ETF (disruptive growth),174.3661797177298
2022-02-23,60.37647247314453,ARKK,ARK Innovation ETF (disruptive growth),167.4619541715906
2022-02-24,65.0772705078125,ARKK,ARK Innovation ETF (disruptive growth),180.50022541874932
2022-02-25,67.25907135009766,ARKK,ARK Innovation ETF (disruptive growth),186.55173220104453
2022-02-28,69.88715362548828,ARKK,ARK Innovation ETF (disruptive growth),193.84105825029977
2022-03-01,67.7450180053711,ARKK,ARK Innovation ETF (disruptive growth),187.89956809111635
2022-03-02,67.001220703125,ARKK,ARK Innovation ETF (disruptive growth),185.83655008692455
2022-03-03,62.73678207397461,ARKK,ARK Innovation ETF (disruptive growth),174.00857808011364
2022-03-04,59.73184585571289,ARKK,ARK Innovation ETF (disruptive growth),165.67399888629066
2022-03-07,57.56987762451172,ARKK,ARK Innovation ETF (disruptive growth),159.67750041555135
2022-03-08,58.135162353515625,ARKK,ARK Innovation ETF (disruptive growth),161.24539071295914
2022-03-09,61.19960403442383,ARKK,ARK Innovation ETF (disruptive growth),169.74501600256218
2022-03-10,59.04755401611328,ARKK,ARK Innovation ETF (disruptive growth),163.77602697787893
2022-03-11,55.12030792236328,ARKK,ARK Innovation ETF (disruptive growth),152.8833020730801
2022-03-14,51.85751724243164,ARKK,ARK Innovation ETF (disruptive growth),143.83353018458098
2022-03-15,53.940147399902344,ARKK,ARK Innovation ETF (disruptive growth),149.60997424798433
2022-03-16,59.543418884277344,ARKK,ARK Innovation ETF (disruptive growth),165.15137231400678
2022-03-17,62.409515380859375,ARKK,ARK Innovation ETF (disruptive growth),173.1008615852699
2022-03-18,65.22602081298828,ARKK,ARK Innovation ETF (disruptive growth),180.91280362625287
2022-03-21,63.450828552246094,ARKK,ARK Innovation ETF (disruptive growth),175.98907832669352
2022-03-22,66.41609954833984,ARKK,ARK Innovation ETF (disruptive growth),184.21364089740467
2022-03-23,65.1268539428711,ARKK,ARK Innovation ETF (disruptive growth),180.63775148791717
2022-03-24,65.85081481933594,ARKK,ARK Innovation ETF (disruptive growth),182.6457505999969
2022-03-25,63.97644805908203,ARKK,ARK Innovation ETF (disruptive growth),177.44695200098948
2022-03-28,66.50535583496094,ARKK,ARK Innovation ETF (disruptive growth),184.4612047507967
2022-03-29,70.79954528808594,ARKK,ARK Innovation ETF (disruptive growth),196.37169451521956
2022-03-30,68.1119613647461,ARKK,ARK Innovation ETF (disruptive growth),188.91733295074042
2022-03-31,65.7417221069336,ARKK,ARK Innovation ETF (disruptive growth),182.3431678544928
2022-04-01,66.98138427734375,ARKK,ARK Innovation ETF (disruptive growth),185.7815311948125
2022-04-04,69.91690063476562,ARKK,ARK Innovation ETF (disruptive growth),193.92356542735556
2022-04-05,65.9301528930664,ARKK,ARK Innovation ETF (disruptive growth),182.86580500733285
2022-04-06,62.87562942504883,ARKK,ARK Innovation ETF (disruptive growth),174.39368916378584
2022-04-07,62.141746520996094,ARKK,ARK Innovation ETF (disruptive growth),172.3581700250939
2022-04-08,60.148372650146484,ARKK,ARK Innovation ETF (disruptive growth),166.82928981508257
2022-04-11,59.34507369995117,ARKK,ARK Innovation ETF (disruptive growth),164.60123629566687
2022-04-12,59.34507369995117,ARKK,ARK Innovation ETF (disruptive growth),164.60123629566687
2022-04-13,61.21944046020508,ARKK,ARK Innovation ETF (disruptive growth),169.80003489467427
2022-04-14,58.50210189819336,ARKK,ARK Innovation ETF (disruptive growth),162.263144992027
2022-04-18,56.87566375732422,ARKK,ARK Innovation ETF (disruptive growth),157.7520084805274
2022-04-19,59.176475524902344,ARKK,ARK Innovation ETF (disruptive growth),164.1336074543827
2022-04-20,55.66575622558594,ARKK,ARK Innovation ETF (disruptive growth),154.39617347837583
2022-04-21,52.898834228515625,ARKK,ARK Innovation ETF (disruptive growth),146.72175750656075
2022-04-22,52.0261116027832,ARKK,ARK Innovation ETF (disruptive growth),144.30114844530894
2022-04-25,53.90047836303711,ARKK,ARK Innovation ETF (disruptive growth),149.49994704431634
2022-04-26,50.260833740234375,ARKK,ARK Innovation ETF (disruptive growth),139.40492201124945
2022-04-27,49.15009689331055,ARKK,ARK Innovation ETF (disruptive growth),136.32414972798978
2022-04-28,48.46580123901367,ARKK,ARK Innovation ETF (disruptive growth),134.42616723902185
2022-04-29,46.740196228027344,ARKK,ARK Innovation ETF (disruptive growth),129.6399785891865
2022-05-02,49.71538162231445,ARKK,ARK Innovation ETF (disruptive growth),137.89204002539756
2022-05-03,49.4575309753418,ARKK,ARK Innovation ETF (disruptive growth),137.17685791127758
2022-05-04,51.996360778808594,ARKK,ARK Innovation ETF (disruptive growth),144.21863068769701
2022-05-05,47.35506820678711,ARKK,ARK Innovation ETF (disruptive growth),131.34540553631834
2022-05-06,45.252601623535156,ARKK,ARK Innovation ETF (disruptive growth),125.51394258080292
2022-05-09,40.78982162475586,ARKK,ARK Innovation ETF (disruptive growth),113.13584513620826
2022-05-10,40.740234375,ARKK,ARK Innovation ETF (disruptive growth),112.99830848648423
2022-05-11,36.62455749511719,ARKK,ARK Innovation ETF (disruptive growth),101.58294642884539
2022-05-12,38.66752243041992,ARKK,ARK Innovation ETF (disruptive growth),107.24937386913693
2022-05-13,43.23938751220703,ARKK,ARK Innovation ETF (disruptive growth),119.93003289812332
2022-05-16,40.680728912353516,ARKK,ARK Innovation ETF (disruptive growth),112.83326239070418
2022-05-17,42.72369384765625,ARKK,ARK Innovation ETF (disruptive growth),118.49968983099572
2022-05-18,40.82948684692383,ARKK,ARK Innovation ETF (disruptive growth),113.24586175932006
2022-05-19,42.674102783203125,ARKK,ARK Innovation ETF (disruptive growth),118.36214260071552
2022-05-20,42.05923080444336,ARKK,ARK Innovation ETF (disruptive growth),116.6567156535837
2022-05-23,41.791465759277344,ARKK,ARK Innovation ETF (disruptive growth),115.91403467396387
2022-05-24,38.88570022583008,ARKK,ARK Innovation ETF (disruptive growth),107.85451819903275
2022-05-25,40.69064712524414,ARKK,ARK Innovation ETF (disruptive growth),112.86077183676022
2022-05-26,42.27741241455078,ARKK,ARK Innovation ETF (disruptive growth),117.26187056403569
2022-05-27,45.034420013427734,ARKK,ARK Innovation ETF (disruptive growth),124.90878767035092
2022-05-31,43.725337982177734,ARKK,ARK Innovation ETF (disruptive growth),121.27787936875133
2022-06-01,42.14848709106445,ARKK,ARK Innovation ETF (disruptive growth),116.90427950697571
2022-06-02,45.252601623535156,ARKK,ARK Innovation ETF (disruptive growth),125.51394258080292
2022-06-03,42.80302810668945,ARKK,ARK Innovation ETF (disruptive growth),118.7197336577755
2022-06-06,43.13030242919922,ARKK,ARK Innovation ETF (disruptive growth),119.62747131373159
2022-06-07,44.409629821777344,ARKK,ARK Innovation ETF (disruptive growth),123.17585127716306
2022-06-08,45.609622955322266,ARKK,ARK Innovation ETF (disruptive growth),126.50418741381476
2022-06-09,42.84270095825195,ARKK,ARK Innovation ETF (disruptive growth),118.82977144199967
2022-06-10,39.778255462646484,ARKK,ARK Innovation ETF (disruptive growth),110.33013557184044
2022-06-13,36.2774543762207,ARKK,ARK Innovation ETF (disruptive growth),100.62021104188959
2022-06-14,36.68406295776367,ARKK,ARK Innovation ETF (disruptive growth),101.74799252462545
2022-06-15,39.09395980834961,ARKK,ARK Innovation ETF (disruptive growth),108.43215308287252
2022-06-16,36.67414474487305,ARKK,ARK Innovation ETF (disruptive growth),101.72048307856942
2022-06-17,38.47909164428711,ARKK,ARK Innovation ETF (disruptive growth),106.72673671629688
2022-06-21,40.16503143310547,ARKK,ARK Innovation ETF (disruptive growth),111.4029087430204
2022-06-22,40.76998519897461,ARKK,ARK Innovation ETF (disruptive growth),113.08082624409619
2022-06-23,43.66583251953125,ARKK,ARK Innovation ETF (disruptive growth),121.11283327297126
2022-06-24,45.45094680786133,ARKK,ARK Innovation ETF (disruptive growth),126.06407859914283
2022-06-27,44.429466247558594,ARKK,ARK Innovation ETF (disruptive growth),123.23087016927515
2022-06-28,41.82121658325195,ARKK,ARK Innovation ETF (disruptive growth),115.99655243157581
2022-06-29,41.16667556762695,ARKK,ARK Innovation ETF (disruptive growth),114.18109828077601
2022-06-30,39.5501594543457,ARKK,ARK Innovation ETF (disruptive growth),109.69748179588859
2022-07-01,40.87907791137695,ARKK,ARK Innovation ETF (disruptive growth),113.38340898960027
2022-07-05,44.598060607910156,ARKK,ARK Innovation ETF (disruptive growth),123.69848843000311
2022-07-06,43.596412658691406,ARKK,ARK Innovation ETF (disruptive growth),120.92028831169134
2022-07-07,46.44267654418945,ARKK,ARK Innovation ETF (disruptive growth),128.81476927139857
2022-07-08,46.47242736816406,ARKK,ARK Innovation ETF (disruptive growth),128.8972870290105
2022-07-11,43.25922393798828,ARKK,ARK Innovation ETF (disruptive growth),119.98505179023539
2022-07-12,43.953433990478516,ARKK,ARK Innovation ETF (disruptive growth),121.91053314470318
2022-07-13,43.64599609375,ARKK,ARK Innovation ETF (disruptive growth),121.05781438085918
2022-07-14,42.74352264404297,ARKK,ARK Innovation ETF (disruptive growth),118.55468756199545
2022-07-15,43.745174407958984,ARKK,ARK Innovation ETF (disruptive growth),121.3328982608634
2022-07-18,43.60633087158203,ARKK,ARK Innovation ETF (disruptive growth),120.94779775774738
2022-07-19,45.42119216918945,ARKK,ARK Innovation ETF (disruptive growth),125.98155026097471
2022-07-20,47.72200393676758,ARKK,ARK Innovation ETF (disruptive growth),132.36314923483005
2022-07-21,48.555057525634766,ARKK,ARK Innovation ETF (disruptive growth),134.67373109241385
2022-07-22,45.86747360229492,ARKK,ARK Innovation ETF (disruptive growth),127.21936952793473
2022-07-25,45.272438049316406,ARKK,ARK Innovation ETF (disruptive growth),125.56896147291499
2022-07-26,43.11046600341797,ARKK,ARK Innovation ETF (disruptive growth),119.5724524216195
2022-07-27,45.99639892578125,ARKK,ARK Innovation ETF (disruptive growth),127.57696058499472
2022-07-28,45.79805374145508,ARKK,ARK Innovation ETF (disruptive growth),127.02682456665481
2022-07-29,44.756736755371094,ARKK,ARK Innovation ETF (disruptive growth),124.13859724467504
2022-08-01,45.312103271484375,ARKK,ARK Innovation ETF (disruptive growth),125.6789780960268
2022-08-02,46.52201461791992,ARKK,ARK Innovation ETF (disruptive growth),129.03482367873454
2022-08-03,49.34844207763672,ARKK,ARK Innovation ETF (disruptive growth),136.8742857463297
2022-08-04,49.75505065917969,ARKK,ARK Innovation ETF (disruptive growth),138.00206722906555
2022-08-05,49.65587615966797,ARKK,ARK Innovation ETF (disruptive growth),137.7269939296175
2022-08-08,50.37984085083008,ARKK,ARK Innovation ETF (disruptive growth),139.7350036222534
2022-08-09,47.632747650146484,ARKK,ARK Innovation ETF (disruptive growth),132.11558538143805
2022-08-10,51.143470764160156,ARKK,ARK Innovation ETF (disruptive growth),141.85302993800113
2022-08-11,49.507118225097656,ARKK,ARK Innovation ETF (disruptive growth),137.31439456100162
2022-08-12,51.579830169677734,ARKK,ARK Innovation ETF (disruptive growth),143.06332917834894
2022-08-15,51.75834274291992,ARKK,ARK Innovation ETF (disruptive growth),143.55845688513293
2022-08-16,50.32033920288086,ARKK,ARK Innovation ETF (disruptive growth),139.56996810702952
2022-08-17,47.632747650146484,ARKK,ARK Innovation ETF (disruptive growth),132.11558538143805
2022-08-18,47.10713577270508,ARKK,ARK Innovation ETF (disruptive growth),130.6577328682544
2022-08-19,44.32037353515625,ARKK,ARK Innovation ETF (disruptive growth),122.92828742377107
2022-08-22,43.24930953979492,ARKK,ARK Innovation ETF (disruptive growth),119.95755292473554
2022-08-23,43.01129150390625,ARKK,ARK Innovation ETF (disruptive growth),119.29737912217146
2022-08-24,44.1319465637207,ARKK,ARK Innovation ETF (disruptive growth),122.40566085148718
2022-08-25,45.40135955810547,ARKK,ARK Innovation ETF (disruptive growth),125.9265419494188
2022-08-26,42.48567581176758,ARKK,ARK Innovation ETF (disruptive growth),117.83951602843165
2022-08-29,41.781551361083984,ARKK,ARK Innovation ETF (disruptive growth),115.886535808464
2022-08-30,41.56336975097656,ARKK,ARK Innovation ETF (disruptive growth),115.281380898012
2022-08-31,41.53361892700195,ARKK,ARK Innovation ETF (disruptive growth),115.19886314040006
2022-09-01,41.374942779541016,ARKK,ARK Innovation ETF (disruptive growth),114.75875432572813
2022-09-02,40.25428771972656,ARKK,ARK Innovation ETF (disruptive growth),111.65047259641241
2022-09-06,39.7584228515625,ARKK,ARK Innovation ETF (disruptive growth),110.27512726028453
2022-09-07,41.127010345458984,ARKK,ARK Innovation ETF (disruptive growth),114.0710816576642
2022-09-08,42.34683609008789,ARKK,ARK Innovation ETF (disruptive growth),117.45442610587179
2022-09-09,44.231117248535156,ARKK,ARK Innovation ETF (disruptive growth),122.68072357037906
2022-09-12,45.302188873291016,ARKK,ARK Innovation ETF (disruptive growth),125.65147923052693
2022-09-13,42.22782897949219,ARKK,ARK Innovation ETF (disruptive growth),117.12434449486784
2022-09-14,43.38814926147461,ARKK,ARK Innovation ETF (disruptive growth),120.34264284729538
2022-09-15,44.3402099609375,ARKK,ARK Innovation ETF (disruptive growth),122.98330631588314
2022-09-16,42.22782897949219,ARKK,ARK Innovation ETF (disruptive growth),117.12434449486784
2022-09-19,42.138572692871094,ARKK,ARK Innovation ETF (disruptive growth),116.87678064147585
2022-09-20,41.09725570678711,ARKK,ARK Innovation ETF (disruptive growth),113.98855331949608
2022-09-21,40.00635528564453,ARKK,ARK Innovation ETF (disruptive growth),110.96279992834847
2022-09-22,38.2906608581543,ARKK,ARK Innovation ETF (disruptive growth),106.20409956345684
2022-09-23,37.51711654663086,ARKK,ARK Innovation ETF (disruptive growth),104.05857438220926
2022-09-26,37.12042236328125,ARKK,ARK Innovation ETF (disruptive growth),102.95829176497325
2022-09-27,37.89397048950195,ARKK,ARK Innovation ETF (disruptive growth),105.10382752677701
2022-09-28,39.65924835205078,ARKK,ARK Innovation ETF (disruptive growth),110.0000539608365
2022-09-29,37.487361907958984,ARKK,ARK Innovation ETF (disruptive growth),103.97604604404114
2022-09-30,37.417938232421875,ARKK,ARK Innovation ETF (disruptive growth),103.78349050220504
2022-10-03,37.5865364074707,ARKK,ARK Innovation ETF (disruptive growth),104.25111934348918
2022-10-04,40.452632904052734,ARKK,ARK Innovation ETF (disruptive growth),112.20060861475233
2022-10-05,39.70883560180664,ARKK,ARK Innovation ETF (disruptive growth),110.13759061056052
2022-10-06,39.8377571105957,ARKK,ARK Innovation ETF (disruptive growth),110.49517108706434
2022-10-07,37.2195930480957,ARKK,ARK Innovation ETF (disruptive growth),103.23335448386513
2022-10-10,35.9997673034668,ARKK,ARK Innovation ETF (disruptive growth),99.85001003565753
2022-10-11,35.35514450073242,ARKK,ARK Innovation ETF (disruptive growth),98.06206533091377
2022-10-12,35.82125473022461,ARKK,ARK Innovation ETF (disruptive growth),99.35488232887353
2022-10-13,35.741920471191406,ARKK,ARK Innovation ETF (disruptive growth),99.13483850209373
2022-10-14,33.7088737487793,ARKK,ARK Innovation ETF (disruptive growth),93.49592050785823
2022-10-17,36.079105377197266,ARKK,ARK Innovation ETF (disruptive growth),100.0700644429935
2022-10-18,36.66422653198242,ARKK,ARK Innovation ETF (disruptive growth),101.69297363251337
2022-10-19,35.087379455566406,ARKK,ARK Innovation ETF (disruptive growth),97.31938435129393
2022-10-20,34.95845031738281,ARKK,ARK Innovation ETF (disruptive growth),96.96178271367778
2022-10-21,35.58324432373047,ARKK,ARK Innovation ETF (disruptive growth),98.6947296874218
2022-10-24,35.136962890625,ARKK,ARK Innovation ETF (disruptive growth),97.45691042046178
2022-10-25,37.49728012084961,ARKK,ARK Innovation ETF (disruptive growth),104.00355549009718
2022-10-26,37.57661819458008,ARKK,ARK Innovation ETF (disruptive growth),104.22360989743315
2022-10-27,37.55678176879883,ARKK,ARK Innovation ETF (disruptive growth),104.16859100532106
2022-10-28,38.56834411621094,ARKK,ARK Innovation ETF (disruptive growth),106.97428998913271
2022-10-31,37.9633903503418,ARKK,ARK Innovation ETF (disruptive growth),105.29637248805693
2022-11-01,37.97330856323242,ARKK,ARK Innovation ETF (disruptive growth),105.32388193411298
2022-11-02,36.138607025146484,ARKK,ARK Innovation ETF (disruptive growth),100.23509995821739
2022-11-03,35.900596618652344,ARKK,ARK Innovation ETF (disruptive growth),99.57494731676566
2022-11-04,34.92870330810547,ARKK,ARK Innovation ETF (disruptive growth),96.879275536622
2022-11-07,34.70060348510742,ARKK,ARK Innovation ETF (disruptive growth),96.24661118011397
2022-11-08,34.56175994873047,ARKK,ARK Innovation ETF (disruptive growth),95.86151067699795
2022-11-09,32.30061721801758,ARKK,ARK Innovation ETF (disruptive growth),89.58993890681059
2022-11-10,36.99149703979492,ARKK,ARK Innovation ETF (disruptive growth),102.60070070791328
2022-11-11,40.06585693359375,ARKK,ARK Innovation ETF (disruptive growth),111.12783544357237
2022-11-14,38.58818054199219,ARKK,ARK Innovation ETF (disruptive growth),107.02930888124479
2022-11-15,39.6394157409668,ARKK,ARK Innovation ETF (disruptive growth),109.94504564928059
2022-11-16,37.59645080566406,ARKK,ARK Innovation ETF (disruptive growth),104.27861820898904
2022-11-17,36.812984466552734,ARKK,ARK Innovation ETF (disruptive growth),102.10557300112926
2022-11-18,36.25761795043945,ARKK,ARK Innovation ETF (disruptive growth),100.5651921497775
2022-11-21,34.90886688232422,ARKK,ARK Innovation ETF (disruptive growth),96.82425664450993
2022-11-22,35.0179557800293,ARKK,ARK Innovation ETF (disruptive growth),97.12682880945783
2022-11-23,36.01960372924805,ARKK,ARK Innovation ETF (disruptive growth),99.9050289277696
2022-11-25,35.702247619628906,ARKK,ARK Innovation ETF (disruptive growth),99.02480071786958
2022-11-28,34.70060348510742,ARKK,ARK Innovation ETF (disruptive growth),96.24661118011397
2022-11-29,34.51217269897461,ARKK,ARK Innovation ETF (disruptive growth),95.72397402727393
2022-11-30,37.17000961303711,ARKK,ARK Innovation ETF (disruptive growth),103.09582841469728
2022-12-01,37.5865364074707,ARKK,ARK Innovation ETF (disruptive growth),104.25111934348918
2022-12-02,37.844383239746094,ARKK,ARK Innovation ETF (disruptive growth),104.96629087705298
2022-12-05,35.771671295166016,ARKK,ARK Innovation ETF (disruptive growth),99.21735625970568
2022-12-06,34.33366012573242,ARKK,ARK Innovation ETF (disruptive growth),95.22884632048991
2022-12-07,34.065895080566406,ARKK,ARK Innovation ETF (disruptive growth),94.48616534087007
2022-12-08,34.869197845458984,ARKK,ARK Innovation ETF (disruptive growth),96.71422944084195
2022-12-09,34.3634147644043,ARKK,ARK Innovation ETF (disruptive growth),95.31137465865804
2022-12-12,35.0179557800293,ARKK,ARK Innovation ETF (disruptive growth),97.12682880945783
2022-12-13,34.99812316894531,ARKK,ARK Innovation ETF (disruptive growth),97.07182049790192
2022-12-14,34.64109802246094,ARKK,ARK Innovation ETF (disruptive growth),96.08156508433392
2022-12-15,32.94524383544922,ARKK,ARK Innovation ETF (disruptive growth),91.37789419211052
2022-12-16,32.98490905761719,ARKK,ARK Innovation ETF (disruptive growth),91.48791081522234
2022-12-19,31.953514099121094,ARKK,ARK Innovation ETF (disruptive growth),88.62720351985479
2022-12-20,31.9039249420166,ARKK,ARK Innovation ETF (disruptive growth),88.48966157985268
2022-12-21,32.43946075439453,ARKK,ARK Innovation ETF (disruptive growth),89.97503940992661
2022-12-22,31.338642120361328,ARKK,ARK Innovation ETF (disruptive growth),86.92177657272296
2022-12-23,30.713850021362305,ARKK,ARK Innovation ETF (disruptive growth),85.18883488925702
2022-12-27,29.533695220947266,ARKK,ARK Innovation ETF (disruptive growth),81.9155229349955
2022-12-28,29.394851684570312,ARKK,ARK Innovation ETF (disruptive growth),81.53042243187947
2022-12-29,30.91219711303711,ARKK,ARK Innovation ETF (disruptive growth),85.73897619787502
2022-12-30,30.981618881225586,ARKK,ARK Innovation ETF (disruptive growth),85.93152644943304
2023-01-03,30.20806884765625,ARKK,ARK Innovation ETF (disruptive growth),83.7859853973512
2023-01-04,31.517152786254883,ARKK,ARK Innovation ETF (disruptive growth),87.41689898922888
2023-01-05,30.763439178466797,ARKK,ARK Innovation ETF (disruptive growth),85.32637682925913
2023-01-06,31.110544204711914,ARKK,ARK Innovation ETF (disruptive growth),86.28911750649303
2023-01-09,32.53863525390625,ARKK,ARK Innovation ETF (disruptive growth),90.25011270937466
2023-01-10,33.34193420410156,ARKK,ARK Innovation ETF (disruptive growth),92.47816622879034
2023-01-11,34.472503662109375,ARKK,ARK Innovation ETF (disruptive growth),95.61394682360594
2023-01-12,35.196468353271484,ARKK,ARK Innovation ETF (disruptive growth),97.62195651624184
2023-01-13,35.69233322143555,ARKK,ARK Innovation ETF (disruptive growth),98.99730185236972
2023-01-17,36.733646392822266,ARKK,ARK Innovation ETF (disruptive growth),101.8855185937933
2023-01-18,35.65266418457031,ARKK,ARK Innovation ETF (disruptive growth),98.88727464870173
2023-01-19,34.50225830078125,ARKK,ARK Innovation ETF (disruptive growth),95.69647516177406
2023-01-20,36.19811248779297,ARKK,ARK Innovation ETF (disruptive growth),100.40014605399745
2023-01-23,37.76504898071289,ARKK,ARK Innovation ETF (disruptive growth),104.7462470502732
2023-01-24,37.17000961303711,ARKK,ARK Innovation ETF (disruptive growth),103.09582841469728
2023-01-25,37.19975662231445,ARKK,ARK Innovation ETF (disruptive growth),103.17833559175305
2023-01-26,37.95347595214844,ARKK,ARK Innovation ETF (disruptive growth),105.26887362255707
2023-01-27,40.055938720703125,ARKK,ARK Innovation ETF (disruptive growth),111.10032599751632
2023-01-30,38.19148635864258,ARKK,ARK Innovation ETF (disruptive growth),105.92902626400878
2023-01-31,39.59974670410156,ARKK,ARK Innovation ETF (disruptive growth),109.8350184456126
2023-02-01,41.34518814086914,ARKK,ARK Innovation ETF (disruptive growth),114.67622598756002
2023-02-02,44.04269027709961,ARKK,ARK Innovation ETF (disruptive growth),122.15809699809519
2023-02-03,42.4955940246582,ARKK,ARK Innovation ETF (disruptive growth),117.86702547448769
2023-02-06,41.89064025878906,ARKK,ARK Innovation ETF (disruptive growth),116.18910797341191
2023-02-07,42.62451934814453,ARKK,ARK Innovation ETF (disruptive growth),118.22461653154767
2023-02-08,41.394775390625,ARKK,ARK Innovation ETF (disruptive growth),114.81376263728404
2023-02-09,40.16503143310547,ARKK,ARK Innovation ETF (disruptive growth),111.4029087430204
2023-02-10,38.82619857788086,ARKK,ARK Innovation ETF (disruptive growth),107.68948268380886
2023-02-13,39.49065399169922,ARKK,ARK Innovation ETF (disruptive growth),109.53243570010852
2023-02-14,40.482383728027344,ARKK,ARK Innovation ETF (disruptive growth),112.28312637236426
2023-02-15,42.86253356933594,ARKK,ARK Innovation ETF (disruptive growth),118.88477975355556
2023-02-16,41.67245864868164,ARKK,ARK Innovation ETF (disruptive growth),115.58395306295992
2023-02-17,41.5137825012207,ARKK,ARK Innovation ETF (disruptive growth),115.14384424828799
2023-02-21,38.9848747253418,ARKK,ARK Innovation ETF (disruptive growth),108.12959149848079
2023-02-22,39.93693161010742,ARKK,ARK Innovation ETF (disruptive growth),110.77024438651237
2023-02-23,39.33197784423828,ARKK,ARK Innovation ETF (disruptive growth),109.09232688543659
2023-02-24,38.122066497802734,ARKK,ARK Innovation ETF (disruptive growth),105.73648130272886
2023-02-27,38.498924255371094,ARKK,ARK Innovation ETF (disruptive growth),106.78174502785278
2023-02-28,39.29230880737305,ARKK,ARK Innovation ETF (disruptive growth),108.98229968176861
2023-03-01,38.37991714477539,ARKK,ARK Innovation ETF (disruptive growth),106.45166341684883
2023-03-02,38.85594940185547,ARKK,ARK Innovation ETF (disruptive growth),107.7720004414208
2023-03-03,40.12535858154297,ARKK,ARK Innovation ETF (disruptive growth),111.29287095879624
2023-03-06,39.29230880737305,ARKK,ARK Innovation ETF (disruptive growth),108.98229968176861
2023-03-07,38.63776779174805,ARKK,ARK Innovation ETF (disruptive growth),107.16684553096881
2023-03-08,38.58818054199219,ARKK,ARK Innovation ETF (disruptive growth),107.02930888124479
2023-03-09,36.9815788269043,ARKK,ARK Innovation ETF (disruptive growth),102.57319126185723
2023-03-10,35.722084045410156,ARKK,ARK Innovation ETF (disruptive growth),99.07981960998166
2023-03-13,36.67414474487305,ARKK,ARK Innovation ETF (disruptive growth),101.72048307856942
2023-03-14,37.457611083984375,ARKK,ARK Innovation ETF (disruptive growth),103.8935282864292
2023-03-15,37.755126953125,ARKK,ARK Innovation ETF (disruptive growth),104.71872702366097
2023-03-16,38.91545486450195,ARKK,ARK Innovation ETF (disruptive growth),107.93704653720087
2023-03-17,38.360084533691406,ARKK,ARK Innovation ETF (disruptive growth),106.39665510529294
2023-03-20,37.90388870239258,ARKK,ARK Innovation ETF (disruptive growth),105.13133697283304
2023-03-21,40.00635528564453,ARKK,ARK Innovation ETF (disruptive growth),110.96279992834847
2023-03-22,38.072479248046875,ARKK,ARK Innovation ETF (disruptive growth),105.59894465300484
2023-03-23,37.487361907958984,ARKK,ARK Innovation ETF (disruptive growth),103.97604604404114
2023-03-24,37.417938232421875,ARKK,ARK Innovation ETF (disruptive growth),103.78349050220504
2023-03-27,37.447689056396484,ARKK,ARK Innovation ETF (disruptive growth),103.86600825981698
2023-03-28,36.88240432739258,ARKK,ARK Innovation ETF (disruptive growth),102.2981179624092
2023-03-29,38.27082824707031,ARKK,ARK Innovation ETF (disruptive growth),106.14909125190093
2023-03-30,38.16173553466797,ARKK,ARK Innovation ETF (disruptive growth),105.84650850639684
2023-03-31,40.00635528564453,ARKK,ARK Innovation ETF (disruptive growth),110.96279992834847
2023-04-03,39.25263977050781,ARKK,ARK Innovation ETF (disruptive growth),108.87227247810063
2023-04-04,39.044376373291016,ARKK,ARK Innovation ETF (disruptive growth),108.29462701370468
2023-04-05,37.65595626831055,ARKK,ARK Innovation ETF (disruptive growth),104.44366430476911
2023-04-06,38.25099182128906,ARKK,ARK Innovation ETF (disruptive growth),106.09407235978885
2023-04-10,38.21132278442383,ARKK,ARK Innovation ETF (disruptive growth),105.98404515612087
2023-04-11,38.4493408203125,ARKK,ARK Innovation ETF (disruptive growth),106.64421895868495
2023-04-12,37.33860397338867,ARKK,ARK Innovation ETF (disruptive growth),103.56344667542525
2023-04-13,38.83611297607422,ARKK,ARK Innovation ETF (disruptive growth),107.71698154930873
2023-04-14,38.469173431396484,ARKK,ARK Innovation ETF (disruptive growth),106.69922727024084
2023-04-17,38.64768600463867,ARKK,ARK Innovation ETF (disruptive growth),107.19435497702486
2023-04-18,38.56834411621094,ARKK,ARK Innovation ETF (disruptive growth),106.97428998913271
2023-04-19,38.53859329223633,ARKK,ARK Innovation ETF (disruptive growth),106.89177223152076
2023-04-20,37.080753326416016,ARKK,ARK Innovation ETF (disruptive growth),102.84826456130527
2023-04-21,37.31876754760742,ARKK,ARK Innovation ETF (disruptive growth),103.50842778331317
2023-04-24,36.812984466552734,ARKK,ARK Innovation ETF (disruptive growth),102.10557300112926
2023-04-25,35.61299514770508,ARKK,ARK Innovation ETF (disruptive growth),98.77724744503375
2023-04-26,34.92870330810547,ARKK,ARK Innovation ETF (disruptive growth),96.879275536622
2023-04-27,35.40473175048828,ARKK,ARK Innovation ETF (disruptive growth),98.1996019806378
2023-04-28,35.62290954589844,ARKK,ARK Innovation ETF (disruptive growth),98.80474631053362
2023-05-01,35.444400787353516,ARKK,ARK Innovation ETF (disruptive growth),98.30962918430578
2023-05-02,34.61134719848633,ARKK,ARK Innovation ETF (disruptive growth),95.99904732672196
2023-05-03,34.472503662109375,ARKK,ARK Innovation ETF (disruptive growth),95.61394682360594
2023-05-04,35.444400787353516,ARKK,ARK Innovation ETF (disruptive growth),98.30962918430578
2023-05-05,37.080753326416016,ARKK,ARK Innovation ETF (disruptive growth),102.84826456130527
2023-05-08,37.50719451904297,ARKK,ARK Innovation ETF (disruptive growth),104.03105435559705
2023-05-09,37.93363952636719,ARKK,ARK Innovation ETF (disruptive growth),105.213854730445
2023-05-10,38.469173431396484,ARKK,ARK Innovation ETF (disruptive growth),106.69922727024084
2023-05-11,38.53859329223633,ARKK,ARK Innovation ETF (disruptive growth),106.89177223152076
2023-05-12,37.36835479736328,ARKK,ARK Innovation ETF (disruptive growth),103.6459644330372
2023-05-15,38.25099182128906,ARKK,ARK Innovation ETF (disruptive growth),106.09407235978885
2023-05-16,37.3088493347168,ARKK,ARK Innovation ETF (disruptive growth),103.48091833725714
2023-05-17,38.26091384887695,ARKK,ARK Innovation ETF (disruptive growth),106.12159238640106
2023-05-18,38.796443939208984,ARKK,ARK Innovation ETF (disruptive growth),107.60695434564074
2023-05-19,38.37991714477539,ARKK,ARK Innovation ETF (disruptive growth),106.45166341684883
2023-05-22,40.24436950683594,ARKK,ARK Innovation ETF (disruptive growth),111.62296315035637
2023-05-23,39.371646881103516,ARKK,ARK Innovation ETF (disruptive growth),109.20235408910457
2023-05-24,39.13363265991211,ARKK,ARK Innovation ETF (disruptive growth),108.54219086709668
2023-05-25,38.062564849853516,ARKK,ARK Innovation ETF (disruptive growth),105.57144578750497
2023-05-26,38.776607513427734,ARKK,ARK Innovation ETF (disruptive growth),107.55193545352866
2023-05-30,39.48073959350586,ARKK,ARK Innovation ETF (disruptive growth),109.50493683460866
2023-05-31,40.155113220214844,ARKK,ARK Innovation ETF (disruptive growth),111.37539929696436
2023-06-01,40.76998519897461,ARKK,ARK Innovation ETF (disruptive growth),113.08082624409619
2023-06-02,41.27576446533203,ARKK,ARK Innovation ETF (disruptive growth),114.48367044572392
2023-06-05,41.712127685546875,ARKK,ARK Innovation ETF (disruptive growth),115.6939802666279
2023-06-06,42.32699966430664,ARKK,ARK Innovation ETF (disruptive growth),117.39940721375972
2023-06-07,41.90055465698242,ARKK,ARK Innovation ETF (disruptive growth),116.21660683891177
2023-06-08,42.32699966430664,ARKK,ARK Innovation ETF (disruptive growth),117.39940721375972
2023-06-09,42.15840530395508,ARKK,ARK Innovation ETF (disruptive growth),116.93178895303174
2023-06-12,42.922035217285156,ARKK,ARK Innovation ETF (disruptive growth),119.04981526877945
2023-06-13,43.923683166503906,ARKK,ARK Innovation ETF (disruptive growth),121.82801538709124
2023-06-14,43.705501556396484,ARKK,ARK Innovation ETF (disruptive growth),121.22286047663924
2023-06-15,44.17161560058594,ARKK,ARK Innovation ETF (disruptive growth),122.51568805515517
2023-06-16,43.943519592285156,ARKK,ARK Innovation ETF (disruptive growth),121.88303427920332
2023-06-20,43.89392852783203,ARKK,ARK Innovation ETF (disruptive growth),121.74548704892311
2023-06-21,42.30716323852539,ARKK,ARK Innovation ETF (disruptive growth),117.34438832164764
2023-06-22,42.317081451416016,ARKK,ARK Innovation ETF (disruptive growth),117.37189776770367
2023-06-23,41.791465759277344,ARKK,ARK Innovation ETF (disruptive growth),115.91403467396387
2023-06-26,41.55345153808594,ARKK,ARK Innovation ETF (disruptive growth),115.25387145195597
2023-06-27,42.96170425415039,ARKK,ARK Innovation ETF (disruptive growth),119.15984247244744
2023-06-28,43.81459426879883,ARKK,ARK Innovation ETF (disruptive growth),121.52544322214332
2023-06-29,43.427818298339844,ARKK,ARK Innovation ETF (disruptive growth),120.45267005096336
2023-06-30,43.774925231933594,ARKK,ARK Innovation ETF (disruptive growth),121.41541601847534
2023-07-03,44.74681854248047,ARKK,ARK Innovation ETF (disruptive growth),124.11108779861901
2023-07-05,44.58814239501953,ARKK,ARK Innovation ETF (disruptive growth),123.67097898394708
2023-07-06,42.88236999511719,ARKK,ARK Innovation ETF (disruptive growth),118.93979864566765
2023-07-07,43.368316650390625,ARKK,ARK Innovation ETF (disruptive growth),120.28763453573949
2023-07-10,44.9947509765625,ARKK,ARK Innovation ETF (disruptive growth),124.79876046668294
2023-07-11,46.66085433959961,ARKK,ARK Innovation ETF (disruptive growth),129.41991360129438
2023-07-12,47.08729934692383,ARKK,ARK Innovation ETF (disruptive growth),130.60271397614233
2023-07-13,49.21951675415039,ARKK,ARK Innovation ETF (disruptive growth),136.51669468926968
2023-07-14,48.16828536987305,ARKK,ARK Innovation ETF (disruptive growth),133.60096850179008
2023-07-17,49.26910400390625,ARKK,ARK Innovation ETF (disruptive growth),136.65423133899372
2023-07-18,49.44761657714844,ARKK,ARK Innovation ETF (disruptive growth),137.14935904577771
2023-07-19,50.231082916259766,ARKK,ARK Innovation ETF (disruptive growth),139.32240425363753
2023-07-20,47.36498260498047,ARKK,ARK Innovation ETF (disruptive growth),131.3729044018182
2023-07-21,47.53357696533203,ARKK,ARK Innovation ETF (disruptive growth),131.84052266254616
2023-07-24,47.017879486083984,ARKK,ARK Innovation ETF (disruptive growth),130.4101690148624
2023-07-25,46.87903594970703,ARKK,ARK Innovation ETF (disruptive growth),130.02506851174638
2023-07-26,47.880680084228516,ARKK,ARK Innovation ETF (disruptive growth),132.80325804950198
2023-07-27,46.48234558105469,ARKK,ARK Innovation ETF (disruptive growth),128.92479647506656
2023-07-28,49.03108596801758,ARKK,ARK Innovation ETF (disruptive growth),135.99405753642964
2023-07-31,50.032737731933594,ARKK,ARK Innovation ETF (disruptive growth),138.77226823529762
2023-08-01,49.04100799560547,ARKK,ARK Innovation ETF (disruptive growth),136.02157756304186
2023-08-02,46.3038330078125,ARKK,ARK Innovation ETF (disruptive growth),128.42966876828254
2023-08-03,45.80796813964844,ARKK,ARK Innovation ETF (disruptive growth),127.05432343215467
2023-08-04,45.004669189453125,ARKK,ARK Innovation ETF (disruptive growth),124.82626991273898
2023-08-07,44.776573181152344,ARKK,ARK Innovation ETF (disruptive growth),124.19361613678713
2023-08-08,44.53855514526367,ARKK,ARK Innovation ETF (disruptive growth),123.53344233422305
2023-08-09,42.93195724487305,ARKK,ARK Innovation ETF (disruptive growth),119.07733529539168
2023-08-10,42.62451934814453,ARKK,ARK Innovation ETF (disruptive growth),118.22461653154767
2023-08-11,42.396419525146484,ARKK,ARK Innovation ETF (disruptive growth),117.59195217503964
2023-08-14,42.56501388549805,ARKK,ARK Innovation ETF (disruptive growth),118.05957043576761
2023-08-15,41.82121658325195,ARKK,ARK Innovation ETF (disruptive growth),115.99655243157581
2023-08-16,40.89891052246094,ARKK,ARK Innovation ETF (disruptive growth),113.43841730115616
2023-08-17,39.90718078613281,ARKK,ARK Innovation ETF (disruptive growth),110.68772662890044
2023-08-18,40.046024322509766,ARKK,ARK Innovation ETF (disruptive growth),111.07282713201646
2023-08-21,40.760066986083984,ARKK,ARK Innovation ETF (disruptive growth),113.05331679804014
2023-08-22,40.67081069946289,ARKK,ARK Innovation ETF (disruptive growth),112.80575294464813
2023-08-23,41.612953186035156,ARKK,ARK Innovation ETF (disruptive growth),115.41890696717985
2023-08-24,40.13528060913086,ARKK,ARK Innovation ETF (disruptive growth),111.32039098540847
2023-08-25,40.63114547729492,ARKK,ARK Innovation ETF (disruptive growth),112.69573632153633
2023-08-28,40.740234375,ARKK,ARK Innovation ETF (disruptive growth),112.99830848648423
2023-08-29,42.95178985595703,ARKK,ARK Innovation ETF (disruptive growth),119.13234360694757
2023-08-30,43.24930953979492,ARKK,ARK Innovation ETF (disruptive growth),119.95755292473554
2023-08-31,43.38814926147461,ARKK,ARK Innovation ETF (disruptive growth),120.34264284729538
2023-09-01,43.25922393798828,ARKK,ARK Innovation ETF (disruptive growth),119.98505179023539
2023-09-05,43.64599609375,ARKK,ARK Innovation ETF (disruptive growth),121.05781438085918
2023-09-06,43.8046760559082,ARKK,ARK Innovation ETF (disruptive growth),121.4979337760873
2023-09-07,43.64599609375,ARKK,ARK Innovation ETF (disruptive growth),121.05781438085918
2023-09-08,43.68000030517578,ARKK,ARK Innovation ETF (disruptive growth),121.1521294586067
2023-09-11,44.599998474121094,ARKK,ARK Innovation ETF (disruptive growth),123.70386335254021
2023-09-12,44.0099983215332,ARKK,ARK Innovation ETF (disruptive growth),122.067421631672
2023-09-13,43.43000030517578,ARKK,ARK Innovation ETF (disruptive growth),120.45872212909569
2023-09-14,43.61000061035156,ARKK,ARK Innovation ETF (disruptive growth),120.95797625278811
2023-09-15,43.060001373291016,ARKK,ARK Innovation ETF (disruptive growth),119.43248224397514
2023-09-18,42.0099983215332,ARKK,ARK Innovation ETF (disruptive growth),116.52016299558399
2023-09-19,41.5099983215332,ARKK,ARK Innovation ETF (disruptive growth),115.133348336562
2023-09-20,40.779998779296875,ARKK,ARK Innovation ETF (disruptive growth),113.1086002040566
2023-09-21,39.540000915527344,ARKK,ARK Innovation ETF (disruptive growth),109.6693057747935
2023-09-22,38.81999969482422,ARKK,ARK Innovation ETF (disruptive growth),107.67228928002383
2023-09-25,38.79999923706055,ARKK,ARK Innovation ETF (disruptive growth),107.61681542399621
2023-09-26,38.43000030517578,ARKK,ARK Innovation ETF (disruptive growth),106.59057553887565
2023-09-27,38.68000030517578,ARKK,ARK Innovation ETF (disruptive growth),107.28398286838666
2023-09-28,39.119998931884766,ARKK,ARK Innovation ETF (disruptive growth),108.5043759593258
2023-09-29,39.66999816894531,ARKK,ARK Innovation ETF (disruptive growth),110.02986996813877
2023-10-02,39.040000915527344,ARKK,ARK Innovation ETF (disruptive growth),108.28249111577149
2023-10-03,37.970001220703125,ARKK,ARK Innovation ETF (disruptive growth),105.3147085919089
2023-10-04,38.529998779296875,ARKK,ARK Innovation ETF (disruptive growth),106.8679342384576
2023-10-05,38.540000915527344,ARKK,ARK Innovation ETF (disruptive growth),106.89567645674948
2023-10-06,39.209999084472656,ARKK,ARK Innovation ETF (disruptive growth),108.75400302117201
2023-10-09,39.36000061035156,ARKK,ARK Innovation ETF (disruptive growth),109.17005165110108
2023-10-10,40.189998626708984,ARKK,ARK Innovation ETF (disruptive growth),111.4721584831884
2023-10-11,39.900001525878906,ARKK,ARK Innovation ETF (disruptive growth),110.66781402217833
2023-10-12,38.47999954223633,ARKK,ARK Innovation ETF (disruptive growth),106.72925488866663
2023-10-13,37.77000045776367,ARKK,ARK Innovation ETF (disruptive growth),104.75998061218887
2023-10-16,38.529998779296875,ARKK,ARK Innovation ETF (disruptive growth),106.8679342384576
2023-10-17,39.18000030517578,ARKK,ARK Innovation ETF (disruptive growth),108.67079752740867
2023-10-18,37.43000030517578,ARKK,ARK Innovation ETF (disruptive growth),103.81694622083165
2023-10-19,36.61000061035156,ARKK,ARK Innovation ETF (disruptive growth),101.54257102648006
2023-10-20,36.029998779296875,ARKK,ARK Innovation ETF (disruptive growth),99.93386094334758
2023-10-23,36.11000061035156,ARKK,ARK Innovation ETF (disruptive growth),100.15575636745805
2023-10-24,37.16999816894531,ARKK,ARK Innovation ETF (disruptive growth),103.09579667302876
2023-10-25,35.220001220703125,ARKK,ARK Innovation ETF (disruptive growth),97.68722796728788
2023-10-26,34.7599983215332,ARKK,ARK Innovation ETF (disruptive growth),96.41135043976495
2023-10-27,34.099998474121094,ARKK,ARK Innovation ETF (disruptive growth),94.58075551307815
2023-10-30,34.290000915527344,ARKK,ARK Innovation ETF (disruptive growth),95.10775185506246
2023-10-31,35.08000183105469,ARKK,ARK Innovation ETF (disruptive growth),97.29892155565071
2023-11-01,35.310001373291016,ARKK,ARK Innovation ETF (disruptive growth),97.9368550291341
2023-11-02,38.279998779296875,ARKK,ARK Innovation ETF (disruptive growth),106.17452690894659
2023-11-03,40.439998626708984,ARKK,ARK Innovation ETF (disruptive growth),112.1655658126994
2023-11-06,39.77000045776367,ARKK,ARK Innovation ETF (disruptive growth),110.30723924827687
2023-11-07,40.90999984741211,ARKK,ARK Innovation ETF (disruptive growth),113.46917497795806
2023-11-08,40.34000015258789,ARKK,ARK Innovation ETF (disruptive growth),111.88820711311746
2023-11-09,39.09000015258789,ARKK,ARK Innovation ETF (disruptive growth),108.42117046556245
2023-11-10,39.72999954223633,ARKK,ARK Innovation ETF (disruptive growth),110.19629153622164
2023-11-13,39.90999984741211,ARKK,ARK Innovation ETF (disruptive growth),110.69554565991405
2023-11-14,41.95000076293945,ARKK,ARK Innovation ETF (disruptive growth),116.3537520080573
2023-11-15,43.0099983215332,ARKK,ARK Innovation ETF (disruptive growth),119.293792313628
2023-11-16,42.209999084472656,ARKK,ARK Innovation ETF (disruptive growth),117.07489097530403
2023-11-17,43.70000076293945,ARKK,ARK Innovation ETF (disruptive growth),121.20760331463431
2023-11-20,44.880001068115234,ARKK,ARK Innovation ETF (disruptive growth),124.48048675637074
2023-11-21,43.869998931884766,ARKK,ARK Innovation ETF (disruptive growth),121.67911522003483
2023-11-22,44.31999969482422,ARKK,ARK Innovation ETF (disruptive growth),122.92725052926588
2023-11-24,44.880001068115234,ARKK,ARK Innovation ETF (disruptive growth),124.48048675637074
2023-11-27,45.45000076293945,ARKK,ARK Innovation ETF (disruptive growth),126.06145462121133
2023-11-28,46.70000076293945,ARKK,ARK Innovation ETF (disruptive growth),129.52849126876635
2023-11-29,46.900001525878906,ARKK,ARK Innovation ETF (disruptive growth),130.08321924848636
2023-11-30,46.11000061035156,ARKK,ARK Innovation ETF (disruptive growth),127.89204954789813
2023-12-01,48.43000030517578,ARKK,ARK Innovation ETF (disruptive growth),134.3268687193157
2023-12-04,48.689998626708984,ARKK,ARK Innovation ETF (disruptive growth),135.04800768656244
2023-12-05,48.2599983215332,ARKK,ARK Innovation ETF (disruptive growth),133.85534623335903
2023-12-06,48.040000915527344,ARKK,ARK Innovation ETF (disruptive growth),133.24515497816756
2023-12-07,48.290000915527344,ARKK,ARK Innovation ETF (disruptive growth),133.93856230767855
2023-12-08,49.18000030517578,ARKK,ARK Innovation ETF (disruptive growth),136.40709070784874
2023-12-11,48.529998779296875,ARKK,ARK Innovation ETF (disruptive growth),134.60422741889766
2023-12-12,48.380001068115234,ARKK,ARK Innovation ETF (disruptive growth),134.18818936952476
2023-12-13,50.16999816894531,ARKK,ARK Innovation ETF (disruptive growth),139.15297780760085
2023-12-14,52.02000045776367,ARKK,ARK Innovation ETF (disruptive growth),144.28419839431595
2023-12-15,51.11000061035156,ARKK,ARK Innovation ETF (disruptive growth),141.76019613811815
2023-12-18,51.06999969482422,ARKK,ARK Innovation ETF (disruptive growth),141.6492484260629
2023-12-19,53.18000030517578,ARKK,ARK Innovation ETF (disruptive growth),147.50160798002474
2023-12-20,51.0099983215332,ARKK,ARK Innovation ETF (disruptive growth),141.48282685798006
2023-12-21,52.310001373291016,ARKK,ARK Innovation ETF (disruptive growth),145.0885534358822
2023-12-22,53.0099983215332,ARKK,ARK Innovation ETF (disruptive growth),147.03008549406806
2023-12-26,53.790000915527344,ARKK,ARK Innovation ETF (disruptive growth),149.19352355692058
2023-12-27,54.2599983215332,ARKK,ARK Innovation ETF (disruptive growth),150.49712214162307
2023-12-28,54.13999938964844,ARKK,ARK Innovation ETF (disruptive growth),150.16428958601352
2023-12-29,52.369998931884766,ARKK,ARK Innovation ETF (disruptive growth),145.2549644234089
2024-01-02,50.5,ARKK,ARK Innovation ETF (disruptive growth),140.06828056122234
2024-01-03,48.52000045776367,ARKK,ARK Innovation ETF (disruptive growth),134.57649578116192
2024-01-04,48.90999984741211,ARKK,ARK Innovation ETF (disruptive growth),135.6582095223101
2024-01-05,48.900001525878906,ARKK,ARK Innovation ETF (disruptive growth),135.6304778845744
2024-01-08,50.279998779296875,ARKK,ARK Innovation ETF (disruptive growth),139.45807872547468
2024-01-09,49.5,ARKK,ARK Innovation ETF (disruptive growth),137.29465124317832
2024-01-10,49.349998474121094,ARKK,ARK Innovation ETF (disruptive growth),136.87860261324926
2024-01-11,48.18000030517578,ARKK,ARK Innovation ETF (disruptive growth),133.63346138980472
2024-01-12,47.380001068115234,ARKK,ARK Innovation ETF (disruptive growth),131.41456005148075
2024-01-16,46.7599983215332,ARKK,ARK Innovation ETF (disruptive growth),129.69490225629303
2024-01-17,45.91999816894531,ARKK,ARK Innovation ETF (disruptive growth),127.36505320591381
2024-01-18,45.65999984741211,ARKK,ARK Innovation ETF (disruptive growth),126.6439142386671
2024-01-19,46.279998779296875,ARKK,ARK Innovation ETF (disruptive growth),128.36356145329864
2024-01-22,47.33000183105469,ARKK,ARK Innovation ETF (disruptive growth),131.2758807016898
2024-01-23,47.380001068115234,ARKK,ARK Innovation ETF (disruptive growth),131.41456005148075
2024-01-24,46.279998779296875,ARKK,ARK Innovation ETF (disruptive growth),128.36356145329864
2024-01-25,45.81999969482422,ARKK,ARK Innovation ETF (disruptive growth),127.08769450633189
2024-01-26,45.91999816894531,ARKK,ARK Innovation ETF (disruptive growth),127.36505320591381
2024-01-29,48.11000061035156,ARKK,ARK Innovation ETF (disruptive growth),133.43930818398613
2024-01-30,46.86000061035156,ARKK,ARK Innovation ETF (disruptive growth),129.97227153643112
2024-01-31,45.40999984741211,ARKK,ARK Innovation ETF (disruptive growth),125.95050690915609
2024-02-01,46.029998779296875,ARKK,ARK Innovation ETF (disruptive growth),127.67015412378764
2024-02-02,46.65999984741211,ARKK,ARK Innovation ETF (disruptive growth),129.41754355671108
2024-02-05,45.20000076293945,ARKK,ARK Innovation ETF (disruptive growth),125.36804729170032
2024-02-06,46.70000076293945,ARKK,ARK Innovation ETF (disruptive growth),129.52849126876635
2024-02-07,47.16999816894531,ARKK,ARK Innovation ETF (disruptive growth),130.83208985346883
2024-02-08,48.439998626708984,ARKK,ARK Innovation ETF (disruptive growth),134.35460035705145
2024-02-09,49.59000015258789,ARKK,ARK Innovation ETF (disruptive growth),137.54427830502453
2024-02-12,50.720001220703125,ARKK,ARK Innovation ETF (disruptive growth),140.67848239696997
2024-02-13,47.880001068115234,ARKK,ARK Innovation ETF (disruptive growth),132.80137471050276
2024-02-14,50.5,ARKK,ARK Innovation ETF (disruptive growth),140.06828056122234
2024-02-15,51.63999938964844,ARKK,ARK Innovation ETF (disruptive growth),143.2302162909035
2024-02-16,50.33000183105469,ARKK,ARK Innovation ETF (disruptive growth),139.59676865582182
2024-02-20,48.689998626708984,ARKK,ARK Innovation ETF (disruptive growth),135.04800768656244
2024-02-21,47.310001373291016,ARKK,ARK Innovation ETF (disruptive growth),131.22040684566215
2024-02-22,48.47999954223633,ARKK,ARK Innovation ETF (disruptive growth),134.4655480691067
2024-02-23,48.40999984741211,ARKK,ARK Innovation ETF (disruptive growth),134.2713948632881
2024-02-26,50.08000183105469,ARKK,ARK Innovation ETF (disruptive growth),138.9033613263108
2024-02-27,51.540000915527344,ARKK,ARK Innovation ETF (disruptive growth),142.95285759132156
2024-02-28,51.15999984741211,ARKK,ARK Innovation ETF (disruptive growth),141.89887548790912
2024-02-29,51.25,ARKK,ARK Innovation ETF (disruptive growth),142.14850254975534
2024-03-01,51.13999938964844,ARKK,ARK Innovation ETF (disruptive growth),141.8434016318815
2024-03-04,50.68000030517578,ARKK,ARK Innovation ETF (disruptive growth),140.56753468491473
2024-03-05,48.900001525878906,ARKK,ARK Innovation ETF (disruptive growth),135.6304778845744
2024-03-06,49.68000030517578,ARKK,ARK Innovation ETF (disruptive growth),137.79390536687075
2024-03-07,50.25,ARKK,ARK Innovation ETF (disruptive growth),139.37487323171132
2024-03-08,50.75,ARKK,ARK Innovation ETF (disruptive growth),140.76168789073333
2024-03-11,50.650001525878906,ARKK,ARK Innovation ETF (disruptive growth),140.4843291911514
2024-03-12,50.25,ARKK,ARK Innovation ETF (disruptive growth),139.37487323171132
2024-03-13,50.36000061035156,ARKK,ARK Innovation ETF (disruptive growth),139.67997414958515
2024-03-14,48.7400016784668,ARKK,ARK Innovation ETF (disruptive growth),135.18669761690958
2024-03-15,48.65999984741211,ARKK,ARK Innovation ETF (disruptive growth),134.9648021927991
2024-03-18,48.790000915527344,ARKK,ARK Innovation ETF (disruptive growth),135.32537696670056
2024-03-19,48.5099983215332,ARKK,ARK Innovation ETF (disruptive growth),134.54875356287005
2024-03-20,50.209999084472656,ARKK,ARK Innovation ETF (disruptive growth),139.26392551965608
2024-03-21,50.529998779296875,ARKK,ARK Innovation ETF (disruptive growth),140.15148605498567
2024-03-22,49.40999984741211,ARKK,ARK Innovation ETF (disruptive growth),137.0450241813321
2024-03-25,50.25,ARKK,ARK Innovation ETF (disruptive growth),139.37487323171132
2024-03-26,50.029998779296875,ARKK,ARK Innovation ETF (disruptive growth),138.76467139596366
2024-03-27,50.11000061035156,ARKK,ARK Innovation ETF (disruptive growth),138.98656682007416
2024-03-28,50.08000183105469,ARKK,ARK Innovation ETF (disruptive growth),138.9033613263108
2024-04-01,49.2400016784668,ARKK,ARK Innovation ETF (disruptive growth),136.5735122759316
2024-04-02,47.779998779296875,ARKK,ARK Innovation ETF (disruptive growth),132.52400543036464
2024-04-03,47.91999816894531,ARKK,ARK Innovation ETF (disruptive growth),132.91231184200183
2024-04-04,47.27000045776367,ARKK,ARK Innovation ETF (disruptive growth),131.10945913360692
2024-04-05,47.119998931884766,ARKK,ARK Innovation ETF (disruptive growth),130.69341050367785
2024-04-08,48.099998474121094,ARKK,ARK Innovation ETF (disruptive growth),133.41156596569425
2024-04-09,48.619998931884766,ARKK,ARK Innovation ETF (disruptive growth),134.85385448074388
2024-04-10,47.4900016784668,ARKK,ARK Innovation ETF (disruptive growth),131.71966096935458
2024-04-11,48.20000076293945,ARKK,ARK Innovation ETF (disruptive growth),133.68893524583234
2024-04-12,46.5099983215332,ARKK,ARK Innovation ETF (disruptive growth),129.00149492678202
2024-04-15,44.380001068115234,ARKK,ARK Innovation ETF (disruptive growth),123.09367209734873
2024-04-16,43.650001525878906,ARKK,ARK Innovation ETF (disruptive growth),121.06892396484335
2024-04-17,43.02000045776367,ARKK,ARK Innovation ETF (disruptive growth),119.3215345319199
2024-04-18,42.90999984741211,ARKK,ARK Innovation ETF (disruptive growth),119.01643361404606
2024-04-19,42.0,ARKK,ARK Innovation ETF (disruptive growth),116.49243135784828
2024-04-22,42.599998474121094,ARKK,ARK Innovation ETF (disruptive growth),118.15660471645221
2024-04-23,43.869998931884766,ARKK,ARK Innovation ETF (disruptive growth),121.67911522003483
2024-04-24,43.900001525878906,ARKK,ARK Innovation ETF (disruptive growth),121.76233129435435
2024-04-25,43.61000061035156,ARKK,ARK Innovation ETF (disruptive growth),120.95797625278811
2024-04-26,44.06999969482422,ARKK,ARK Innovation ETF (disruptive growth),122.23384319975487
2024-04-29,45.130001068115234,ARKK,ARK Innovation ETF (disruptive growth),125.17389408588174
2024-04-30,43.459999084472656,ARKK,ARK Innovation ETF (disruptive growth),120.54192762285903
2024-05-01,43.81999969482422,ARKK,ARK Innovation ETF (disruptive growth),121.54043587024387
2024-05-02,44.93000030517578,ARKK,ARK Innovation ETF (disruptive growth),124.6191661061617
2024-05-03,45.470001220703125,ARKK,ARK Innovation ETF (disruptive growth),126.11692847723894
2024-05-06,46.5,ARKK,ARK Innovation ETF (disruptive growth),128.9737632890463
2024-05-07,45.54999923706055,ARKK,ARK Innovation ETF (disruptive growth),126.33881332079326
2024-05-08,44.43000030517578,ARKK,ARK Innovation ETF (disruptive growth),123.2323514471397
2024-05-09,44.15999984741211,ARKK,ARK Innovation ETF (disruptive growth),122.48347026160107
2024-05-10,42.91999816894531,ARKK,ARK Innovation ETF (disruptive growth),119.04416525178179
2024-05-13,44.16999816894531,ARKK,ARK Innovation ETF (disruptive growth),122.5112018993368
2024-05-14,45.119998931884766,ARKK,ARK Innovation ETF (disruptive growth),125.14615186758984
2024-05-15,45.77000045776367,ARKK,ARK Innovation ETF (disruptive growth),126.94901515654091
2024-05-16,44.959999084472656,ARKK,ARK Innovation ETF (disruptive growth),124.70237159992504
2024-05-17,45.45000076293945,ARKK,ARK Innovation ETF (disruptive growth),126.06145462121133
2024-05-20,45.599998474121094,ARKK,ARK Innovation ETF (disruptive growth),126.47749267058423
2024-05-21,45.20000076293945,ARKK,ARK Innovation ETF (disruptive growth),125.36804729170032
2024-05-22,44.9900016784668,ARKK,ARK Innovation ETF (disruptive growth),124.78558767424457
2024-05-23,43.61000061035156,ARKK,ARK Innovation ETF (disruptive growth),120.95797625278811
2024-05-24,44.380001068115234,ARKK,ARK Innovation ETF (disruptive growth),123.09367209734873
2024-05-28,44.029998779296875,ARKK,ARK Innovation ETF (disruptive growth),122.12289548769962
2024-05-29,43.47999954223633,ARKK,ARK Innovation ETF (disruptive growth),120.59740147888665
2024-05-30,42.790000915527344,ARKK,ARK Innovation ETF (disruptive growth),118.68360105843652
2024-05-31,42.45000076293945,ARKK,ARK Innovation ETF (disruptive growth),117.7405666670793
2024-06-03,42.97999954223633,ARKK,ARK Innovation ETF (disruptive growth),119.21058681986466
2024-06-04,43.22999954223633,ARKK,ARK Innovation ETF (disruptive growth),119.90399414937566
2024-06-05,44.150001525878906,ARKK,ARK Innovation ETF (disruptive growth),122.45573862386536
2024-06-06,44.7599983215332,ARKK,ARK Innovation ETF (disruptive growth),124.14764362020502
2024-06-07,43.79999923706055,ARKK,ARK Innovation ETF (disruptive growth),121.48496201421625
2024-06-10,44.150001525878906,ARKK,ARK Innovation ETF (disruptive growth),122.45573862386536
2024-06-11,44.15999984741211,ARKK,ARK Innovation ETF (disruptive growth),122.48347026160107
2024-06-12,45.08000183105469,ARKK,ARK Innovation ETF (disruptive growth),125.03521473609078
2024-06-13,44.380001068115234,ARKK,ARK Innovation ETF (disruptive growth),123.09367209734873
2024-06-14,43.869998931884766,ARKK,ARK Innovation ETF (disruptive growth),121.67911522003483
2024-06-17,44.130001068115234,ARKK,ARK Innovation ETF (disruptive growth),122.40026476783774
2024-06-18,43.68000030517578,ARKK,ARK Innovation ETF (disruptive growth),121.1521294586067
2024-06-20,43.369998931884766,ARKK,ARK Innovation ETF (disruptive growth),120.29230056101284
2024-06-21,43.31999969482422,ARKK,ARK Innovation ETF (disruptive growth),120.15362121122186
2024-06-24,43.2400016784668,ARKK,ARK Innovation ETF (disruptive growth),119.93173636766755
2024-06-25,43.33000183105469,ARKK,ARK Innovation ETF (disruptive growth),120.18136342951377
2024-06-26,43.58000183105469,ARKK,ARK Innovation ETF (disruptive growth),120.87477075902477
2024-06-27,44.0099983215332,ARKK,ARK Innovation ETF (disruptive growth),122.067421631672
2024-06-28,43.95000076293945,ARKK,ARK Innovation ETF (disruptive growth),121.90101064414532
2024-07-01,44.45000076293945,ARKK,ARK Innovation ETF (disruptive growth),123.28782530316732
2024-07-02,44.81999969482422,ARKK,ARK Innovation ETF (disruptive growth),124.31406518828787
2024-07-03,45.61000061035156,ARKK,ARK Innovation ETF (disruptive growth),126.50523488887612
2024-07-05,45.95000076293945,ARKK,ARK Innovation ETF (disruptive growth),127.44826928023333
2024-07-08,45.88999938964844,ARKK,ARK Innovation ETF (disruptive growth),127.28184771215047
2024-07-09,46.04999923706055,ARKK,ARK Innovation ETF (disruptive growth),127.72562797981526
2024-07-10,45.95000076293945,ARKK,ARK Innovation ETF (disruptive growth),127.44826928023333
2024-07-11,45.709999084472656,ARKK,ARK Innovation ETF (disruptive growth),126.78259358845806
2024-07-12,46.790000915527344,ARKK,ARK Innovation ETF (disruptive growth),129.77811833061256
2024-07-15,47.70000076293945,ARKK,ARK Innovation ETF (disruptive growth),132.30212058681033
2024-07-16,49.400001525878906,ARKK,ARK Innovation ETF (disruptive growth),137.0172925435964
2024-07-17,48.43000030517578,ARKK,ARK Innovation ETF (disruptive growth),134.3268687193157
2024-07-18,46.56999969482422,ARKK,ARK Innovation ETF (disruptive growth),129.1679164948649
2024-07-19,46.630001068115234,ARKK,ARK Innovation ETF (disruptive growth),129.33433806294775
2024-07-22,47.65999984741211,ARKK,ARK Innovation ETF (disruptive growth),132.1911728747551
2024-07-23,47.7599983215332,ARKK,ARK Innovation ETF (disruptive growth),132.46853157433702
2024-07-24,44.709999084472656,ARKK,ARK Innovation ETF (disruptive growth),124.00896427041404
2024-07-25,45.189998626708984,ARKK,ARK Innovation ETF (disruptive growth),125.34030507340843
2024-07-26,45.779998779296875,ARKK,ARK Innovation ETF (disruptive growth),126.97674679427664
2024-07-29,45.93000030517578,ARKK,ARK Innovation ETF (disruptive growth),127.39279542420572
2024-07-30,44.959999084472656,ARKK,ARK Innovation ETF (disruptive growth),124.70237159992504
2024-07-31,45.529998779296875,ARKK,ARK Innovation ETF (disruptive growth),126.28333946476563
2024-08-01,43.209999084472656,ARKK,ARK Innovation ETF (disruptive growth),119.84852029334803
2024-08-02,41.209999084472656,ARKK,ARK Innovation ETF (disruptive growth),114.30126165726003
2024-08-05,39.59000015258789,ARKK,ARK Innovation ETF (disruptive growth),109.80798512458446
2024-08-06,40.20000076293945,ARKK,ARK Innovation ETF (disruptive growth),111.4999007014803
2024-08-07,39.470001220703125,ARKK,ARK Innovation ETF (disruptive growth),109.4751525689749
2024-08-08,41.290000915527344,ARKK,ARK Innovation ETF (disruptive growth),114.52315708137051
2024-08-09,41.459999084472656,ARKK,ARK Innovation ETF (disruptive growth),114.99466898677103
2024-08-12,40.91999816894531,ARKK,ARK Innovation ETF (disruptive growth),113.49690661569377
2024-08-13,42.59000015258789,ARKK,ARK Innovation ETF (disruptive growth),118.12887307871648
2024-08-14,41.90999984741211,ARKK,ARK Innovation ETF (disruptive growth),116.24280429600206
2024-08-15,43.91999816894531,ARKK,ARK Innovation ETF (disruptive growth),121.8177945698258
2024-08-16,44.09000015258789,ARKK,ARK Innovation ETF (disruptive growth),122.28931705578249
2024-08-19,45.09000015258789,ARKK,ARK Innovation ETF (disruptive growth),125.06294637382649
2024-08-20,44.540000915527344,ARKK,ARK Innovation ETF (disruptive growth),123.53745236501354
2024-08-21,45.61000061035156,ARKK,ARK Innovation ETF (disruptive growth),126.50523488887612
2024-08-22,44.25,ARKK,ARK Innovation ETF (disruptive growth),122.73309732344728
2024-08-23,46.2400016784668,ARKK,ARK Innovation ETF (disruptive growth),128.25262432179957
2024-08-26,45.72999954223633,ARKK,ARK Innovation ETF (disruptive growth),126.83806744448567
2024-08-27,45.41999816894531,ARKK,ARK Innovation ETF (disruptive growth),125.9782385468918
2024-08-28,44.27000045776367,ARKK,ARK Innovation ETF (disruptive growth),122.7885711794749
2024-08-29,44.68000030517578,ARKK,ARK Innovation ETF (disruptive growth),123.9257587766507
2024-08-30,44.81999969482422,ARKK,ARK Innovation ETF (disruptive growth),124.31406518828787
2024-09-03,42.97999954223633,ARKK,ARK Innovation ETF (disruptive growth),119.21058681986466
2024-09-04,42.869998931884766,ARKK,ARK Innovation ETF (disruptive growth),118.90548590199083
2024-09-05,43.599998474121094,ARKK,ARK Innovation ETF (disruptive growth),120.93023403449621
2024-09-06,41.59000015258789,ARKK,ARK Innovation ETF (disruptive growth),115.35524376067248
2024-09-09,42.63999938964844,ARKK,ARK Innovation ETF (disruptive growth),118.26755242850744
2024-09-10,43.290000915527344,ARKK,ARK Innovation ETF (disruptive growth),120.07041571745852
2024-09-11,44.22999954223633,ARKK,ARK Innovation ETF (disruptive growth),122.67762346741966
2024-09-12,44.97999954223633,ARKK,ARK Innovation ETF (disruptive growth),124.75784545595266
2024-09-13,45.7599983215332,ARKK,ARK Innovation ETF (disruptive growth),126.92127293824902
2024-09-16,45.689998626708984,ARKK,ARK Innovation ETF (disruptive growth),126.72711973243042
2024-09-17,46.060001373291016,ARKK,ARK Innovation ETF (disruptive growth),127.75337019810716
2024-09-18,46.18000030517578,ARKK,ARK Innovation ETF (disruptive growth),128.08620275371672
2024-09-19,47.41999816894531,ARKK,ARK Innovation ETF (disruptive growth),131.52549718297982
2024-09-20,46.900001525878906,ARKK,ARK Innovation ETF (disruptive growth),130.08321924848636
2024-09-23,46.939998626708984,ARKK,ARK Innovation ETF (disruptive growth),130.19415637998543
2024-09-24,47.45000076293945,ARKK,ARK Innovation ETF (disruptive growth),131.60871325729934
2024-09-25,46.86000061035156,ARKK,ARK Innovation ETF (disruptive growth),129.97227153643112
2024-09-26,47.27000045776367,ARKK,ARK Innovation ETF (disruptive growth),131.10945913360692
2024-09-27,47.880001068115234,ARKK,ARK Innovation ETF (disruptive growth),132.80137471050276
2024-09-30,47.529998779296875,ARKK,ARK Innovation ETF (disruptive growth),131.83059810085365
2024-10-01,46.18000030517578,ARKK,ARK Innovation ETF (disruptive growth),128.08620275371672
2024-10-02,45.869998931884766,ARKK,ARK Innovation ETF (disruptive growth),127.22637385612285
2024-10-03,45.38999938964844,ARKK,ARK Innovation ETF (disruptive growth),125.89503305312846
2024-10-04,46.54999923706055,ARKK,ARK Innovation ETF (disruptive growth),129.11244263883725
2024-10-07,45.90999984741211,ARKK,ARK Innovation ETF (disruptive growth),127.33732156817808
2024-10-08,46.63999938964844,ARKK,ARK Innovation ETF (disruptive growth),129.36206970068346
2024-10-09,46.650001525878906,ARKK,ARK Innovation ETF (disruptive growth),129.38981191897537
2024-10-10,46.16999816894531,ARKK,ARK Innovation ETF (disruptive growth),128.0584605354248
2024-10-11,46.63999938964844,ARKK,ARK Innovation ETF (disruptive growth),129.36206970068346
2024-10-14,47.369998931884766,ARKK,ARK Innovation ETF (disruptive growth),131.38681783318884
2024-10-15,47.290000915527344,ARKK,ARK Innovation ETF (disruptive growth),131.16493298963454
2024-10-16,47.689998626708984,ARKK,ARK Innovation ETF (disruptive growth),132.27437836851846
2024-10-17,47.040000915527344,ARKK,ARK Innovation ETF (disruptive growth),130.47152566012355
2024-10-18,48.029998779296875,ARKK,ARK Innovation ETF (disruptive growth),133.21741275987566
2024-10-21,47.380001068115234,ARKK,ARK Innovation ETF (disruptive growth),131.41456005148075
2024-10-22,47.150001525878906,ARKK,ARK Innovation ETF (disruptive growth),130.77662657799738
2024-10-23,45.7599983215332,ARKK,ARK Innovation ETF (disruptive growth),126.92127293824902
2024-10-24,47.380001068115234,ARKK,ARK Innovation ETF (disruptive growth),131.41456005148075
2024-10-25,47.66999816894531,ARKK,ARK Innovation ETF (disruptive growth),132.2189045124908
2024-10-28,48.400001525878906,ARKK,ARK Innovation ETF (disruptive growth),134.24366322555238
2024-10-29,48.40999984741211,ARKK,ARK Innovation ETF (disruptive growth),134.2713948632881
2024-10-30,48.22999954223633,ARKK,ARK Innovation ETF (disruptive growth),133.7721407395957
2024-10-31,45.88999938964844,ARKK,ARK Innovation ETF (disruptive growth),127.28184771215047
2024-11-01,46.63999938964844,ARKK,ARK Innovation ETF (disruptive growth),129.36206970068346
2024-11-04,46.68000030517578,ARKK,ARK Innovation ETF (disruptive growth),129.47301741273873
2024-11-05,48.189998626708984,ARKK,ARK Innovation ETF (disruptive growth),133.66119302754043
2024-11-06,52.13999938964844,ARKK,ARK Innovation ETF (disruptive growth),144.61703094992552
2024-11-07,52.689998626708984,ARKK,ARK Innovation ETF (disruptive growth),146.14252495873848
2024-11-08,54.06999969482422,ARKK,ARK Innovation ETF (disruptive growth),149.97013638019493
2024-11-11,57.849998474121094,ARKK,ARK Innovation ETF (disruptive growth),160.4544518166233
2024-11-12,56.810001373291016,ARKK,ARK Innovation ETF (disruptive growth),157.56988536708022
2024-11-13,55.84000015258789,ARKK,ARK Innovation ETF (disruptive growth),154.87946154279956
2024-11-14,53.849998474121094,ARKK,ARK Innovation ETF (disruptive growth),149.35993454444727
2024-11-15,53.459999084472656,ARKK,ARK Innovation ETF (disruptive growth),148.2782208032991
2024-11-18,55.11000061035156,ARKK,ARK Innovation ETF (disruptive growth),152.85471341029418
2024-11-19,55.91999816894531,ARKK,ARK Innovation ETF (disruptive growth),155.10134638635387
2024-11-20,55.279998779296875,ARKK,ARK Innovation ETF (disruptive growth),153.3262253156947
2024-11-21,54.77000045776367,ARKK,ARK Innovation ETF (disruptive growth),151.91167901893698
2024-11-22,56.209999084472656,ARKK,ARK Innovation ETF (disruptive growth),155.90570142792012
2024-11-25,57.029998779296875,ARKK,ARK Innovation ETF (disruptive growth),158.1800766222717
2024-11-26,56.20000076293945,ARKK,ARK Innovation ETF (disruptive growth),155.8779697901844
2024-11-27,57.150001525878906,ARKK,ARK Innovation ETF (disruptive growth),158.51291975843745
2024-11-29,57.97999954223633,ARKK,ARK Innovation ETF (disruptive growth),160.81502659052475
2024-12-02,59.470001220703125,ARKK,ARK Innovation ETF (disruptive growth),164.94773892985503
2024-12-03,58.9900016784668,ARKK,ARK Innovation ETF (disruptive growth),163.61639812686064
2024-12-04,60.83000183105469,ARKK,ARK Innovation ETF (disruptive growth),168.71987649528387
2024-12-05,60.380001068115234,ARKK,ARK Innovation ETF (disruptive growth),167.47174118605284
2024-12-06,62.900001525878906,ARKK,ARK Innovation ETF (disruptive growth),174.46128833719047
2024-12-09,61.310001373291016,ARKK,ARK Innovation ETF (disruptive growth),170.05121729827826
2024-12-10,60.59000015258789,ARKK,ARK Innovation ETF (disruptive growth),168.0542008035086
2024-12-11,61.810001373291016,ARKK,ARK Innovation ETF (disruptive growth),171.43803195730027
2024-12-12,60.91999816894531,ARKK,ARK Innovation ETF (disruptive growth),168.96949297657392
2024-12-13,61.33000183105469,ARKK,ARK Innovation ETF (disruptive growth),170.10669115430588
2024-12-16,62.939998626708984,ARKK,ARK Innovation ETF (disruptive growth),174.57222546868954
2024-12-17,62.97999954223633,ARKK,ARK Innovation ETF (disruptive growth),174.68317318074477
2024-12-18,58.560001373291016,ARKK,ARK Innovation ETF (disruptive growth),162.42373667365723
2024-12-19,58.16999816894531,ARKK,ARK Innovation ETF (disruptive growth),161.3420123519529
2024-12-20,59.400001525878906,ARKK,ARK Innovation ETF (disruptive growth),164.75358572403644
2024-12-23,59.2400016784668,ARKK,ARK Innovation ETF (disruptive growth),164.30980545637166
2024-12-24,60.959999084472656,ARKK,ARK Innovation ETF (disruptive growth),169.08044068862915
2024-12-26,60.959999084472656,ARKK,ARK Innovation ETF (disruptive growth),169.08044068862915
2024-12-27,59.27000045776367,ARKK,ARK Innovation ETF (disruptive growth),164.393010950135
2024-12-30,57.61000061035156,ARKK,ARK Innovation ETF (disruptive growth),159.7887867054042
2024-12-31,56.77000045776367,ARKK,ARK Innovation ETF (disruptive growth),157.45893765502498
2025-01-02,56.88999938964844,ARKK,ARK Innovation ETF (disruptive growth),157.79177021063452
2025-01-03,59.81999969482422,ARKK,ARK Innovation ETF (disruptive growth),165.91850495894798
2025-01-06,61.150001525878906,ARKK,ARK Innovation ETF (disruptive growth),169.60743703061345
2025-01-07,58.900001525878906,ARKK,ARK Innovation ETF (disruptive growth),163.36677106501446
2025-01-08,58.95000076293945,ARKK,ARK Innovation ETF (disruptive growth),163.5054504148054
2025-01-10,57.470001220703125,ARKK,ARK Innovation ETF (disruptive growth),159.40048029376703
2025-01-13,56.70000076293945,ARKK,ARK Innovation ETF (disruptive growth),157.2647844492064
2025-01-14,56.40999984741211,ARKK,ARK Innovation ETF (disruptive growth),156.46042940764016
2025-01-15,58.66999816894531,ARKK,ARK Innovation ETF (disruptive growth),162.7288270109749
2025-01-16,58.7400016784668,ARKK,ARK Innovation ETF (disruptive growth),162.92299079734966
2025-01-17,59.61000061035156,ARKK,ARK Innovation ETF (disruptive growth),165.33604534149222
2025-01-21,61.5,ARKK,ARK Innovation ETF (disruptive growth),170.5782030597064
2025-01-22,62.060001373291016,ARKK,ARK Innovation ETF (disruptive growth),172.13143928681126
2025-01-23,62.689998626708984,ARKK,ARK Innovation ETF (disruptive growth),173.87881813917855
2025-01-24,62.33000183105469,ARKK,ARK Innovation ETF (disruptive growth),172.8803204723499
2025-01-27,60.70000076293945,ARKK,ARK Innovation ETF (disruptive growth),168.35930172138242
2025-01-28,61.93000030517578,ARKK,ARK Innovation ETF (disruptive growth),171.7708645129098
2025-01-29,61.86000061035156,ARKK,ARK Innovation ETF (disruptive growth),171.57671130709122
2025-01-30,63.5099983215332,ARKK,ARK Innovation ETF (disruptive growth),176.15319333353014
2025-01-31,62.869998931884766,ARKK,ARK Innovation ETF (disruptive growth),174.37807226287094
2025-02-03,61.779998779296875,ARKK,ARK Innovation ETF (disruptive growth),171.35481588298074
2025-02-04,63.119998931884766,ARKK,ARK Innovation ETF (disruptive growth),175.07147959238196
2025-02-05,63.810001373291016,ARKK,ARK Innovation ETF (disruptive growth),176.98529059338827
2025-02-06,62.720001220703125,ARKK,ARK Innovation ETF (disruptive growth),173.96203421349807
2025-02-07,62.7599983215332,ARKK,ARK Innovation ETF (disruptive growth),174.07297134499711
2025-02-10,62.720001220703125,ARKK,ARK Innovation ETF (disruptive growth),173.96203421349807
2025-02-11,61.349998474121094,ARKK,ARK Innovation ETF (disruptive growth),170.16215442977733
2025-02-12,62.68000030517578,ARKK,ARK Innovation ETF (disruptive growth),173.8510865014428
2025-02-13,64.77999877929688,ARKK,ARK Innovation ETF (disruptive growth),179.67570383711276
2025-02-14,67.0199966430664,ARKK,ARK Innovation ETF (disruptive growth),185.88862758441988
2025-02-18,66.4800033569336,ARKK,ARK Innovation ETF (disruptive growth),184.390886374455
2025-02-19,65.70999908447266,ARKK,ARK Innovation ETF (disruptive growth),182.25517994933818
2025-02-20,63.97999954223633,ARKK,ARK Innovation ETF (disruptive growth),177.4568024987888
2025-02-21,60.20000076293945,ARKK,ARK Innovation ETF (disruptive growth),166.97248706236041
2025-02-24,59.08000183105469,ARKK,ARK Innovation ETF (disruptive growth),163.86602518870686
2025-02-25,56.0,ARKK,ARK Innovation ETF (disruptive growth),155.32324181046437
2025-02-26,56.459999084472656,ARKK,ARK Innovation ETF (disruptive growth),156.5991087574311
2025-02-27,54.59000015258789,ARKK,ARK Innovation ETF (disruptive growth),151.41242489524456
2025-02-28,55.63999938964844,ARKK,ARK Innovation ETF (disruptive growth),154.32473356307952
2025-03-03,53.09000015258789,ARKK,ARK Innovation ETF (disruptive growth),147.25198091817856
2025-03-04,53.16999816894531,ARKK,ARK Innovation ETF (disruptive growth),147.47386576173287
2025-03-05,54.70000076293945,ARKK,ARK Innovation ETF (disruptive growth),151.71752581311839
2025-03-06,52.13999938964844,ARKK,ARK Innovation ETF (disruptive growth),144.61703094992552
2025-03-07,52.45000076293945,ARKK,ARK Innovation ETF (disruptive growth),145.47685984751936
2025-03-10,47.86000061035156,ARKK,ARK Innovation ETF (disruptive growth),132.74590085447514
2025-03-11,48.189998626708984,ARKK,ARK Innovation ETF (disruptive growth),133.66119302754043
2025-03-12,49.61000061035156,ARKK,ARK Innovation ETF (disruptive growth),137.59975216105215
2025-03-13,47.25,ARKK,ARK Innovation ETF (disruptive growth),131.0539852775793
2025-03-14,49.189998626708984,ARKK,ARK Innovation ETF (disruptive growth),136.43482234558445
2025-03-17,49.97999954223633,ARKK,ARK Innovation ETF (disruptive growth),138.6259920461727
2025-03-18,48.2400016784668,ARKK,ARK Innovation ETF (disruptive growth),133.79988295788758
2025-03-19,50.04999923706055,ARKK,ARK Innovation ETF (disruptive growth),138.82014525199128
2025-03-20,50.02000045776367,ARKK,ARK Innovation ETF (disruptive growth),138.73693975822795
2025-03-21,51.5,ARKK,ARK Innovation ETF (disruptive growth),142.84190987926632
2025-03-24,54.18000030517578,ARKK,ARK Innovation ETF (disruptive growth),150.27523729806876
2025-03-25,54.13999938964844,ARKK,ARK Innovation ETF (disruptive growth),150.16428958601352
2025-03-26,51.65999984741211,ARKK,ARK Innovation ETF (disruptive growth),143.28569014693113
2025-03-27,50.779998779296875,ARKK,ARK Innovation ETF (disruptive growth),140.84489338449666
2025-03-28,48.70000076293945,ARKK,ARK Innovation ETF (disruptive growth),135.07574990485435
2025-03-31,47.58000183105469,ARKK,ARK Innovation ETF (disruptive growth),131.9692880312008
2025-04-01,47.79999923706055,ARKK,ARK Innovation ETF (disruptive growth),132.57947928639229
2025-04-02,49.150001525878906,ARKK,ARK Innovation ETF (disruptive growth),136.32388521408538
2025-04-03,45.119998931884766,ARKK,ARK Innovation ETF (disruptive growth),125.14615186758984
2025-04-04,41.939998626708984,ARKK,ARK Innovation ETF (disruptive growth),116.32600978976541
2025-04-07,42.279998779296875,ARKK,ARK Innovation ETF (disruptive growth),117.26904418112261
2025-04-08,40.5099983215332,ARKK,ARK Innovation ETF (disruptive growth),112.35971901851798
2025-04-09,47.25,ARKK,ARK Innovation ETF (disruptive growth),131.0539852775793
2025-04-10,44.529998779296875,ARKK,ARK Innovation ETF (disruptive growth),123.50971014672163
2025-04-11,45.88999938964844,ARKK,ARK Innovation ETF (disruptive growth),127.28184771215047
2025-04-14,46.2599983215332,ARKK,ARK Innovation ETF (disruptive growth),128.30808759727103
2025-04-15,46.54999923706055,ARKK,ARK Innovation ETF (disruptive growth),129.11244263883725
2025-04-16,45.08000183105469,ARKK,ARK Innovation ETF (disruptive growth),125.03521473609078
2025-04-17,45.119998931884766,ARKK,ARK Innovation ETF (disruptive growth),125.14615186758984
2025-04-21,44.439998626708984,ARKK,ARK Innovation ETF (disruptive growth),123.26008308487542
2025-04-22,46.119998931884766,ARKK,ARK Innovation ETF (disruptive growth),127.91978118563385
2025-04-23,47.95000076293945,ARKK,ARK Innovation ETF (disruptive growth),132.99552791632135
2025-04-24,49.9900016784668,ARKK,ARK Innovation ETF (disruptive growth),138.6537342644646
2025-04-25,51.0,ARKK,ARK Innovation ETF (disruptive growth),141.45509522024432
2025-04-28,51.2400016784668,ARKK,ARK Innovation ETF (disruptive growth),142.1207709120196
2025-04-29,51.529998779296875,ARKK,ARK Innovation ETF (disruptive growth),142.92511537302968
2025-04-30,50.84000015258789,ARKK,ARK Innovation ETF (disruptive growth),141.01131495257954
2025-05-01,50.77000045776367,ARKK,ARK Innovation ETF (disruptive growth),140.81716174676095
2025-05-02,51.900001525878906,ARKK,ARK Innovation ETF (disruptive growth),143.9513658387064
2025-05-05,50.689998626708984,ARKK,ARK Innovation ETF (disruptive growth),140.59526632265047
2025-05-06,48.779998779296875,ARKK,ARK Innovation ETF (disruptive growth),135.29763474840865
2025-05-07,49.59000015258789,ARKK,ARK Innovation ETF (disruptive growth),137.54427830502453
2025-05-08,51.470001220703125,ARKK,ARK Innovation ETF (disruptive growth),142.758704385503
2025-05-09,51.349998474121094,ARKK,ARK Innovation ETF (disruptive growth),142.42586124933726
2025-05-12,54.47999954223633,ARKK,ARK Innovation ETF (disruptive growth),151.10732397737073
2025-05-13,57.40999984741211,ARKK,ARK Innovation ETF (disruptive growth),159.23405872568415
2025-05-14,57.560001373291016,ARKK,ARK Innovation ETF (disruptive growth),159.65010735561324
2025-05-15,56.72999954223633,ARKK,ARK Innovation ETF (disruptive growth),157.34798994296975
2025-05-16,58.369998931884766,ARKK,ARK Innovation ETF (disruptive growth),161.89674033167293
2025-05-19,57.400001525878906,ARKK,ARK Innovation ETF (disruptive growth),159.20632708794844
2025-05-20,57.459999084472656,ARKK,ARK Innovation ETF (disruptive growth),159.37273807547513
2025-05-21,55.68000030517578,ARKK,ARK Innovation ETF (disruptive growth),154.43568127513478
2025-05-22,56.380001068115234,ARKK,ARK Innovation ETF (disruptive growth),156.3772239138768
2025-05-23,56.06999969482422,ARKK,ARK Innovation ETF (disruptive growth),155.51739501628293
2025-05-27,58.04999923706055,ARKK,ARK Innovation ETF (disruptive growth),161.00917979634335
2025-05-28,56.97999954223633,ARKK,ARK Innovation ETF (disruptive growth),158.04139727248074
2025-05-29,56.619998931884766,ARKK,ARK Innovation ETF (disruptive growth),157.04288902509592
2025-05-30,56.369998931884766,ARKK,ARK Innovation ETF (disruptive growth),156.34948169558493
2025-06-02,57.130001068115234,ARKK,ARK Innovation ETF (disruptive growth),158.45744590240983
2025-06-03,57.939998626708984,ARKK,ARK Innovation ETF (disruptive growth),160.70407887846952
2025-06-04,57.97999954223633,ARKK,ARK Innovation ETF (disruptive growth),160.81502659052475
2025-06-05,56.36000061035156,ARKK,ARK Innovation ETF (disruptive growth),156.3217500578492
2025-06-06,61.130001068115234,ARKK,ARK Innovation ETF (disruptive growth),169.55196317458584
2025-06-09,62.40999984741211,ARKK,ARK Innovation ETF (disruptive growth),173.1022053159042
2025-06-10,62.939998626708984,ARKK,ARK Innovation ETF (disruptive growth),174.57222546868954
2025-06-11,63.529998779296875,ARKK,ARK Innovation ETF (disruptive growth),176.20866718955776
2025-06-12,62.02000045776367,ARKK,ARK Innovation ETF (disruptive growth),172.02049157475602
2025-06-13,62.189998626708984,ARKK,ARK Innovation ETF (disruptive growth),172.49200348015654
2025-06-16,64.93000030517578,ARKK,ARK Innovation ETF (disruptive growth),180.09175246704183
2025-06-17,63.90999984741211,ARKK,ARK Innovation ETF (disruptive growth),177.2626492929702
2025-06-18,66.7699966430664,ARKK,ARK Innovation ETF (disruptive growth),185.1952202549089
2025-06-20,67.7300033569336,ARKK,ARK Innovation ETF (disruptive growth),187.85792302201
2025-06-23,68.8499984741211,ARKK,ARK Innovation ETF (disruptive growth),190.96437431510736
2025-06-24,70.30000305175781,ARKK,ARK Innovation ETF (disruptive growth),194.9861495229386
2025-06-25,69.5,ARKK,ARK Innovation ETF (disruptive growth),192.76723760405844
2025-06-26,71.02999877929688,ARKK,ARK Innovation ETF (disruptive growth),197.0108870748878
2025-06-27,69.83999633789062,ARKK,ARK Innovation ETF (disruptive growth),193.71026141485947
2025-06-30,70.29000091552734,ARKK,ARK Innovation ETF (disruptive growth),194.9584073046467
2025-07-01,68.94000244140625,ARKK,ARK Innovation ETF (disruptive growth),191.21401195750977
2025-07-02,70.58000183105469,ARKK,ARK Innovation ETF (disruptive growth),195.76276234621295
2025-07-03,71.08999633789062,ARKK,ARK Innovation ETF (disruptive growth),197.17729806241448
2025-07-07,70.44000244140625,ARKK,ARK Innovation ETF (disruptive growth),195.37445593457576
2025-07-08,70.9000015258789,ARKK,ARK Innovation ETF (disruptive growth),196.65032288154254
2025-07-09,72.37000274658203,ARKK,ARK Innovation ETF (disruptive growth),200.7275613648452
2025-07-10,73.55999755859375,ARKK,ARK Innovation ETF (disruptive growth),204.02816586376116
2025-07-11,72.29000091552734,ARKK,ARK Innovation ETF (disruptive growth),200.5056659407347
2025-07-14,73.6500015258789,ARKK,ARK Innovation ETF (disruptive growth),204.27780350616354
2025-07-15,72.58999633789062,ARKK,ARK Innovation ETF (disruptive growth),201.3377420394805
2025-07-16,75.25,ARKK,ARK Innovation ETF (disruptive growth),208.71560618281148
2025-07-17,76.23999786376953,ARKK,ARK Innovation ETF (disruptive growth),211.4614932825636
2025-07-18,77.62999725341797,ARKK,ARK Innovation ETF (disruptive growth),215.31683634175576
2025-07-21,76.80999755859375,ARKK,ARK Innovation ETF (disruptive growth),213.04246114740417
2025-07-22,76.38999938964844,ARKK,ARK Innovation ETF (disruptive growth),211.87754191249266
2025-07-23,77.33999633789062,ARKK,ARK Innovation ETF (disruptive growth),214.51248130018953
2025-07-24,75.80000305175781,ARKK,ARK Innovation ETF (disruptive growth),210.24111077218063
2025-07-25,76.79000091552734,ARKK,ARK Innovation ETF (disruptive growth),212.98699787193274
2025-07-28,76.83999633789062,ARKK,ARK Innovation ETF (disruptive growth),213.12566664116753
2025-07-29,74.73999786376953,ARKK,ARK Innovation ETF (disruptive growth),207.30104930549757
2025-07-30,75.6500015258789,ARKK,ARK Innovation ETF (disruptive growth),209.82506214225157
2025-07-31,75.33000183105469,ARKK,ARK Innovation ETF (disruptive growth),208.93750160692196
2025-08-01,71.16000366210938,ARKK,ARK Innovation ETF (disruptive growth),197.37147242934543
2025-08-04,73.58999633789062,ARKK,ARK Innovation ETF (disruptive growth),204.11137135752452
2025-08-05,72.62999725341797,ARKK,ARK Innovation ETF (disruptive growth),201.44868975153574
2025-08-06,74.16000366210938,ARKK,ARK Innovation ETF (disruptive growth),205.69236038347745
2025-08-07,74.3499984741211,ARKK,ARK Innovation ETF (disruptive growth),206.21933556434942
2025-08-08,74.76000213623047,ARKK,ARK Innovation ETF (disruptive growth),207.35653374208138
2025-08-11,75.2300033569336,ARKK,ARK Innovation ETF (disruptive growth),208.66014290734003
2025-08-12,76.77999877929688,ARKK,ARK Innovation ETF (disruptive growth),212.95925565364084
2025-08-13,77.91000366210938,ARKK,ARK Innovation ETF (disruptive growth),216.09347032614247
2025-08-14,77.05000305175781,ARKK,ARK Innovation ETF (disruptive growth),213.70814741973564
2025-08-15,77.01000213623047,ARKK,ARK Innovation ETF (disruptive growth),213.5971997076804
2025-08-18,77.11000061035156,ARKK,ARK Innovation ETF (disruptive growth),213.87455840726233
2025-08-19,74.02999877929688,ARKK,ARK Innovation ETF (disruptive growth),205.3317750290198
2025-08-20,73.77999877929688,ARKK,ARK Innovation ETF (disruptive growth),204.63836769950882
2025-08-21,73.51000213623047,ARKK,ARK Innovation ETF (disruptive growth),203.88949709452638
2025-08-22,76.5199966430664,ARKK,ARK Innovation ETF (disruptive growth),212.23810610583794
2025-08-25,75.66000366210938,ARKK,ARK Innovation ETF (disruptive growth),209.85280436054344
2025-08-26,76.2699966430664,ARKK,ARK Innovation ETF (disruptive growth),211.54469877632692
2025-08-27,75.5199966430664,ARKK,ARK Innovation ETF (disruptive growth),209.46447678779393
2025-08-28,76.06999969482422,ARKK,ARK Innovation ETF (disruptive growth),210.98998137716308
2025-08-29,74.95999908447266,ARKK,ARK Innovation ETF (disruptive growth),207.91125114124523
2025-09-02,74.41000366210938,ARKK,ARK Innovation ETF (disruptive growth),206.38576771298844
2025-09-03,74.79000091552734,ARKK,ARK Innovation ETF (disruptive growth),207.4397392358447
2025-09-04,75.0199966430664,ARKK,ARK Innovation ETF (disruptive growth),208.07766212877192
2025-09-05,75.37000274658203,ARKK,ARK Innovation ETF (disruptive growth),209.04844931897722
2025-09-08,76.12999725341797,ARKK,ARK Innovation ETF (disruptive growth),211.15639236468976
2025-09-09,76.58999633789062,ARKK,ARK Innovation ETF (disruptive growth),212.43225931165654
2025-09-10,75.55999755859375,ARKK,ARK Innovation ETF (disruptive growth),209.57542449984916
2025-09-11,78.30000305175781,ARKK,ARK Innovation ETF (disruptive growth),217.17518406729064
2025-09-12,78.56999969482422,ARKK,ARK Innovation ETF (disruptive growth),217.9240546722731
2025-09-15,79.72000122070312,ARKK,ARK Innovation ETF (disruptive growth),221.11373262024617
2025-09-16,81.02999877929688,ARKK,ARK Innovation ETF (disruptive growth),224.74718025532786
2025-09-17,80.66999816894531,ARKK,ARK Innovation ETF (disruptive growth),223.74867200794304
2025-09-18,83.16000366210938,ARKK,ARK Innovation ETF (disruptive growth),230.6550242458735
2025-09-19,84.95999908447266,ARKK,ARK Innovation ETF (disruptive growth),235.6475443216853
2025-09-22,84.69000244140625,ARKK,ARK Innovation ETF (disruptive growth),234.89867371670286
2025-09-23,83.58000183105469,ARKK,ARK Innovation ETF (disruptive growth),231.819943480785
2025-09-24,83.45999908447266,ARKK,ARK Innovation ETF (disruptive growth),231.4871003446193
2025-09-25,81.62999725341797,ARKK,ARK Innovation ETF (disruptive growth),226.4113536139318
2025-09-26,83.0999984741211,ARKK,ARK Innovation ETF (disruptive growth),230.48859209723446
2025-09-29,86.16999816894531,ARKK,ARK Innovation ETF (disruptive growth),239.00363325718507
2025-09-30,86.30000305175781,ARKK,ARK Innovation ETF (disruptive growth),239.36421861164268
2025-10-01,86.91999816894531,ARKK,ARK Innovation ETF (disruptive growth),241.08385524571807
2025-10-02,89.22000122070312,ARKK,ARK Innovation ETF (disruptive growth),247.46321114166423
2025-10-03,88.31999969482422,ARKK,ARK Innovation ETF (disruptive growth),244.96694052320214
2025-10-06,91.58999633789062,ARKK,ARK Innovation ETF (disruptive growth),254.03669908231663
2025-10-07,89.11000061035156,ARKK,ARK Innovation ETF (disruptive growth),247.1581102237904
2025-10-08,92.52999877929688,ARKK,ARK Innovation ETF (disruptive growth),256.64391741283396
2025-10-09,91.66000366210938,ARKK,ARK Innovation ETF (disruptive growth),254.23087344924755
2025-10-10,86.5199966430664,ARKK,ARK Innovation ETF (disruptive growth),239.97439928627801
2025-10-13,87.7699966430664,ARKK,ARK Innovation ETF (disruptive growth),243.44143593383302
2025-10-14,86.86000061035156,ARKK,ARK Innovation ETF (disruptive growth),240.91744425819138
2025-10-15,89.30000305175781,ARKK,ARK Innovation ETF (disruptive growth),247.6851065657747
2025-10-16,86.68000030517578,ARKK,ARK Innovation ETF (disruptive growth),240.41819013449899
2025-10-17,86.23999786376953,ARKK,ARK Innovation ETF (disruptive growth),239.19778646300367
2025-10-20,90.01000213623047,ARKK,ARK Innovation ETF (disruptive growth),249.65438084225246
2025-10-21,88.6500015258789,ARKK,ARK Innovation ETF (disruptive growth),245.88224327682363
2025-10-22,85.3499984741211,ARKK,ARK Innovation ETF (disruptive growth),236.72925806283348
2025-10-23,87.93000030517578,ARKK,ARK Innovation ETF (disruptive growth),243.885226782054
2025-10-24,89.33000183105469,ARKK,ARK Innovation ETF (disruptive growth),247.76831205953806
2025-10-27,90.25,ARKK,ARK Innovation ETF (disruptive growth),250.32004595347158
2025-10-28,89.27999877929688,ARKK,ARK Innovation ETF (disruptive growth),247.62962212919092
2025-10-29,89.2300033569336,ARKK,ARK Innovation ETF (disruptive growth),247.49095335995614
2025-10-30,85.68000030517578,ARKK,ARK Innovation ETF (disruptive growth),237.64456081645497
2025-10-31,88.9800033569336,ARKK,ARK Innovation ETF (disruptive growth),246.79754603044512
2025-11-03,88.19000244140625,ARKK,ARK Innovation ETF (disruptive growth),244.6063763298569
2025-11-04,83.5,ARKK,ARK Innovation ETF (disruptive growth),231.59804805667454
2025-11-05,84.98999786376953,ARKK,ARK Innovation ETF (disruptive growth),235.73074981544866
2025-11-06,80.91999816894531,ARKK,ARK Innovation ETF (disruptive growth),224.44207933745403
2025-11-07,80.75,ARKK,ARK Innovation ETF (disruptive growth),223.9705674320535
2025-11-10,82.83999633789062,ARKK,ARK Innovation ETF (disruptive growth),229.76744254943156
2025-11-11,82.05000305175781,ARKK,ARK Innovation ETF (disruptive growth),227.57629400995566
2025-11-12,81.36000061035156,ARKK,ARK Innovation ETF (disruptive growth),225.66248300894935
2025-11-13,77.08999633789062,ARKK,ARK Innovation ETF (disruptive growth),213.81907397067852
2025-11-14,76.91999816894531,ARKK,ARK Innovation ETF (disruptive growth),213.347562065278
2025-11-17,75.48999786376953,ARKK,ARK Innovation ETF (disruptive growth),209.3812712940306
2025-11-18,74.97000122070312,ARKK,ARK Innovation ETF (disruptive growth),207.93899335953714
2025-11-19,74.38999938964844,ARKK,ARK Innovation ETF (disruptive growth),206.33028327640466
2025-11-20,71.75,ARKK,ARK Innovation ETF (disruptive growth),199.00790356965746
2025-11-21,73.3499984741211,ARKK,ARK Innovation ETF (disruptive growth),203.4457062463054
2025-11-24,76.79000091552734,ARKK,ARK Innovation ETF (disruptive growth),212.98699787193274
2025-11-25,77.30000305175781,ARKK,ARK Innovation ETF (disruptive growth),214.40155474924663
2025-11-26,78.47000122070312,ARKK,ARK Innovation ETF (disruptive growth),217.64669597269116
2025-11-28,79.68000030517578,ARKK,ARK Innovation ETF (disruptive growth),221.00278490819093
2025-12-01,77.52999877929688,ARKK,ARK Innovation ETF (disruptive growth),215.03947764217384
2025-12-02,78.22000122070312,ARKK,ARK Innovation ETF (disruptive growth),216.95328864318017
2025-12-03,80.75,ARKK,ARK Innovation ETF (disruptive growth),223.9705674320535
2025-12-04,82.6500015258789,ARKK,ARK Innovation ETF (disruptive growth),229.2404673685596
2025-12-05,81.91000366210938,ARKK,ARK Innovation ETF (disruptive growth),227.1879875983185
2025-12-08,81.95999908447266,ARKK,ARK Innovation ETF (disruptive growth),227.32665636755328
2025-12-09,82.52999877929688,ARKK,ARK Innovation ETF (disruptive growth),228.90762423239389
2025-12-10,83.16000366210938,ARKK,ARK Innovation ETF (disruptive growth),230.6550242458735
2025-12-11,82.05999755859375,ARKK,ARK Innovation ETF (disruptive growth),227.6040150671352
2025-12-12,80.38999938964844,ARKK,ARK Innovation ETF (disruptive growth),222.9720591846687
2025-12-15,79.20999908447266,ARKK,ARK Innovation ETF (disruptive growth),219.69917574293225
2025-12-16,80.13999938964844,ARKK,ARK Innovation ETF (disruptive growth),222.27865185515768
2025-12-17,77.69999694824219,ARKK,ARK Innovation ETF (disruptive growth),215.51098954757435
2025-12-18,78.69000244140625,ARKK,ARK Innovation ETF (disruptive growth),218.25689780843882
2025-12-19,80.30000305175781,ARKK,ARK Innovation ETF (disruptive growth),222.72244270337865
2025-12-22,81.48999786376953,ARKK,ARK Innovation ETF (disruptive growth),226.02304720229463
2025-12-23,80.51000213623047,ARKK,ARK Innovation ETF (disruptive growth),223.30490232083443
2025-12-24,80.6500015258789,ARKK,ARK Innovation ETF (disruptive growth),223.6932087324716
2025-12-26,79.69999694824219,ARKK,ARK Innovation ETF (disruptive growth),221.05824818366239
2025-12-29,78.61000061035156,ARKK,ARK Innovation ETF (disruptive growth),218.03500238432832
2025-12-30,77.87000274658203,ARKK,ARK Innovation ETF (disruptive growth),215.98252261408723
2025-12-31,76.91999816894531,ARKK,ARK Innovation ETF (disruptive growth),213.347562065278
2026-01-02,78.30999755859375,ARKK,ARK Innovation ETF (disruptive growth),217.2029051244702
2026-01-05,81.33999633789062,ARKK,ARK Innovation ETF (disruptive growth),225.60699857236557
2026-01-06,81.86000061035156,ARKK,ARK Innovation ETF (disruptive growth),227.04929766797136
2026-01-07,81.13999938964844,ARKK,ARK Innovation ETF (disruptive growth),225.0522811732017
2026-01-08,80.55000305175781,ARKK,ARK Innovation ETF (disruptive growth),223.41585003288967
2026-01-09,80.29000091552734,ARKK,ARK Innovation ETF (disruptive growth),222.69470048508677
2026-01-12,82.54000091552734,ARKK,ARK Innovation ETF (disruptive growth),228.93536645068576
2026-01-13,83.20999908447266,ARKK,ARK Innovation ETF (disruptive growth),230.7936930151083
2026-01-14,83.19999694824219,ARKK,ARK Innovation ETF (disruptive growth),230.76595079681638
2026-01-15,81.93000030517578,ARKK,ARK Innovation ETF (disruptive growth),227.24345087378995
2026-01-16,81.68000030517578,ARKK,ARK Innovation ETF (disruptive growth),226.55004354427894
2026-01-20,79.2300033569336,ARKK,ARK Innovation ETF (disruptive growth),219.75466017951607
2026-01-21,80.29000091552734,ARKK,ARK Innovation ETF (disruptive growth),222.69470048508677
2026-01-22,82.2300033569336,ARKK,ARK Innovation ETF (disruptive growth),228.07554813364808
2026-01-23,80.69999694824219,ARKK,ARK Innovation ETF (disruptive growth),223.83187750170637
2026-01-26,79.91999816894531,ARKK,ARK Innovation ETF (disruptive growth),221.66845001941002
2026-01-27,79.7699966430664,ARKK,ARK Innovation ETF (disruptive growth),221.25240138948095
2026-01-28,78.94000244140625,ARKK,ARK Innovation ETF (disruptive growth),218.9503051379498
2026-01-29,77.63999938964844,ARKK,ARK Innovation ETF (disruptive growth),215.34457856004767
2026-01-30,74.87000274658203,ARKK,ARK Innovation ETF (disruptive growth),207.6616346599552
2026-02-02,74.36000061035156,ARKK,ARK Innovation ETF (disruptive growth),206.2470777826413
2026-02-03,73.44000244140625,ARKK,ARK Innovation ETF (disruptive growth),203.69534388870778
2026-02-04,69.98999786376953,ARKK,ARK Innovation ETF (disruptive growth),194.12631004478854
2026-02-05,66.33000183105469,ARKK,ARK Innovation ETF (disruptive growth),183.9748377445259
2026-02-06,70.41000366210938,ARKK,ARK Innovation ETF (disruptive growth),195.29125044081243
2026-02-09,72.44000244140625,ARKK,ARK Innovation ETF (disruptive growth),200.92171457066377
2026-02-10,72.26000213623047,ARKK,ARK Innovation ETF (disruptive growth),200.42246044697137
2026-02-11,70.87000274658203,ARKK,ARK Innovation ETF (disruptive growth),196.56711738777918
2026-02-12,68.44999694824219,ARKK,ARK Innovation ETF (disruptive growth),189.8549183556673
2026-02-13,70.25,ARKK,ARK Innovation ETF (disruptive growth),194.84745959259146
2026-02-17,70.30000305175781,ARKK,ARK Innovation ETF (disruptive growth),194.9861495229386
2026-02-18,71.38999938964844,ARKK,ARK Innovation ETF (disruptive growth),198.00939532227264
2026-02-19,72.23999786376953,ARKK,ARK Innovation ETF (disruptive growth),200.36697601038756
2026-02-20,71.48999786376953,ARKK,ARK Innovation ETF (disruptive growth),198.28675402185456
2026-02-23,70.0,ARKK,ARK Innovation ETF (disruptive growth),194.15405226308044
2026-02-24,72.06999969482422,ARKK,ARK Innovation ETF (disruptive growth),199.89546410498704
2026-02-25,73.54000091552734,ARKK,ARK Innovation ETF (disruptive growth),203.9727025882897
2026-02-26,74.61000061035156,ARKK,ARK Innovation ETF (disruptive growth),206.94048511215232
2026-02-27,72.91000366210938,ARKK,ARK Innovation ETF (disruptive growth),202.22532373592244
2026-03-02,74.22000122070312,ARKK,ARK Innovation ETF (disruptive growth),205.85877137100414
2026-03-03,72.26000213623047,ARKK,ARK Innovation ETF (disruptive growth),200.42246044697137
2026-03-04,74.93000030517578,ARKK,ARK Innovation ETF (disruptive growth),207.8280456474819
2026-03-05,73.98999786376953,ARKK,ARK Innovation ETF (disruptive growth),205.22082731696457
2026-03-06,72.4000015258789,ARKK,ARK Innovation ETF (disruptive growth),200.81076685860853
2026-03-09,74.29000091552734,ARKK,ARK Innovation ETF (disruptive growth),206.05292457682273
2026-03-10,72.88999938964844,ARKK,ARK Innovation ETF (disruptive growth),202.16983929933863
2026-03-11,73.06999969482422,ARKK,ARK Innovation ETF (disruptive growth),202.66909342303106
2026-03-12,70.63999938964844,ARKK,ARK Innovation ETF (disruptive growth),195.92917333373964
2026-03-13,70.25,ARKK,ARK Innovation ETF (disruptive growth),194.84745959259146
2026-03-16,72.05000305175781,ARKK,ARK Innovation ETF (disruptive growth),199.84000082951562
2026-03-17,73.05999755859375,ARKK,ARK Innovation ETF (disruptive growth),202.64135120473915
2026-03-18,71.41000366210938,ARKK,ARK Innovation ETF (disruptive growth),198.06487975885642
2026-03-19,71.06999969482422,ARKK,ARK Innovation ETF (disruptive growth),197.12183478694305
2026-03-20,69.1500015258789,ARKK,ARK Innovation ETF (disruptive growth),191.79647157496552
2026-03-23,70.91999816894531,ARKK,ARK Innovation ETF (disruptive growth),196.70578615701396
2026-03-24,69.0,ARKK,ARK Innovation ETF (disruptive growth),191.38042294503646
2026-03-25,69.9000015258789,ARKK,ARK Innovation ETF (disruptive growth),193.87669356349852
2026-03-26,67.38999938964844,ARKK,ARK Innovation ETF (disruptive growth),186.9148780500966
2026-03-27,64.62999725341797,ARKK,ARK Innovation ETF (disruptive growth),179.2596552071837
2026-03-30,63.52000045776367,ARKK,ARK Innovation ETF (disruptive growth),176.18093555182202
2026-03-31,67.58999633789062,ARKK,ARK Innovation ETF (disruptive growth),187.46959544926045
2026-04-01,68.4000015258789,ARKK,ARK Innovation ETF (disruptive growth),189.7162495864325
2026-04-02,68.55999755859375,ARKK,ARK Innovation ETF (disruptive growth),190.16001927354114
2026-04-06,68.80000305175781,ARKK,ARK Innovation ETF (disruptive growth),190.82570554587258
2026-04-07,68.76000213623047,ARKK,ARK Innovation ETF (disruptive growth),190.71475783381734
2026-04-08,70.36000061035156,ARKK,ARK Innovation ETF (disruptive growth),195.1525605104653
2026-04-09,68.91999816894531,ARKK,ARK Innovation ETF (disruptive growth),191.15852752092596
2026-04-10,69.29000091552734,ARKK,ARK Innovation ETF (disruptive growth),192.18477798660268
2026-04-13,71.95999908447266,ARKK,ARK Innovation ETF (disruptive growth),199.5903631871132
2026-04-14,74.83000183105469,ARKK,ARK Innovation ETF (disruptive growth),207.55068694789998
2026-04-15,77.47000122070312,ARKK,ARK Innovation ETF (disruptive growth),214.87306665464715
2026-04-16,77.33999633789062,ARKK,ARK Innovation ETF (disruptive growth),214.51248130018953
2026-04-17,79.2300033569336,ARKK,ARK Innovation ETF (disruptive growth),219.75466017951607
2026-04-20,79.31999969482422,ARKK,ARK Innovation ETF (disruptive growth),220.00427666080608
2026-04-21,77.37999725341797,ARKK,ARK Innovation ETF (disruptive growth),214.62342901224477
2026-04-22,79.30000305175781,ARKK,ARK Innovation ETF (disruptive growth),219.94881338533466
2026-04-23,76.5,ARKK,ARK Innovation ETF (disruptive growth),212.1826428303665
2026-04-24,76.5,ARKK,ARK Innovation ETF (disruptive growth),212.1826428303665
2026-04-27,76.55000305175781,ARKK,ARK Innovation ETF (disruptive growth),212.32133276071363
2026-04-28,75.44999694824219,ARKK,ARK Innovation ETF (disruptive growth),209.27032358197533
2026-04-29,73.52999877929688,ARKK,ARK Innovation ETF (disruptive growth),203.94496036999783
2026-04-30,75.83999633789062,ARKK,ARK Innovation ETF (disruptive growth),210.3520373231235
2026-05-01,76.91999816894531,ARKK,ARK Innovation ETF (disruptive growth),213.347562065278
2026-05-04,78.2300033569336,ARKK,ARK Innovation ETF (disruptive growth),216.98103086147205
2026-05-05,76.58000183105469,ARKK,ARK Innovation ETF (disruptive growth),212.404538254477
2026-05-06,79.58000183105469,ARKK,ARK Innovation ETF (disruptive growth),220.725426208609
2026-05-07,77.93000030517578,ARKK,ARK Innovation ETF (disruptive growth),216.14893360161392
2026-05-08,79.12000274658203,ARKK,ARK Innovation ETF (disruptive growth),219.44955926164224
2026-05-11,80.02999877929688,ARKK,ARK Innovation ETF (disruptive growth),221.97355093728385
2026-05-12,78.20999908447266,ARKK,ARK Innovation ETF (disruptive growth),216.92554642488827
2026-05-13,78.05000305175781,ARKK,ARK Innovation ETF (disruptive growth),216.48177673777965
2026-05-14,78.0,ARKK,ARK Innovation ETF (disruptive growth),216.3430868074325
2026-05-15,74.9000015258789,ARKK,ARK Innovation ETF (disruptive growth),207.74484015371854
2026-05-18,74.51000213623047,ARKK,ARK Innovation ETF (disruptive growth),206.66312641257036
2026-05-19,73.83999633789062,ARKK,ARK Innovation ETF (disruptive growth),204.8047786870355
2026-05-20,75.83999633789062,ARKK,ARK Innovation ETF (disruptive growth),210.3520373231235
2026-05-21,76.62000274658203,ARKK,ARK Innovation ETF (disruptive growth),212.51548596653222
2026-05-22,76.4000015258789,ARKK,ARK Innovation ETF (disruptive growth),211.90528413078457
2026-05-26,77.2300033569336,ARKK,ARK Innovation ETF (disruptive growth),214.20740154342806
2026-05-27,77.94999694824219,ARKK,ARK Innovation ETF (disruptive growth),216.20439687708537
2026-05-28,81.01000213623047,ARKK,ARK Innovation ETF (disruptive growth),224.6917169798564
2026-05-29,81.94999694824219,ARKK,ARK Innovation ETF (disruptive growth),227.29891414926138
2026-06-01,81.26000213623047,ARKK,ARK Innovation ETF (disruptive growth),225.38512430936743
2026-06-02,79.91000366210938,ARKK,ARK Innovation ETF (disruptive growth),221.64072896223047
2026-06-03,78.16000366210938,ARKK,ARK Innovation ETF (disruptive growth),216.78687765565348
2026-06-04,80.06999969482422,ARKK,ARK Innovation ETF (disruptive growth),222.0844986493391
2026-06-05,74.48999786376953,ARKK,ARK Innovation ETF (disruptive growth),206.60764197598658
2026-06-08,75.87999725341797,ARKK,ARK Innovation ETF (disruptive growth),210.46298503517878
2026-06-09,75.0,ARKK,ARK Innovation ETF (disruptive growth),208.0221988533005
2026-06-10,73.01000213623047,ARKK,ARK Innovation ETF (disruptive growth),202.50268243550437
2026-06-11,75.45999908447266,ARKK,ARK Innovation ETF (disruptive growth),209.29806580026724
2026-06-12,75.6500015258789,ARKK,ARK Innovation ETF (disruptive growth),209.82506214225157
2026-06-15,79.62999725341797,ARKK,ARK Innovation ETF (disruptive growth),220.8640949778438
2026-06-16,79.08000183105469,ARKK,ARK Innovation ETF (disruptive growth),219.338611549587
2026-06-17,78.48999786376953,ARKK,ARK Innovation ETF (disruptive growth),217.70215924816262
2026-06-18,80.19000244140625,ARKK,ARK Innovation ETF (disruptive growth),222.41734178550482
2026-06-22,78.43000030517578,ARKK,ARK Innovation ETF (disruptive growth),217.53574826063593
2026-06-23,76.68000030517578,ARKK,ARK Innovation ETF (disruptive growth),212.6818969540589
2026-06-24,76.72000122070312,ARKK,ARK Innovation ETF (disruptive growth),212.79284466611415
2026-06-25,76.54000091552734,ARKK,ARK Innovation ETF (disruptive growth),212.29359054242173
2026-06-26,78.12999725341797,ARKK,ARK Innovation ETF (disruptive growth),216.70365100077777
2026-06-29,80.62999725341797,ARKK,ARK Innovation ETF (disruptive growth),223.63772429588778
2026-06-30,80.81999969482422,ARKK,ARK Innovation ETF (disruptive growth),224.1647206378721
2026-07-01,81.8499984741211,ARKK,ARK Innovation ETF (disruptive growth),227.02155544967945
2026-07-02,81.25,ARKK,ARK Innovation ETF (disruptive growth),225.35738209107552
2026-07-06,83.61000061035156,ARKK,ARK Innovation ETF (disruptive growth),231.90314897454837
2026-07-07,81.19000244140625,ARKK,ARK Innovation ETF (disruptive growth),225.19097110354883
2026-07-08,80.16000366210938,ARKK,ARK Innovation ETF (disruptive growth),222.3341362917415
2026-07-09,81.52999877929688,ARKK,ARK Innovation ETF (disruptive growth),226.13399491434987
2026-07-10,80.24500274658203,ARKK,ARK Innovation ETF (disruptive growth),222.56989224444175
2026-07-13,78.23999786376953,ARKK,ARK Innovation ETF (disruptive growth),217.0087519186516
2026-07-14,79.5199966430664,ARKK,ARK Innovation ETF (disruptive growth),220.55899405996996
2026-07-15,79.5999984741211,ARKK,ARK Innovation ETF (disruptive growth),220.78088948408043
2026-07-16,76.66999816894531,ARKK,ARK Innovation ETF (disruptive growth),212.654154735767
2026-07-17,75.19999694824219,ARKK,ARK Innovation ETF (disruptive growth),208.57691625246434
2026-07-20,74.94999694824219,ARKK,ARK Innovation ETF (disruptive growth),207.88350892295335
2026-07-21,77.69499969482422,ARKK,ARK Innovation ETF (disruptive growth),215.4971290189846
2026-07-22,76.02999877929688,ARKK,ARK Innovation ETF (disruptive growth),210.87903366510784
2026-07-23,73.83000183105469,ARKK,ARK Innovation ETF (disruptive growth),204.77705762985596
2026-07-24,71.88999938964844,ARKK,ARK Innovation ETF (disruptive growth),199.39620998129465
2026-07-27,72.52999877929688,ARKK,ARK Innovation ETF (disruptive growth),201.1713310519538
2026-07-28,72.44999694824219,ARKK,ARK Innovation ETF (disruptive growth),200.94943562784331
2026-07-29,70.58000183105469,ARKK,ARK Innovation ETF (disruptive growth),195.76276234621295
2018-01-02,20.538644790649414,FINX,Global X FinTech ETF,100.0
2018-01-03,20.755859375,FINX,Global X FinTech ETF,101.05758966360564
2018-01-04,20.92294692993164,FINX,Global X FinTech ETF,101.87111731664588
2018-01-05,21.303529739379883,FINX,Global X FinTech ETF,103.72412569829679
2018-01-08,21.340662002563477,FINX,Global X FinTech ETF,103.90491787597979
2018-01-09,21.461332321166992,FINX,Global X FinTech ETF,104.49244602028294
2018-01-10,21.554161071777344,FINX,Global X FinTech ETF,104.94441717785713
2018-01-11,21.80478858947754,FINX,Global X FinTech ETF,106.16469008415083
2018-01-12,21.85120391845703,FINX,Global X FinTech ETF,106.3906803062546
2018-01-16,21.600574493408203,FINX,Global X FinTech ETF,105.17039811332758
2018-01-17,21.92546272277832,FINX,Global X FinTech ETF,106.75223680172063
2018-01-18,21.823354721069336,FINX,Global X FinTech ETF,106.25508617299234
2018-01-19,22.11575698852539,FINX,Global X FinTech ETF,107.67875492249608
2018-01-22,22.27820587158203,FINX,Global X FinTech ETF,108.46969748327594
2018-01-23,22.27820587158203,FINX,Global X FinTech ETF,108.46969748327594
2018-01-24,22.129682540893555,FINX,Global X FinTech ETF,107.74655663244387
2018-01-25,22.333898544311523,FINX,Global X FinTech ETF,108.74085788990047
2018-01-26,22.463855743408203,FINX,Global X FinTech ETF,109.37360265189102
2018-01-29,22.27820587158203,FINX,Global X FinTech ETF,108.46969748327594
2018-01-30,22.166810989379883,FINX,Global X FinTech ETF,107.92733023686023
2018-01-31,22.259634017944336,FINX,Global X FinTech ETF,108.37927353453443
2018-02-01,21.985797882080078,FINX,Global X FinTech ETF,107.0460008738722
2018-02-02,21.433486938476562,FINX,Global X FinTech ETF,104.35687046028734
2018-02-05,20.765140533447266,FINX,Global X FinTech ETF,101.10277842139305
2018-02-06,20.811552047729492,FINX,Global X FinTech ETF,101.32875007023017
2018-02-07,20.950790405273438,FINX,Global X FinTech ETF,102.00668359000814
2018-02-08,20.33814239501953,FINX,Global X FinTech ETF,99.02377981763838
2018-02-09,20.523794174194336,FINX,Global X FinTech ETF,99.9276942728868
2018-02-12,20.820833206176758,FINX,Global X FinTech ETF,101.37393882801759
2018-02-13,20.933156967163086,FINX,Global X FinTech ETF,101.92082866486537
2018-02-14,21.38707733154297,FINX,Global X FinTech ETF,104.13090809808357
2018-02-15,21.80478858947754,FINX,Global X FinTech ETF,106.16469008415083
2018-02-16,21.88833236694336,FINX,Global X FinTech ETF,106.57145391067094
2018-02-20,21.906896591186523,FINX,Global X FinTech ETF,106.66184071287913
2018-02-21,21.795507431030273,FINX,Global X FinTech ETF,106.1195013263634
2018-02-22,21.498462677001953,FINX,Global X FinTech ETF,104.67322891133261
2018-02-23,21.53095245361328,FINX,Global X FinTech ETF,104.83141742348859
2018-02-26,21.953310012817383,FINX,Global X FinTech ETF,106.88782164834956
2018-02-27,21.60985565185547,FINX,Global X FinTech ETF,105.215586871115
2018-02-28,21.442768096923828,FINX,Global X FinTech ETF,104.40205921807475
2018-03-01,21.2014217376709,FINX,Global X FinTech ETF,103.2269750695685
2018-03-02,21.454837799072266,FINX,Global X FinTech ETF,104.46082503379174
2018-03-05,21.92546272277832,FINX,Global X FinTech ETF,106.75223680172063
2018-03-06,21.928247451782227,FINX,Global X FinTech ETF,106.76579528638352
2018-03-07,22.134321212768555,FINX,Global X FinTech ETF,107.76914172470426
2018-03-08,22.11111831665039,FINX,Global X FinTech ETF,107.6561698302357
2018-03-09,22.463855743408203,FINX,Global X FinTech ETF,109.37360265189102
2018-03-12,22.64021873474121,FINX,Global X FinTech ETF,110.23229120281867
2018-03-13,22.463855743408203,FINX,Global X FinTech ETF,109.37360265189102
2018-03-14,22.73304557800293,FINX,Global X FinTech ETF,110.68425307375955
2018-03-15,22.73304557800293,FINX,Global X FinTech ETF,110.68425307375955
2018-03-16,22.668067932128906,FINX,Global X FinTech ETF,110.36788533608095
2018-03-19,22.436006546020508,FINX,Global X FinTech ETF,109.23800851862876
2018-03-20,22.835153579711914,FINX,Global X FinTech ETF,111.18140370248784
2018-03-21,22.73304557800293,FINX,Global X FinTech ETF,110.68425307375955
2018-03-22,22.157527923583984,FINX,Global X FinTech ETF,107.88213219243947
2018-03-23,21.67483139038086,FINX,Global X FinTech ETF,105.53194532216027
2018-03-26,22.120399475097656,FINX,Global X FinTech ETF,107.70135858802313
2018-03-27,21.71196174621582,FINX,Global X FinTech ETF,105.71272821320996
2018-03-28,21.377790451049805,FINX,Global X FinTech ETF,104.08569148039615
2018-03-29,21.702682495117188,FINX,Global X FinTech ETF,105.66754874205587
2018-04-02,21.322093963623047,FINX,Global X FinTech ETF,103.81451250050496
2018-04-03,21.164291381835938,FINX,Global X FinTech ETF,103.04619217851881
2018-04-04,21.210704803466797,FINX,Global X FinTech ETF,103.27217311398924
2018-04-05,21.489179611206055,FINX,Global X FinTech ETF,104.62803086691187
2018-04-06,21.09003257751465,FINX,Global X FinTech ETF,102.68463568305278
2018-04-09,21.31281089782715,FINX,Global X FinTech ETF,103.7693144560842
2018-04-10,21.665552139282227,FINX,Global X FinTech ETF,105.48676585100618
2018-04-11,21.498462677001953,FINX,Global X FinTech ETF,104.67322891133261
2018-04-12,21.795507431030273,FINX,Global X FinTech ETF,106.1195013263634
2018-04-13,21.619140625,FINX,Global X FinTech ETF,105.26079420216908
2018-04-16,21.72124481201172,FINX,Global X FinTech ETF,105.75792625763071
2018-04-17,22.14824867248535,FINX,Global X FinTech ETF,107.83695272128539
2018-04-18,22.380313873291016,FINX,Global X FinTech ETF,108.96684811200423
2018-04-19,22.296768188476562,FINX,Global X FinTech ETF,108.56007499885078
2018-04-20,22.17609405517578,FINX,Global X FinTech ETF,107.97252828128099
2018-04-23,22.184444427490234,FINX,Global X FinTech ETF,108.013185162003
2018-04-24,21.841917037963867,FINX,Global X FinTech ETF,106.34546368856718
2018-04-25,21.498462677001953,FINX,Global X FinTech ETF,104.67322891133261
2018-04-26,21.72124481201172,FINX,Global X FinTech ETF,105.75792625763071
2018-04-27,21.786222457885742,FINX,Global X FinTech ETF,106.07429399530932
2018-04-30,21.906896591186523,FINX,Global X FinTech ETF,106.66184071287913
2018-05-01,22.064701080322266,FINX,Global X FinTech ETF,107.43017032149861
2018-05-02,22.027572631835938,FINX,Global X FinTech ETF,107.24939671708225
2018-05-03,22.194658279418945,FINX,Global X FinTech ETF,108.06291508348916
2018-05-04,22.37566566467285,FINX,Global X FinTech ETF,108.9442165865772
2018-05-07,22.649503707885742,FINX,Global X FinTech ETF,110.27749853387276
2018-05-08,22.835153579711914,FINX,Global X FinTech ETF,111.18140370248784
2018-05-09,23.113632202148438,FINX,Global X FinTech ETF,112.53728002867712
2018-05-10,23.382831573486328,FINX,Global X FinTech ETF,113.8479768837123
2018-05-11,23.392114639282227,FINX,Global X FinTech ETF,113.89317492813306
2018-05-14,23.243589401245117,FINX,Global X FinTech ETF,113.17002479066768
2018-05-15,23.252872467041016,FINX,Global X FinTech ETF,113.21522283508843
2018-05-16,23.466371536254883,FINX,Global X FinTech ETF,114.25472213696577
2018-05-17,23.540632247924805,FINX,Global X FinTech ETF,114.61628791906513
2018-05-18,23.754135131835938,FINX,Global X FinTech ETF,115.65580579420913
2018-05-21,23.837677001953125,FINX,Global X FinTech ETF,116.06256033409592
2018-05-22,23.50164794921875,FINX,Global X FinTech ETF,114.42647842041796
2018-05-23,23.62417984008789,FINX,Global X FinTech ETF,115.02307031885191
2018-05-24,23.72628402709961,FINX,Global X FinTech ETF,115.52020237431354
2018-05-25,23.800540924072266,FINX,Global X FinTech ETF,115.88174958314625
2018-05-29,23.67987060546875,FINX,Global X FinTech ETF,115.29422143884311
2018-05-30,23.907291412353516,FINX,Global X FinTech ETF,116.40150387740158
2018-05-31,23.781978607177734,FINX,Global X FinTech ETF,115.7913720675714
2018-06-01,23.88408660888672,FINX,Global X FinTech ETF,116.2885226962997
2018-06-04,24.28323745727539,FINX,Global X FinTech ETF,118.23193645342545
2018-06-05,24.496740341186523,FINX,Global X FinTech ETF,119.27145432856945
2018-06-06,24.82162857055664,FINX,Global X FinTech ETF,120.8532930169625
2018-06-07,24.292524337768555,FINX,Global X FinTech ETF,118.27715307111286
2018-06-08,24.654544830322266,FINX,Global X FinTech ETF,120.03978393718893
2018-06-11,24.67310905456543,FINX,Global X FinTech ETF,120.1301707393971
2018-06-12,24.951583862304688,FINX,Global X FinTech ETF,121.48602849231972
2018-06-13,25.044410705566406,FINX,Global X FinTech ETF,121.9379903632606
2018-06-14,25.31267547607422,FINX,Global X FinTech ETF,123.24413676796371
2018-06-15,25.18364906311035,FINX,Global X FinTech ETF,122.61592388303856
2018-06-18,25.28575897216797,FINX,Global X FinTech ETF,123.1130837984002
2018-06-19,25.257909774780273,FINX,Global X FinTech ETF,122.97748966513794
2018-06-20,25.332170486450195,FINX,Global X FinTech ETF,123.3390554472373
2018-06-21,25.20407485961914,FINX,Global X FinTech ETF,122.71537443937756
2018-06-22,25.174367904663086,FINX,Global X FinTech ETF,122.57073512525115
2018-06-25,24.403913497924805,FINX,Global X FinTech ETF,118.81949245762857
2018-06-26,24.496740341186523,FINX,Global X FinTech ETF,119.27145432856945
2018-06-27,23.90265464782715,FINX,Global X FinTech ETF,116.37892807177454
2018-06-28,23.94906234741211,FINX,Global X FinTech ETF,116.60488114734497
2018-06-29,24.181129455566406,FINX,Global X FinTech ETF,117.73478582469716
2018-07-02,24.190412521362305,FINX,Global X FinTech ETF,117.7799838691179
2018-07-03,24.190412521362305,FINX,Global X FinTech ETF,117.7799838691179
2018-07-05,24.533872604370117,FINX,Global X FinTech ETF,119.45224650625246
2018-07-06,24.803062438964844,FINX,Global X FinTech ETF,120.762896928121
2018-07-09,25.053691864013672,FINX,Global X FinTech ETF,121.98317912104801
2018-07-10,25.062978744506836,FINX,Global X FinTech ETF,122.02839573873543
2018-07-11,24.99799919128418,FINX,Global X FinTech ETF,121.7120187144235
2018-07-12,25.220779418945312,FINX,Global X FinTech ETF,122.79670677408825
2018-07-13,25.155803680419922,FINX,Global X FinTech ETF,122.48034832304297
2018-07-16,25.20221519470215,FINX,Global X FinTech ETF,122.70631997188008
2018-07-17,25.31360626220703,FINX,Global X FinTech ETF,123.24866864502913
2018-07-18,25.38786506652832,FINX,Global X FinTech ETF,123.61022514049516
2018-07-19,25.257909774780273,FINX,Global X FinTech ETF,122.97748966513794
2018-07-20,25.5085391998291,FINX,Global X FinTech ETF,124.19777185806495
2018-07-23,25.684911727905273,FINX,Global X FinTech ETF,125.05650684215927
2018-07-24,25.564237594604492,FINX,Global X FinTech ETF,124.46896012458947
2018-07-25,25.916973114013672,FINX,Global X FinTech ETF,126.18638365961145
2018-07-26,25.67562484741211,FINX,Global X FinTech ETF,125.01129022447186
2018-07-27,25.025848388671875,FINX,Global X FinTech ETF,121.84761284768575
2018-07-30,24.459609985351562,FINX,Global X FinTech ETF,119.09067143751976
2018-07-31,24.376066207885742,FINX,Global X FinTech ETF,118.68390761099964
2018-08-01,24.46889305114746,FINX,Global X FinTech ETF,119.13586948194052
2018-08-02,24.94230079650879,FINX,Global X FinTech ETF,121.44083044789897
2018-08-03,24.93302345275879,FINX,Global X FinTech ETF,121.3956602633782
2018-08-06,25.016563415527344,FINX,Global X FinTech ETF,121.80240551663167
2018-08-07,25.220779418945312,FINX,Global X FinTech ETF,122.79670677408825
2018-08-08,25.27647590637207,FINX,Global X FinTech ETF,123.06788575397944
2018-08-09,25.40643310546875,FINX,Global X FinTech ETF,123.70063051596999
2018-08-10,25.350738525390625,FINX,Global X FinTech ETF,123.42946082271213
2018-08-13,25.28575897216797,FINX,Global X FinTech ETF,123.1130837984002
2018-08-14,25.471410751342773,FINX,Global X FinTech ETF,124.01699825364861
2018-08-15,25.165084838867188,FINX,Global X FinTech ETF,122.52553708083039
2018-08-16,25.415714263916016,FINX,Global X FinTech ETF,123.74581927375742
2018-08-17,25.647781372070312,FINX,Global X FinTech ETF,124.87572395110959
2018-08-20,25.759172439575195,FINX,Global X FinTech ETF,125.41807262425864
2018-08-21,25.870559692382812,FINX,Global X FinTech ETF,125.96040272414102
2018-08-22,26.135114669799805,FINX,Global X FinTech ETF,127.24848662701584
2018-08-23,26.34397315979004,FINX,Global X FinTech ETF,128.26539154999946
2018-08-24,26.65958023071289,FINX,Global X FinTech ETF,129.8020414806051
2018-08-27,26.95198631286621,FINX,Global X FinTech ETF,131.22572880337552
2018-08-28,26.90092658996582,FINX,Global X FinTech ETF,130.97712562911136
2018-08-29,27.086578369140625,FINX,Global X FinTech ETF,131.88104008435977
2018-08-30,27.077299118041992,FINX,Global X FinTech ETF,131.83586061320568
2018-08-31,27.189617156982422,FINX,Global X FinTech ETF,132.38272259015346
2018-09-04,27.207250595092773,FINX,Global X FinTech ETF,132.46857751529623
2018-09-05,26.39967155456543,FINX,Global X FinTech ETF,128.53657981652398
2018-09-06,26.241865158081055,FINX,Global X FinTech ETF,127.76824092127117
2018-09-07,26.223299026489258,FINX,Global X FinTech ETF,127.67784483242967
2018-09-10,26.334693908691406,FINX,Global X FinTech ETF,128.22021207884538
2018-09-11,26.58531951904297,FINX,Global X FinTech ETF,129.44047569850574
2018-09-12,26.603883743286133,FINX,Global X FinTech ETF,129.5308625007139
2018-09-13,26.705997467041016,FINX,Global X FinTech ETF,130.0280409893422
2018-09-14,26.90092658996582,FINX,Global X FinTech ETF,130.97712562911136
2018-09-17,26.446081161499023,FINX,Global X FinTech ETF,128.76254217872776
2018-09-18,26.631732940673828,FINX,Global X FinTech ETF,129.66645663397617
2018-09-19,26.362539291381836,FINX,Global X FinTech ETF,128.35578763884098
2018-09-20,26.436798095703125,FINX,Global X FinTech ETF,128.717344134307
2018-09-21,26.446081161499023,FINX,Global X FinTech ETF,128.76254217872776
2018-09-24,26.362539291381836,FINX,Global X FinTech ETF,128.35578763884098
2018-09-25,26.75240707397461,FINX,Global X FinTech ETF,130.25400335154598
2018-09-26,26.678146362304688,FINX,Global X FinTech ETF,129.8924375694466
2018-09-27,26.65958023071289,FINX,Global X FinTech ETF,129.8020414806051
2018-09-28,26.687429428100586,FINX,Global X FinTech ETF,129.93763561386737
2018-10-01,26.5946044921875,FINX,Global X FinTech ETF,129.48568302955982
2018-10-02,26.39967155456543,FINX,Global X FinTech ETF,128.53657981652398
2018-10-03,26.520339965820312,FINX,Global X FinTech ETF,129.1240986741938
2018-10-04,25.94482421875,FINX,Global X FinTech ETF,126.32198707950705
2018-10-05,25.7220401763916,FINX,Global X FinTech ETF,125.23728044657562
2018-10-08,25.062978744506836,FINX,Global X FinTech ETF,122.02839573873543
2018-10-09,25.127954483032227,FINX,Global X FinTech ETF,122.34475418978072
2018-10-10,23.661304473876953,FINX,Global X FinTech ETF,115.20382535000161
2018-10-11,23.113632202148438,FINX,Global X FinTech ETF,112.53728002867712
2018-10-12,23.828392028808594,FINX,Global X FinTech ETF,116.01735300304183
2018-10-15,23.68915557861328,FINX,Global X FinTech ETF,115.3394287698972
2018-10-16,24.496740341186523,FINX,Global X FinTech ETF,119.27145432856945
2018-10-17,24.506023406982422,FINX,Global X FinTech ETF,119.3166523729902
2018-10-18,24.171850204467773,FINX,Global X FinTech ETF,117.68960635354306
2018-10-19,24.09758758544922,FINX,Global X FinTech ETF,117.32803128481036
2018-10-22,24.21826171875,FINX,Global X FinTech ETF,117.91557800238016
2018-10-23,23.921222686767578,FINX,Global X FinTech ETF,116.46933344724937
2018-10-24,23.02080535888672,FINX,Global X FinTech ETF,112.08531815773625
2018-10-25,23.466371536254883,FINX,Global X FinTech ETF,114.25472213696577
2018-10-26,22.835153579711914,FINX,Global X FinTech ETF,111.18140370248784
2018-10-29,22.185375213623047,FINX,Global X FinTech ETF,108.0177170390684
2018-10-30,22.73304557800293,FINX,Global X FinTech ETF,110.68425307375955
2018-10-31,23.336414337158203,FINX,Global X FinTech ETF,113.62197737497522
2018-11-01,23.781978607177734,FINX,Global X FinTech ETF,115.7913720675714
2018-11-02,23.763412475585938,FINX,Global X FinTech ETF,115.7009759787299
2018-11-05,23.5591983795166,FINX,Global X FinTech ETF,114.70668400790665
2018-11-06,23.74484634399414,FINX,Global X FinTech ETF,115.61057988988838
2018-11-07,24.580284118652344,FINX,Global X FinTech ETF,119.67821815508957
2018-11-08,24.246110916137695,FINX,Global X FinTech ETF,118.05117213564242
2018-11-09,23.72628402709961,FINX,Global X FinTech ETF,115.52020237431354
2018-11-12,22.65878677368164,FINX,Global X FinTech ETF,110.32269657829352
2018-11-13,22.677352905273438,FINX,Global X FinTech ETF,110.41309266713502
2018-11-14,22.398876190185547,FINX,Global X FinTech ETF,109.05722562757907
2018-11-15,22.844440460205078,FINX,Global X FinTech ETF,111.22662032017526
2018-11-16,22.946544647216797,FINX,Global X FinTech ETF,111.72375237563689
2018-11-19,21.53559684753418,FINX,Global X FinTech ETF,104.85403037564896
2018-11-20,21.006488800048828,FINX,Global X FinTech ETF,102.27787185653266
2018-11-21,21.47061538696289,FINX,Global X FinTech ETF,104.53764406470368
2018-11-23,21.526309967041016,FINX,Global X FinTech ETF,104.80881375796154
2018-11-26,22.073986053466797,FINX,Global X FinTech ETF,107.47537765255268
2018-11-27,21.954238891601562,FINX,Global X FinTech ETF,106.89234423878163
2018-11-28,22.760896682739258,FINX,Global X FinTech ETF,110.81985649365514
2018-11-29,22.742328643798828,FINX,Global X FinTech ETF,110.72945111818031
2018-11-30,22.798023223876953,FINX,Global X FinTech ETF,111.00062081143815
2018-12-03,23.14983558654785,FINX,Global X FinTech ETF,112.71354961592806
2018-12-04,22.05170440673828,FINX,Global X FinTech ETF,107.36689120198288
2018-12-06,21.916179656982422,FINX,Global X FinTech ETF,106.70703875729987
2018-12-07,21.331375122070312,FINX,Global X FinTech ETF,103.85970125829239
2018-12-10,21.405637741088867,FINX,Global X FinTech ETF,104.22127632702508
2018-12-11,21.507747650146484,FINX,Global X FinTech ETF,104.7184362423867
2018-12-12,21.814071655273438,FINX,Global X FinTech ETF,106.20988812857158
2018-12-13,21.600574493408203,FINX,Global X FinTech ETF,105.17039811332758
2018-12-14,21.210704803466797,FINX,Global X FinTech ETF,103.27217311398924
2018-12-17,20.625900268554688,FINX,Global X FinTech ETF,100.42483561498176
2018-12-18,20.709442138671875,FINX,Global X FinTech ETF,100.83159015486854
2018-12-19,20.607337951660156,FINX,Global X FinTech ETF,100.33445809940692
2018-12-20,20.050378799438477,FINX,Global X FinTech ETF,97.62269616039502
2018-12-21,19.465578079223633,FINX,Global X FinTech ETF,94.77537723465419
2018-12-24,19.224231719970703,FINX,Global X FinTech ETF,93.60029308614791
2018-12-26,20.254594802856445,FINX,Global X FinTech ETF,98.61699741785161
2018-12-27,20.477378845214844,FINX,Global X FinTech ETF,99.70170405078302
2018-12-28,20.468082427978516,FINX,Global X FinTech ETF,99.65644099992896
2018-12-31,20.5424747467041,FINX,Global X FinTech ETF,100.01864755972814
2019-01-02,20.588972091674805,FINX,Global X FinTech ETF,100.24503710706513
2019-01-03,19.807817459106445,FINX,Global X FinTech ETF,96.44169642645706
2019-01-04,20.756362915039062,FINX,Global X FinTech ETF,101.06004133480495
2019-01-07,21.06324577331543,FINX,Global X FinTech ETF,102.55421420455575
2019-01-08,21.444522857666016,FINX,Global X FinTech ETF,104.41060292073905
2019-01-09,21.751401901245117,FINX,Global X FinTech ETF,105.90475721722318
2019-01-10,21.844398498535156,FINX,Global X FinTech ETF,106.35754559853048
2019-01-11,21.831378936767578,FINX,Global X FinTech ETF,106.29415503941479
2019-01-14,21.584012985229492,FINX,Global X FinTech ETF,105.08976227611669
2019-01-15,21.86299705505371,FINX,Global X FinTech ETF,106.44809956013862
2019-01-16,22.179180145263672,FINX,Global X FinTech ETF,107.98755405401013
2019-01-17,22.495359420776367,FINX,Global X FinTech ETF,109.52698997461499
2019-01-18,23.137020111083984,FINX,Global X FinTech ETF,112.65115272657876
2019-01-22,22.709245681762695,FINX,Global X FinTech ETF,110.56837446305848
2019-01-23,22.96963119506836,FINX,Global X FinTech ETF,111.83615778547227
2019-01-24,23.341611862182617,FINX,Global X FinTech ETF,113.64728345080151
2019-01-25,23.853078842163086,FINX,Global X FinTech ETF,116.13754989824172
2019-01-28,23.620594024658203,FINX,Global X FinTech ETF,115.00561144819011
2019-01-29,23.211414337158203,FINX,Global X FinTech ETF,113.01336857301128
2019-01-30,23.332311630249023,FINX,Global X FinTech ETF,113.60200182668078
2019-01-31,23.323013305664062,FINX,Global X FinTech ETF,113.55672948919337
2019-02-01,23.062623977661133,FINX,Global X FinTech ETF,112.28892759351291
2019-02-04,23.592697143554688,FINX,Global X FinTech ETF,114.86978514909458
2019-02-05,23.899578094482422,FINX,Global X FinTech ETF,116.36394873221204
2019-02-06,23.862375259399414,FINX,Global X FinTech ETF,116.18281294909579
2019-02-07,23.596416473388672,FINX,Global X FinTech ETF,114.88789408408954
2019-02-08,23.574094772338867,FINX,Global X FinTech ETF,114.77921261421979
2019-02-11,23.694988250732422,FINX,Global X FinTech ETF,115.36782729462261
2019-02-12,24.04836654663086,FINX,Global X FinTech ETF,117.08838042507706
2019-02-13,24.020469665527344,FINX,Global X FinTech ETF,116.95255412598154
2019-02-14,24.15066146850586,FINX,Global X FinTech ETF,117.58644114387178
2019-02-15,24.35525131225586,FINX,Global X FinTech ETF,118.58256258146119
2019-02-19,24.662132263183594,FINX,Global X FinTech ETF,120.07672616457864
2019-02-20,24.49474334716797,FINX,Global X FinTech ETF,119.26173122347215
2019-02-21,24.252954483032227,FINX,Global X FinTech ETF,118.08449257603316
2019-02-22,24.801620483398438,FINX,Global X FinTech ETF,120.75587623332295
2019-02-25,25.034107208251953,FINX,Global X FinTech ETF,121.88782397000789
2019-02-26,24.959712982177734,FINX,Global X FinTech ETF,121.52560812357537
2019-02-27,25.04340934753418,FINX,Global X FinTech ETF,121.93311488076195
2019-02-28,25.0620059967041,FINX,Global X FinTech ETF,122.02365955573674
2019-03-01,25.340988159179688,FINX,Global X FinTech ETF,123.38198755312534
2019-03-04,24.941112518310547,FINX,Global X FinTech ETF,121.43504487533392
2019-03-05,25.04340934753418,FINX,Global X FinTech ETF,121.93311488076195
2019-03-06,24.810922622680664,FINX,Global X FinTech ETF,120.80116714407701
2019-03-07,24.634231567382812,FINX,Global X FinTech ETF,119.94088129221646
2019-03-08,24.736526489257812,FINX,Global X FinTech ETF,120.43894201101116
2019-03-11,25.201499938964844,FINX,Global X FinTech ETF,122.70283748438105
2019-03-12,25.247995376586914,FINX,Global X FinTech ETF,122.9292177450847
2019-03-13,25.37818717956543,FINX,Global X FinTech ETF,123.56310476297493
2019-03-14,25.387489318847656,FINX,Global X FinTech ETF,123.60839567372899
2019-03-15,25.47117805480957,FINX,Global X FinTech ETF,124.01586528438224
2019-03-18,25.275894165039062,FINX,Global X FinTech ETF,123.06505333081356
2019-03-19,25.53627586364746,FINX,Global X FinTech ETF,124.3328180799607
2019-03-20,25.33634376525879,FINX,Global X FinTech ETF,123.35937460096497
2019-03-21,25.69437026977539,FINX,Global X FinTech ETF,125.10255925684645
2019-03-22,25.1178035736084,FINX,Global X FinTech ETF,122.29533072719447
2019-03-25,24.885316848754883,FINX,Global X FinTech ETF,121.16338299050952
2019-03-26,25.443286895751953,FINX,Global X FinTech ETF,123.88006684518672
2019-03-27,25.415386199951172,FINX,Global X FinTech ETF,123.74422197282452
2019-03-28,25.64787483215332,FINX,Global X FinTech ETF,124.8761789961428
2019-03-29,25.740869522094727,FINX,Global X FinTech ETF,125.32895809081677
2019-04-01,26.122140884399414,FINX,Global X FinTech ETF,127.18531894710009
2019-04-02,26.177940368652344,FINX,Global X FinTech ETF,127.45699940519114
2019-04-03,26.336030960083008,FINX,Global X FinTech ETF,128.22672200881024
2019-04-04,26.131444931030273,FINX,Global X FinTech ETF,127.23061914448748
2019-04-05,26.243038177490234,FINX,Global X FinTech ETF,127.77395220076959
2019-04-08,26.354631423950195,FINX,Global X FinTech ETF,128.31728525705168
2019-04-09,26.177940368652344,FINX,Global X FinTech ETF,127.45699940519114
2019-04-10,26.280235290527344,FINX,Global X FinTech ETF,127.95506012398585
2019-04-11,26.233734130859375,FINX,Global X FinTech ETF,127.7286520033822
2019-04-12,26.336030960083008,FINX,Global X FinTech ETF,128.22672200881024
2019-04-15,26.37322998046875,FINX,Global X FinTech ETF,128.40783921865983
2019-04-16,26.233734130859375,FINX,Global X FinTech ETF,127.7286520033822
2019-04-17,26.1407413482666,FINX,Global X FinTech ETF,127.27588219534155
2019-04-18,25.991952896118164,FINX,Global X FinTech ETF,126.55145050247651
2019-04-22,26.224437713623047,FINX,Global X FinTech ETF,127.68338895252812
2019-04-23,26.54991912841797,FINX,Global X FinTech ETF,129.26811578388705
2019-04-24,26.596418380737305,FINX,Global X FinTech ETF,129.49451461785736
2019-04-25,26.484821319580078,FINX,Global X FinTech ETF,128.9511629883086
2019-04-26,26.596418380737305,FINX,Global X FinTech ETF,129.49451461785736
2019-04-29,26.68010902404785,FINX,Global X FinTech ETF,129.90199351514394
2019-04-30,26.838205337524414,FINX,Global X FinTech ETF,130.67174397866305
2019-05-01,26.429025650024414,FINX,Global X FinTech ETF,128.6795011034842
2019-05-02,26.28302764892578,FINX,Global X FinTech ETF,127.96865575518206
2019-05-03,26.484821319580078,FINX,Global X FinTech ETF,128.9511629883086
2019-05-06,26.652210235595703,FINX,Global X FinTech ETF,129.76615792941507
2019-05-07,26.0942440032959,FINX,Global X FinTech ETF,127.04949264800456
2019-05-08,26.233734130859375,FINX,Global X FinTech ETF,127.7286520033822
2019-05-09,26.075647354125977,FINX,Global X FinTech ETF,126.95894797302977
2019-05-10,26.336030960083008,FINX,Global X FinTech ETF,128.22672200881024
2019-05-13,25.48048210144043,FINX,Global X FinTech ETF,124.06116548176965
2019-05-14,25.88035774230957,FINX,Global X FinTech ETF,126.00810815956108
2019-05-15,26.20583724975586,FINX,Global X FinTech ETF,127.59282570428667
2019-05-16,26.73590850830078,FINX,Global X FinTech ETF,130.173673973235
2019-05-17,26.577817916870117,FINX,Global X FinTech ETF,129.4039513696159
2019-05-20,26.215137481689453,FINX,Global X FinTech ETF,127.63810732840739
2019-05-21,26.661514282226562,FINX,Global X FinTech ETF,129.81145812680248
2019-05-22,26.959095001220703,FINX,Global X FinTech ETF,131.2603400857992
2019-05-23,26.466222763061523,FINX,Global X FinTech ETF,128.86060902670047
2019-05-24,26.624313354492188,FINX,Global X FinTech ETF,129.63033163031955
2019-05-28,26.94049644470215,FINX,Global X FinTech ETF,131.16978612419106
2019-05-29,26.410429000854492,FINX,Global X FinTech ETF,128.58895642850942
2019-05-30,26.466222763061523,FINX,Global X FinTech ETF,128.86060902670047
2019-05-31,26.084943771362305,FINX,Global X FinTech ETF,127.00421102388383
2019-06-03,25.526979446411133,FINX,Global X FinTech ETF,124.28755502910663
2019-06-04,26.187238693237305,FINX,Global X FinTech ETF,127.50227174267853
2019-06-05,26.494123458862305,FINX,Global X FinTech ETF,128.99645389906266
2019-06-06,26.63361167907715,FINX,Global X FinTech ETF,129.67560396780695
2019-06-07,27.014888763427734,FINX,Global X FinTech ETF,131.53199268399027
2019-06-10,27.219480514526367,FINX,Global X FinTech ETF,132.52812340821302
2019-06-11,27.1171817779541,FINX,Global X FinTech ETF,132.03004411615163
2019-06-12,27.10788345336914,FINX,Global X FinTech ETF,131.98477177866422
2019-06-13,27.061386108398438,FINX,Global X FinTech ETF,131.75838223132726
2019-06-14,26.86610221862793,FINX,Global X FinTech ETF,130.80757027775857
2019-06-17,26.912595748901367,FINX,Global X FinTech ETF,131.03394125182888
2019-06-18,27.182281494140625,FINX,Global X FinTech ETF,132.3470061983634
2019-06-19,27.331069946289062,FINX,Global X FinTech ETF,133.07143789122844
2019-06-20,27.72629737854004,FINX,Global X FinTech ETF,134.99574904359284
2019-06-21,27.43336296081543,FINX,Global X FinTech ETF,133.56948932338983
2019-06-24,27.43336296081543,FINX,Global X FinTech ETF,133.56948932338983
2019-06-25,27.10788345336914,FINX,Global X FinTech ETF,131.98477177866422
2019-06-26,27.079988479614258,FINX,Global X FinTech ETF,131.84895476620204
2019-06-27,27.32176971435547,FINX,Global X FinTech ETF,133.02615626710772
2019-06-28,27.43801498413086,FINX,Global X FinTech ETF,133.59213942208353
2019-07-01,27.56355857849121,FINX,Global X FinTech ETF,134.20339491454672
2019-07-02,27.48916244506836,FINX,Global X FinTech ETF,133.8411697814809
2019-07-03,27.758846282958984,FINX,Global X FinTech ETF,135.15422544138207
2019-07-05,27.71234703063965,FINX,Global X FinTech ETF,134.92782660741176
2019-07-08,27.600753784179688,FINX,Global X FinTech ETF,134.38449355112965
2019-07-09,27.693750381469727,FINX,Global X FinTech ETF,134.83728193243695
2019-07-10,27.972732543945312,FINX,Global X FinTech ETF,136.19560992982557
2019-07-11,28.242420196533203,FINX,Global X FinTech ETF,137.5086841629934
2019-07-12,28.32611083984375,FINX,Global X FinTech ETF,137.91616306028
2019-07-15,28.391210556030273,FINX,Global X FinTech ETF,138.2331251424918
2019-07-16,28.18661880493164,FINX,Global X FinTech ETF,137.23699441826903
2019-07-17,28.32611083984375,FINX,Global X FinTech ETF,137.91616306028
2019-07-18,28.465604782104492,FINX,Global X FinTech ETF,138.5953409889243
2019-07-19,28.381906509399414,FINX,Global X FinTech ETF,138.18782494510438
2019-07-22,28.558597564697266,FINX,Global X FinTech ETF,139.04811079696495
2019-07-23,28.586496353149414,FINX,Global X FinTech ETF,139.1839463826938
2019-07-24,28.650663375854492,FINX,Global X FinTech ETF,139.49636730120685
2019-07-25,28.391210556030273,FINX,Global X FinTech ETF,138.2331251424918
2019-07-26,29.04216957092285,FINX,Global X FinTech ETF,141.40256023194294
2019-07-29,28.911975860595703,FINX,Global X FinTech ETF,140.7686639274194
2019-07-30,28.400508880615234,FINX,Global X FinTech ETF,138.2783974799792
2019-07-31,28.437705993652344,FINX,Global X FinTech ETF,138.45950540319544
2019-08-01,28.158721923828125,FINX,Global X FinTech ETF,137.1011681191735
2019-08-02,27.63795280456543,FINX,Global X FinTech ETF,134.56561076097924
2019-08-05,26.484821319580078,FINX,Global X FinTech ETF,128.9511629883086
2019-08-06,26.67081069946289,FINX,Global X FinTech ETF,129.85672117765654
2019-08-07,26.88469886779785,FINX,Global X FinTech ETF,130.89811495273335
2019-08-08,27.461265563964844,FINX,Global X FinTech ETF,133.70534348238536
2019-08-09,27.024188995361328,FINX,Global X FinTech ETF,131.577274308111
2019-08-12,26.363929748535156,FINX,Global X FinTech ETF,128.36255759453908
2019-08-13,26.828901290893555,FINX,Global X FinTech ETF,130.62644378127564
2019-08-14,25.973356246948242,FINX,Global X FinTech ETF,126.46090582750172
2019-08-15,25.936153411865234,FINX,Global X FinTech ETF,126.27977004438546
2019-08-16,26.559219360351562,FINX,Global X FinTech ETF,129.31339740800777
2019-08-19,26.71730613708496,FINX,Global X FinTech ETF,130.08310143836022
2019-08-20,26.698707580566406,FINX,Global X FinTech ETF,129.99254747675207
2019-08-21,27.052087783813477,FINX,Global X FinTech ETF,131.71310989383986
2019-08-22,26.986995697021484,FINX,Global X FinTech ETF,131.3961849581614
2019-08-23,26.438322067260742,FINX,Global X FinTech ETF,128.72476415433826
2019-08-26,26.587114334106445,FINX,Global X FinTech ETF,129.44921442046996
2019-08-27,26.559219360351562,FINX,Global X FinTech ETF,129.31339740800777
2019-08-28,26.698707580566406,FINX,Global X FinTech ETF,129.99254747675207
2019-08-29,26.96839141845703,FINX,Global X FinTech ETF,131.30560313665327
2019-08-30,26.959095001220703,FINX,Global X FinTech ETF,131.2603400857992
2019-09-03,26.847501754760742,FINX,Global X FinTech ETF,130.7170070295171
2019-09-04,27.145084381103516,FINX,Global X FinTech ETF,132.16589827514716
2019-09-05,27.842540740966797,FINX,Global X FinTech ETF,135.56172291193533
2019-09-06,28.01923179626465,FINX,Global X FinTech ETF,136.42200876379587
2019-09-09,27.479860305786133,FINX,Global X FinTech ETF,133.79587887072682
2019-09-10,26.838205337524414,FINX,Global X FinTech ETF,130.67174397866305
2019-09-11,26.88469886779785,FINX,Global X FinTech ETF,130.89811495273335
2019-09-12,27.10788345336914,FINX,Global X FinTech ETF,131.98477177866422
2019-09-13,26.96839141845703,FINX,Global X FinTech ETF,131.30560313665327
2019-09-16,27.033489227294922,FINX,Global X FinTech ETF,131.62255593223173
2019-09-17,27.368267059326172,FINX,Global X FinTech ETF,133.25254581444472
2019-09-18,27.340370178222656,FINX,Global X FinTech ETF,133.1167195153492
2019-09-19,27.34967041015625,FINX,Global X FinTech ETF,133.1620011394699
2019-09-20,27.219480514526367,FINX,Global X FinTech ETF,132.52812340821302
2019-09-23,26.96839141845703,FINX,Global X FinTech ETF,131.30560313665327
2019-09-24,26.810298919677734,FINX,Global X FinTech ETF,130.53587124640086
2019-09-25,26.949792861938477,FINX,Global X FinTech ETF,131.21504917504515
2019-09-26,27.024188995361328,FINX,Global X FinTech ETF,131.577274308111
2019-09-27,26.68010902404785,FINX,Global X FinTech ETF,129.90199351514394
2019-09-30,26.754507064819336,FINX,Global X FinTech ETF,130.26422793484312
2019-10-01,26.54991912841797,FINX,Global X FinTech ETF,129.26811578388705
2019-10-02,25.675771713256836,FINX,Global X FinTech ETF,125.01200529523832
2019-10-03,26.01984977722168,FINX,Global X FinTech ETF,126.68727680157204
2019-10-04,26.624313354492188,FINX,Global X FinTech ETF,129.63033163031955
2019-10-07,26.577817916870117,FINX,Global X FinTech ETF,129.4039513696159
2019-10-08,26.038448333740234,FINX,Global X FinTech ETF,126.77783076318018
2019-10-09,26.540620803833008,FINX,Global X FinTech ETF,129.22284344639965
2019-10-10,26.587114334106445,FINX,Global X FinTech ETF,129.44921442046996
2019-10-11,27.13578224182129,FINX,Global X FinTech ETF,132.1206073643931
2019-10-14,27.126483917236328,FINX,Global X FinTech ETF,132.0753350269057
2019-10-15,27.005590438842773,FINX,Global X FinTech ETF,131.48672034650286
2019-10-16,26.782400131225586,FINX,Global X FinTech ETF,130.400035660672
2019-10-17,26.661514282226562,FINX,Global X FinTech ETF,129.81145812680248
2019-10-18,26.168638229370117,FINX,Global X FinTech ETF,127.41170849443708
2019-10-21,26.177940368652344,FINX,Global X FinTech ETF,127.45699940519114
2019-10-22,25.48048210144043,FINX,Global X FinTech ETF,124.06116548176965
2019-10-23,25.517681121826172,FINX,Global X FinTech ETF,124.24228269161924
2019-10-24,25.954750061035156,FINX,Global X FinTech ETF,126.37031471936027
2019-10-25,26.2988338470459,FINX,Global X FinTech ETF,128.04561408559397
2019-10-28,26.336030960083008,FINX,Global X FinTech ETF,128.22672200881024
2019-10-29,26.456926345825195,FINX,Global X FinTech ETF,128.81534597584638
2019-10-30,26.54991912841797,FINX,Global X FinTech ETF,129.26811578388705
2019-10-31,26.596418380737305,FINX,Global X FinTech ETF,129.49451461785736
2019-11-01,26.903297424316406,FINX,Global X FinTech ETF,130.98866891434147
2019-11-04,26.856800079345703,FINX,Global X FinTech ETF,130.7622793670045
2019-11-05,26.466222763061523,FINX,Global X FinTech ETF,128.86060902670047
2019-11-06,26.252336502075195,FINX,Global X FinTech ETF,127.81922453825699
2019-11-07,26.68475914001465,FINX,Global X FinTech ETF,129.9246343272043
2019-11-08,26.782400131225586,FINX,Global X FinTech ETF,130.400035660672
2019-11-11,27.033489227294922,FINX,Global X FinTech ETF,131.62255593223173
2019-11-12,27.098583221435547,FINX,Global X FinTech ETF,131.9394901545435
2019-11-13,27.163679122924805,FINX,Global X FinTech ETF,132.25643366348862
2019-11-14,27.54495620727539,FINX,Global X FinTech ETF,134.11282237967194
2019-11-15,27.796045303344727,FINX,Global X FinTech ETF,135.33534265123166
2019-11-18,27.796045303344727,FINX,Global X FinTech ETF,135.33534265123166
2019-11-19,27.77744483947754,FINX,Global X FinTech ETF,135.2447794029902
2019-11-20,27.66585350036621,FINX,Global X FinTech ETF,134.70145563334142
2019-11-21,27.498458862304688,FINX,Global X FinTech ETF,133.88643283233495
2019-11-22,27.7356014251709,FINX,Global X FinTech ETF,135.04104924098024
2019-11-25,28.116872787475586,FINX,Global X FinTech ETF,136.89741009726356
2019-11-26,28.242420196533203,FINX,Global X FinTech ETF,137.5086841629934
2019-11-27,28.428403854370117,FINX,Global X FinTech ETF,138.41421449244137
2019-11-29,28.393068313598633,FINX,Global X FinTech ETF,138.24217032335594
2019-12-02,27.851842880249023,FINX,Global X FinTech ETF,135.60701382268937
2019-12-03,27.785816192626953,FINX,Global X FinTech ETF,135.28553843667885
2019-12-04,27.907638549804688,FINX,Global X FinTech ETF,135.87867570751376
2019-12-05,27.906709671020508,FINX,Global X FinTech ETF,135.8741531170817
2019-12-06,27.935537338256836,FINX,Global X FinTech ETF,136.01451129324263
2019-12-09,27.684452056884766,FINX,Global X FinTech ETF,134.79200959494955
2019-12-10,27.424068450927734,FINX,Global X FinTech ETF,133.52423555916909
2019-12-11,27.3775691986084,FINX,Global X FinTech ETF,133.29783672519878
2019-12-12,27.572858810424805,FINX,Global X FinTech ETF,134.24867653866744
2019-12-13,27.74954605102539,FINX,Global X FinTech ETF,135.10894381726135
2019-12-16,27.96343231201172,FINX,Global X FinTech ETF,136.15032830570482
2019-12-17,27.89833641052246,FINX,Global X FinTech ETF,135.8333847967597
2019-12-18,28.009931564331055,FINX,Global X FinTech ETF,136.37672713967515
2019-12-19,28.056428909301758,FINX,Global X FinTech ETF,136.60311668701215
2019-12-20,28.112228393554688,FINX,Global X FinTech ETF,136.87479714510317
2019-12-23,28.195919036865234,FINX,Global X FinTech ETF,137.28227604238975
2019-12-24,28.242420196533203,FINX,Global X FinTech ETF,137.5086841629934
2019-12-26,28.307514190673828,FINX,Global X FinTech ETF,137.8256183853052
2019-12-27,28.447002410888672,FINX,Global X FinTech ETF,138.5047684540495
2019-12-30,28.144773483276367,FINX,Global X FinTech ETF,137.03325496962574
2019-12-31,28.24985694885254,FINX,Global X FinTech ETF,137.54489274635
2020-01-02,28.67949104309082,FINX,Global X FinTech ETF,139.63672547736778
2020-01-03,28.51209831237793,FINX,Global X FinTech ETF,138.8217119629946
2020-01-06,28.51209831237793,FINX,Global X FinTech ETF,138.8217119629946
2020-01-07,28.484203338623047,FINX,Global X FinTech ETF,138.68589495053243
2020-01-08,28.688793182373047,FINX,Global X FinTech ETF,139.68201638812184
2020-01-09,28.88408088684082,FINX,Global X FinTech ETF,140.63284691495718
2020-01-10,28.85618019104004,FINX,Global X FinTech ETF,140.497002042595
2020-01-13,29.2281551361084,FINX,Global X FinTech ETF,142.30809984802426
2020-01-14,29.20026397705078,FINX,Global X FinTech ETF,142.1723014088287
2020-01-15,29.36764907836914,FINX,Global X FinTech ETF,142.98727777666855
2020-01-16,29.655929565429688,FINX,Global X FinTech ETF,144.39087811154454
2020-01-17,29.665231704711914,FINX,Global X FinTech ETF,144.4361690222986
2020-01-21,29.711729049682617,FINX,Global X FinTech ETF,144.6625585696356
2020-01-22,30.01861000061035,FINX,Global X FinTech ETF,146.15672215275305
2020-01-23,30.083703994750977,FINX,Global X FinTech ETF,146.47365637506482
2020-01-24,30.167404174804688,FINX,Global X FinTech ETF,146.88118170551806
2020-01-27,29.404848098754883,FINX,Global X FinTech ETF,143.16839498651814
2020-01-28,30.06696891784668,FINX,Global X FinTech ETF,146.39217545422085
2020-01-29,30.269695281982422,FINX,Global X FinTech ETF,147.3792238510461
2020-01-30,30.260400772094727,FINX,Global X FinTech ETF,147.3339700868254
2020-01-31,29.623384475708008,FINX,Global X FinTech ETF,144.23242028702197
2020-02-03,30.158103942871094,FINX,Global X FinTech ETF,146.83590008139734
2020-02-04,30.77186393737793,FINX,Global X FinTech ETF,149.82421796099894
2020-02-05,30.623075485229492,FINX,Global X FinTech ETF,149.0997862681339
2020-02-06,30.557979583740234,FINX,Global X FinTech ETF,148.78284275918878
2020-02-07,30.362689971923828,FINX,Global X FinTech ETF,147.8320029457201
2020-02-10,30.58587646484375,FINX,Global X FinTech ETF,148.9186690582843
2020-02-11,30.669570922851562,FINX,Global X FinTech ETF,149.32616652883755
2020-02-12,30.799762725830078,FINX,Global X FinTech ETF,149.96005354672778
2020-02-13,31.06945037841797,FINX,Global X FinTech ETF,151.27312777989565
2020-02-14,31.422828674316406,FINX,Global X FinTech ETF,152.9936809103501
2020-02-18,31.497222900390625,FINX,Global X FinTech ETF,153.3558967567826
2020-02-19,31.980792999267578,FINX,Global X FinTech ETF,155.7103369051273
2020-02-20,31.627410888671875,FINX,Global X FinTech ETF,153.9897652014062
2020-02-21,31.25543785095215,FINX,Global X FinTech ETF,152.17867668261027
2020-02-24,30.00001335144043,FINX,Global X FinTech ETF,146.06617747777824
2020-02-25,29.088666915893555,FINX,Global X FinTech ETF,141.62894977927994
2020-02-26,28.9677734375,FINX,Global X FinTech ETF,141.0403350988771
2020-02-27,28.0936279296875,FINX,Global X FinTech ETF,136.78423389686174
2020-02-28,27.991331100463867,FINX,Global X FinTech ETF,136.2861638914337
2020-03-02,28.902679443359375,FINX,Global X FinTech ETF,140.7234008765653
2020-03-03,28.41910743713379,FINX,Global X FinTech ETF,138.3689514415873
2020-03-04,29.2281551361084,FINX,Global X FinTech ETF,142.30809984802426
2020-03-05,28.12152099609375,FINX,Global X FinTech ETF,136.92004162269058
2020-03-06,27.54495620727539,FINX,Global X FinTech ETF,134.11282237967194
2020-03-09,24.959712982177734,FINX,Global X FinTech ETF,121.52560812357537
2020-03-10,26.474592208862305,FINX,Global X FinTech ETF,128.9013587737558
2020-03-11,24.969011306762695,FINX,Global X FinTech ETF,121.57088046106277
2020-03-12,22.281475067138672,FINX,Global X FinTech ETF,108.48561477280484
2020-03-13,24.26225471496582,FINX,Global X FinTech ETF,118.12977420015388
2020-03-16,21.146940231323242,FINX,Global X FinTech ETF,102.96171167510899
2020-03-17,21.621212005615234,FINX,Global X FinTech ETF,105.27087948596628
2020-03-18,19.426542282104492,FINX,Global X FinTech ETF,94.58531699690708
2020-03-19,19.76132583618164,FINX,Global X FinTech ETF,96.21533473902007
2020-03-20,19.101062774658203,FINX,Global X FinTech ETF,93.0005994521815
2020-03-23,18.874156951904297,FINX,Global X FinTech ETF,91.89582440462233
2020-03-24,20.979549407958984,FINX,Global X FinTech ETF,102.14670744736917
2020-03-25,21.955991744995117,FINX,Global X FinTech ETF,106.90087865481259
2020-03-26,23.488540649414062,FINX,Global X FinTech ETF,114.36266067616906
2020-03-27,22.36516571044922,FINX,Global X FinTech ETF,108.89309367009142
2020-03-30,22.9603328704834,FINX,Global X FinTech ETF,111.79088544798488
2020-03-31,22.46746063232422,FINX,Global X FinTech ETF,109.39115438888612
2020-04-01,21.258535385131836,FINX,Global X FinTech ETF,103.50505401802442
2020-04-02,21.49102020263672,FINX,Global X FinTech ETF,104.63699246807603
2020-04-03,20.793561935424805,FINX,Global X FinTech ETF,101.24115854465454
2020-04-06,22.77433967590332,FINX,Global X FinTech ETF,110.88530868537026
2020-04-07,22.8580379486084,FINX,Global X FinTech ETF,111.29282472919016
2020-04-08,23.75078582763672,FINX,Global X FinTech ETF,115.63949846608034
2020-04-09,24.308752059936523,FINX,Global X FinTech ETF,118.35616374749087
2020-04-13,23.927473068237305,FINX,Global X FinTech ETF,116.49976574467424
2020-04-14,24.8574161529541,FINX,Global X FinTech ETF,121.02753811814733
2020-04-15,23.927473068237305,FINX,Global X FinTech ETF,116.49976574467424
2020-04-16,24.104164123535156,FINX,Global X FinTech ETF,117.36005159653479
2020-04-17,25.04340934753418,FINX,Global X FinTech ETF,121.93311488076195
2020-04-20,24.699331283569336,FINX,Global X FinTech ETF,120.25784337442823
2020-04-21,24.001869201660156,FINX,Global X FinTech ETF,116.86199087774008
2020-04-22,24.804412841796875,FINX,Global X FinTech ETF,120.76947186451916
2020-04-23,24.810922622680664,FINX,Global X FinTech ETF,120.80116714407701
2020-04-24,25.220096588134766,FINX,Global X FinTech ETF,122.79338215935584
2020-04-27,25.871061325073242,FINX,Global X FinTech ETF,125.96284510870701
2020-04-28,25.48048210144043,FINX,Global X FinTech ETF,124.06116548176965
2020-04-29,26.308134078979492,FINX,Global X FinTech ETF,128.0908957097147
2020-04-30,26.10354232788086,FINX,Global X FinTech ETF,127.09476498549196
2020-05-01,25.387489318847656,FINX,Global X FinTech ETF,123.60839567372899
2020-05-04,25.91755485534668,FINX,Global X FinTech ETF,126.18921608277734
2020-05-05,26.429025650024414,FINX,Global X FinTech ETF,128.6795011034842
2020-05-06,26.68010902404785,FINX,Global X FinTech ETF,129.90199351514394
2020-05-07,27.414764404296875,FINX,Global X FinTech ETF,133.4789353617817
2020-05-08,27.70305061340332,FINX,Global X FinTech ETF,134.8825635565577
2020-05-11,27.721651077270508,FINX,Global X FinTech ETF,134.97312680479914
2020-05-12,26.996292114257812,FINX,Global X FinTech ETF,131.44144800901546
2020-05-13,26.745203018188477,FINX,Global X FinTech ETF,130.21892773745574
2020-05-14,26.71730613708496,FINX,Global X FinTech ETF,130.08310143836022
2020-05-15,26.921899795532227,FINX,Global X FinTech ETF,131.07924144921628
2020-05-18,27.972732543945312,FINX,Global X FinTech ETF,136.19560992982557
2020-05-19,27.71234703063965,FINX,Global X FinTech ETF,134.92782660741176
2020-05-20,28.428403854370117,FINX,Global X FinTech ETF,138.41421449244137
2020-05-21,28.316814422607422,FINX,Global X FinTech ETF,137.87090000942592
2020-05-22,28.52140235900879,FINX,Global X FinTech ETF,138.86701216038202
2020-05-26,29.088666915893555,FINX,Global X FinTech ETF,141.62894977927994
2020-05-27,29.125864028930664,FINX,Global X FinTech ETF,141.8100577024962
2020-05-28,29.32115364074707,FINX,Global X FinTech ETF,142.76089751596487
2020-05-29,29.897722244262695,FINX,Global X FinTech ETF,145.5681353322502
2020-06-01,30.511484146118164,FINX,Global X FinTech ETF,148.55646249848513
2020-06-02,30.79046630859375,FINX,Global X FinTech ETF,149.91479049587372
2020-06-03,31.329832077026367,FINX,Global X FinTech ETF,152.5408925290428
2020-06-04,30.88345718383789,FINX,Global X FinTech ETF,150.36755101728104
2020-06-05,31.227540969848633,FINX,Global X FinTech ETF,152.04285038351475
2020-06-08,31.432126998901367,FINX,Global X FinTech ETF,153.0389532478375
2020-06-09,31.171743392944336,FINX,Global X FinTech ETF,151.77117921205704
2020-06-10,31.422828674316406,FINX,Global X FinTech ETF,152.9936809103501
2020-06-11,29.665231704711914,FINX,Global X FinTech ETF,144.4361690222986
2020-06-12,30.172985076904297,FINX,Global X FinTech ETF,146.90835439464385
2020-06-15,30.716066360473633,FINX,Global X FinTech ETF,149.5525467895412
2020-06-16,31.252649307250977,FINX,Global X FinTech ETF,152.16509962468072
2020-06-17,31.608821868896484,FINX,Global X FinTech ETF,153.8992576729647
2020-06-18,31.125247955322266,FINX,Global X FinTech ETF,151.54479895135336
2020-06-19,30.576581954956055,FINX,Global X FinTech ETF,148.87341529406356
2020-06-22,31.041553497314453,FINX,Global X FinTech ETF,151.13730148080012
2020-06-23,31.246137619018555,FINX,Global X FinTech ETF,152.13339505848953
2020-06-24,30.139503479003906,FINX,Global X FinTech ETF,146.74533683315587
2020-06-25,30.576581954956055,FINX,Global X FinTech ETF,148.87341529406356
2020-06-26,29.990713119506836,FINX,Global X FinTech ETF,146.02089585365752
2020-06-29,30.33479118347168,FINX,Global X FinTech ETF,147.69616735999122
2020-06-30,30.89554786682129,FINX,Global X FinTech ETF,150.42641898596466
2020-07-01,31.47862434387207,FINX,Global X FinTech ETF,153.2653427951745
2020-07-02,31.729707717895508,FINX,Global X FinTech ETF,154.4878352068342
2020-07-06,32.129581451416016,FINX,Global X FinTech ETF,156.43476859799233
2020-07-07,31.915700912475586,FINX,Global X FinTech ETF,155.39341196944883
2020-07-08,32.603858947753906,FINX,Global X FinTech ETF,158.7439642687496
2020-07-09,32.575958251953125,FINX,Global X FinTech ETF,158.6081193963874
2020-07-10,32.482967376708984,FINX,Global X FinTech ETF,158.1553588749801
2020-07-13,31.636716842651367,FINX,Global X FinTech ETF,154.0350746854269
2020-07-14,31.64601707458496,FINX,Global X FinTech ETF,154.08035630954762
2020-07-15,32.18538284301758,FINX,Global X FinTech ETF,156.7064583427167
2020-07-16,31.692514419555664,FINX,Global X FinTech ETF,154.30674585688462
2020-07-17,32.08308792114258,FINX,Global X FinTech ETF,156.208397623922
2020-07-20,32.975833892822266,FINX,Global X FinTech ETF,160.55506207417884
2020-07-21,33.09672546386719,FINX,Global X FinTech ETF,161.14366746794835
2020-07-22,33.33851623535156,FINX,Global X FinTech ETF,162.3209154020207
2020-07-23,32.836341857910156,FINX,Global X FinTech ETF,159.87589343216789
2020-07-24,32.296974182128906,FINX,Global X FinTech ETF,157.24978211236547
2020-07-27,32.882843017578125,FINX,Global X FinTech ETF,160.10230155277154
2020-07-28,32.53875732421875,FINX,Global X FinTech ETF,158.4269928999045
2020-07-29,33.37571334838867,FINX,Global X FinTech ETF,162.50202332523693
2020-07-30,33.34781265258789,FINX,Global X FinTech ETF,162.36617845287475
2020-07-31,33.273406982421875,FINX,Global X FinTech ETF,162.00390688664226
2020-08-03,33.95227813720703,FINX,Global X FinTech ETF,165.3092425682556
2020-08-04,33.83138656616211,FINX,Global X FinTech ETF,164.7206371744861
2020-08-05,34.324249267578125,FINX,Global X FinTech ETF,167.12032180041817
2020-08-06,34.70553207397461,FINX,Global X FinTech ETF,168.9767383765015
2020-08-07,34.398651123046875,FINX,Global X FinTech ETF,167.482574793384
2020-08-10,33.61750030517578,FINX,Global X FinTech ETF,163.67925268604262
2020-08-11,33.39430618286133,FINX,Global X FinTech ETF,162.59254942694508
2020-08-12,33.61750030517578,FINX,Global X FinTech ETF,163.67925268604262
2020-08-13,33.91508102416992,FINX,Global X FinTech ETF,165.12813464503932
2020-08-14,33.91508102416992,FINX,Global X FinTech ETF,165.12813464503932
2020-08-17,34.6218376159668,FINX,Global X FinTech ETF,168.56924090594822
2020-08-18,34.696231842041016,FINX,Global X FinTech ETF,168.93145675238074
2020-08-19,34.603233337402344,FINX,Global X FinTech ETF,168.4786590844401
2020-08-20,34.77993392944336,FINX,Global X FinTech ETF,169.33899136946732
2020-08-21,34.64973068237305,FINX,Global X FinTech ETF,168.7050486317771
2020-08-24,35.02171325683594,FINX,Global X FinTech ETF,170.51618358373966
2020-08-25,35.71916961669922,FINX,Global X FinTech ETF,173.91200822052784
2020-08-26,36.091156005859375,FINX,Global X FinTech ETF,175.72316174575704
2020-08-27,36.286441802978516,FINX,Global X FinTech ETF,176.67398298595907
2020-08-28,36.27714157104492,FINX,Global X FinTech ETF,176.62870136183835
2020-08-31,36.258541107177734,FINX,Global X FinTech ETF,176.5381381135969
2020-09-01,36.65840530395508,FINX,Global X FinTech ETF,178.48502507158832
2020-09-02,36.8723030090332,FINX,Global X FinTech ETF,179.5264652798318
2020-09-03,35.13330078125,FINX,Global X FinTech ETF,171.05948878012177
2020-09-04,34.259159088134766,FINX,Global X FinTech ETF,166.80340615137305
2020-09-08,33.45940017700195,FINX,Global X FinTech ETF,162.90948364925686
2020-09-09,34.3149528503418,FINX,Global X FinTech ETF,167.0750587495641
2020-09-10,33.887184143066406,FINX,Global X FinTech ETF,164.9923083459438
2020-09-11,33.501251220703125,FINX,Global X FinTech ETF,163.11325095780015
2020-09-14,34.01737594604492,FINX,Global X FinTech ETF,165.62619536383403
2020-09-15,34.603233337402344,FINX,Global X FinTech ETF,168.4786590844401
2020-09-16,34.6218376159668,FINX,Global X FinTech ETF,168.56924090594822
2020-09-17,34.18476486206055,FINX,Global X FinTech ETF,166.44119030494053
2020-09-18,34.24055480957031,FINX,Global X FinTech ETF,166.71282432986493
2020-09-21,34.03596878051758,FINX,Global X FinTech ETF,165.71672146554218
2020-09-22,34.863624572753906,FINX,Global X FinTech ETF,169.7464702667539
2020-09-23,33.998779296875,FINX,Global X FinTech ETF,165.53565068885925
2020-09-24,33.9429817199707,FINX,Global X FinTech ETF,165.26397951740154
2020-09-25,34.5660400390625,FINX,Global X FinTech ETF,168.2975697344905
2020-09-28,35.13330078125,FINX,Global X FinTech ETF,171.05948878012177
2020-09-29,35.41229248046875,FINX,Global X FinTech ETF,172.41786321067704
2020-09-30,35.310001373291016,FINX,Global X FinTech ETF,171.919821065149
2020-10-01,35.90515899658203,FINX,Global X FinTech ETF,174.81756640987578
2020-10-02,35.579673767089844,FINX,Global X FinTech ETF,173.2328210052502
2020-10-05,36.165550231933594,FINX,Global X FinTech ETF,176.08537759218956
2020-10-06,35.83076095581055,FINX,Global X FinTech ETF,174.4553319901766
2020-10-07,36.584022521972656,FINX,Global X FinTech ETF,178.1228649449558
2020-10-08,37.15128707885742,FINX,Global X FinTech ETF,180.88480256385373
2020-10-09,37.72785186767578,FINX,Global X FinTech ETF,183.6920218068724
2020-10-12,38.174224853515625,FINX,Global X FinTech ETF,185.86535403200082
2020-10-13,38.034732818603516,FINX,Global X FinTech ETF,185.18618538998984
2020-10-14,37.69995880126953,FINX,Global X FinTech ETF,183.55621408104352
2020-10-15,37.393070220947266,FINX,Global X FinTech ETF,182.06201335139275
2020-10-16,37.365177154541016,FINX,Global X FinTech ETF,181.92620562556388
2020-10-19,36.937400817871094,FINX,Global X FinTech ETF,179.84341807541026
2020-10-20,37.1884880065918,FINX,Global X FinTech ETF,181.06592906033666
2020-10-21,37.07688903808594,FINX,Global X FinTech ETF,180.52256814415455
2020-10-22,36.76070022583008,FINX,Global X FinTech ETF,178.98308579038303
2020-10-23,36.90950012207031,FINX,Global X FinTech ETF,179.70757320304807
2020-10-26,35.82146453857422,FINX,Global X FinTech ETF,174.41006893932254
2020-10-27,35.67267990112305,FINX,Global X FinTech ETF,173.68565581972416
2020-10-28,34.70553207397461,FINX,Global X FinTech ETF,168.9767383765015
2020-10-29,34.872920989990234,FINX,Global X FinTech ETF,169.79173331760796
2020-10-30,33.794185638427734,FINX,Global X FinTech ETF,164.53951067800318
2020-11-02,33.97087860107422,FINX,Global X FinTech ETF,165.39980581649706
2020-11-03,34.78923034667969,FINX,Global X FinTech ETF,169.38425442032138
2020-11-04,36.360836029052734,FINX,Global X FinTech ETF,177.0361988323916
2020-11-05,37.197784423828125,FINX,Global X FinTech ETF,181.11119211119072
2020-11-06,37.35586929321289,FINX,Global X FinTech ETF,181.88088685490982
2020-11-09,37.41166687011719,FINX,Global X FinTech ETF,182.15255802636753
2020-11-10,36.518924713134766,FINX,Global X FinTech ETF,177.80591214937735
2020-11-11,37.458168029785156,FINX,Global X FinTech ETF,182.37896614697118
2020-11-12,37.17918395996094,FINX,Global X FinTech ETF,181.02062886294925
2020-11-13,37.58835983276367,FINX,Global X FinTech ETF,183.0128531648614
2020-11-16,37.774349212646484,FINX,Global X FinTech ETF,183.91841135420938
2020-11-17,37.85804748535156,FINX,Global X FinTech ETF,184.32592739802928
2020-11-18,37.65345764160156,FINX,Global X FinTech ETF,183.32980596043987
2020-11-19,38.22072219848633,FINX,Global X FinTech ETF,186.0917435793378
2020-11-20,38.406715393066406,FINX,Global X FinTech ETF,186.99732034195242
2020-11-23,38.95537567138672,FINX,Global X FinTech ETF,189.6686761393422
2020-11-24,39.27155303955078,FINX,Global X FinTech ETF,191.20810277331375
2020-11-25,39.364559173583984,FINX,Global X FinTech ETF,191.6609375877877
2020-11-27,39.87602615356445,FINX,Global X FinTech ETF,194.15120403522792
2020-11-30,39.736534118652344,FINX,Global X FinTech ETF,193.47203539321694
2020-12-01,40.06201171875,FINX,Global X FinTech ETF,195.0567436513092
2020-12-02,39.66214370727539,FINX,Global X FinTech ETF,193.1098381200511
2020-12-03,39.88532638549805,FINX,Global X FinTech ETF,194.19648565934864
2020-12-04,40.4153938293457,FINX,Global X FinTech ETF,196.7773153550303
2020-12-07,40.72227478027344,FINX,Global X FinTech ETF,198.27147893814777
2020-12-08,41.047752380371094,FINX,Global X FinTech ETF,199.85618719624003
2020-12-09,40.37818908691406,FINX,Global X FinTech ETF,196.59617028528072
2020-12-10,40.86176681518555,FINX,Global X FinTech ETF,198.95064758015874
2020-12-11,41.29883575439453,FINX,Global X FinTech ETF,201.07867960789977
2020-12-14,41.79170608520508,FINX,Global X FinTech ETF,203.47840138036517
2020-12-15,42.2752799987793,FINX,Global X FinTech ETF,205.8328601019765
2020-12-16,42.926239013671875,FINX,Global X FinTech ETF,209.0022951914277
2020-12-17,43.698097229003906,FINX,Global X FinTech ETF,212.7603728211817
2020-12-18,43.64229965209961,FINX,Global X FinTech ETF,212.48870164972396
2020-12-21,43.21452331542969,FINX,Global X FinTech ETF,210.40591409957037
2020-12-22,43.66089630126953,FINX,Global X FinTech ETF,212.57924632469877
2020-12-23,43.530704498291016,FINX,Global X FinTech ETF,211.94535930680854
2020-12-24,43.66089630126953,FINX,Global X FinTech ETF,212.57924632469877
2020-12-28,43.428409576416016,FINX,Global X FinTech ETF,211.44729858801384
2020-12-29,43.12152862548828,FINX,Global X FinTech ETF,209.95313500489638
2020-12-30,43.36331558227539,FINX,Global X FinTech ETF,211.13036436570204
2020-12-31,43.43770980834961,FINX,Global X FinTech ETF,211.49258021213456
2021-01-04,43.102928161621094,FINX,Global X FinTech ETF,209.86257175665492
2021-01-05,43.372615814208984,FINX,Global X FinTech ETF,211.17564598982278
2021-01-06,42.591461181640625,FINX,Global X FinTech ETF,207.3723053092147
2021-01-07,42.95414352416992,FINX,Global X FinTech ETF,209.13815863705653
2021-01-08,43.605098724365234,FINX,Global X FinTech ETF,212.30757515324106
2021-01-11,42.61005401611328,FINX,Global X FinTech ETF,207.46283141092283
2021-01-12,42.61005401611328,FINX,Global X FinTech ETF,207.46283141092283
2021-01-13,42.3775749206543,FINX,Global X FinTech ETF,206.33092082077124
2021-01-14,42.63795852661133,FINX,Global X FinTech ETF,207.5986948565517
2021-01-15,42.554264068603516,FINX,Global X FinTech ETF,207.19119738599846
2021-01-19,43.391212463378906,FINX,Global X FinTech ETF,211.2661906647976
2021-01-20,44.07937240600586,FINX,Global X FinTech ETF,214.61675225073168
2021-01-21,44.34906005859375,FINX,Global X FinTech ETF,215.92982648389952
2021-01-22,44.042179107666016,FINX,Global X FinTech ETF,214.43566290078206
2021-01-25,43.89338302612305,FINX,Global X FinTech ETF,213.7111940613837
2021-01-26,43.428409576416016,FINX,Global X FinTech ETF,211.44729858801384
2021-01-27,41.996299743652344,FINX,Global X FinTech ETF,204.47454139122127
2021-01-28,42.554264068603516,FINX,Global X FinTech ETF,207.19119738599846
2021-01-29,41.84750747680664,FINX,Global X FinTech ETF,203.75009112508957
2021-02-01,43.14943313598633,FINX,Global X FinTech ETF,210.08899845052522
2021-02-02,44.14447021484375,FINX,Global X FinTech ETF,214.9337050463101
2021-02-03,44.07937240600586,FINX,Global X FinTech ETF,214.61675225073168
2021-02-04,45.2975959777832,FINX,Global X FinTech ETF,220.54812495908078
2021-02-05,46.33914566040039,FINX,Global X FinTech ETF,225.6192953952693
2021-02-08,47.213287353515625,FINX,Global X FinTech ETF,229.87537802401803
2021-02-09,47.16679382324219,FINX,Global X FinTech ETF,229.6490070499477
2021-02-10,47.892147064208984,FINX,Global X FinTech ETF,233.18065798583137
2021-02-11,48.189727783203125,FINX,Global X FinTech ETF,234.6295399448281
2021-02-12,48.51520538330078,FINX,Global X FinTech ETF,236.21424820292037
2021-02-16,48.84998321533203,FINX,Global X FinTech ETF,237.84423808513336
2021-02-17,47.957244873046875,FINX,Global X FinTech ETF,233.49761078140983
2021-02-18,47.882850646972656,FINX,Global X FinTech ETF,233.1353949349773
2021-02-19,48.254825592041016,FINX,Global X FinTech ETF,234.94649274040657
2021-02-22,46.97150802612305,FINX,Global X FinTech ETF,228.69818580974567
2021-02-23,46.199642181396484,FINX,Global X FinTech ETF,224.94007103345834
2021-02-24,45.91136169433594,FINX,Global X FinTech ETF,223.53647069858235
2021-02-25,44.18165969848633,FINX,Global X FinTech ETF,215.11477582299307
2021-02-26,43.763187408447266,FINX,Global X FinTech ETF,213.07728847022682
2021-03-01,45.30690002441406,FINX,Global X FinTech ETF,220.59342515646816
2021-03-02,44.84193801879883,FINX,Global X FinTech ETF,218.32958540289826
2021-03-03,43.195926666259766,FINX,Global X FinTech ETF,210.31536942459556
2021-03-04,41.4476318359375,FINX,Global X FinTech ETF,201.80314844729813
2021-03-05,41.57781982421875,FINX,Global X FinTech ETF,202.4370168919217
2021-03-08,40.37818908691406,FINX,Global X FinTech ETF,196.59617028528072
2021-03-09,41.94050216674805,FINX,Global X FinTech ETF,204.20287021976353
2021-03-10,42.0149040222168,FINX,Global X FinTech ETF,204.56512321272936
2021-03-11,43.567901611328125,FINX,Global X FinTech ETF,212.1264672300248
2021-03-12,43.30751419067383,FINX,Global X FinTech ETF,210.85867462097767
2021-03-15,43.3447151184082,FINX,Global X FinTech ETF,211.0398011174606
2021-03-16,43.12152862548828,FINX,Global X FinTech ETF,209.95313500489638
2021-03-17,43.381919860839844,FINX,Global X FinTech ETF,211.22094618721016
2021-03-18,41.4476318359375,FINX,Global X FinTech ETF,201.80314844729813
2021-03-19,41.894004821777344,FINX,Global X FinTech ETF,203.97648067242653
2021-03-22,42.07999801635742,FINX,Global X FinTech ETF,204.88205743504116
2021-03-23,41.55921936035156,FINX,Global X FinTech ETF,202.34645364368023
2021-03-24,40.65717697143555,FINX,Global X FinTech ETF,197.95452614256934
2021-03-25,40.55488586425781,FINX,Global X FinTech ETF,197.4564839970413
2021-03-26,41.01055145263672,FINX,Global X FinTech ETF,199.6750606997571
2021-03-29,40.15501022338867,FINX,Global X FinTech ETF,195.50954131924985
2021-03-30,40.164306640625,FINX,Global X FinTech ETF,195.5548043701039
2021-03-31,41.038455963134766,FINX,Global X FinTech ETF,199.81092414538597
2021-04-01,42.18228530883789,FINX,Global X FinTech ETF,205.38008100730255
2021-04-05,42.46126937866211,FINX,Global X FinTech ETF,206.73841829132448
2021-04-06,42.972740173339844,FINX,Global X FinTech ETF,209.22870331203134
2021-04-07,43.056434631347656,FINX,Global X FinTech ETF,209.63620078258458
2021-04-08,43.837581634521484,FINX,Global X FinTech ETF,213.43950431665934
2021-04-09,44.09796905517578,FINX,Global X FinTech ETF,214.70729692570646
2021-04-12,43.95847702026367,FINX,Global X FinTech ETF,214.0281282836955
2021-04-13,44.63734817504883,FINX,Global X FinTech ETF,217.33346396530885
2021-04-14,44.14447021484375,FINX,Global X FinTech ETF,214.9337050463101
2021-04-15,44.73033142089844,FINX,Global X FinTech ETF,217.78618734018283
2021-04-16,44.57224655151367,FINX,Global X FinTech ETF,217.01649259646373
2021-04-19,43.77248764038086,FINX,Global X FinTech ETF,213.12257009434754
2021-04-20,43.40981674194336,FINX,Global X FinTech ETF,211.3567724863057
2021-04-21,43.64229965209961,FINX,Global X FinTech ETF,212.48870164972396
2021-04-22,43.809696197509766,FINX,Global X FinTech ETF,213.30373373736379
2021-04-23,44.469947814941406,FINX,Global X FinTech ETF,216.51841330440237
2021-04-26,45.083717346191406,FINX,Global X FinTech ETF,219.50677761717063
2021-04-27,44.55364990234375,FINX,Global X FinTech ETF,216.92594792148896
2021-04-28,44.58154296875,FINX,Global X FinTech ETF,217.06175564731782
2021-04-29,44.256065368652344,FINX,Global X FinTech ETF,215.47704738922556
2021-04-30,43.261024475097656,FINX,Global X FinTech ETF,210.632322220174
2021-05-03,43.09363555908203,FINX,Global X FinTech ETF,209.8173272790675
2021-05-04,41.50342559814453,FINX,Global X FinTech ETF,202.07480104548918
2021-05-05,41.27093505859375,FINX,Global X FinTech ETF,200.9428347355376
2021-05-06,40.70368194580078,FINX,Global X FinTech ETF,198.18095283643964
2021-05-07,41.27093505859375,FINX,Global X FinTech ETF,200.9428347355376
2021-05-10,40.05735778808594,FINX,Global X FinTech ETF,195.0340842659822
2021-05-11,39.80162811279297,FINX,Global X FinTech ETF,193.78896961552874
2021-05-12,38.546207427978516,FINX,Global X FinTech ETF,187.67648898396337
2021-05-13,38.29512405395508,FINX,Global X FinTech ETF,186.45399657230365
2021-05-14,39.318050384521484,FINX,Global X FinTech ETF,191.43449232065072
2021-05-17,39.22506332397461,FINX,Global X FinTech ETF,190.98175037251008
2021-05-18,39.46684265136719,FINX,Global X FinTech ETF,192.15894258678242
2021-05-19,39.420345306396484,FINX,Global X FinTech ETF,191.93255303944545
2021-05-20,40.63858413696289,FINX,Global X FinTech ETF,197.86400004086119
2021-05-21,40.63858413696289,FINX,Global X FinTech ETF,197.86400004086119
2021-05-24,41.25234603881836,FINX,Global X FinTech ETF,200.8523272070961
2021-05-25,41.53131866455078,FINX,Global X FinTech ETF,202.21060877131805
2021-05-26,41.8661003112793,FINX,Global X FinTech ETF,203.8406172267977
2021-05-27,41.91260528564453,FINX,Global X FinTech ETF,204.067043920668
2021-05-28,41.977699279785156,FINX,Global X FinTech ETF,204.3839781429798
2021-06-01,42.07069778442383,FINX,Global X FinTech ETF,204.83677581092044
2021-06-02,42.08929443359375,FINX,Global X FinTech ETF,204.92732048589522
2021-06-03,41.5964241027832,FINX,Global X FinTech ETF,202.52759871342982
2021-06-04,42.12649154663086,FINX,Global X FinTech ETF,205.1084284091115
2021-06-07,42.14509201049805,FINX,Global X FinTech ETF,205.19899165735293
2021-06-08,42.38687515258789,FINX,Global X FinTech ETF,206.37620244489196
2021-06-09,42.15439224243164,FINX,Global X FinTech ETF,205.24427328147368
2021-06-10,42.628665924072266,FINX,Global X FinTech ETF,207.5534503789643
2021-06-11,43.000633239746094,FINX,Global X FinTech ETF,209.3645110378602
2021-06-14,43.391212463378906,FINX,Global X FinTech ETF,211.2661906647976
2021-06-15,43.168025970458984,FINX,Global X FinTech ETF,210.17952455223337
2021-06-16,43.13082504272461,FINX,Global X FinTech ETF,209.99839805575044
2021-06-17,43.763187408447266,FINX,Global X FinTech ETF,213.07728847022682
2021-06-18,43.99567794799805,FINX,Global X FinTech ETF,214.2092547801784
2021-06-21,44.33976364135742,FINX,Global X FinTech ETF,215.88456343304546
2021-06-22,44.562950134277344,FINX,Global X FinTech ETF,216.97122954560967
2021-06-23,44.77684020996094,FINX,Global X FinTech ETF,218.01263260731983
2021-06-24,45.437095642089844,FINX,Global X FinTech ETF,221.22733074762505
2021-06-25,45.251102447509766,FINX,Global X FinTech ETF,220.32175398501045
2021-06-28,44.96282196044922,FINX,Global X FinTech ETF,218.91815365013446
2021-06-29,44.86052703857422,FINX,Global X FinTech ETF,218.42009293133975
2021-06-30,44.33045959472656,FINX,Global X FinTech ETF,215.83926323565808
2021-07-01,44.36765670776367,FINX,Global X FinTech ETF,216.02037115887433
2021-07-02,44.60944366455078,FINX,Global X FinTech ETF,217.19760051968
2021-07-06,44.41415786743164,FINX,Global X FinTech ETF,216.24677927947798
2021-07-07,44.562950134277344,FINX,Global X FinTech ETF,216.97122954560967
2021-07-08,43.59580612182617,FINX,Global X FinTech ETF,212.26233067565366
2021-07-09,44.246768951416016,FINX,Global X FinTech ETF,215.4317843383715
2021-07-12,44.12586975097656,FINX,Global X FinTech ETF,214.84314179806867
2021-07-13,43.73529052734375,FINX,Global X FinTech ETF,212.9414621711313
2021-07-14,43.24242401123047,FINX,Global X FinTech ETF,210.54175897193255
2021-07-15,42.73095703125,FINX,Global X FinTech ETF,208.05149252449235
2021-07-16,42.68445587158203,FINX,Global X FinTech ETF,207.8250844038887
2021-07-19,42.02419662475586,FINX,Global X FinTech ETF,204.6103676903168
2021-07-20,42.88904571533203,FINX,Global X FinTech ETF,208.8212058414781
2021-07-21,43.7073974609375,FINX,Global X FinTech ETF,212.80565444530242
2021-07-22,43.763187408447266,FINX,Global X FinTech ETF,213.07728847022682
2021-07-23,43.939884185791016,FINX,Global X FinTech ETF,213.93760218198736
2021-07-26,44.218868255615234,FINX,Global X FinTech ETF,215.2959394660093
2021-07-27,43.45630645751953,FINX,Global X FinTech ETF,211.58312488710936
2021-07-28,44.08866882324219,FINX,Global X FinTech ETF,214.66201530158574
2021-07-29,44.218868255615234,FINX,Global X FinTech ETF,215.2959394660093
2021-07-30,43.679500579833984,FINX,Global X FinTech ETF,212.6698281462069
2021-08-02,44.55364990234375,FINX,Global X FinTech ETF,216.92594792148896
2021-08-03,44.07937240600586,FINX,Global X FinTech ETF,214.61675225073168
2021-08-04,44.26536560058594,FINX,Global X FinTech ETF,215.52232901334628
2021-08-05,45.10231018066406,FINX,Global X FinTech ETF,219.59730371887875
2021-08-06,45.027915954589844,FINX,Global X FinTech ETF,219.23508787244623
2021-08-09,45.49288558959961,FINX,Global X FinTech ETF,221.49896477254944
2021-08-10,45.186012268066406,FINX,Global X FinTech ETF,220.00483833596533
2021-08-11,45.678871154785156,FINX,Global X FinTech ETF,222.40450438863076
2021-08-12,45.33479309082031,FINX,Global X FinTech ETF,220.72923288229703
2021-08-13,45.58588790893555,FINX,Global X FinTech ETF,221.95178101375674
2021-08-16,45.130210876464844,FINX,Global X FinTech ETF,219.73314859124093
2021-08-17,44.655941009521484,FINX,Global X FinTech ETF,217.423990067017
2021-08-18,44.823333740234375,FINX,Global X FinTech ETF,218.23900358139014
2021-08-19,44.879127502441406,FINX,Global X FinTech ETF,218.5106561795812
2021-08-20,45.464988708496094,FINX,Global X FinTech ETF,221.36313847345392
2021-08-23,46.367042541503906,FINX,Global X FinTech ETF,225.75512169436482
2021-08-24,46.943603515625,FINX,Global X FinTech ETF,228.56232236411682
2021-08-25,46.82270812988281,FINX,Global X FinTech ETF,227.97369839708065
2021-08-26,46.16244888305664,FINX,Global X FinTech ETF,224.75898168350875
2021-08-27,47.64105224609375,FINX,Global X FinTech ETF,231.95810985437166
2021-08-30,48.087432861328125,FINX,Global X FinTech ETF,234.1314792260334
2021-08-31,47.83634948730469,FINX,Global X FinTech ETF,232.90898681437366
2021-09-01,48.31061935424805,FINX,Global X FinTech ETF,235.21814533859762
2021-09-02,48.292022705078125,FINX,Global X FinTech ETF,235.12760066362281
2021-09-03,48.55241012573242,FINX,Global X FinTech ETF,236.39539327266993
2021-09-07,48.23622512817383,FINX,Global X FinTech ETF,234.8559294921651
2021-09-08,47.622459411621094,FINX,Global X FinTech ETF,231.86758375266353
2021-09-09,47.929351806640625,FINX,Global X FinTech ETF,233.36180305558096
2021-09-10,47.42716979980469,FINX,Global X FinTech ETF,230.91674393919484
2021-09-13,47.03660202026367,FINX,Global X FinTech ETF,229.01512003205747
2021-09-14,46.748321533203125,FINX,Global X FinTech ETF,227.61151969718145
2021-09-15,47.16679382324219,FINX,Global X FinTech ETF,229.6490070499477
2021-09-16,47.6689567565918,FINX,Global X FinTech ETF,232.0939733000005
2021-09-17,47.380672454833984,FINX,Global X FinTech ETF,230.69035439185785
2021-09-20,45.9671630859375,FINX,Global X FinTech ETF,223.80816044330672
2021-09-21,46.2182502746582,FINX,Global X FinTech ETF,225.03067142823312
2021-09-22,46.943603515625,FINX,Global X FinTech ETF,228.56232236411682
2021-09-23,47.882850646972656,FINX,Global X FinTech ETF,233.1353949349773
2021-09-24,47.250484466552734,FINX,Global X FinTech ETF,230.05648594723428
2021-09-27,46.92499923706055,FINX,Global X FinTech ETF,228.4717405426087
2021-09-28,44.95352554321289,FINX,Global X FinTech ETF,218.87289059928037
2021-09-29,44.73963928222656,FINX,Global X FinTech ETF,217.8315061108369
2021-09-30,44.655941009521484,FINX,Global X FinTech ETF,217.423990067017
2021-10-01,45.23249435424805,FINX,Global X FinTech ETF,220.23115359023566
2021-10-04,43.5493049621582,FINX,Global X FinTech ETF,212.03592255505
2021-10-05,44.442054748535156,FINX,Global X FinTech ETF,216.3826055785735
2021-10-06,45.17670822143555,FINX,Global X FinTech ETF,219.95953813857793
2021-10-07,45.89276123046875,FINX,Global X FinTech ETF,223.44590745034088
2021-10-08,45.251102447509766,FINX,Global X FinTech ETF,220.32175398501045
2021-10-11,44.60013961791992,FINX,Global X FinTech ETF,217.1523003222926
2021-10-12,44.95352554321289,FINX,Global X FinTech ETF,218.87289059928037
2021-10-13,45.771873474121094,FINX,Global X FinTech ETF,222.85732062983806
2021-10-14,46.99940490722656,FINX,Global X FinTech ETF,228.8340121088412
2021-10-15,47.59457015991211,FINX,Global X FinTech ETF,231.73179460010132
2021-10-18,48.04093933105469,FINX,Global X FinTech ETF,233.90510825196307
2021-10-19,48.729095458984375,FINX,Global X FinTech ETF,237.2556512646305
2021-10-20,48.61750411987305,FINX,Global X FinTech ETF,236.71232749498174
2021-10-21,48.691898345947266,FINX,Global X FinTech ETF,237.07454334141426
2021-10-22,48.115333557128906,FINX,Global X FinTech ETF,234.2673240983956
2021-10-25,49.12897872924805,FINX,Global X FinTech ETF,239.20263108895526
2021-10-26,48.71978759765625,FINX,Global X FinTech ETF,237.21033249397647
2021-10-27,47.25978469848633,FINX,Global X FinTech ETF,230.101767571355
2021-10-28,47.93864440917969,FINX,Global X FinTech ETF,233.40704753316837
2021-10-29,47.80845642089844,FINX,Global X FinTech ETF,232.7731790885448
2021-11-01,48.059539794921875,FINX,Global X FinTech ETF,233.99567150020454
2021-11-02,47.72475051879883,FINX,Global X FinTech ETF,232.36562589819158
2021-11-03,48.14323425292969,FINX,Global X FinTech ETF,234.40316897075778
2021-11-04,48.1804313659668,FINX,Global X FinTech ETF,234.58427689397405
2021-11-05,48.27342224121094,FINX,Global X FinTech ETF,235.03703741538135
2021-11-08,48.70119857788086,FINX,Global X FinTech ETF,237.11982496553497
2021-11-09,48.10602951049805,FINX,Global X FinTech ETF,234.2220239010082
2021-11-10,46.33914566040039,FINX,Global X FinTech ETF,225.6192953952693
2021-11-11,46.93430709838867,FINX,Global X FinTech ETF,228.51705931326276
2021-11-12,47.43647384643555,FINX,Global X FinTech ETF,230.96204413658222
2021-11-15,47.185394287109375,FINX,Global X FinTech ETF,229.73957029818916
2021-11-16,47.315582275390625,FINX,Global X FinTech ETF,230.37343874281274
2021-11-17,46.134552001953125,FINX,Global X FinTech ETF,224.62315538441322
2021-11-18,44.981422424316406,FINX,Global X FinTech ETF,219.0087168983759
2021-11-19,45.23249435424805,FINX,Global X FinTech ETF,220.23115359023566
2021-11-22,43.13082504272461,FINX,Global X FinTech ETF,209.99839805575044
2021-11-23,43.168025970458984,FINX,Global X FinTech ETF,210.17952455223337
2021-11-24,43.54000473022461,FINX,Global X FinTech ETF,211.99064093092926
2021-11-26,42.95414352416992,FINX,Global X FinTech ETF,209.13815863705653
2021-11-29,43.25172805786133,FINX,Global X FinTech ETF,210.58705916931993
2021-11-30,42.44266891479492,FINX,Global X FinTech ETF,206.647855043083
2021-12-01,40.75017547607422,FINX,Global X FinTech ETF,198.40732381050995
2021-12-02,40.945457458496094,FINX,Global X FinTech ETF,199.35812647744532
2021-12-03,39.41104507446289,FINX,Global X FinTech ETF,191.8872714153247
2021-12-06,39.94112014770508,FINX,Global X FinTech ETF,194.4681382575397
2021-12-07,41.77310562133789,FINX,Global X FinTech ETF,203.3878381321237
2021-12-08,41.93120193481445,FINX,Global X FinTech ETF,204.1575885956428
2021-12-09,40.573486328125,FINX,Global X FinTech ETF,197.54704724528273
2021-12-10,40.164306640625,FINX,Global X FinTech ETF,195.5548043701039
2021-12-13,39.5970458984375,FINX,Global X FinTech ETF,192.79288532447265
2021-12-14,38.90888214111328,FINX,Global X FinTech ETF,189.4423051652719
2021-12-15,39.69003677368164,FINX,Global X FinTech ETF,193.24564584587995
2021-12-16,38.49040985107422,FINX,Global X FinTech ETF,187.40481781250566
2021-12-17,38.44390869140625,FINX,Global X FinTech ETF,187.178409691902
2021-12-20,37.467472076416016,FINX,Global X FinTech ETF,182.42426634435859
2021-12-21,39.12276840209961,FINX,Global X FinTech ETF,190.48368965371537
2021-12-22,39.429649353027344,FINX,Global X FinTech ETF,191.97785323683283
2021-12-23,39.70863723754883,FINX,Global X FinTech ETF,193.33620909412141
2021-12-27,40.10851287841797,FINX,Global X FinTech ETF,195.28315177191286
2021-12-28,39.3366584777832,FINX,Global X FinTech ETF,191.52509271542553
2021-12-29,39.057674407958984,FINX,Global X FinTech ETF,190.16675543140357
2021-12-30,39.65868377685547,FINX,Global X FinTech ETF,193.09299216718912
2021-12-31,39.24689865112305,FINX,Global X FinTech ETF,191.08806375088048
2022-01-03,39.433189392089844,FINX,Global X FinTech ETF,191.9950892282947
2022-01-04,38.3056755065918,FINX,Global X FinTech ETF,186.50537022788933
2022-01-05,36.79580307006836,FINX,Global X FinTech ETF,179.15399699020213
2022-01-06,36.697757720947266,FINX,Global X FinTech ETF,178.67662689046833
2022-01-07,36.39382553100586,FINX,Global X FinTech ETF,177.19682044248023
2022-01-10,35.72712707519531,FINX,Global X FinTech ETF,173.95075205478372
2022-01-11,36.9722900390625,FINX,Global X FinTech ETF,180.0132891722963
2022-01-12,36.717376708984375,FINX,Global X FinTech ETF,178.77214920090842
2022-01-13,35.129066467285156,FINX,Global X FinTech ETF,171.03887245412753
2022-01-14,34.74668884277344,FINX,Global X FinTech ETF,169.17712535051237
2022-01-18,33.72703552246094,FINX,Global X FinTech ETF,164.21256546496085
2022-01-19,33.717227935791016,FINX,Global X FinTech ETF,164.16481359637413
2022-01-20,33.785858154296875,FINX,Global X FinTech ETF,164.49896523688113
2022-01-21,32.41325378417969,FINX,Global X FinTech ETF,157.81593242674123
2022-01-24,32.15833282470703,FINX,Global X FinTech ETF,156.57475530882002
2022-01-25,31.491640090942383,FINX,Global X FinTech ETF,153.3287147810235
2022-01-26,31.275943756103516,FINX,Global X FinTech ETF,152.27851727754916
2022-01-27,30.38374900817871,FINX,Global X FinTech ETF,147.9345366643249
2022-01-28,31.511249542236328,FINX,Global X FinTech ETF,153.42419065829694
2022-01-31,33.2662353515625,FINX,Global X FinTech ETF,161.96898914531863
2022-02-01,34.0701904296875,FINX,Global X FinTech ETF,165.88334224076246
2022-02-02,32.62894821166992,FINX,Global X FinTech ETF,158.86612064358226
2022-02-03,31.060245513916016,FINX,Global X FinTech ETF,151.22831048744146
2022-02-04,32.26618576049805,FINX,Global X FinTech ETF,157.09987727714054
2022-02-07,32.34462356567383,FINX,Global X FinTech ETF,157.48178078623422
2022-02-08,32.41325378417969,FINX,Global X FinTech ETF,157.81593242674123
2022-02-09,33.94273376464844,FINX,Global X FinTech ETF,165.26277225506854
2022-02-10,33.168190002441406,FINX,Global X FinTech ETF,161.49161904558483
2022-02-11,32.06029510498047,FINX,Global X FinTech ETF,156.09742235561956
2022-02-14,32.06029510498047,FINX,Global X FinTech ETF,156.09742235561956
2022-02-15,32.677974700927734,FINX,Global X FinTech ETF,159.10482426671584
2022-02-16,32.81522750854492,FINX,Global X FinTech ETF,159.7730904011965
2022-02-17,31.187705993652344,FINX,Global X FinTech ETF,151.84889904640207
2022-02-18,30.38374900817871,FINX,Global X FinTech ETF,147.9345366643249
2022-02-22,29.834701538085938,FINX,Global X FinTech ETF,145.26129568036893
2022-02-23,28.903284072875977,FINX,Global X FinTech ETF,140.72634473933115
2022-02-24,30.1484432220459,FINX,Global X FinTech ETF,146.7888632835771
2022-02-25,30.942594528198242,FINX,Global X FinTech ETF,150.6554830837009
2022-02-28,31.501445770263672,FINX,Global X FinTech ETF,153.37645736297688
2022-03-01,30.942594528198242,FINX,Global X FinTech ETF,150.6554830837009
2022-03-02,31.37398910522461,FINX,Global X FinTech ETF,152.75588737728293
2022-03-03,30.07000732421875,FINX,Global X FinTech ETF,146.40696906111674
2022-03-04,28.7562198638916,FINX,Global X FinTech ETF,140.01030816299712
2022-03-07,27.33458709716797,FINX,Global X FinTech ETF,133.08856244309035
2022-03-08,27.550283432006836,FINX,Global X FinTech ETF,134.1387599465647
2022-03-09,29.285659790039062,FINX,Global X FinTech ETF,142.588082556313
2022-03-10,28.80524253845215,FINX,Global X FinTech ETF,140.24899321286404
2022-03-11,27.53067398071289,FINX,Global X FinTech ETF,134.04328406929127
2022-03-14,26.82476234436035,FINX,Global X FinTech ETF,130.6062917869479
2022-03-15,27.618915557861328,FINX,Global X FinTech ETF,134.47292087370505
2022-03-16,29.766077041625977,FINX,Global X FinTech ETF,144.92717189976193
2022-03-17,30.63865852355957,FINX,Global X FinTech ETF,149.1756580624461
2022-03-18,31.834794998168945,FINX,Global X FinTech ETF,154.99949155682515
2022-03-21,31.236724853515625,FINX,Global X FinTech ETF,152.0875655230023
2022-03-22,31.972049713134766,FINX,Global X FinTech ETF,155.66776697793915
2022-03-23,31.344573974609375,FINX,Global X FinTech ETF,152.61266891805613
2022-03-24,31.86421012878418,FINX,Global X FinTech ETF,155.14271001605195
2022-03-25,31.089658737182617,FINX,Global X FinTech ETF,151.37151966003492
2022-03-28,31.589685440063477,FINX,Global X FinTech ETF,153.8060848807573
2022-03-29,32.88386154174805,FINX,Global X FinTech ETF,160.10726061497016
2022-03-30,32.19755172729492,FINX,Global X FinTech ETF,156.76570706336688
2022-03-31,31.393598556518555,FINX,Global X FinTech ETF,152.85136325455636
2022-04-01,31.609296798706055,FINX,Global X FinTech ETF,153.90157004466406
2022-04-04,32.530906677246094,FINX,Global X FinTech ETF,158.38876911711512
2022-04-05,31.579879760742188,FINX,Global X FinTech ETF,153.75834229880394
2022-04-06,30.540613174438477,FINX,Global X FinTech ETF,148.6982879627123
2022-04-07,30.246484756469727,FINX,Global X FinTech ETF,147.26621481004423
2022-04-08,29.834701538085938,FINX,Global X FinTech ETF,145.26129568036893
2022-04-11,29.413114547729492,FINX,Global X FinTech ETF,143.2086432553736
2022-04-12,29.187610626220703,FINX,Global X FinTech ETF,142.11069388331254
2022-04-13,29.628808975219727,FINX,Global X FinTech ETF,144.25883147221464
2022-04-14,29.00132942199707,FINX,Global X FinTech ETF,141.20371483906496
2022-04-18,28.707197189331055,FINX,Global X FinTech ETF,139.77162311313023
2022-04-19,29.707242965698242,FINX,Global X FinTech ETF,144.64071640804167
2022-04-20,28.971920013427734,FINX,Global X FinTech ETF,141.06052423973816
2022-04-21,27.942459106445312,FINX,Global X FinTech ETF,136.04821248559992
2022-04-22,27.001239776611328,FINX,Global X FinTech ETF,131.46553753587543
2022-04-25,27.354196548461914,FINX,Global X FinTech ETF,133.18403832036378
2022-04-26,26.3149356842041,FINX,Global X FinTech ETF,128.12401184417214
2022-04-27,26.236499786376953,FINX,Global X FinTech ETF,127.74211762171177
2022-04-28,27.314979553222656,FINX,Global X FinTech ETF,132.99309585245027
2022-04-29,26.177669525146484,FINX,Global X FinTech ETF,127.45568070325817
2022-05-02,26.540433883666992,FINX,Global X FinTech ETF,129.22193335633324
2022-05-03,26.55023765563965,FINX,Global X FinTech ETF,129.26966665165327
2022-05-04,27.432628631591797,FINX,Global X FinTech ETF,133.5659139695575
2022-05-05,25.609018325805664,FINX,Global X FinTech ETF,124.68699170192879
2022-05-06,24.550146102905273,FINX,Global X FinTech ETF,119.53148006183041
2022-05-09,23.04027557373047,FINX,Global X FinTech ETF,112.18011611077654
2022-05-10,22.520639419555664,FINX,Global X FinTech ETF,109.65007501278073
2022-05-11,21.46177101135254,FINX,Global X FinTech ETF,104.49458194594901
2022-05-12,21.697071075439453,FINX,Global X FinTech ETF,105.6402274667968
2022-05-13,23.197141647338867,FINX,Global X FinTech ETF,112.94387669579729
2022-05-16,22.795162200927734,FINX,Global X FinTech ETF,110.98669086144204
2022-05-17,23.64814567565918,FINX,Global X FinTech ETF,115.13975686665277
2022-05-18,22.77555274963379,FINX,Global X FinTech ETF,110.89121498416861
2022-05-19,23.5697078704834,FINX,Global X FinTech ETF,114.75785335755907
2022-05-20,23.657947540283203,FINX,Global X FinTech ETF,115.18748087533949
2022-05-23,23.863840103149414,FINX,Global X FinTech ETF,116.1899450834938
2022-05-24,22.932422637939453,FINX,Global X FinTech ETF,111.65499414245603
2022-05-25,23.520687103271484,FINX,Global X FinTech ETF,114.5191775943255
2022-05-26,24.31484031677246,FINX,Global X FinTech ETF,118.38580668108261
2022-05-27,25.20703887939453,FINX,Global X FinTech ETF,122.72980586757353
2022-05-31,24.834470748901367,FINX,Global X FinTech ETF,120.91581991917843
2022-06-01,24.197189331054688,FINX,Global X FinTech ETF,117.81297927734205
2022-06-02,25.089387893676758,FINX,Global X FinTech ETF,122.15697846383297
2022-06-03,24.6187801361084,FINX,Global X FinTech ETF,119.86565027560405
2022-06-06,24.667800903320312,FINX,Global X FinTech ETF,120.10432603883763
2022-06-07,24.746231079101562,FINX,Global X FinTech ETF,120.48619240139801
2022-06-08,24.412883758544922,FINX,Global X FinTech ETF,118.86316749418309
2022-06-09,23.29518699645996,FINX,Global X FinTech ETF,113.42124679553109
2022-06-10,22.432401657104492,FINX,Global X FinTech ETF,109.22045678163364
2022-06-13,20.991159439086914,FINX,Global X FinTech ETF,102.20323518445343
2022-06-14,20.87350845336914,FINX,Global X FinTech ETF,101.63040778071287
2022-06-15,21.432357788085938,FINX,Global X FinTech ETF,104.35137277335554
2022-06-16,20.46172332763672,FINX,Global X FinTech ETF,99.62547936440424
2022-06-17,20.991159439086914,FINX,Global X FinTech ETF,102.20323518445343
2022-06-21,21.363725662231445,FINX,Global X FinTech ETF,104.0172118462152
2022-06-22,21.35392189025879,FINX,Global X FinTech ETF,103.96947855089516
2022-06-23,21.93238067626953,FINX,Global X FinTech ETF,106.78591942081125
2022-06-24,22.961837768554688,FINX,Global X FinTech ETF,111.79821260168283
2022-06-27,22.48142433166504,FINX,Global X FinTech ETF,109.45914183150055
2022-06-28,21.638246536254883,FINX,Global X FinTech ETF,105.35381840824319
2022-06-29,21.403379440307617,FINX,Global X FinTech ETF,104.21028095316147
2022-06-30,20.931678771972656,FINX,Global X FinTech ETF,101.91363152403405
2022-07-01,21.3149356842041,FINX,Global X FinTech ETF,103.77965976561467
2022-07-05,21.786636352539062,FINX,Global X FinTech ETF,106.0763091947421
2022-07-06,21.776811599731445,FINX,Global X FinTech ETF,106.0284737464554
2022-07-07,22.26816749572754,FINX,Global X FinTech ETF,108.4208219320562
2022-07-08,22.179718017578125,FINX,Global X FinTech ETF,107.99017288460941
2022-07-11,21.501651763916016,FINX,Global X FinTech ETF,104.68875616226163
2022-07-12,21.4525146484375,FINX,Global X FinTech ETF,104.44951391439488
2022-07-13,21.2952823638916,FINX,Global X FinTech ETF,103.68397029577463
2022-07-14,20.990644454956055,FINX,Global X FinTech ETF,102.20072779345413
2022-07-15,21.609750747680664,FINX,Global X FinTech ETF,105.2150761062818
2022-07-18,21.845596313476562,FINX,Global X FinTech ETF,106.3633776042622
2022-07-19,22.70055389404297,FINX,Global X FinTech ETF,110.52605527497025
2022-07-20,23.38844871520996,FINX,Global X FinTech ETF,113.87532601887136
2022-07-21,23.702919006347656,FINX,Global X FinTech ETF,115.40644111601188
2022-07-22,23.191909790039062,FINX,Global X FinTech ETF,112.91840346057104
2022-07-25,22.99536895751953,FINX,Global X FinTech ETF,111.9614716156374
2022-07-26,22.209199905395508,FINX,Global X FinTech ETF,108.13371637600278
2022-07-27,23.45724105834961,FINX,Global X FinTech ETF,114.21026702321147
2022-07-28,23.742223739624023,FINX,Global X FinTech ETF,115.59781076905861
2022-07-29,23.948593139648438,FINX,Global X FinTech ETF,116.60259663554561
2022-08-01,23.958417892456055,FINX,Global X FinTech ETF,116.6504320838323
2022-08-02,24.1451358795166,FINX,Global X FinTech ETF,117.5595377671126
2022-08-03,25.432483673095703,FINX,Global X FinTech ETF,123.82746735400136
2022-08-04,25.491445541381836,FINX,Global X FinTech ETF,124.11454505015479
2022-08-05,25.294902801513672,FINX,Global X FinTech ETF,123.1576039185878
2022-08-08,25.668333053588867,FINX,Global X FinTech ETF,124.97578742524841
2022-08-09,25.059053421020508,FINX,Global X FinTech ETF,122.00928384734075
2022-08-10,26.238304138183594,FINX,Global X FinTech ETF,127.75090277684266
2022-08-11,25.99262809753418,FINX,Global X FinTech ETF,126.5547379706756
2022-08-12,26.523286819458008,FINX,Global X FinTech ETF,129.1384465226898
2022-08-15,26.513460159301758,FINX,Global X FinTech ETF,129.09060178776977
2022-08-16,26.395536422729492,FINX,Global X FinTech ETF,128.51644639546294
2022-08-17,25.59954071044922,FINX,Global X FinTech ETF,124.6408464209083
2022-08-18,25.373519897460938,FINX,Global X FinTech ETF,123.5403803712146
2022-08-19,24.51856231689453,FINX,Global X FinTech ETF,119.37770270050655
2022-08-22,23.850322723388672,FINX,Global X FinTech ETF,116.12413071307878
2022-08-23,23.771705627441406,FINX,Global X FinTech ETF,115.74135426045198
2022-08-24,24.204097747802734,FINX,Global X FinTech ETF,117.84661546326602
2022-08-25,24.508737564086914,FINX,Global X FinTech ETF,119.32986725221986
2022-08-26,23.427759170532227,FINX,Global X FinTech ETF,114.0667235318181
2022-08-29,23.231216430664062,FINX,Global X FinTech ETF,113.1097824002511
2022-08-30,23.152599334716797,FINX,Global X FinTech ETF,112.72700594762432
2022-08-31,23.113292694091797,FINX,Global X FinTech ETF,112.53562700794426
2022-09-01,22.847959518432617,FINX,Global X FinTech ETF,111.24375415867048
2022-09-02,22.533493041992188,FINX,Global X FinTech ETF,109.71265763479664
2022-09-06,22.42539405822754,FINX,Global X FinTech ETF,109.18633769077647
2022-09-07,23.05432891845703,FINX,Global X FinTech ETF,112.2485400251575
2022-09-08,23.33931541442871,FINX,Global X FinTech ETF,113.63610234427128
2022-09-09,24.135311126708984,FINX,Global X FinTech ETF,117.51170231882591
2022-09-12,24.4989070892334,FINX,Global X FinTech ETF,119.28200394403318
2022-09-13,23.280349731445312,FINX,Global X FinTech ETF,113.34900607485119
2022-09-14,23.47689437866211,FINX,Global X FinTech ETF,114.30595649305151
2022-09-15,23.241043090820312,FINX,Global X FinTech ETF,113.15762713517113
2022-09-16,22.504011154174805,FINX,Global X FinTech ETF,109.56911414340327
2022-09-19,22.29764747619629,FINX,Global X FinTech ETF,108.56435613681626
2022-09-20,21.776811599731445,FINX,Global X FinTech ETF,106.0284737464554
2022-09-21,21.5114803314209,FINX,Global X FinTech ETF,104.73661018381497
2022-09-22,20.86288833618164,FINX,Global X FinTech ETF,101.57869980632726
2022-09-23,20.401020050048828,FINX,Global X FinTech ETF,99.32992297201984
2022-09-26,20.086549758911133,FINX,Global X FinTech ETF,97.79880787487933
2022-09-27,20.1651668548584,FINX,Global X FinTech ETF,98.18158432750613
2022-09-28,20.853065490722656,FINX,Global X FinTech ETF,101.5308736446739
2022-09-29,20.106203079223633,FINX,Global X FinTech ETF,97.89449734471937
2022-09-30,19.929319381713867,FINX,Global X FinTech ETF,97.0332735428924
2022-10-03,20.381364822387695,FINX,Global X FinTech ETF,99.23422421554648
2022-10-04,21.62940216064453,FINX,Global X FinTech ETF,105.31075628948851
2022-10-05,21.5114803314209,FINX,Global X FinTech ETF,104.73661018381497
2022-10-06,21.354244232177734,FINX,Global X FinTech ETF,103.97104799192806
2022-10-07,20.440326690673828,FINX,Global X FinTech ETF,99.52130191169991
2022-10-10,20.027587890625,FINX,Global X FinTech ETF,97.5117301787259
2022-10-11,19.669883728027344,FINX,Global X FinTech ETF,95.77011496387732
2022-10-12,19.713123321533203,FINX,Global X FinTech ETF,95.98064294148539
2022-10-13,19.919490814208984,FINX,Global X FinTech ETF,96.98541952133905
2022-10-14,19.310211181640625,FINX,Global X FinTech ETF,94.0189159434314
2022-10-17,20.17499542236328,FINX,Global X FinTech ETF,98.22943834905948
2022-10-18,20.46980857849121,FINX,Global X FinTech ETF,99.66484540309328
2022-10-19,19.89983558654785,FINX,Global X FinTech ETF,96.8897207648657
2022-10-20,19.909664154052734,FINX,Global X FinTech ETF,96.93757478641905
2022-10-21,20.224130630493164,FINX,Global X FinTech ETF,98.46867131029289
2022-10-24,20.273265838623047,FINX,Global X FinTech ETF,98.7079042715263
2022-10-25,21.197011947631836,FINX,Global X FinTech ETF,103.2055043733078
2022-10-26,21.187183380126953,FINX,Global X FinTech ETF,103.15765035175446
2022-10-27,21.01029396057129,FINX,Global X FinTech ETF,102.2963986900275
2022-10-28,21.226491928100586,FINX,Global X FinTech ETF,103.34903857806785
2022-10-31,20.990644454956055,FINX,Global X FinTech ETF,102.20072779345413
2022-11-01,20.833410263061523,FINX,Global X FinTech ETF,101.43517488820055
2022-11-02,19.86052894592285,FINX,Global X FinTech ETF,96.69834182518562
2022-11-03,18.867992401123047,FINX,Global X FinTech ETF,91.86581000569736
2022-11-04,19.044879913330078,FINX,Global X FinTech ETF,92.72705238079097
2022-11-07,19.20211410522461,FINX,Global X FinTech ETF,93.49260528604457
2022-11-08,19.280731201171875,FINX,Global X FinTech ETF,93.87538173867135
2022-11-09,18.641971588134766,FINX,Global X FinTech ETF,90.76534395600365
2022-11-10,20.281126022338867,FINX,Global X FinTech ETF,98.74617448748232
2022-11-11,21.157703399658203,FINX,Global X FinTech ETF,103.01411614699441
2022-11-14,20.725311279296875,FINX,Global X FinTech ETF,100.90885494418036
2022-11-15,21.029951095581055,FINX,Global X FinTech ETF,102.3921067331342
2022-11-16,20.17499542236328,FINX,Global X FinTech ETF,98.22943834905948
2022-11-17,19.821218490600586,FINX,Global X FinTech ETF,96.5069443122389
2022-11-18,19.66398811340332,FINX,Global X FinTech ETF,95.74140998025197
2022-11-21,19.261077880859375,FINX,Global X FinTech ETF,93.77969226883133
2022-11-22,19.457616806030273,FINX,Global X FinTech ETF,94.73661482713165
2022-11-23,19.722949981689453,FINX,Global X FinTech ETF,96.0284876764054
2022-11-25,19.68364143371582,FINX,Global X FinTech ETF,95.83709945009201
2022-11-28,19.270904541015625,FINX,Global X FinTech ETF,93.82753700375133
2022-11-29,19.21194076538086,FINX,Global X FinTech ETF,93.54045002096457
2022-11-30,20.20447540283203,FINX,Global X FinTech ETF,98.37297255381952
2022-12-01,20.312572479248047,FINX,Global X FinTech ETF,98.89928321120637
2022-12-02,20.273265838623047,FINX,Global X FinTech ETF,98.7079042715263
2022-12-05,19.63450813293457,FINX,Global X FinTech ETF,95.59787577549193
2022-12-06,19.113672256469727,FINX,Global X FinTech ETF,93.06199338513107
2022-12-07,19.133323669433594,FINX,Global X FinTech ETF,93.15767356833778
2022-12-08,19.457616806030273,FINX,Global X FinTech ETF,94.73661482713165
2022-12-09,19.40848159790039,FINX,Global X FinTech ETF,94.49738186589823
2022-12-12,19.66398811340332,FINX,Global X FinTech ETF,95.74140998025197
2022-12-13,20.027587890625,FINX,Global X FinTech ETF,97.5117301787259
2022-12-14,20.0079345703125,FINX,Global X FinTech ETF,97.41604070888587
2022-12-15,19.00164031982422,FINX,Global X FinTech ETF,92.5165244031829
2022-12-16,18.681278228759766,FINX,Global X FinTech ETF,90.95672289568371
2022-12-19,18.435604095458984,FINX,Global X FinTech ETF,89.76056737614998
2022-12-20,18.484737396240234,FINX,Global X FinTech ETF,89.99979105075006
2022-12-21,18.671449661254883,FINX,Global X FinTech ETF,90.90886887413036
2022-12-22,18.327503204345703,FINX,Global X FinTech ETF,89.23423814549648
2022-12-23,18.45525550842285,FINX,Global X FinTech ETF,89.85624755935667
2022-12-27,18.327503204345703,FINX,Global X FinTech ETF,89.23423814549648
2022-12-28,18.121135711669922,FINX,Global X FinTech ETF,88.2294615656428
2022-12-29,18.800220489501953,FINX,Global X FinTech ETF,91.5358373501892
2022-12-30,18.918155670166016,FINX,Global X FinTech ETF,92.11004846229604
2023-01-03,18.93781280517578,FINX,Global X FinTech ETF,92.20575650540273
2023-01-04,19.36039924621582,FINX,Global X FinTech ETF,94.2632751262634
2023-01-05,18.89849853515625,FINX,Global X FinTech ETF,92.01434041918934
2023-01-06,19.32108497619629,FINX,Global X FinTech ETF,94.07185904005
2023-01-09,19.77315902709961,FINX,Global X FinTech ETF,96.27294901220402
2023-01-10,19.979536056518555,FINX,Global X FinTech ETF,97.27777202522435
2023-01-11,20.176088333129883,FINX,Global X FinTech ETF,98.23475958995799
2023-01-12,20.490571975708008,FINX,Global X FinTech ETF,99.76593969353182
2023-01-13,20.706777572631836,FINX,Global X FinTech ETF,100.81861672810548
2023-01-17,21.011436462402344,FINX,Global X FinTech ETF,102.30196138339262
2023-01-18,20.529884338378906,FINX,Global X FinTech ETF,99.95734649311187
2023-01-19,20.244882583618164,FINX,Global X FinTech ETF,98.56970988093143
2023-01-20,20.981952667236328,FINX,Global X FinTech ETF,102.1584086053659
2023-01-23,21.443851470947266,FINX,Global X FinTech ETF,104.40733402580662
2023-01-24,21.168678283691406,FINX,Global X FinTech ETF,103.06755143517954
2023-01-25,21.13919448852539,FINX,Global X FinTech ETF,102.92399865715282
2023-01-26,21.47333335876465,FINX,Global X FinTech ETF,104.5508775172
2023-01-27,21.92540168762207,FINX,Global X FinTech ETF,106.75193962945404
2023-01-30,21.448766708374023,FINX,Global X FinTech ETF,104.43126567989997
2023-01-31,21.827125549316406,FINX,Global X FinTech ETF,106.27344584708723
2023-02-01,22.475751876831055,FINX,Global X FinTech ETF,109.43152338397489
2023-02-02,23.50765037536621,FINX,Global X FinTech ETF,114.45570345550983
2023-02-03,22.574026107788086,FINX,Global X FinTech ETF,109.91000787970839
2023-02-06,22.053163528442383,FINX,Global X FinTech ETF,107.3739954764809
2023-02-07,22.515058517456055,FINX,Global X FinTech ETF,109.62290232365496
2023-02-08,21.89592170715332,FINX,Global X FinTech ETF,106.608405424694
2023-02-09,21.4635066986084,FINX,Global X FinTech ETF,104.50303278227999
2023-02-10,21.3652286529541,FINX,Global X FinTech ETF,104.02452971327983
2023-02-13,21.32592010498047,FINX,Global X FinTech ETF,103.83314148696644
2023-02-14,21.551956176757812,FINX,Global X FinTech ETF,104.9336818297268
2023-02-15,22.062992095947266,FINX,Global X FinTech ETF,107.42184949803425
2023-02-16,21.4831600189209,FINX,Global X FinTech ETF,104.59872225212003
2023-02-17,21.217817306518555,FINX,Global X FinTech ETF,103.30680296967961
2023-02-21,20.755916595458984,FINX,Global X FinTech ETF,101.05786826260557
2023-02-22,20.755916595458984,FINX,Global X FinTech ETF,101.05786826260557
2023-02-23,20.883678436279297,FINX,Global X FinTech ETF,101.67992410963242
2023-02-24,20.529884338378906,FINX,Global X FinTech ETF,99.95734649311187
2023-02-27,20.510229110717773,FINX,Global X FinTech ETF,99.8616477366385
2023-02-28,20.579025268554688,FINX,Global X FinTech ETF,100.19660731424528
2023-03-01,20.529884338378906,FINX,Global X FinTech ETF,99.95734649311187
2023-03-02,20.67730140686035,FINX,Global X FinTech ETF,100.6751010966121
2023-03-03,21.05074691772461,FINX,Global X FinTech ETF,102.49335889633934
2023-03-06,20.93281364440918,FINX,Global X FinTech ETF,101.91915707086584
2023-03-07,20.579025268554688,FINX,Global X FinTech ETF,100.19660731424528
2023-03-08,20.71660614013672,FINX,Global X FinTech ETF,100.86647074965883
2023-03-09,20.1466064453125,FINX,Global X FinTech ETF,98.09121609856462
2023-03-10,19.38005256652832,FINX,Global X FinTech ETF,94.35896459610342
2023-03-13,18.93781280517578,FINX,Global X FinTech ETF,92.20575650540273
2023-03-14,19.61591148376465,FINX,Global X FinTech ETF,95.50733110051712
2023-03-15,19.39970588684082,FINX,Global X FinTech ETF,94.45465406594346
2023-03-16,19.832120895385742,FINX,Global X FinTech ETF,96.56002670835746
2023-03-17,19.566776275634766,FINX,Global X FinTech ETF,95.26809813928371
2023-03-20,19.66505241394043,FINX,Global X FinTech ETF,95.74659192165053
2023-03-21,20.352985382080078,FINX,Global X FinTech ETF,99.09604839821827
2023-03-22,19.73384666442871,FINX,Global X FinTech ETF,96.08154221262397
2023-03-23,19.45867347717285,FINX,Global X FinTech ETF,94.74175962199688
2023-03-24,19.36039924621582,FINX,Global X FinTech ETF,94.2632751262634
2023-03-27,19.46849822998047,FINX,Global X FinTech ETF,94.78959507028357
2023-03-28,19.340744018554688,FINX,Global X FinTech ETF,94.16757636979003
2023-03-29,19.812467575073242,FINX,Global X FinTech ETF,96.46433723851743
2023-03-30,19.99919319152832,FINX,Global X FinTech ETF,97.37348006833105
2023-03-31,20.461090087890625,FINX,Global X FinTech ETF,99.62239620213843
2023-04-03,20.29401969909668,FINX,Global X FinTech ETF,98.80895212879817
2023-04-04,20.176088333129883,FINX,Global X FinTech ETF,98.23475958995799
2023-04-05,19.841949462890625,FINX,Global X FinTech ETF,96.6078807299108
2023-04-06,20.06798553466797,FINX,Global X FinTech ETF,97.70842107267116
2023-04-10,20.166261672973633,FINX,Global X FinTech ETF,98.18691485503797
2023-04-11,20.42177963256836,FINX,Global X FinTech ETF,99.43099868919171
2023-04-12,20.185916900634766,FINX,Global X FinTech ETF,98.28261361151134
2023-04-13,20.65764045715332,FINX,Global X FinTech ETF,100.57937448023874
2023-04-14,20.64781379699707,FINX,Global X FinTech ETF,100.53152974531872
2023-04-17,20.69695281982422,FINX,Global X FinTech ETF,100.7707812798188
2023-04-18,20.65764045715332,FINX,Global X FinTech ETF,100.57937448023874
2023-04-19,20.461090087890625,FINX,Global X FinTech ETF,99.62239620213843
2023-04-20,20.254711151123047,FINX,Global X FinTech ETF,98.61756390248478
2023-04-21,20.323503494262695,FINX,Global X FinTech ETF,98.95250490682488
2023-04-24,20.166261672973633,FINX,Global X FinTech ETF,98.18691485503797
2023-04-25,19.684711456298828,FINX,Global X FinTech ETF,95.84230925139056
2023-04-26,19.67095184326172,FINX,Global X FinTech ETF,95.77531547854254
2023-04-27,20.235055923461914,FINX,Global X FinTech ETF,98.52186514601141
2023-04-28,20.495485305786133,FINX,Global X FinTech ETF,99.78986206099182
2023-05-01,20.1072940826416,FINX,Global X FinTech ETF,97.89980929898455
2023-05-02,19.658174514770508,FINX,Global X FinTech ETF,95.71310432185986
2023-05-03,19.57660675048828,FINX,Global X FinTech ETF,95.31596144747039
2023-05-04,19.55695152282715,FINX,Global X FinTech ETF,95.22026269099703
2023-05-05,20.21540069580078,FINX,Global X FinTech ETF,98.42616638953805
2023-05-08,20.346107482910156,FINX,Global X FinTech ETF,99.06256079842758
2023-05-09,20.126949310302734,FINX,Global X FinTech ETF,97.99550805545792
2023-05-10,20.18198585510254,FINX,Global X FinTech ETF,98.26347386021666
2023-05-11,20.167245864868164,FINX,Global X FinTech ETF,98.19170675783664
2023-05-12,19.910743713378906,FINX,Global X FinTech ETF,96.94283102088424
2023-05-15,20.185916900634766,FINX,Global X FinTech ETF,98.28261361151134
2023-05-16,19.832120895385742,FINX,Global X FinTech ETF,96.56002670835746
2023-05-17,20.242916107177734,FINX,Global X FinTech ETF,98.56013536196743
2023-05-18,20.461090087890625,FINX,Global X FinTech ETF,99.62239620213843
2023-05-19,20.33333396911621,FINX,Global X FinTech ETF,99.00036821501156
2023-05-22,20.8247127532959,FINX,Global X FinTech ETF,101.39282784021233
2023-05-23,20.529884338378906,FINX,Global X FinTech ETF,99.95734649311187
2023-05-24,20.07781219482422,FINX,Global X FinTech ETF,97.75626580759118
2023-05-25,19.910743713378906,FINX,Global X FinTech ETF,96.94283102088424
2023-05-26,20.00901985168457,FINX,Global X FinTech ETF,97.42132480325107
2023-05-30,20.108278274536133,FINX,Global X FinTech ETF,97.90460120178322
2023-05-31,20.392295837402344,FINX,Global X FinTech ETF,99.287445911165
2023-06-01,20.56919288635254,FINX,Global X FinTech ETF,100.14873471942526
2023-06-02,20.785400390625,FINX,Global X FinTech ETF,101.20142104063227
2023-06-05,20.667469024658203,FINX,Global X FinTech ETF,100.62722850179209
2023-06-06,21.001611709594727,FINX,Global X FinTech ETF,102.25412593510593
2023-06-07,20.913162231445312,FINX,Global X FinTech ETF,101.82347688765913
2023-06-08,20.991783142089844,FINX,Global X FinTech ETF,102.20627191355258
2023-06-09,20.942642211914062,FINX,Global X FinTech ETF,101.96701109241918
2023-06-12,21.198162078857422,FINX,Global X FinTech ETF,103.21110421320624
2023-06-13,21.434022903442383,FINX,Global X FinTech ETF,104.35948000425327
2023-06-14,21.414369583129883,FINX,Global X FinTech ETF,104.26379053441325
2023-06-15,21.650232315063477,FINX,Global X FinTech ETF,105.4121756120936
2023-06-16,21.4241943359375,FINX,Global X FinTech ETF,104.31162598269994
2023-06-20,21.409456253051758,FINX,Global X FinTech ETF,104.23986816695324
2023-06-21,21.1735897064209,FINX,Global X FinTech ETF,103.09146451600621
2023-06-22,21.02126693725586,FINX,Global X FinTech ETF,102.3498246915793
2023-06-23,20.805055618286133,FINX,Global X FinTech ETF,101.29711979710564
2023-06-26,20.755916595458984,FINX,Global X FinTech ETF,101.05786826260557
2023-06-27,21.3455753326416,FINX,Global X FinTech ETF,103.92884024343981
2023-06-28,21.532299041748047,FINX,Global X FinTech ETF,104.8379737866201
2023-06-29,21.523433685302734,FINX,Global X FinTech ETF,104.79480951489877
2023-06-30,21.74014663696289,FINX,Global X FinTech ETF,105.84995679393843
2023-07-03,22.055360794067383,FINX,Global X FinTech ETF,107.38469367807792
2023-07-05,21.98641014099121,FINX,Global X FinTech ETF,107.04898188317136
2023-07-06,21.543134689331055,FINX,Global X FinTech ETF,104.89073115057208
2023-07-07,21.73029327392578,FINX,Global X FinTech ETF,105.80198204615178
2023-07-10,22.104616165161133,FINX,Global X FinTech ETF,107.62451169721118
2023-07-11,22.626693725585938,FINX,Global X FinTech ETF,110.16643968587034
2023-07-12,22.902511596679688,FINX,Global X FinTech ETF,111.50936115856322
2023-07-13,23.6905517578125,FINX,Global X FinTech ETF,115.3462265854953
2023-07-14,23.4639892578125,FINX,Global X FinTech ETF,114.24312313193566
2023-07-17,23.877714157104492,FINX,Global X FinTech ETF,116.25749605434166
2023-07-18,24.074724197387695,FINX,Global X FinTech ETF,117.21671241107468
2023-07-19,24.17323112487793,FINX,Global X FinTech ETF,117.69632987607451
2023-07-20,23.75950813293457,FINX,Global X FinTech ETF,115.68196624030185
2023-07-21,23.661001205444336,FINX,Global X FinTech ETF,115.20234877530201
2023-07-24,23.720104217529297,FINX,Global X FinTech ETF,115.49011368232192
2023-07-25,23.808761596679688,FINX,Global X FinTech ETF,115.92177497280177
2023-07-26,23.877714157104492,FINX,Global X FinTech ETF,116.25749605434166
2023-07-27,23.454137802124023,FINX,Global X FinTech ETF,114.19515767078235
2023-07-28,23.828462600708008,FINX,Global X FinTech ETF,116.01769660847508
2023-07-31,24.350540161132812,FINX,Global X FinTech ETF,118.55962459713423
2023-08-01,24.252037048339844,FINX,Global X FinTech ETF,118.08002570540106
2023-08-02,23.38518714904785,FINX,Global X FinTech ETF,113.85944587587579
2023-08-03,23.1389217376709,FINX,Global X FinTech ETF,112.66041150000952
2023-08-04,22.7843017578125,FINX,Global X FinTech ETF,110.93381277125675
2023-08-07,22.843406677246094,FINX,Global X FinTech ETF,111.22158696490999
2023-08-08,22.695650100708008,FINX,Global X FinTech ETF,110.50217934067689
2023-08-09,22.390281677246094,FINX,Global X FinTech ETF,109.01538005779072
2023-08-10,22.38043212890625,FINX,Global X FinTech ETF,108.96742388327074
2023-08-11,22.173568725585938,FINX,Global X FinTech ETF,107.96023277875106
2023-08-14,22.14401626586914,FINX,Global X FinTech ETF,107.81634568192445
2023-08-15,21.73029327392578,FINX,Global X FinTech ETF,105.80198204615178
2023-08-16,21.572689056396484,FINX,Global X FinTech ETF,105.03462753403203
2023-08-17,20.6467342376709,FINX,Global X FinTech ETF,100.52627351085351
2023-08-18,20.66643524169922,FINX,Global X FinTech ETF,100.62219514652682
2023-08-21,20.577781677246094,FINX,Global X FinTech ETF,100.19055242931363
2023-08-22,20.528532028198242,FINX,Global X FinTech ETF,99.95076227008038
2023-08-23,20.77479362487793,FINX,Global X FinTech ETF,101.14977807267998
2023-08-24,20.400470733642578,FINX,Global X FinTech ETF,99.32724842162058
2023-08-25,20.66643524169922,FINX,Global X FinTech ETF,100.62219514652682
2023-08-28,20.77479362487793,FINX,Global X FinTech ETF,101.14977807267998
2023-08-29,21.355974197387695,FINX,Global X FinTech ETF,103.97947096835905
2023-08-30,21.50373077392578,FINX,Global X FinTech ETF,104.69887859259215
2023-08-31,21.38552474975586,FINX,Global X FinTech ETF,104.12334877855234
2023-09-01,21.572689056396484,FINX,Global X FinTech ETF,105.03462753403203
2023-09-05,21.355974197387695,FINX,Global X FinTech ETF,103.97947096835905
2023-09-06,21.208215713500977,FINX,Global X FinTech ETF,103.26005405749262
2023-09-07,21.129411697387695,FINX,Global X FinTech ETF,102.87636751479941
2023-09-08,21.080158233642578,FINX,Global X FinTech ETF,102.63655878229949
2023-09-11,21.129411697387695,FINX,Global X FinTech ETF,102.87636751479941
2023-09-12,21.11956214904785,FINX,Global X FinTech ETF,102.82841134027943
2023-09-13,20.92255210876465,FINX,Global X FinTech ETF,101.86919498354641
2023-09-14,21.14911460876465,FINX,Global X FinTech ETF,102.97229843710605
2023-09-15,21.05061149597168,FINX,Global X FinTech ETF,102.49269954537287
2023-09-18,20.843746185302734,FINX,Global X FinTech ETF,101.48549915421987
2023-09-19,20.607332229614258,FINX,Global X FinTech ETF,100.33443023950691
2023-09-20,20.331518173217773,FINX,Global X FinTech ETF,98.9915273400807
2023-09-21,19.80944061279297,FINX,Global X FinTech ETF,96.44959935142153
2023-09-22,19.770036697387695,FINX,Global X FinTech ETF,96.2577467934416
2023-09-25,19.710933685302734,FINX,Global X FinTech ETF,95.96998188642169
2023-09-26,19.415414810180664,FINX,Global X FinTech ETF,94.5311387780555
2023-09-27,19.435117721557617,FINX,Global X FinTech ETF,94.62706970036213
2023-09-28,19.701086044311523,FINX,Global X FinTech ETF,95.92203499853504
2023-09-29,19.838991165161133,FINX,Global X FinTech ETF,96.59347716161481
2023-10-02,19.68138313293457,FINX,Global X FinTech ETF,95.8261040762284
2023-10-03,19.06079864501953,FINX,Global X FinTech ETF,92.8045586225694
2023-10-04,19.316911697387695,FINX,Global X FinTech ETF,94.05153988632232
2023-10-05,19.356313705444336,FINX,Global X FinTech ETF,94.24338315766893
2023-10-06,19.730636596679688,FINX,Global X FinTech ETF,96.06591280872833
2023-10-09,19.671531677246094,FINX,Global X FinTech ETF,95.77813861507508
2023-10-10,20.016300201416016,FINX,Global X FinTech ETF,97.45677188267453
2023-10-11,20.045852661132812,FINX,Global X FinTech ETF,97.60065897950115
2023-10-12,19.701086044311523,FINX,Global X FinTech ETF,95.92203499853504
2023-10-13,19.356313705444336,FINX,Global X FinTech ETF,94.24338315766893
2023-10-16,19.701086044311523,FINX,Global X FinTech ETF,95.92203499853504
2023-10-17,19.898094177246094,FINX,Global X FinTech ETF,96.88124206863472
2023-10-18,19.376014709472656,FINX,Global X FinTech ETF,94.33930479334222
2023-10-19,19.267656326293945,FINX,Global X FinTech ETF,93.81172186718906
2023-10-20,18.90319061279297,FINX,Global X FinTech ETF,92.03718553718298
2023-10-23,18.87363624572754,FINX,Global X FinTech ETF,91.89328915372303
2023-10-24,19.218406677246094,FINX,Global X FinTech ETF,93.57193170795581
2023-10-25,18.440214157104492,FINX,Global X FinTech ETF,89.7830131689104
2023-10-26,18.28260612487793,FINX,Global X FinTech ETF,89.01564008352398
2023-10-27,17.918136596679688,FINX,Global X FinTech ETF,87.24108518025123
2023-10-30,18.17424964904785,FINX,Global X FinTech ETF,88.48806644400416
2023-10-31,18.430362701416016,FINX,Global X FinTech ETF,89.73504770775708
2023-11-01,18.558420181274414,FINX,Global X FinTech ETF,90.35854298295021
2023-11-02,19.267656326293945,FINX,Global X FinTech ETF,93.81172186718906
2023-11-03,19.582876205444336,FINX,Global X FinTech ETF,95.34648661122856
2023-11-06,19.385868072509766,FINX,Global X FinTech ETF,94.38727954112888
2023-11-07,19.53362464904785,FINX,Global X FinTech ETF,95.10668716536198
2023-11-08,19.661678314208984,FINX,Global X FinTech ETF,95.73016386728844
2023-11-09,19.46466827392578,FINX,Global X FinTech ETF,94.77094751055542
2023-11-10,19.573026657104492,FINX,Global X FinTech ETF,95.29853043670857
2023-11-13,19.720787048339844,FINX,Global X FinTech ETF,96.01795663420833
2023-11-14,20.46942710876465,FINX,Global X FinTech ETF,99.66298807642714
2023-11-15,20.755090713500977,FINX,Global X FinTech ETF,101.05384715037334
2023-11-16,20.479278564453125,FINX,Global X FinTech ETF,99.71095353758045
2023-11-17,20.725542068481445,FINX,Global X FinTech ETF,100.90997862681338
2023-11-20,21.00135612487793,FINX,Global X FinTech ETF,102.25288152623962
2023-11-21,20.814191818237305,FINX,Global X FinTech ETF,101.34160277075992
2023-11-22,21.030906677246094,FINX,Global X FinTech ETF,102.39675933643291
2023-11-24,21.26732063293457,FINX,Global X FinTech ETF,103.54782825114586
2023-11-27,21.454479217529297,FINX,Global X FinTech ETF,104.45907914672556
2023-11-28,21.858354568481445,FINX,Global X FinTech ETF,106.42549589461157
2023-11-29,22.065214157104492,FINX,Global X FinTech ETF,107.43266842586458
2023-11-30,21.98641014099121,FINX,Global X FinTech ETF,107.04898188317136
2023-12-01,22.656246185302734,FINX,Global X FinTech ETF,110.31032678269696
2023-12-04,22.813854217529297,FINX,Global X FinTech ETF,111.07769986808337
2023-12-05,22.675947189331055,FINX,Global X FinTech ETF,110.40624841837027
2023-12-06,22.70549774169922,FINX,Global X FinTech ETF,110.55012622856354
2023-12-07,22.872955322265625,FINX,Global X FinTech ETF,111.36545548846995
2023-12-08,23.217727661132812,FINX,Global X FinTech ETF,113.04410732933606
2023-12-11,23.1389217376709,FINX,Global X FinTech ETF,112.66041150000952
2023-12-12,23.247278213500977,FINX,Global X FinTech ETF,113.18798513952935
2023-12-13,24.0156192779541,FINX,Global X FinTech ETF,116.92893821742145
2023-12-14,24.340688705444336,FINX,Global X FinTech ETF,118.51165913598092
2023-12-15,24.10427474975586,FINX,Global X FinTech ETF,117.36059022126797
2023-12-18,24.38009262084961,FINX,Global X FinTech ETF,118.70351169396086
2023-12-19,25.000675201416016,FINX,Global X FinTech ETF,121.72504786098654
2023-12-20,24.508146286010742,FINX,Global X FinTech ETF,119.32698839588733
2023-12-21,25.000675201416016,FINX,Global X FinTech ETF,121.72504786098654
2023-12-22,25.256790161132812,FINX,Global X FinTech ETF,122.97203841137278
2023-12-26,25.32573890686035,FINX,Global X FinTech ETF,123.30774091964601
2023-12-27,25.690214157104492,FINX,Global X FinTech ETF,125.08232368281875
2023-12-28,25.69316864013672,FINX,Global X FinTech ETF,125.09670867784808
2023-12-29,25.190731048583984,FINX,Global X FinTech ETF,122.65040515259564
2024-01-02,24.442005157470703,FINX,Global X FinTech ETF,119.00495581187695
2024-01-03,23.752389907836914,FINX,Global X FinTech ETF,115.6473085247115
2024-01-04,23.85090446472168,FINX,Global X FinTech ETF,116.12696313624467
2024-01-05,23.841053009033203,FINX,Global X FinTech ETF,116.07899767509134
2024-01-08,24.629188537597656,FINX,Global X FinTech ETF,119.91632743368996
2024-01-09,24.313934326171875,FINX,Global X FinTech ETF,118.38139553025051
2024-01-10,24.382896423339844,FINX,Global X FinTech ETF,118.71716304495706
2024-01-11,24.215415954589844,FINX,Global X FinTech ETF,117.9017223454507
2024-01-12,23.91986846923828,FINX,Global X FinTech ETF,116.46273993758454
2024-01-16,23.63416862487793,FINX,Global X FinTech ETF,115.07170441760505
2024-01-17,23.42728614807129,FINX,Global X FinTech ETF,114.06442044675207
2024-01-18,23.37802505493164,FINX,Global X FinTech ETF,113.82457456771883
2024-01-19,23.683427810668945,FINX,Global X FinTech ETF,115.31154101000496
2024-01-22,24.018383026123047,FINX,Global X FinTech ETF,116.9423945491177
2024-01-23,23.9395694732666,FINX,Global X FinTech ETF,116.55866157325784
2024-01-24,23.703128814697266,FINX,Global X FinTech ETF,115.40746264567825
2024-01-25,23.712980270385742,FINX,Global X FinTech ETF,115.45542810683158
2024-01-26,23.988828659057617,FINX,Global X FinTech ETF,116.79849816565775
2024-01-29,24.599632263183594,FINX,Global X FinTech ETF,119.77242176359668
2024-01-30,24.32378578186035,FINX,Global X FinTech ETF,118.42936099140383
2024-01-31,23.752389907836914,FINX,Global X FinTech ETF,115.6473085247115
2024-02-01,24.008533477783203,FINX,Global X FinTech ETF,116.89443837459771
2024-02-02,24.116899490356445,FINX,Global X FinTech ETF,117.4220584472842
2024-02-05,23.67357635498047,FINX,Global X FinTech ETF,115.26357554885163
2024-02-06,23.841053009033203,FINX,Global X FinTech ETF,116.07899767509134
2024-02-07,23.978979110717773,FINX,Global X FinTech ETF,116.75054199113777
2024-02-08,24.52081871032715,FINX,Global X FinTech ETF,119.38868878773681
2024-02-09,24.776962280273438,FINX,Global X FinTech ETF,120.63581863762303
2024-02-12,25.072513580322266,FINX,Global X FinTech ETF,122.07481961875584
2024-02-13,24.23512077331543,FINX,Global X FinTech ETF,117.99766255439064
2024-02-14,25.08236312866211,FINX,Global X FinTech ETF,122.12277579327582
2024-02-15,25.249841690063477,FINX,Global X FinTech ETF,122.93820720614886
2024-02-16,25.328657150268555,FINX,Global X FinTech ETF,123.32194946864206
2024-02-20,24.9050350189209,FINX,Global X FinTech ETF,121.2593882058828
2024-02-21,24.461708068847656,FINX,Global X FinTech ETF,119.10088673418359
2024-02-22,25.003551483154297,FINX,Global X FinTech ETF,121.73905210404929
2024-02-23,25.22028923034668,FINX,Global X FinTech ETF,122.79432010932224
2024-02-26,25.771982192993164,FINX,Global X FinTech ETF,125.48044165370794
2024-02-27,26.097087860107422,FINX,Global X FinTech ETF,127.06333901830071
2024-02-28,25.959163665771484,FINX,Global X FinTech ETF,126.39180398888762
2024-02-29,26.1069393157959,FINX,Global X FinTech ETF,127.11130447945402
2024-03-01,26.323673248291016,FINX,Global X FinTech ETF,128.1665539114603
2024-03-04,26.41234016418457,FINX,Global X FinTech ETF,128.5982616351068
2024-03-05,25.663612365722656,FINX,Global X FinTech ETF,124.95280300775481
2024-03-06,26.254714965820312,FINX,Global X FinTech ETF,127.83080497002042
2024-03-07,26.36308479309082,FINX,Global X FinTech ETF,128.35844361597356
2024-03-08,26.77685546875,FINX,Global X FinTech ETF,130.3730394175795
2024-03-11,26.59952163696289,FINX,Global X FinTech ETF,129.5096239702865
2024-03-12,26.688188552856445,FINX,Global X FinTech ETF,129.941331693933
2024-03-13,26.89507293701172,FINX,Global X FinTech ETF,130.9486249514193
2024-03-14,26.16604995727539,FINX,Global X FinTech ETF,127.39910653300724
2024-03-15,26.156198501586914,FINX,Global X FinTech ETF,127.35114107185393
2024-03-18,26.323673248291016,FINX,Global X FinTech ETF,128.1665539114603
2024-03-19,26.12664222717285,FINX,Global X FinTech ETF,127.20723540176066
2024-03-20,26.885223388671875,FINX,Global X FinTech ETF,130.90066877689932
2024-03-21,27.190624237060547,FINX,Global X FinTech ETF,132.3876259325521
2024-03-22,26.757150650024414,FINX,Global X FinTech ETF,130.27709920863953
2024-03-25,27.062551498413086,FINX,Global X FinTech ETF,131.76405636429234
2024-03-26,27.062551498413086,FINX,Global X FinTech ETF,131.76405636429234
2024-03-27,27.230030059814453,FINX,Global X FinTech ETF,132.57948777716538
2024-03-28,27.446765899658203,FINX,Global X FinTech ETF,133.634746495805
2024-04-01,26.89507293701172,FINX,Global X FinTech ETF,130.9486249514193
2024-04-02,26.550264358520508,FINX,Global X FinTech ETF,129.2697966645199
2024-04-03,26.54041290283203,FINX,Global X FinTech ETF,129.22183120336658
2024-04-04,26.116790771484375,FINX,Global X FinTech ETF,127.15926994060733
2024-04-05,26.244863510131836,FINX,Global X FinTech ETF,127.78283950886711
2024-04-08,26.688188552856445,FINX,Global X FinTech ETF,129.941331693933
2024-04-09,26.688188552856445,FINX,Global X FinTech ETF,129.941331693933
2024-04-10,26.1069393157959,FINX,Global X FinTech ETF,127.11130447945402
2024-04-11,26.333526611328125,FINX,Global X FinTech ETF,128.21452865924695
2024-04-12,25.574949264526367,FINX,Global X FinTech ETF,124.52111385737496
2024-04-15,25.02325439453125,FINX,Global X FinTech ETF,121.83498302635593
2024-04-16,24.836071014404297,FINX,Global X FinTech ETF,120.92361140454292
2024-04-17,24.8065185546875,FINX,Global X FinTech ETF,120.77972430771631
2024-04-18,24.776962280273438,FINX,Global X FinTech ETF,120.63581863762303
2024-04-19,24.609481811523438,FINX,Global X FinTech ETF,119.82037793811666
2024-04-22,25.102069854736328,FINX,Global X FinTech ETF,122.21872528884911
2024-04-23,25.653762817382812,FINX,Global X FinTech ETF,124.90484683323481
2024-04-24,25.456727981567383,FINX,Global X FinTech ETF,123.9455097502685
2024-04-25,25.013402938842773,FINX,Global X FinTech ETF,121.78701756520262
2024-04-26,25.397619247436523,FINX,Global X FinTech ETF,123.6577169833486
2024-04-29,25.180879592895508,FINX,Global X FinTech ETF,122.60243969144233
2024-04-30,24.648893356323242,FINX,Global X FinTech ETF,120.01226764262992
2024-05-01,24.32378578186035,FINX,Global X FinTech ETF,118.42936099140383
2024-05-02,24.92473793029785,FINX,Global X FinTech ETF,121.35531912818944
2024-05-03,24.944440841674805,FINX,Global X FinTech ETF,121.45125005049607
2024-05-06,25.328657150268555,FINX,Global X FinTech ETF,123.32194946864206
2024-05-07,25.397619247436523,FINX,Global X FinTech ETF,123.6577169833486
2024-05-08,25.289249420166016,FINX,Global X FinTech ETF,123.13007833739546
2024-05-09,25.476430892944336,FINX,Global X FinTech ETF,124.04144067257513
2024-05-10,25.279396057128906,FINX,Global X FinTech ETF,123.08210358960882
2024-05-13,25.279396057128906,FINX,Global X FinTech ETF,123.08210358960882
2024-05-14,25.59465217590332,FINX,Global X FinTech ETF,124.61704477968159
2024-05-15,25.870498657226562,FINX,Global X FinTech ETF,125.96010555187443
2024-05-16,25.673465728759766,FINX,Global X FinTech ETF,125.00077775554145
2024-05-17,25.712871551513672,FINX,Global X FinTech ETF,125.19263960015472
2024-05-20,25.890201568603516,FINX,Global X FinTech ETF,126.05603647418107
2024-05-21,25.732576370239258,FINX,Global X FinTech ETF,125.28857980909468
2024-05-22,25.44687843322754,FINX,Global X FinTech ETF,123.89755357574852
2024-05-23,25.072513580322266,FINX,Global X FinTech ETF,122.07481961875584
2024-05-24,25.239992141723633,FINX,Global X FinTech ETF,122.89025103162888
2024-05-28,25.08236312866211,FINX,Global X FinTech ETF,122.12277579327582
2024-05-29,24.73755645751953,FINX,Global X FinTech ETF,120.44395679300976
2024-05-30,24.7080020904541,FINX,Global X FinTech ETF,120.30006040954981
2024-05-31,24.845924377441406,FINX,Global X FinTech ETF,120.97158615232958
2024-06-03,24.7080020904541,FINX,Global X FinTech ETF,120.30006040954981
2024-06-04,24.727706909179688,FINX,Global X FinTech ETF,120.39600061848978
2024-06-05,25.21043586730957,FINX,Global X FinTech ETF,122.7463453615356
2024-06-06,25.368064880371094,FINX,Global X FinTech ETF,123.51382059988865
2024-06-07,25.230138778686523,FINX,Global X FinTech ETF,122.84227628384224
2024-06-10,25.15132713317871,FINX,Global X FinTech ETF,122.4585525946157
2024-06-11,24.973997116088867,FINX,Global X FinTech ETF,121.59515572058935
2024-06-12,25.299100875854492,FINX,Global X FinTech ETF,123.17804379854877
2024-06-13,24.826223373413086,FINX,Global X FinTech ETF,120.87566451665627
2024-06-14,24.579931259155273,FINX,Global X FinTech ETF,119.67650012792338
2024-06-17,24.678447723388672,FINX,Global X FinTech ETF,120.15616402608987
2024-06-18,24.599632263183594,FINX,Global X FinTech ETF,119.77242176359668
2024-06-20,24.7080020904541,FINX,Global X FinTech ETF,120.30006040954981
2024-06-21,24.648893356323242,FINX,Global X FinTech ETF,120.01226764262992
2024-06-24,24.668596267700195,FINX,Global X FinTech ETF,120.10819856493656
2024-06-25,24.7080020904541,FINX,Global X FinTech ETF,120.30006040954981
2024-06-26,24.599632263183594,FINX,Global X FinTech ETF,119.77242176359668
2024-06-27,24.77440643310547,FINX,Global X FinTech ETF,120.62337454895983
2024-06-28,24.843524932861328,FINX,Global X FinTech ETF,120.9599035675995
2024-07-01,24.823776245117188,FINX,Global X FinTech ETF,120.86374976609292
2024-07-02,24.971891403198242,FINX,Global X FinTech ETF,121.5849032773922
2024-07-03,25.110130310058594,FINX,Global X FinTech ETF,122.25797060130486
2024-07-05,25.110130310058594,FINX,Global X FinTech ETF,122.25797060130486
2024-07-08,24.912643432617188,FINX,Global X FinTech ETF,121.29643258623916
2024-07-09,24.813901901245117,FINX,Global X FinTech ETF,120.81567286533964
2024-07-10,24.665788650512695,FINX,Global X FinTech ETF,120.09452864067369
2024-07-11,25.060758590698242,FINX,Global X FinTech ETF,122.01758609753844
2024-07-12,25.495223999023438,FINX,Global X FinTech ETF,124.132941870783
2024-07-15,26.127172470092773,FINX,Global X FinTech ETF,127.2098170858266
2024-07-16,26.739376068115234,FINX,Global X FinTech ETF,130.1905570726303
2024-07-17,26.650508880615234,FINX,Global X FinTech ETF,129.75787425248407
2024-07-18,25.949438095092773,FINX,Global X FinTech ETF,126.34445144553413
2024-07-19,25.998809814453125,FINX,Global X FinTech ETF,126.58483594930055
2024-07-22,26.4628963470459,FINX,Global X FinTech ETF,128.84441313817163
2024-07-23,26.008682250976562,FINX,Global X FinTech ETF,126.63290356342051
2024-07-24,25.317487716674805,FINX,Global X FinTech ETF,123.26756694385719
2024-07-25,25.120004653930664,FINX,Global X FinTech ETF,122.30604750205815
2024-07-26,25.68283462524414,FINX,Global X FinTech ETF,125.04639369846208
2024-07-29,25.59396743774414,FINX,Global X FinTech ETF,124.61371087831586
2024-07-30,25.73220443725586,FINX,Global X FinTech ETF,125.28676891559519
2024-07-31,26.038305282592773,FINX,Global X FinTech ETF,126.77713426568036
2024-08-01,25.396482467651367,FINX,Global X FinTech ETF,123.65218214988347
2024-08-02,24.616418838500977,FINX,Global X FinTech ETF,119.8541534235406
2024-08-05,23.747488021850586,FINX,Global X FinTech ETF,115.62344187705148
2024-08-06,24.10296058654785,FINX,Global X FinTech ETF,117.35419173090308
2024-08-07,24.122709274291992,FINX,Global X FinTech ETF,117.45034553240966
2024-08-08,24.823776245117188,FINX,Global X FinTech ETF,120.86374976609292
2024-08-09,25.00151252746582,FINX,Global X FinTech ETF,121.72912469301873
2024-08-12,24.754657745361328,FINX,Global X FinTech ETF,120.52722074745326
2024-08-13,25.386606216430664,FINX,Global X FinTech ETF,123.60409596249686
2024-08-14,25.347110748291016,FINX,Global X FinTech ETF,123.41179764611705
2024-08-15,25.988933563232422,FINX,Global X FinTech ETF,126.53674976191394
2024-08-16,26.35428237915039,FINX,Global X FinTech ETF,128.31558580315217
2024-08-19,26.62088394165039,FINX,Global X FinTech ETF,129.61363426359088
2024-08-20,26.502395629882812,FINX,Global X FinTech ETF,129.03673002781812
2024-08-21,26.64063262939453,FINX,Global X FinTech ETF,129.70978806509746
2024-08-22,26.32465934753418,FINX,Global X FinTech ETF,128.1713551008923
2024-08-23,26.729501724243164,FINX,Global X FinTech ETF,130.142480171877
2024-08-26,26.768999099731445,FINX,Global X FinTech ETF,130.33478777489015
2024-08-27,26.808494567871094,FINX,Global X FinTech ETF,130.52708609126995
2024-08-28,26.45302391052246,FINX,Global X FinTech ETF,128.79634552405167
2024-08-29,27.114593505859375,FINX,Global X FinTech ETF,132.0174421547218
2024-08-30,27.114593505859375,FINX,Global X FinTech ETF,132.0174421547218
2024-09-03,26.47277069091797,FINX,Global X FinTech ETF,128.89249003892493
2024-09-04,26.364154815673828,FINX,Global X FinTech ETF,128.3636534172721
2024-09-05,26.146921157836914,FINX,Global X FinTech ETF,127.30597088733317
2024-09-06,25.65321159362793,FINX,Global X FinTech ETF,124.90216299620224
2024-09-09,26.048179626464844,FINX,Global X FinTech ETF,126.82521116643365
2024-09-10,26.117300033569336,FINX,Global X FinTech ETF,127.16174947170664
2024-09-11,26.2851619720459,FINX,Global X FinTech ETF,127.97904749787917
2024-09-12,26.759124755859375,FINX,Global X FinTech ETF,130.28671087413687
2024-09-13,26.99610710144043,FINX,Global X FinTech ETF,131.4405472055824
2024-09-16,27.134342193603516,FINX,Global X FinTech ETF,132.11359595622838
2024-09-17,27.144216537475586,FINX,Global X FinTech ETF,132.16167285698168
2024-09-18,27.084972381591797,FINX,Global X FinTech ETF,131.87322073909527
2024-09-19,27.8946590423584,FINX,Global X FinTech ETF,135.815480167698
2024-09-20,27.618179321289062,FINX,Global X FinTech ETF,134.46933623323937
2024-09-23,27.52931022644043,FINX,Global X FinTech ETF,134.0366441264598
2024-09-24,27.637928009033203,FINX,Global X FinTech ETF,134.56549003474595
2024-09-25,27.094846725463867,FINX,Global X FinTech ETF,131.92129763984858
2024-09-26,27.628053665161133,FINX,Global X FinTech ETF,134.51741313399265
2024-09-27,27.736671447753906,FINX,Global X FinTech ETF,135.0462590422788
2024-09-30,27.667552947998047,FINX,Global X FinTech ETF,134.70973002363914
2024-10-01,27.32195472717285,FINX,Global X FinTech ETF,133.0270570705408
2024-10-02,27.17384147644043,FINX,Global X FinTech ETF,132.30591284587484
2024-10-03,27.134342193603516,FINX,Global X FinTech ETF,132.11359595622838
2024-10-04,27.568809509277344,FINX,Global X FinTech ETF,134.22896101610627
2024-10-07,27.381196975708008,FINX,Global X FinTech ETF,133.31549990179386
2024-10-08,27.746545791625977,FINX,Global X FinTech ETF,135.09433594303206
2024-10-09,27.884784698486328,FINX,Global X FinTech ETF,135.76740326694474
2024-10-10,27.795915603637695,FINX,Global X FinTech ETF,135.33471116016517
2024-10-11,28.3488712310791,FINX,Global X FinTech ETF,138.02698045581582
2024-10-14,28.83270835876465,FINX,Global X FinTech ETF,140.3827207328268
2024-10-15,28.812959671020508,FINX,Global X FinTech ETF,140.28656693132024
2024-10-16,29.10918617248535,FINX,Global X FinTech ETF,141.72885538065213
2024-10-17,28.882080078125,FINX,Global X FinTech ETF,140.62310523659323
2024-10-18,29.296796798706055,FINX,Global X FinTech ETF,142.64230720833123
2024-10-21,29.138809204101562,FINX,Global X FinTech ETF,141.87308608291198
2024-10-22,29.10918617248535,FINX,Global X FinTech ETF,141.72885538065213
2024-10-23,28.822834014892578,FINX,Global X FinTech ETF,140.3346438320735
2024-10-24,29.03019142150879,FINX,Global X FinTech ETF,141.34424017462587
2024-10-25,28.694469451904297,FINX,Global X FinTech ETF,139.70965340891414
2024-10-28,29.277048110961914,FINX,Global X FinTech ETF,142.54615340682466
2024-10-29,29.04994010925293,FINX,Global X FinTech ETF,141.4403939761324
2024-10-30,29.040067672729492,FINX,Global X FinTech ETF,141.39232636201248
2024-10-31,28.575979232788086,FINX,Global X FinTech ETF,139.13273988650806
2024-11-01,28.595726013183594,FINX,Global X FinTech ETF,139.2288844013813
2024-11-04,28.733966827392578,FINX,Global X FinTech ETF,139.90196101192728
2024-11-05,29.128934860229492,FINX,Global X FinTech ETF,141.8250091821587
2024-11-06,30.501449584960938,FINX,Global X FinTech ETF,148.50760552053205
2024-11-07,30.847047805786133,FINX,Global X FinTech ETF,150.19027847363037
2024-11-08,31.3012638092041,FINX,Global X FinTech ETF,152.40179733501483
2024-11-11,32.66390609741211,FINX,Global X FinTech ETF,159.03632605926822
2024-11-12,32.55529022216797,FINX,Global X FinTech ETF,158.50748943761542
2024-11-13,32.061580657958984,FINX,Global X FinTech ETF,156.10368154648447
2024-11-14,31.706106185913086,FINX,Global X FinTech ETF,154.37292240599953
2024-11-15,31.824596405029297,FINX,Global X FinTech ETF,154.94983592840563
2024-11-18,32.26893615722656,FINX,Global X FinTech ETF,157.11326860240348
2024-11-19,32.565162658691406,FINX,Global X FinTech ETF,158.55555705173538
2024-11-20,32.51579284667969,FINX,Global X FinTech ETF,158.31518183460227
2024-11-21,32.84164047241211,FINX,Global X FinTech ETF,159.9016916995607
2024-11-22,33.12799072265625,FINX,Global X FinTech ETF,161.29589396150598
2024-11-25,33.473594665527344,FINX,Global X FinTech ETF,162.9785947745043
2024-11-26,33.15761947631836,FINX,Global X FinTech ETF,161.44015252366583
2024-11-27,33.40447235107422,FINX,Global X FinTech ETF,162.64204718259796
2024-11-29,33.57233428955078,FINX,Global X FinTech ETF,163.4593452087705
2024-12-02,33.33535385131836,FINX,Global X FinTech ETF,162.3055181639583
2024-12-03,33.37485122680664,FINX,Global X FinTech ETF,162.49782576697143
2024-12-04,33.888301849365234,FINX,Global X FinTech ETF,164.9977503130756
2024-12-05,33.443965911865234,FINX,Global X FinTech ETF,162.83433621234445
2024-12-06,33.74019241333008,FINX,Global X FinTech ETF,164.27662466167635
2024-12-09,33.01937484741211,FINX,Global X FinTech ETF,160.76705733985318
2024-12-10,32.594783782958984,FINX,Global X FinTech ETF,158.69977846736188
2024-12-11,33.16748809814453,FINX,Global X FinTech ETF,161.48820156451913
2024-12-12,33.04899978637695,FINX,Global X FinTech ETF,160.91129732874634
2024-12-13,32.970001220703125,FINX,Global X FinTech ETF,160.52666354945342
2024-12-16,33.246482849121094,FINX,Global X FinTech ETF,161.8728167705454
2024-12-17,33.16748809814453,FINX,Global X FinTech ETF,161.48820156451913
2024-12-18,31.5678653717041,FINX,Global X FinTech ETF,153.69984579545354
2024-12-19,31.360509872436523,FINX,Global X FinTech ETF,152.69025873953456
2024-12-20,31.844345092773438,FINX,Global X FinTech ETF,155.0459897299122
2024-12-23,31.666606903076172,FINX,Global X FinTech ETF,154.18060551635307
2024-12-24,32.130699157714844,FINX,Global X FinTech ETF,156.44021056512415
2024-12-26,32.387428283691406,FINX,Global X FinTech ETF,157.6901914114429
2024-12-27,31.745603561401367,FINX,Global X FinTech ETF,154.56523000901268
2024-12-30,31.197681427001953,FINX,Global X FinTech ETF,151.89746813872188
2024-12-31,30.989233016967773,FINX,Global X FinTech ETF,150.88255984190437
2025-01-02,31.02893829345703,FINX,Global X FinTech ETF,151.07587968795056
2025-01-03,31.961990356445312,FINX,Global X FinTech ETF,155.61878927375278
2025-01-06,32.22006607055664,FINX,Global X FinTech ETF,156.87532648320303
2025-01-07,31.465686798095703,FINX,Global X FinTech ETF,153.202351561292
2025-01-08,31.336645126342773,FINX,Global X FinTech ETF,152.57406438330023
2025-01-10,30.532634735107422,FINX,Global X FinTech ETF,148.65944197548978
2025-01-13,30.254703521728516,FINX,Global X FinTech ETF,147.30623091306643
2025-01-14,30.68152618408203,FINX,Global X FinTech ETF,149.38437514655467
2025-01-15,31.44583511352539,FINX,Global X FinTech ETF,153.10569628158558
2025-01-16,31.614578247070312,FINX,Global X FinTech ETF,153.9272847323569
2025-01-17,31.912363052368164,FINX,Global X FinTech ETF,155.37716036112002
2025-01-21,32.299476623535156,FINX,Global X FinTech ETF,157.2619661752954
2025-01-22,32.36895751953125,FINX,Global X FinTech ETF,157.60025965426792
2025-01-23,32.60718536376953,FINX,Global X FinTech ETF,158.76016015727842
2025-01-24,32.69651794433594,FINX,Global X FinTech ETF,159.19510891595735
2025-01-27,32.14065933227539,FINX,Global X FinTech ETF,156.48870536437732
2025-01-28,32.57740783691406,FINX,Global X FinTech ETF,158.61517723771877
2025-01-29,32.69651794433594,FINX,Global X FinTech ETF,159.19510891595735
2025-01-30,33.20275115966797,FINX,Global X FinTech ETF,161.659892841538
2025-01-31,32.90496826171875,FINX,Global X FinTech ETF,160.2100264994082
2025-02-03,32.716373443603516,FINX,Global X FinTech ETF,159.29178276893046
2025-02-04,32.37888717651367,FINX,Global X FinTech ETF,157.6486058673878
2025-02-05,32.815635681152344,FINX,Global X FinTech ETF,159.77507774072927
2025-02-06,32.716373443603516,FINX,Global X FinTech ETF,159.29178276893046
2025-02-07,32.706443786621094,FINX,Global X FinTech ETF,159.24343655581058
2025-02-10,32.78585433959961,FINX,Global X FinTech ETF,159.63007624790296
2025-02-11,32.09103012084961,FINX,Global X FinTech ETF,156.24706716511125
2025-02-12,32.33918380737305,FINX,Global X FinTech ETF,157.45529530797495
2025-02-13,32.92481994628906,FINX,Global X FinTech ETF,160.30668177911463
2025-02-14,32.875186920166016,FINX,Global X FinTech ETF,160.0650250065819
2025-02-18,33.25238037109375,FINX,Global X FinTech ETF,161.9015310408041
2025-02-19,32.68659210205078,FINX,Global X FinTech ETF,159.14678127610415
2025-02-20,32.43844223022461,FINX,Global X FinTech ETF,157.9385717065071
2025-02-21,31.038864135742188,FINX,Global X FinTech ETF,151.12420732780376
2025-02-24,30.711305618286133,FINX,Global X FinTech ETF,149.52936735274767
2025-02-25,30.294408798217773,FINX,Global X FinTech ETF,147.49955075911262
2025-02-26,30.39366912841797,FINX,Global X FinTech ETF,147.98283644427812
2025-02-27,29.976774215698242,FINX,Global X FinTech ETF,145.95302913727642
2025-02-28,30.45322608947754,FINX,Global X FinTech ETF,148.27281157003074
2025-03-03,29.976774215698242,FINX,Global X FinTech ETF,145.95302913727642
2025-03-04,29.272022247314453,FINX,Global X FinTech ETF,142.52168312799813
2025-03-05,29.758399963378906,FINX,Global X FinTech ETF,144.88979320060568
2025-03-06,28.95438575744629,FINX,Global X FinTech ETF,140.97515221952858
2025-03-07,29.053647994995117,FINX,Global X FinTech ETF,141.4584471913274
2025-03-10,27.61436653137207,FINX,Global X FinTech ETF,134.4507722532112
2025-03-11,27.574661254882812,FINX,Global X FinTech ETF,134.257452407165
2025-03-12,27.822813034057617,FINX,Global X FinTech ETF,135.4656712633954
2025-03-13,27.227249145507812,FINX,Global X FinTech ETF,132.56594786576915
2025-03-14,28.021333694458008,FINX,Global X FinTech ETF,136.43224263372636
2025-03-17,28.418376922607422,FINX,Global X FinTech ETF,138.36539466102164
2025-03-18,28.05111312866211,FINX,Global X FinTech ETF,136.57723483991933
2025-03-19,28.656604766845703,FINX,Global X FinTech ETF,139.52529516403212
2025-03-20,28.537492752075195,FINX,Global X FinTech ETF,138.94535419916022
2025-03-21,28.438230514526367,FINX,Global X FinTech ETF,138.46205922736138
2025-03-24,29.202539443969727,FINX,Global X FinTech ETF,142.18338036239228
2025-03-25,29.1032772064209,FINX,Global X FinTech ETF,141.70008539059347
2025-03-26,28.5970458984375,FINX,Global X FinTech ETF,139.23531075164618
2025-03-27,28.348896026611328,FINX,Global X FinTech ETF,138.02710118204914
2025-03-28,27.485326766967773,FINX,Global X FinTech ETF,133.82249436185273
2025-03-31,27.356287002563477,FINX,Global X FinTech ETF,133.19421647049427
2025-04-01,27.654069900512695,FINX,Global X FinTech ETF,134.64408281262408
2025-04-02,28.229782104492188,FINX,Global X FinTech ETF,137.44715093054387
2025-04-03,26.453014373779297,FINX,Global X FinTech ETF,128.79629909088504
2025-04-04,24.646467208862305,FINX,Global X FinTech ETF,120.0004550450332
2025-04-07,24.517427444458008,FINX,Global X FinTech ETF,119.37217715367474
2025-04-08,24.090606689453125,FINX,Global X FinTech ETF,117.29404220681982
2025-04-09,26.96916961669922,FINX,Global X FinTech ETF,131.30939208305222
2025-04-10,25.8177433013916,FINX,Global X FinTech ETF,125.70324656057926
2025-04-11,26.453014373779297,FINX,Global X FinTech ETF,128.79629909088504
2025-04-14,26.76072120666504,FINX,Global X FinTech ETF,130.2944837862347
2025-04-15,26.76072120666504,FINX,Global X FinTech ETF,130.2944837862347
2025-04-16,26.363677978515625,FINX,Global X FinTech ETF,128.36133175893943
2025-04-17,26.512569427490234,FINX,Global X FinTech ETF,129.08626493000432
2025-04-21,25.956708908081055,FINX,Global X FinTech ETF,126.37985209179094
2025-04-22,27.038652420043945,FINX,Global X FinTech ETF,131.64769484865806
2025-04-23,27.465473175048828,FINX,Global X FinTech ETF,133.72582979551296
2025-04-24,27.852590560913086,FINX,Global X FinTech ETF,135.61065418295505
2025-04-25,28.001480102539062,FINX,Global X FinTech ETF,136.3355780673866
2025-04-28,27.84266471862793,FINX,Global X FinTech ETF,135.56232654310182
2025-04-29,28.36874771118164,FINX,Global X FinTech ETF,138.12375646175556
2025-04-30,27.981632232666016,FINX,Global X FinTech ETF,136.23894136094682
2025-05-01,28.021333694458008,FINX,Global X FinTech ETF,136.43224263372636
2025-05-02,28.388599395751953,FINX,Global X FinTech ETF,138.220411741462
2025-05-05,28.299264907836914,FINX,Global X FinTech ETF,137.78545369614972
2025-05-06,28.14044952392578,FINX,Global X FinTech ETF,137.01220217186494
2025-05-07,28.209930419921875,FINX,Global X FinTech ETF,137.35049565083744
2025-05-08,28.944459915161133,FINX,Global X FinTech ETF,140.92682457967535
2025-05-09,28.944459915161133,FINX,Global X FinTech ETF,140.92682457967535
2025-05-12,29.847732543945312,FINX,Global X FinTech ETF,145.3247419592846
2025-05-13,30.612043380737305,FINX,Global X FinTech ETF,149.04607238094886
2025-05-14,30.552488327026367,FINX,Global X FinTech ETF,148.75610654182955
2025-05-15,29.996625900268555,FINX,Global X FinTech ETF,146.04968441698284
2025-05-16,30.51278305053711,FINX,Global X FinTech ETF,148.56278669578336
2025-05-19,30.62196922302246,FINX,Global X FinTech ETF,149.09440002080206
2025-05-20,30.373817443847656,FINX,Global X FinTech ETF,147.88618116457167
2025-05-21,29.708768844604492,FINX,Global X FinTech ETF,144.64814571470626
2025-05-22,30.06610870361328,FINX,Global X FinTech ETF,146.3879871825887
2025-05-23,29.94699478149414,FINX,Global X FinTech ETF,145.80803693108342
2025-05-27,30.76093292236328,FINX,Global X FinTech ETF,149.7709962653804
2025-05-28,30.3638916015625,FINX,Global X FinTech ETF,147.83785352471847
2025-05-29,30.423446655273438,FINX,Global X FinTech ETF,148.12781936383774
2025-05-30,30.39366912841797,FINX,Global X FinTech ETF,147.98283644427812
2025-06-02,30.631895065307617,FINX,Global X FinTech ETF,149.14272766065528
2025-06-03,30.96938133239746,FINX,Global X FinTech ETF,150.7859045621979
2025-06-04,31.41605567932129,FINX,Global X FinTech ETF,152.9607040753926
2025-06-05,31.396202087402344,FINX,Global X FinTech ETF,152.86403950905284
2025-06-06,31.971914291381836,FINX,Global X FinTech ETF,155.66710762697267
2025-06-09,32.22006607055664,FINX,Global X FinTech ETF,156.87532648320303
2025-06-10,32.21014404296875,FINX,Global X FinTech ETF,156.82701741661648
2025-06-11,32.100955963134766,FINX,Global X FinTech ETF,156.29539480496445
2025-06-12,31.85280418395996,FINX,Global X FinTech ETF,155.08717594873406
2025-06-13,31.019012451171875,FINX,Global X FinTech ETF,151.02755204809733
2025-06-16,31.922285079956055,FINX,Global X FinTech ETF,155.4254694277066
2025-06-17,31.396202087402344,FINX,Global X FinTech ETF,152.86403950905284
2025-06-18,31.86272621154785,FINX,Global X FinTech ETF,155.13548501532063
2025-06-20,31.85280418395996,FINX,Global X FinTech ETF,155.08717594873406
2025-06-23,32.329254150390625,FINX,Global X FinTech ETF,157.40694909485507
2025-06-24,33.49060821533203,FINX,Global X FinTech ETF,163.06143154381456
2025-06-25,32.99430465698242,FINX,Global X FinTech ETF,160.64499383135382
2025-06-26,33.5799446105957,FINX,Global X FinTech ETF,163.49639887576018
2025-06-27,33.48067855834961,FINX,Global X FinTech ETF,163.01308533069468
2025-06-30,33.96706008911133,FINX,Global X FinTech ETF,165.3812139765689
2025-07-01,33.5203857421875,FINX,Global X FinTech ETF,163.20641446337422
2025-07-02,34.04646682739258,FINX,Global X FinTech ETF,165.76783509539462
2025-07-03,34.32440185546875,FINX,Global X FinTech ETF,167.12106473108463
2025-07-07,34.175506591796875,FINX,Global X FinTech ETF,166.39611298675308
2025-07-08,34.1556510925293,FINX,Global X FinTech ETF,166.29943913378
2025-07-09,34.50306701660156,FINX,Global X FinTech ETF,167.99096224844251
2025-07-10,34.41373062133789,FINX,Global X FinTech ETF,167.55599491649693
2025-07-11,33.609718322753906,FINX,Global X FinTech ETF,163.64136322205314
2025-07-14,34.04150390625,FINX,Global X FinTech ETF,165.74367127546802
2025-07-15,33.62957000732422,FINX,Global X FinTech ETF,163.7380185017596
2025-07-16,34.32440185546875,FINX,Global X FinTech ETF,167.12106473108463
2025-07-17,34.751216888427734,FINX,Global X FinTech ETF,169.19917181803956
2025-07-18,34.77107238769531,FINX,Global X FinTech ETF,169.29584567101264
2025-07-21,34.69166564941406,FINX,Global X FinTech ETF,168.90922455218694
2025-07-22,34.949737548828125,FINX,Global X FinTech ETF,170.16574318837053
2025-07-23,34.99937057495117,FINX,Global X FinTech ETF,170.40739996090326
2025-07-24,34.830631256103516,FINX,Global X FinTech ETF,169.5858300833986
2025-07-25,35.02418518066406,FINX,Global X FinTech ETF,170.52821906053632
2025-07-28,34.78099822998047,FINX,Global X FinTech ETF,169.34417331086587
2025-07-29,34.35417556762695,FINX,Global X FinTech ETF,167.26602907737762
2025-07-30,34.26484298706055,FINX,Global X FinTech ETF,166.8310803186987
2025-07-31,34.056396484375,FINX,Global X FinTech ETF,165.8161813085145
2025-08-01,32.636962890625,FINX,Global X FinTech ETF,158.90514307683807
2025-08-04,33.510459899902344,FINX,Global X FinTech ETF,163.158086823521
2025-08-05,32.85533905029297,FINX,Global X FinTech ETF,159.96838830014212
2025-08-06,33.09554672241211,FINX,Global X FinTech ETF,161.13792832854995
2025-08-07,33.03400421142578,FINX,Global X FinTech ETF,160.8382858175
2025-08-08,32.49799728393555,FINX,Global X FinTech ETF,158.22853754562638
2025-08-11,32.28955078125,FINX,Global X FinTech ETF,157.21363853544221
2025-08-12,32.835487365722656,FINX,Global X FinTech ETF,159.8717330204357
2025-08-13,33.421119689941406,FINX,Global X FinTech ETF,162.72310091830875
2025-08-14,32.984378814697266,FINX,Global X FinTech ETF,160.5966661915006
2025-08-15,33.05385971069336,FINX,Global X FinTech ETF,160.9349596704731
2025-08-18,33.312931060791016,FINX,Global X FinTech ETF,162.196344502522
2025-08-19,32.65681838989258,FINX,Global X FinTech ETF,159.00181692981116
2025-08-20,32.651851654052734,FINX,Global X FinTech ETF,158.9776345366179
2025-08-21,32.580387115478516,FINX,Global X FinTech ETF,158.6296829589814
2025-08-22,33.73876190185547,FINX,Global X FinTech ETF,164.26965968667827
2025-08-25,33.3020133972168,FINX,Global X FinTech ETF,162.14318781333682
2025-08-26,33.292083740234375,FINX,Global X FinTech ETF,162.09484160021694
2025-08-27,33.38340759277344,FINX,Global X FinTech ETF,162.5394856040932
2025-08-28,33.65935134887695,FINX,Global X FinTech ETF,163.88301999458588
2025-08-29,33.73876190185547,FINX,Global X FinTech ETF,164.26965968667827
2025-09-02,33.11341857910156,FINX,Global X FinTech ETF,161.22494408285905
2025-09-03,32.984378814697266,FINX,Global X FinTech ETF,160.5966661915006
2025-09-04,33.182899475097656,FINX,Global X FinTech ETF,161.56323756183156
2025-09-05,33.331790924072266,FINX,Global X FinTech ETF,162.28817073289645
2025-09-08,33.510459899902344,FINX,Global X FinTech ETF,163.158086823521
2025-09-09,33.828094482421875,FINX,Global X FinTech ETF,164.70460844535722
2025-09-10,33.22260284423828,FINX,Global X FinTech ETF,161.75654812124444
2025-09-11,33.57497787475586,FINX,Global X FinTech ETF,163.4722164825669
2025-09-12,33.48067855834961,FINX,Global X FinTech ETF,163.01308533069468
2025-09-15,33.937278747558594,FINX,Global X FinTech ETF,165.23621248374258
2025-09-16,34.0861701965332,FINX,Global X FinTech ETF,165.96114565480747
2025-09-17,34.205284118652344,FINX,Global X FinTech ETF,166.54109590631273
2025-09-18,34.69166564941406,FINX,Global X FinTech ETF,168.90922455218694
2025-09-19,34.85048294067383,FINX,Global X FinTech ETF,169.68248536310503
2025-09-22,34.69166564941406,FINX,Global X FinTech ETF,168.90922455218694
2025-09-23,33.937278747558594,FINX,Global X FinTech ETF,165.23621248374258
2025-09-24,33.84794616699219,FINX,Global X FinTech ETF,164.80126372506365
2025-09-25,33.05385971069336,FINX,Global X FinTech ETF,160.9349596704731
2025-09-26,33.182899475097656,FINX,Global X FinTech ETF,161.56323756183156
2025-09-29,33.828094482421875,FINX,Global X FinTech ETF,164.70460844535722
2025-09-30,33.27223205566406,FINX,Global X FinTech ETF,161.9981863205105
2025-10-01,33.25238037109375,FINX,Global X FinTech ETF,161.9015310408041
2025-10-02,34.175506591796875,FINX,Global X FinTech ETF,166.39611298675308
2025-10-03,34.04646682739258,FINX,Global X FinTech ETF,165.76783509539462
2025-10-06,34.498104095458984,FINX,Global X FinTech ETF,167.96679842851592
2025-10-07,34.512996673583984,FINX,Global X FinTech ETF,168.0393084615624
2025-10-08,34.86040496826172,FINX,Global X FinTech ETF,169.7307944296916
2025-10-09,34.86040496826172,FINX,Global X FinTech ETF,169.7307944296916
2025-10-10,33.20275115966797,FINX,Global X FinTech ETF,161.659892841538
2025-10-13,33.83802032470703,FINX,Global X FinTech ETF,164.75293608521042
2025-10-14,33.957130432128906,FINX,Global X FinTech ETF,165.33286776344903
2025-10-15,33.91742706298828,FINX,Global X FinTech ETF,165.13955720403615
2025-10-16,32.99430465698242,FINX,Global X FinTech ETF,160.64499383135382
2025-10-17,33.12334060668945,FINX,Global X FinTech ETF,161.27325314944562
2025-10-20,33.9968376159668,FINX,Global X FinTech ETF,165.52619689612854
2025-10-21,34.056396484375,FINX,Global X FinTech ETF,165.8161813085145
2025-10-22,33.24245834350586,FINX,Global X FinTech ETF,161.85322197421752
2025-10-23,33.72883224487305,FINX,Global X FinTech ETF,164.2213134735584
2025-10-24,34.58247756958008,FINX,Global X FinTech ETF,168.3776019405349
2025-10-27,34.949737548828125,FINX,Global X FinTech ETF,170.16574318837053
2025-10-28,34.654937744140625,FINX,Global X FinTech ETF,168.73040114077003
2025-10-29,33.361568450927734,FINX,Global X FinTech ETF,162.4331536524561
2025-10-30,32.45531463623047,FINX,Global X FinTech ETF,158.0207212649509
2025-10-31,32.993309020996094,FINX,Global X FinTech ETF,160.64014620875517
2025-11-03,32.76599884033203,FINX,Global X FinTech ETF,159.53340239492988
2025-11-04,31.95206069946289,FINX,Global X FinTech ETF,155.5704430606329
2025-11-05,32.497005462646484,FINX,Global X FinTech ETF,158.2237084962944
2025-11-06,31.038864135742188,FINX,Global X FinTech ETF,151.12420732780376
2025-11-07,31.207609176635742,FINX,Global X FinTech ETF,151.94580506520842
2025-11-10,31.882579803466797,FINX,Global X FinTech ETF,155.2321495816604
2025-11-11,31.783321380615234,FINX,Global X FinTech ETF,154.74887318312824
2025-11-12,31.748580932617188,FINX,Global X FinTech ETF,154.579726443642
2025-11-13,30.314260482788086,FINX,Global X FinTech ETF,147.59620603881905
2025-11-14,29.9489803314209,FINX,Global X FinTech ETF,145.81770431638074
2025-11-17,29.12312889099121,FINX,Global X FinTech ETF,141.7967406702999
2025-11-18,28.855125427246094,FINX,Global X FinTech ETF,140.49186653436308
2025-11-19,28.706235885620117,FINX,Global X FinTech ETF,139.76694264993154
2025-11-20,27.96177864074707,FINX,Global X FinTech ETF,136.14227679460706
2025-11-21,28.537492752075195,FINX,Global X FinTech ETF,138.94535419916022
2025-11-24,29.107248306274414,FINX,Global X FinTech ETF,141.71942016118808
2025-11-25,29.43083953857422,FINX,Global X FinTech ETF,143.29494393891625
2025-11-26,29.788179397583008,FINX,Global X FinTech ETF,145.03478540679865
2025-11-28,30.449256896972656,FINX,Global X FinTech ETF,148.25348608606944
2025-12-01,29.966848373413086,FINX,Global X FinTech ETF,145.9047014974232
2025-12-02,29.8576602935791,FINX,Global X FinTech ETF,145.37307888577115
2025-12-03,30.309295654296875,FINX,Global X FinTech ETF,147.5720329322591
2025-12-04,30.47307777404785,FINX,Global X FinTech ETF,148.36946684973717
2025-12-05,30.2050724029541,FINX,Global X FinTech ETF,147.06458342716704
2025-12-08,29.966848373413086,FINX,Global X FinTech ETF,145.9047014974232
2025-12-09,30.090925216674805,FINX,Global X FinTech ETF,146.50881556885506
2025-12-10,30.403593063354492,FINX,Global X FinTech ETF,148.031154797498
2025-12-11,30.523700714111328,FINX,Global X FinTech ETF,148.61594338496857
2025-12-12,30.24775505065918,FINX,Global X FinTech ETF,147.2723997078425
2025-12-15,29.410985946655273,FINX,Global X FinTech ETF,143.19827937257648
2025-12-16,29.758399963378906,FINX,Global X FinTech ETF,144.88979320060568
2025-12-17,29.33157730102539,FINX,Global X FinTech ETF,142.81164896711743
2025-12-18,29.768325805664062,FINX,Global X FinTech ETF,144.93812084045888
2025-12-19,30.096878051757812,FINX,Global X FinTech ETF,146.5377991514803
2025-12-22,30.38870620727539,FINX,Global X FinTech ETF,147.9586726243515
2025-12-23,30.14849281311035,FINX,Global X FinTech ETF,146.7891047360437
2025-12-24,30.224925994873047,FINX,Global X FinTech ETF,147.16124799350678
2025-12-26,30.062137603759766,FINX,Global X FinTech ETF,146.36865241199405
2025-12-29,29.912254333496094,FINX,Global X FinTech ETF,145.63889019159717
2025-12-30,29.693634033203125,FINX,Global X FinTech ETF,144.57445627922678
2025-12-31,29.37917709350586,FINX,Global X FinTech ETF,143.04340618851958
2026-01-02,29.430089950561523,FINX,Global X FinTech ETF,143.29129429201726
2026-01-05,30.4273624420166,FINX,Global X FinTech ETF,148.14688482206577
2026-01-06,30.537174224853516,FINX,Global X FinTech ETF,148.68154416281698
2026-01-07,30.397415161132812,FINX,Global X FinTech ETF,148.0010753921397
2026-01-08,30.4273624420166,FINX,Global X FinTech ETF,148.14688482206577
2026-01-09,30.367467880249023,FINX,Global X FinTech ETF,147.85526596221362
2026-01-12,30.14784812927246,FINX,Global X FinTech ETF,146.7859658539779
2026-01-13,29.788469314575195,FINX,Global X FinTech ETF,145.03619697506494
2026-01-14,29.558866500854492,FINX,Global X FinTech ETF,143.91829062797606
2026-01-15,28.959901809692383,FINX,Global X FinTech ETF,141.0020091631211
2026-01-16,29.089675903320312,FINX,Global X FinTech ETF,141.6338624083119
2026-01-20,28.349956512451172,FINX,Global X FinTech ETF,138.03226455018103
2026-01-21,28.560592651367188,FINX,Global X FinTech ETF,139.0578246154289
2026-01-22,28.979867935180664,FINX,Global X FinTech ETF,141.09922164082738
2026-01-23,29.009815216064453,FINX,Global X FinTech ETF,141.24503107075347
2026-01-26,28.820144653320312,FINX,Global X FinTech ETF,140.32154967907718
2026-01-27,28.63047218322754,FINX,Global X FinTech ETF,139.39805900076755
2026-01-28,28.221179962158203,FINX,Global X FinTech ETF,137.4052682142222
2026-01-29,27.402597427368164,FINX,Global X FinTech ETF,133.41969592776485
2026-01-30,26.733753204345703,FINX,Global X FinTech ETF,130.16318007757124
2026-02-02,26.58401107788086,FINX,Global X FinTech ETF,129.43410506804085
2026-02-03,24.96681022644043,FINX,Global X FinTech ETF,121.56016368619909
2026-02-04,24.597448348999023,FINX,Global X FinTech ETF,119.76178856843296
2026-02-05,23.619140625,FINX,Global X FinTech ETF,114.99853503359208
2026-02-06,24.652353286743164,FINX,Global X FinTech ETF,120.02911359549189
2026-02-09,24.99675941467285,FINX,Global X FinTech ETF,121.70598240275851
2026-02-10,25.07662010192871,FINX,Global X FinTech ETF,122.09481374031694
2026-02-11,24.128259658813477,FINX,Global X FinTech ETF,117.47736963540213
2026-02-12,22.77060890197754,FINX,Global X FinTech ETF,110.86714403057532
2026-02-13,23.279727935791016,FINX,Global X FinTech ETF,113.34597863238537
2026-02-17,23.419485092163086,FINX,Global X FinTech ETF,114.0264381164293
2026-02-18,23.843751907348633,FINX,Global X FinTech ETF,116.09213826125435
2026-02-19,23.798830032348633,FINX,Global X FinTech ETF,115.87341947304857
2026-02-20,23.76888084411621,FINX,Global X FinTech ETF,115.72760075648915
2026-02-23,22.80055809020996,FINX,Global X FinTech ETF,111.01296274713472
2026-02-24,23.269744873046875,FINX,Global X FinTech ETF,113.29737239353223
2026-02-25,24.188156127929688,FINX,Global X FinTech ETF,117.76899778188763
2026-02-26,24.657344818115234,FINX,Global X FinTech ETF,120.05341671491847
2026-02-27,24.37782859802246,FINX,Global X FinTech ETF,118.69248846019725
2026-03-02,24.735210418701172,FINX,Global X FinTech ETF,120.43253423401295
2026-03-03,24.657344818115234,FINX,Global X FinTech ETF,120.05341671491847
2026-03-04,25.25630760192871,FINX,Global X FinTech ETF,122.9696888931401
2026-03-05,25.416030883789062,FINX,Global X FinTech ETF,123.74736085489032
2026-03-06,25.12653350830078,FINX,Global X FinTech ETF,122.3378356479493
2026-03-09,25.25630760192871,FINX,Global X FinTech ETF,122.9696888931401
2026-03-10,24.916894912719727,FINX,Global X FinTech ETF,121.31713249193339
2026-03-11,24.772146224975586,FINX,Global X FinTech ETF,120.6123698884629
2026-03-12,23.988502502441406,FINX,Global X FinTech ETF,116.79691015135819
2026-03-13,24.138242721557617,FINX,Global X FinTech ETF,117.52597587425527
2026-03-16,24.4776554107666,FINX,Global X FinTech ETF,119.17853227546198
2026-03-17,24.90691375732422,FINX,Global X FinTech ETF,121.2685355397136
2026-03-18,24.20812225341797,FINX,Global X FinTech ETF,117.8662102595939
2026-03-19,24.22808837890625,FINX,Global X FinTech ETF,117.96342273730018
2026-03-20,23.868709564208984,FINX,Global X FinTech ETF,116.2136538583872
2026-03-23,24.457691192626953,FINX,Global X FinTech ETF,119.08132908438903
2026-03-24,23.46940040588379,FINX,Global X FinTech ETF,114.269469310695
2026-03-25,23.66905403137207,FINX,Global X FinTech ETF,115.24155694122443
2026-03-26,23.129987716674805,FINX,Global X FinTech ETF,112.61691290948829
2026-03-27,22.221559524536133,FINX,Global X FinTech ETF,108.19389375998604
2026-03-30,22.211576461791992,FINX,Global X FinTech ETF,108.1452875211329
2026-03-31,23.060108184814453,FINX,Global X FinTech ETF,112.27667852414966
2026-04-01,22.8554630279541,FINX,Global X FinTech ETF,111.28028777419365
2026-04-02,22.93033218383789,FINX,Global X FinTech ETF,111.64481599232553
2026-04-06,23.229814529418945,FINX,Global X FinTech ETF,113.10295672475301
2026-04-07,23.02017593383789,FINX,Global X FinTech ETF,112.0822535687371
2026-04-08,23.60915756225586,FINX,Global X FinTech ETF,114.94992879473894
2026-04-09,23.120004653930664,FINX,Global X FinTech ETF,112.56830667063515
2026-04-10,22.960281372070312,FINX,Global X FinTech ETF,111.79063470888494
2026-04-13,23.958553314208984,FINX,Global X FinTech ETF,116.65109143479879
2026-04-14,24.697275161743164,FINX,Global X FinTech ETF,120.24783238369768
2026-04-15,25.71551513671875,FINX,Global X FinTech ETF,125.20551087395113
2026-04-16,25.84528923034668,FINX,Global X FinTech ETF,125.83736411914194
2026-04-17,26.57402992248535,FINX,Global X FinTech ETF,129.38550811582104
2026-04-20,26.7906551361084,FINX,Global X FinTech ETF,130.44022820972748
2026-04-21,26.044944763183594,FINX,Global X FinTech ETF,126.8094610363047
2026-04-22,26.55406379699707,FINX,Global X FinTech ETF,129.28829563811476
2026-04-23,25.525842666625977,FINX,Global X FinTech ETF,124.28202019564151
2026-04-24,25.775409698486328,FINX,Global X FinTech ETF,125.4971297338033
2026-04-27,25.56577491760254,FINX,Global X FinTech ETF,124.47644515105405
2026-04-28,25.406049728393555,FINX,Global X FinTech ETF,123.6987639026705
2026-04-29,24.82705307006836,FINX,Global X FinTech ETF,120.87970420215515
2026-04-30,25.20639419555664,FINX,Global X FinTech ETF,122.72666698550775
2026-05-01,25.56577491760254,FINX,Global X FinTech ETF,124.47644515105405
2026-05-04,25.975065231323242,FINX,Global X FinTech ETF,126.46922665096606
2026-05-05,25.73148536682129,FINX,Global X FinTech ETF,125.28326785482949
2026-05-06,25.985048294067383,FINX,Global X FinTech ETF,126.5178328898192
2026-05-07,25.81534194946289,FINX,Global X FinTech ETF,125.69155468921585
2026-05-08,25.65561866760254,FINX,Global X FinTech ETF,124.91388272746563
2026-05-11,25.8752384185791,FINX,Global X FinTech ETF,125.98318283570134
2026-05-12,25.455963134765625,FINX,Global X FinTech ETF,123.94178581030287
2026-05-13,24.984777450561523,FINX,Global X FinTech ETF,121.64764377217475
2026-05-14,25.356136322021484,FINX,Global X FinTech ETF,123.45574199503815
2026-05-15,24.807086944580078,FINX,Global X FinTech ETF,120.78249172444887
2026-05-18,24.86199188232422,FINX,Global X FinTech ETF,121.0498167515078
2026-05-19,24.702268600463867,FINX,Global X FinTech ETF,120.27214478975759
2026-05-20,25.00174903869629,FINX,Global X FinTech ETF,121.73027623555174
2026-05-21,24.840028762817383,FINX,Global X FinTech ETF,120.94288116870423
2026-05-22,24.77414321899414,FINX,Global X FinTech ETF,120.62209299356019
2026-05-26,24.847015380859375,FINX,Global X FinTech ETF,120.97689810659476
2026-05-27,24.926877975463867,FINX,Global X FinTech ETF,121.36573873078653
2026-05-28,25.525842666625977,FINX,Global X FinTech ETF,124.28202019564151
2026-05-29,26.204668045043945,FINX,Global X FinTech ETF,127.58713299805491
2026-06-01,26.55406379699707,FINX,Global X FinTech ETF,129.28829563811476
2026-06-02,25.81534194946289,FINX,Global X FinTech ETF,125.69155468921585
2026-06-03,24.597448348999023,FINX,Global X FinTech ETF,119.76178856843296
2026-06-04,24.896930694580078,FINX,Global X FinTech ETF,121.21992930086046
2026-06-05,23.611154556274414,FINX,Global X FinTech ETF,114.95965189983623
2026-06-08,23.958553314208984,FINX,Global X FinTech ETF,116.65109143479879
2026-06-09,23.76888084411621,FINX,Global X FinTech ETF,115.72760075648915
2026-06-10,23.294700622558594,FINX,Global X FinTech ETF,113.41887870403174
2026-06-11,24.008466720581055,FINX,Global X FinTech ETF,116.89411334243114
2026-06-12,24.178173065185547,FINX,Global X FinTech ETF,117.7203915430345
2026-06-15,24.747190475463867,FINX,Global X FinTech ETF,120.49086357796338
2026-06-16,24.926877975463867,FINX,Global X FinTech ETF,121.36573873078653
2026-06-17,24.677309036254883,FINX,Global X FinTech ETF,120.1506199059914
2026-06-18,24.926877975463867,FINX,Global X FinTech ETF,121.36573873078653
2026-06-22,24.42774200439453,FINX,Global X FinTech ETF,118.93551036782962
2026-06-23,24.24805450439453,FINX,Global X FinTech ETF,118.06063521500646
2026-06-24,24.2929744720459,FINX,Global X FinTech ETF,118.27934471657892
2026-06-25,23.944578170776367,FINX,Global X FinTech ETF,116.58304827238439
2026-06-26,24.856998443603516,FINX,Global X FinTech ETF,121.0255043454479
2026-06-29,25.04800033569336,FINX,Global X FinTech ETF,121.95546780718907
2026-06-30,24.690000534057617,FINX,Global X FinTech ETF,120.21241316417421
2026-07-01,25.329999923706055,FINX,Global X FinTech ETF,123.32848725850691
2026-07-02,25.56999969482422,FINX,Global X FinTech ETF,124.49701504388166
2026-07-06,26.010000228881836,FINX,Global X FinTech ETF,126.63932062705206
2026-07-07,25.639999389648438,FINX,Global X FinTech ETF,124.83783448712013
2026-07-08,25.219999313354492,FINX,Global X FinTech ETF,122.79290854105598
2026-07-09,25.6200008392334,FINX,Global X FinTech ETF,124.74046413664723
2026-07-10,25.614999771118164,FINX,Global X FinTech ETF,124.71611458405401
2026-07-13,25.459999084472656,FINX,Global X FinTech ETF,123.96143632643073
2026-07-14,25.489999771118164,FINX,Global X FinTech ETF,124.10750578209007
2026-07-15,26.110000610351562,FINX,Global X FinTech ETF,127.12620952594988
2026-07-16,25.780000686645508,FINX,Global X FinTech ETF,125.51948266023041
2026-07-17,25.260000228881836,FINX,Global X FinTech ETF,122.98766781526844
2026-07-20,25.61400032043457,FINX,Global X FinTech ETF,124.71124838818871
2026-07-21,26.030000686645508,FINX,Global X FinTech ETF,126.73670026415829
2026-07-22,25.524999618530273,FINX,Global X FinTech ETF,124.27791550370931
2026-07-23,25.110000610351562,FINX,Global X FinTech ETF,122.25733911023838
2026-07-24,25.03499984741211,FINX,Global X FinTech ETF,121.89217011440668
2026-07-27,25.65999984741211,FINX,Global X FinTech ETF,124.93521412422636
2026-07-28,26.040000915527344,FINX,Global X FinTech ETF,126.7853900827114
2026-07-29,25.615299224853516,FINX,Global X FinTech ETF,124.71757258548695
2018-01-02,43.674468994140625,KBWB,Invesco KBW Bank ETF,100.0
2018-01-03,43.888153076171875,KBWB,Invesco KBW Bank ETF,100.48926543802952
2018-01-04,44.33930969238281,KBWB,Invesco KBW Bank ETF,101.52226395318368
2018-01-05,44.41844940185547,KBWB,Invesco KBW Bank ETF,101.70346755175125
2018-01-08,44.355140686035156,KBWB,Invesco KBW Bank ETF,101.55851166040702
2018-01-09,44.86959457397461,KBWB,Invesco KBW Bank ETF,102.73643986374356
2018-01-10,45.423641204833984,KBWB,Invesco KBW Bank ETF,104.00502227268757
2018-01-11,45.75607681274414,KBWB,Invesco KBW Bank ETF,104.76618918682854
2018-01-12,46.11225891113281,KBWB,Invesco KBW Bank ETF,105.58172766180452
2018-01-16,45.93812942504883,KBWB,Invesco KBW Bank ETF,105.18302908550965
2018-01-17,46.15974426269531,KBWB,Invesco KBW Bank ETF,105.69045331469998
2018-01-18,45.99353790283203,KBWB,Invesco KBW Bank ETF,105.30989606079133
2018-01-19,46.5871467590332,KBWB,Invesco KBW Bank ETF,106.66906280024456
2018-01-22,47.02246856689453,KBWB,Invesco KBW Bank ETF,107.6658048737881
2018-01-23,47.14118576049805,KBWB,Invesco KBW Bank ETF,107.93762774041402
2018-01-24,47.39448165893555,KBWB,Invesco KBW Bank ETF,108.51759105598742
2018-01-25,47.149105072021484,KBWB,Invesco KBW Bank ETF,107.95576032841296
2018-01-26,47.481529235839844,KBWB,Invesco KBW Bank ETF,108.71690103939208
2018-01-29,47.43403244018555,KBWB,Invesco KBW Bank ETF,108.60814918333479
2018-01-30,46.967063903808594,KBWB,Invesco KBW Bank ETF,107.5389466328937
2018-01-31,47.0699577331543,KBWB,Invesco KBW Bank ETF,107.77453926107084
2018-02-01,47.57651138305664,KBWB,Invesco KBW Bank ETF,108.93437854834484
2018-02-02,46.69794845581055,KBWB,Invesco KBW Bank ETF,106.9227618132588
2018-02-05,44.41844940185547,KBWB,Invesco KBW Bank ETF,101.70346755175125
2018-02-06,45.17037582397461,KBWB,Invesco KBW Bank ETF,103.42512883221242
2018-02-07,45.336585998535156,KBWB,Invesco KBW Bank ETF,103.80569482050834
2018-02-08,43.349945068359375,KBWB,Invesco KBW Bank ETF,99.25694820508342
2018-02-09,44.212677001953125,KBWB,Invesco KBW Bank ETF,101.23231723294612
2018-02-12,44.78255844116211,KBWB,Invesco KBW Bank ETF,102.53715608350075
2018-02-13,45.05956268310547,KBWB,Invesco KBW Bank ETF,103.17140361603633
2018-02-14,46.25471496582031,KBWB,Invesco KBW Bank ETF,105.90790462049087
2018-02-15,46.4288444519043,KBWB,Invesco KBW Bank ETF,106.30660319678574
2018-02-16,46.46842956542969,KBWB,Invesco KBW Bank ETF,106.39723993361865
2018-02-20,46.35761642456055,KBWB,Invesco KBW Bank ETF,106.14351471744257
2018-02-21,46.57131576538086,KBWB,Invesco KBW Bank ETF,106.63281509302122
2018-02-22,45.930206298828125,KBWB,Invesco KBW Bank ETF,105.16488776312342
2018-02-23,46.66629409790039,KBWB,Invesco KBW Bank ETF,106.85028386758668
2018-02-26,47.13327407836914,KBWB,Invesco KBW Bank ETF,107.91951262118963
2018-02-27,46.618804931640625,KBWB,Invesco KBW Bank ETF,106.74154948030396
2018-02-28,46.07267379760742,KBWB,Invesco KBW Bank ETF,105.49109092497162
2018-03-01,45.439476013183594,KBWB,Invesco KBW Bank ETF,104.04127871429819
2018-03-02,45.77190017700195,KBWB,Invesco KBW Bank ETF,104.80241942527732
2018-03-05,46.29429244995117,KBWB,Invesco KBW Bank ETF,105.99852388854922
2018-03-06,46.547569274902344,KBWB,Invesco KBW Bank ETF,106.57844353218621
2018-03-07,46.50799560546875,KBWB,Invesco KBW Bank ETF,106.48783299851516
2018-03-08,46.460514068603516,KBWB,Invesco KBW Bank ETF,106.379116080007
2018-03-09,47.481529235839844,KBWB,Invesco KBW Bank ETF,108.71690103939208
2018-03-12,47.25200271606445,KBWB,Invesco KBW Bank ETF,108.19136169097737
2018-03-13,46.72169494628906,KBWB,Invesco KBW Bank ETF,106.97713337409381
2018-03-14,46.02517318725586,KBWB,Invesco KBW Bank ETF,105.38233033452703
2018-03-15,46.05684280395508,KBWB,Invesco KBW Bank ETF,105.45484321774828
2018-03-16,46.199310302734375,KBWB,Invesco KBW Bank ETF,105.78104637959648
2018-03-19,45.917396545410156,KBWB,Invesco KBW Bank ETF,105.135557690628
2018-03-20,45.81415557861328,KBWB,Invesco KBW Bank ETF,104.89917023320814
2018-03-21,45.909446716308594,KBWB,Invesco KBW Bank ETF,105.1173552275308
2018-03-22,43.98762130737305,KBWB,Invesco KBW Bank ETF,100.71701458642676
2018-03-23,42.52640914916992,KBWB,Invesco KBW Bank ETF,97.37132500655079
2018-03-26,44.06703567504883,KBWB,Invesco KBW Bank ETF,100.89884706087868
2018-03-27,42.971126556396484,KBWB,Invesco KBW Bank ETF,98.3895798759717
2018-03-28,43.026710510253906,KBWB,Invesco KBW Bank ETF,98.51684863306839
2018-03-29,43.662025451660156,KBWB,Invesco KBW Bank ETF,99.97150842868373
2018-04-02,42.693180084228516,KBWB,Invesco KBW Bank ETF,97.75317494977728
2018-04-03,43.336429595947266,KBWB,Invesco KBW Bank ETF,99.2260022709407
2018-04-04,43.908199310302734,KBWB,Invesco KBW Bank ETF,100.53516464320028
2018-04-05,44.23380661010742,KBWB,Invesco KBW Bank ETF,101.28069700410516
2018-04-06,43.0505256652832,KBWB,Invesco KBW Bank ETF,98.57137741287448
2018-04-09,43.3284912109375,KBWB,Invesco KBW Bank ETF,99.20782601100532
2018-04-10,44.035274505615234,KBWB,Invesco KBW Bank ETF,100.82612455236266
2018-04-11,43.55084991455078,KBWB,Invesco KBW Bank ETF,99.71695344571579
2018-04-12,44.49587631225586,KBWB,Invesco KBW Bank ETF,101.88074941042886
2018-04-13,43.57466125488281,KBWB,Invesco KBW Bank ETF,99.7714734911346
2018-04-16,43.61437225341797,KBWB,Invesco KBW Bank ETF,99.86239846274783
2018-04-17,43.18553924560547,KBWB,Invesco KBW Bank ETF,98.88051358197222
2018-04-18,42.96316909790039,KBWB,Invesco KBW Bank ETF,98.37135994409992
2018-04-19,43.900272369384766,KBWB,Invesco KBW Bank ETF,100.51701458642677
2018-04-20,44.01144027709961,KBWB,Invesco KBW Bank ETF,100.77155210062014
2018-04-23,44.18616485595703,KBWB,Invesco KBW Bank ETF,101.17161324133112
2018-04-24,44.217926025390625,KBWB,Invesco KBW Bank ETF,101.24433574984715
2018-04-25,44.1941032409668,KBWB,Invesco KBW Bank ETF,101.18978950126649
2018-04-26,44.051170349121094,KBWB,Invesco KBW Bank ETF,100.8625207441698
2018-04-27,44.38469314575195,KBWB,Invesco KBW Bank ETF,101.62617695868634
2018-04-30,43.86056137084961,KBWB,Invesco KBW Bank ETF,100.42608961481352
2018-05-01,43.876434326171875,KBWB,Invesco KBW Bank ETF,100.46243340029697
2018-05-02,43.53495788574219,KBWB,Invesco KBW Bank ETF,99.68056598829592
2018-05-03,43.24906539916992,KBWB,Invesco KBW Bank ETF,99.02596733339156
2018-05-04,43.66995620727539,KBWB,Invesco KBW Bank ETF,99.98966721984453
2018-05-07,43.900272369384766,KBWB,Invesco KBW Bank ETF,100.51701458642677
2018-05-08,44.37675476074219,KBWB,Invesco KBW Bank ETF,101.60800069875098
2018-05-09,45.067665100097656,KBWB,Invesco KBW Bank ETF,103.18995545462485
2018-05-10,45.425018310546875,KBWB,Invesco KBW Bank ETF,104.00817538649663
2018-05-11,45.47266387939453,KBWB,Invesco KBW Bank ETF,104.11726788365796
2018-05-14,45.41707992553711,KBWB,Invesco KBW Bank ETF,103.98999912656127
2018-05-15,45.54414749145508,KBWB,Invesco KBW Bank ETF,104.28094156694908
2018-05-16,45.52826690673828,KBWB,Invesco KBW Bank ETF,104.24458031269107
2018-05-17,45.53621292114258,KBWB,Invesco KBW Bank ETF,104.262774041401
2018-05-18,44.924720764160156,KBWB,Invesco KBW Bank ETF,102.86266049436632
2018-05-21,45.067665100097656,KBWB,Invesco KBW Bank ETF,103.18995545462485
2018-05-22,45.50443649291992,KBWB,Invesco KBW Bank ETF,104.19001659533583
2018-05-23,45.18677520751953,KBWB,Invesco KBW Bank ETF,103.46267796314089
2018-05-24,44.95648193359375,KBWB,Invesco KBW Bank ETF,102.93538300288235
2018-05-25,44.71823501586914,KBWB,Invesco KBW Bank ETF,102.38987684513931
2018-05-29,42.947288513183594,KBWB,Invesco KBW Bank ETF,98.33499868984191
2018-05-30,43.7652587890625,KBWB,Invesco KBW Bank ETF,100.20787841732903
2018-05-31,43.511138916015625,KBWB,Invesco KBW Bank ETF,99.62602847410254
2018-06-01,44.146453857421875,KBWB,Invesco KBW Bank ETF,101.08068826971788
2018-06-04,44.32909393310547,KBWB,Invesco KBW Bank ETF,101.49887326404053
2018-06-05,44.10676193237305,KBWB,Invesco KBW Bank ETF,100.98980697004104
2018-06-06,45.02001190185547,KBWB,Invesco KBW Bank ETF,103.08084548868896
2018-06-07,45.07560348510742,KBWB,Invesco KBW Bank ETF,103.20813171456022
2018-06-08,45.170902252197266,KBWB,Invesco KBW Bank ETF,103.42633417765744
2018-06-11,44.89293670654297,KBWB,Invesco KBW Bank ETF,102.7898855795266
2018-06-12,44.789703369140625,KBWB,Invesco KBW Bank ETF,102.5535155908813
2018-06-13,44.62294006347656,KBWB,Invesco KBW Bank ETF,102.17168311642938
2018-06-14,44.217926025390625,KBWB,Invesco KBW Bank ETF,101.24433574984715
2018-06-15,44.24174880981445,KBWB,Invesco KBW Bank ETF,101.29888199842782
2018-06-18,44.297569274902344,KBWB,Invesco KBW Bank ETF,101.42669228753603
2018-06-19,44.32147979736328,KBWB,Invesco KBW Bank ETF,101.4814394270242
2018-06-20,44.28163146972656,KBWB,Invesco KBW Bank ETF,101.39020001746877
2018-06-21,44.297569274902344,KBWB,Invesco KBW Bank ETF,101.42669228753603
2018-06-22,43.85108184814453,KBWB,Invesco KBW Bank ETF,100.40438466241594
2018-06-25,43.340824127197266,KBWB,Invesco KBW Bank ETF,99.23606428509041
2018-06-26,43.08567810058594,KBWB,Invesco KBW Bank ETF,98.65186479168486
2018-06-27,42.511619567871094,KBWB,Invesco KBW Bank ETF,97.33746178705564
2018-06-28,42.78271484375,KBWB,Invesco KBW Bank ETF,97.95817975369027
2018-06-29,42.74285125732422,KBWB,Invesco KBW Bank ETF,97.86690540658573
2018-07-02,43.10163497924805,KBWB,Invesco KBW Bank ETF,98.68840073368852
2018-07-03,42.61527633666992,KBWB,Invesco KBW Bank ETF,97.57480129268932
2018-07-05,42.68703079223633,KBWB,Invesco KBW Bank ETF,97.7390951174775
2018-07-06,42.93418884277344,KBWB,Invesco KBW Bank ETF,98.30500480391301
2018-07-09,44.05837631225586,KBWB,Invesco KBW Bank ETF,100.87902000174688
2018-07-10,43.73946762084961,KBWB,Invesco KBW Bank ETF,100.14882522491047
2018-07-11,43.468379974365234,KBWB,Invesco KBW Bank ETF,99.5281247270504
2018-07-12,43.42851257324219,KBWB,Invesco KBW Bank ETF,99.43684164555856
2018-07-13,42.974056243896484,KBWB,Invesco KBW Bank ETF,98.39628788540485
2018-07-16,43.88296890258789,KBWB,Invesco KBW Bank ETF,100.47739540571229
2018-07-17,44.01850509643555,KBWB,Invesco KBW Bank ETF,100.78772818586776
2018-07-18,44.560665130615234,KBWB,Invesco KBW Bank ETF,102.02909424403877
2018-07-19,43.92284393310547,KBWB,Invesco KBW Bank ETF,100.56869595597868
2018-07-20,43.978641510009766,KBWB,Invesco KBW Bank ETF,100.6964538387632
2018-07-23,44.815799713134766,KBWB,Invesco KBW Bank ETF,102.61326753428247
2018-07-24,44.815799713134766,KBWB,Invesco KBW Bank ETF,102.61326753428247
2018-07-25,44.791893005371094,KBWB,Invesco KBW Bank ETF,102.5585291291816
2018-07-26,44.85567092895508,KBWB,Invesco KBW Bank ETF,102.70455935016159
2018-07-27,45.08687973022461,KBWB,Invesco KBW Bank ETF,103.23395056336798
2018-07-30,45.118770599365234,KBWB,Invesco KBW Bank ETF,103.30697004105161
2018-07-31,44.82378005981445,KBWB,Invesco KBW Bank ETF,102.63153987247794
2018-08-01,45.03904724121094,KBWB,Invesco KBW Bank ETF,103.1244300812298
2018-08-02,45.23039245605469,KBWB,Invesco KBW Bank ETF,103.56254694733164
2018-08-03,45.405799865722656,KBWB,Invesco KBW Bank ETF,103.96417154336623
2018-08-06,45.44567108154297,KBWB,Invesco KBW Bank ETF,104.05546335924535
2018-08-07,45.581199645996094,KBWB,Invesco KBW Bank ETF,104.36577867062626
2018-08-08,45.83634567260742,KBWB,Invesco KBW Bank ETF,104.94997816403179
2018-08-09,45.50944519042969,KBWB,Invesco KBW Bank ETF,104.20148484583807
2018-08-10,44.983238220214844,KBWB,Invesco KBW Bank ETF,102.99664599528343
2018-08-13,44.48890686035156,KBWB,Invesco KBW Bank ETF,101.8647916848633
2018-08-14,45.07890701293945,KBWB,Invesco KBW Bank ETF,103.21569569394707
2018-08-15,44.62445068359375,KBWB,Invesco KBW Bank ETF,102.17514193379334
2018-08-16,45.270267486572266,KBWB,Invesco KBW Bank ETF,103.65384749759804
2018-08-17,45.36593246459961,KBWB,Invesco KBW Bank ETF,103.8728884618744
2018-08-20,45.541343688964844,KBWB,Invesco KBW Bank ETF,104.27452179229627
2018-08-21,45.84430694580078,KBWB,Invesco KBW Bank ETF,104.96820683029085
2018-08-22,45.73269271850586,KBWB,Invesco KBW Bank ETF,104.7126473927854
2018-08-23,45.43769073486328,KBWB,Invesco KBW Bank ETF,104.03719102104988
2018-08-24,45.44567108154297,KBWB,Invesco KBW Bank ETF,104.05546335924535
2018-08-27,45.96390914916992,KBWB,Invesco KBW Bank ETF,105.24205607476635
2018-08-28,45.86823272705078,KBWB,Invesco KBW Bank ETF,105.02298890732816
2018-08-29,45.78848648071289,KBWB,Invesco KBW Bank ETF,104.84039654118264
2018-08-30,45.41376876831055,KBWB,Invesco KBW Bank ETF,103.98241767839986
2018-08-31,45.461612701416016,KBWB,Invesco KBW Bank ETF,104.09196436369989
2018-09-04,45.71674728393555,KBWB,Invesco KBW Bank ETF,104.67613765394357
2018-09-05,45.75660705566406,KBWB,Invesco KBW Bank ETF,104.76740326666085
2018-09-06,45.4217529296875,KBWB,Invesco KBW Bank ETF,104.00069875098262
2018-09-07,45.34201431274414,KBWB,Invesco KBW Bank ETF,103.81812385361167
2018-09-10,45.26227951049805,KBWB,Invesco KBW Bank ETF,103.635557690628
2018-09-11,45.38187026977539,KBWB,Invesco KBW Bank ETF,103.90938073194165
2018-09-12,44.68024826049805,KBWB,Invesco KBW Bank ETF,102.30289981657786
2018-09-13,44.20986557006836,KBWB,Invesco KBW Bank ETF,101.22587998951873
2018-09-14,44.4091796875,KBWB,Invesco KBW Bank ETF,101.6822429906542
2018-09-17,44.21782302856445,KBWB,Invesco KBW Bank ETF,101.24409992139051
2018-09-18,44.2577018737793,KBWB,Invesco KBW Bank ETF,101.33540920604419
2018-09-19,45.11080551147461,KBWB,Invesco KBW Bank ETF,103.28873264040527
2018-09-20,45.66093826293945,KBWB,Invesco KBW Bank ETF,104.54835356799721
2018-09-21,45.397823333740234,KBWB,Invesco KBW Bank ETF,103.94590793955804
2018-09-24,44.909515380859375,KBWB,Invesco KBW Bank ETF,102.82784522665735
2018-09-25,44.74916458129883,KBWB,Invesco KBW Bank ETF,102.46069525722771
2018-09-26,44.05960464477539,KBWB,Invesco KBW Bank ETF,100.88183247445191
2018-09-27,43.75490951538086,KBWB,Invesco KBW Bank ETF,100.18418202463097
2018-09-28,43.34600067138672,KBWB,Invesco KBW Bank ETF,99.24791684863307
2018-10-01,43.394100189208984,KBWB,Invesco KBW Bank ETF,99.35804873788103
2018-10-02,43.329952239990234,KBWB,Invesco KBW Bank ETF,99.21117128133461
2018-10-03,43.979408264160156,KBWB,Invesco KBW Bank ETF,100.69820945060704
2018-10-04,44.3242073059082,KBWB,Invesco KBW Bank ETF,101.48768451393134
2018-10-05,44.067623138427734,KBWB,Invesco KBW Bank ETF,100.90019215652022
2018-10-08,44.388343811035156,KBWB,Invesco KBW Bank ETF,101.63453576731592
2018-10-09,44.0916633605957,KBWB,Invesco KBW Bank ETF,100.955236265176
2018-10-10,43.0974235534668,KBWB,Invesco KBW Bank ETF,98.6787579701284
2018-10-11,41.89470672607422,KBWB,Invesco KBW Bank ETF,95.9249366756922
2018-10-12,41.52587127685547,KBWB,Invesco KBW Bank ETF,95.08042623809939
2018-10-15,41.35749435424805,KBWB,Invesco KBW Bank ETF,94.69489911782688
2018-10-16,41.73434829711914,KBWB,Invesco KBW Bank ETF,95.55776923748799
2018-10-17,42.11119842529297,KBWB,Invesco KBW Bank ETF,96.42063062276182
2018-10-18,41.3254280090332,KBWB,Invesco KBW Bank ETF,94.62147785832823
2018-10-19,41.25326156616211,KBWB,Invesco KBW Bank ETF,94.4562407197135
2018-10-22,40.14674758911133,KBWB,Invesco KBW Bank ETF,91.92269193816054
2018-10-23,40.01847839355469,KBWB,Invesco KBW Bank ETF,91.62899816577867
2018-10-24,38.83979797363281,KBWB,Invesco KBW Bank ETF,88.93021224561097
2018-10-25,39.75387191772461,KBWB,Invesco KBW Bank ETF,91.02313739191196
2018-10-26,39.224666595458984,KBWB,Invesco KBW Bank ETF,89.8114333129531
2018-10-29,39.75387191772461,KBWB,Invesco KBW Bank ETF,91.02313739191196
2018-10-30,40.33116912841797,KBWB,Invesco KBW Bank ETF,92.34495589134423
2018-10-31,40.93253707885742,KBWB,Invesco KBW Bank ETF,93.72188837453052
2018-11-01,41.14902114868164,KBWB,Invesco KBW Bank ETF,94.21756485282557
2018-11-02,41.14099884033203,KBWB,Invesco KBW Bank ETF,94.19919643636999
2018-11-05,41.50983428955078,KBWB,Invesco KBW Bank ETF,95.04370687396279
2018-11-06,41.66218185424805,KBWB,Invesco KBW Bank ETF,95.39253209887326
2018-11-07,42.03903579711914,KBWB,Invesco KBW Bank ETF,96.25540221853437
2018-11-08,42.199398040771484,KBWB,Invesco KBW Bank ETF,96.62257839112586
2018-11-09,41.98290252685547,KBWB,Invesco KBW Bank ETF,96.12687570966897
2018-11-12,41.34145736694336,KBWB,Invesco KBW Bank ETF,94.65817975369028
2018-11-13,41.622093200683594,KBWB,Invesco KBW Bank ETF,95.30074242291903
2018-11-14,41.01271057128906,KBWB,Invesco KBW Bank ETF,93.9054589920517
2018-11-15,41.7022705078125,KBWB,Invesco KBW Bank ETF,95.48432177482749
2018-11-16,41.630096435546875,KBWB,Invesco KBW Bank ETF,95.3190671674382
2018-11-19,41.67820358276367,KBWB,Invesco KBW Bank ETF,95.42921652546075
2018-11-20,40.90848159790039,KBWB,Invesco KBW Bank ETF,93.66680932832561
2018-11-21,40.90848159790039,KBWB,Invesco KBW Bank ETF,93.66680932832561
2018-11-23,40.69198226928711,KBWB,Invesco KBW Bank ETF,93.17109791248144
2018-11-26,41.58200454711914,KBWB,Invesco KBW Bank ETF,95.2089527469648
2018-11-27,41.453712463378906,KBWB,Invesco KBW Bank ETF,94.91520656825924
2018-11-28,42.06308364868164,KBWB,Invesco KBW Bank ETF,96.31046379596471
2018-11-29,41.71830749511719,KBWB,Invesco KBW Bank ETF,95.52104113896411
2018-11-30,42.151283264160156,KBWB,Invesco KBW Bank ETF,96.51241156432876
2018-12-03,42.17534637451172,KBWB,Invesco KBW Bank ETF,96.56750807930824
2018-12-04,40.154781341552734,KBWB,Invesco KBW Bank ETF,91.94108655777798
2018-12-06,39.55341720581055,KBWB,Invesco KBW Bank ETF,90.56416280897895
2018-12-07,38.74357986450195,KBWB,Invesco KBW Bank ETF,88.70990479517862
2018-12-10,37.909698486328125,KBWB,Invesco KBW Bank ETF,86.80059393833523
2018-12-11,37.43662643432617,KBWB,Invesco KBW Bank ETF,85.71741636824177
2018-12-12,37.58095932006836,KBWB,Invesco KBW Bank ETF,86.04789064547121
2018-12-13,36.97157669067383,KBWB,Invesco KBW Bank ETF,84.65260721460389
2018-12-14,36.60274124145508,KBWB,Invesco KBW Bank ETF,83.80809677701109
2018-12-17,36.3381462097168,KBWB,Invesco KBW Bank ETF,83.20226220630623
2018-12-18,35.85706329345703,KBWB,Invesco KBW Bank ETF,82.10074242291903
2018-12-19,35.11939239501953,KBWB,Invesco KBW Bank ETF,80.41172154773342
2018-12-20,34.92695999145508,KBWB,Invesco KBW Bank ETF,79.971115381256
2018-12-21,34.31758117675781,KBWB,Invesco KBW Bank ETF,78.57584068477597
2018-12-24,33.5740966796875,KBWB,Invesco KBW Bank ETF,76.87350860337148
2018-12-26,35.135498046875,KBWB,Invesco KBW Bank ETF,80.44859813084112
2018-12-27,35.35391616821289,KBWB,Invesco KBW Bank ETF,80.94870294348851
2018-12-28,35.386295318603516,KBWB,Invesco KBW Bank ETF,81.02284042274434
2018-12-31,35.58045196533203,KBWB,Invesco KBW Bank ETF,81.46739453227356
2019-01-02,36.34901428222656,KBWB,Invesco KBW Bank ETF,83.22714647567473
2019-01-03,35.904052734375,KBWB,Invesco KBW Bank ETF,82.20833260546773
2019-01-04,37.10139083862305,KBWB,Invesco KBW Bank ETF,84.94983841383527
2019-01-07,37.29555892944336,KBWB,Invesco KBW Bank ETF,85.39441872652634
2019-01-08,37.30364990234375,KBWB,Invesco KBW Bank ETF,85.41294436195301
2019-01-09,37.64344024658203,KBWB,Invesco KBW Bank ETF,86.1909511747751
2019-01-10,37.530181884765625,KBWB,Invesco KBW Bank ETF,85.93162721635078
2019-01-11,37.68388748168945,KBWB,Invesco KBW Bank ETF,86.2835618831339
2019-01-14,38.145015716552734,KBWB,Invesco KBW Bank ETF,87.33939208664512
2019-01-15,38.49290084838867,KBWB,Invesco KBW Bank ETF,88.13593326928115
2019-01-16,39.51226043701172,KBWB,Invesco KBW Bank ETF,90.46992750458556
2019-01-17,39.90059280395508,KBWB,Invesco KBW Bank ETF,91.3590793955804
2019-01-18,40.60443115234375,KBWB,Invesco KBW Bank ETF,92.97063498995546
2019-01-22,40.32936096191406,KBWB,Invesco KBW Bank ETF,92.3408157917722
2019-01-23,40.29700469970703,KBWB,Invesco KBW Bank ETF,92.26673071884008
2019-01-24,40.48307418823242,KBWB,Invesco KBW Bank ETF,92.6927679273299
2019-01-25,40.85521697998047,KBWB,Invesco KBW Bank ETF,93.54485107869682
2019-01-28,40.83903503417969,KBWB,Invesco KBW Bank ETF,93.50779980784348
2019-01-29,40.60443115234375,KBWB,Invesco KBW Bank ETF,92.97063498995546
2019-01-30,40.56398010253906,KBWB,Invesco KBW Bank ETF,92.87801554720936
2019-01-31,40.20801544189453,KBWB,Invesco KBW Bank ETF,92.06297493230849
2019-02-01,40.32936096191406,KBWB,Invesco KBW Bank ETF,92.3408157917722
2019-02-04,40.56398010253906,KBWB,Invesco KBW Bank ETF,92.87801554720936
2019-02-05,40.418357849121094,KBWB,Invesco KBW Bank ETF,92.54458904707835
2019-02-06,40.38599395751953,KBWB,Invesco KBW Bank ETF,92.47048650537165
2019-02-07,40.57206344604492,KBWB,Invesco KBW Bank ETF,92.89652371386147
2019-02-08,40.240379333496094,KBWB,Invesco KBW Bank ETF,92.1370774740152
2019-02-11,40.37791061401367,KBWB,Invesco KBW Bank ETF,92.45197833871954
2019-02-12,40.96039962768555,KBWB,Invesco KBW Bank ETF,93.7856843392436
2019-02-13,40.91995620727539,KBWB,Invesco KBW Bank ETF,93.69308236527208
2019-02-14,40.50735092163086,KBWB,Invesco KBW Bank ETF,92.7483535679972
2019-02-15,41.48624801635742,KBWB,Invesco KBW Bank ETF,94.98970215739367
2019-02-19,41.68041229248047,KBWB,Invesco KBW Bank ETF,95.43427373569745
2019-02-20,42.0606575012207,KBWB,Invesco KBW Bank ETF,96.3049087256529
2019-02-21,41.80177307128906,KBWB,Invesco KBW Bank ETF,95.71214953271028
2019-02-22,41.704689025878906,KBWB,Invesco KBW Bank ETF,95.48985937636475
2019-02-25,41.826045989990234,KBWB,Invesco KBW Bank ETF,95.76772643899031
2019-02-26,41.591426849365234,KBWB,Invesco KBW Bank ETF,95.23052668355315
2019-02-27,41.923118591308594,KBWB,Invesco KBW Bank ETF,95.989990392174
2019-02-28,41.78559875488281,KBWB,Invesco KBW Bank ETF,95.67511573063149
2019-03-01,41.995933532714844,KBWB,Invesco KBW Bank ETF,96.15671237662679
2019-03-04,41.77750015258789,KBWB,Invesco KBW Bank ETF,95.65657262643026
2019-03-05,41.68852233886719,KBWB,Invesco KBW Bank ETF,95.45284304306053
2019-03-06,41.203094482421875,KBWB,Invesco KBW Bank ETF,94.3413747925583
2019-03-07,40.64488220214844,KBWB,Invesco KBW Bank ETF,93.06325443270154
2019-03-08,40.7338752746582,KBWB,Invesco KBW Bank ETF,93.26701895362041
2019-03-11,41.008934020996094,KBWB,Invesco KBW Bank ETF,93.8968119486418
2019-03-12,41.04938507080078,KBWB,Invesco KBW Bank ETF,93.9894313913879
2019-03-13,41.43771743774414,KBWB,Invesco KBW Bank ETF,94.87858328238273
2019-03-14,41.696598052978516,KBWB,Invesco KBW Bank ETF,95.47133374093808
2019-03-15,41.80986404418945,KBWB,Invesco KBW Bank ETF,95.73067516813695
2019-03-18,42.384681701660156,KBWB,Invesco KBW Bank ETF,97.04681631583544
2019-03-19,41.80741882324219,KBWB,Invesco KBW Bank ETF,95.72507642588873
2019-03-20,40.53905487060547,KBWB,Invesco KBW Bank ETF,92.82094506070399
2019-03-21,39.92112731933594,KBWB,Invesco KBW Bank ETF,91.40609660232334
2019-03-22,38.3519172668457,KBWB,Invesco KBW Bank ETF,87.81312778408595
2019-03-25,38.181182861328125,KBWB,Invesco KBW Bank ETF,87.4222028124727
2019-03-26,38.83977127075195,KBWB,Invesco KBW Bank ETF,88.93015110489999
2019-03-27,38.65276336669922,KBWB,Invesco KBW Bank ETF,88.50196523713862
2019-03-28,39.132469177246094,KBWB,Invesco KBW Bank ETF,89.60033190671675
2019-03-29,39.18938446044922,KBWB,Invesco KBW Bank ETF,89.7306489649751
2019-04-01,40.34392166137695,KBWB,Invesco KBW Bank ETF,92.3741549480304
2019-04-02,40.433353424072266,KBWB,Invesco KBW Bank ETF,92.57892392348677
2019-04-03,40.60409927368164,KBWB,Invesco KBW Bank ETF,92.96987509826185
2019-04-04,40.94558334350586,KBWB,Invesco KBW Bank ETF,93.75175997903747
2019-04-05,40.913055419921875,KBWB,Invesco KBW Bank ETF,93.67728185867762
2019-04-08,41.00250244140625,KBWB,Invesco KBW Bank ETF,93.88208577168312
2019-04-09,40.48213577270508,KBWB,Invesco KBW Bank ETF,92.69061926805834
2019-04-10,40.66913986206055,KBWB,Invesco KBW Bank ETF,93.11879640143243
2019-04-11,40.90492630004883,KBWB,Invesco KBW Bank ETF,93.65866887937811
2019-04-12,41.66920471191406,KBWB,Invesco KBW Bank ETF,95.40861210586077
2019-04-15,41.262672424316406,KBWB,Invesco KBW Bank ETF,94.47778845314001
2019-04-16,41.9212532043457,KBWB,Invesco KBW Bank ETF,95.98571927679274
2019-04-17,41.913116455078125,KBWB,Invesco KBW Bank ETF,95.96708882871866
2019-04-18,41.7342529296875,KBWB,Invesco KBW Bank ETF,95.55755087780592
2019-04-22,41.661075592041016,KBWB,Invesco KBW Bank ETF,95.38999912656128
2019-04-23,41.99443054199219,KBWB,Invesco KBW Bank ETF,96.15327102803738
2019-04-24,41.904991149902344,KBWB,Invesco KBW Bank ETF,95.94848458380645
2019-04-25,41.978172302246094,KBWB,Invesco KBW Bank ETF,96.11604506943839
2019-04-26,42.42534637451172,KBWB,Invesco KBW Bank ETF,97.13992488426936
2019-04-29,42.88066864013672,KBWB,Invesco KBW Bank ETF,98.18246135033627
2019-04-30,42.82373809814453,KBWB,Invesco KBW Bank ETF,98.05210935452878
2019-05-01,42.42534637451172,KBWB,Invesco KBW Bank ETF,97.13992488426936
2019-05-02,42.7017822265625,KBWB,Invesco KBW Bank ETF,97.77287099309983
2019-05-03,43.03513717651367,KBWB,Invesco KBW Bank ETF,98.53614289457595
2019-05-06,42.79934310913086,KBWB,Invesco KBW Bank ETF,97.99625294785571
2019-05-07,41.89686965942383,KBWB,Invesco KBW Bank ETF,95.92988907328152
2019-05-08,41.67733383178711,KBWB,Invesco KBW Bank ETF,95.42722508516027
2019-05-09,41.661075592041016,KBWB,Invesco KBW Bank ETF,95.38999912656128
2019-05-10,41.80741882324219,KBWB,Invesco KBW Bank ETF,95.72507642588873
2019-05-13,40.295143127441406,KBWB,Invesco KBW Bank ETF,92.2624683378461
2019-05-14,40.6609992980957,KBWB,Invesco KBW Bank ETF,93.10015721897109
2019-05-15,40.262611389160156,KBWB,Invesco KBW Bank ETF,92.18798148309897
2019-05-16,40.685401916503906,KBWB,Invesco KBW Bank ETF,93.15603109441872
2019-05-17,40.408958435058594,KBWB,Invesco KBW Bank ETF,92.5230675168137
2019-05-20,40.54718780517578,KBWB,Invesco KBW Bank ETF,92.83956677439078
2019-05-21,40.93745422363281,KBWB,Invesco KBW Bank ETF,93.73314699973797
2019-05-22,40.61223220825195,KBWB,Invesco KBW Bank ETF,92.98849681194864
2019-05-23,39.84796142578125,KBWB,Invesco KBW Bank ETF,91.23857105424055
2019-05-24,40.2463493347168,KBWB,Invesco KBW Bank ETF,92.15074679011268
2019-05-28,39.6934700012207,KBWB,Invesco KBW Bank ETF,90.88483710367717
2019-05-29,39.74226379394531,KBWB,Invesco KBW Bank ETF,90.99655865141061
2019-05-30,39.2625617980957,KBWB,Invesco KBW Bank ETF,89.89820071621976
2019-05-31,38.57145309448242,KBWB,Invesco KBW Bank ETF,88.31579177220718
2019-06-03,38.904808044433594,KBWB,Invesco KBW Bank ETF,89.0790636736833
2019-06-04,40.262611389160156,KBWB,Invesco KBW Bank ETF,92.18798148309897
2019-06-05,40.21382141113281,KBWB,Invesco KBW Bank ETF,92.07626866975282
2019-06-06,40.3114013671875,KBWB,Invesco KBW Bank ETF,92.29969429644511
2019-06-07,40.02682113647461,KBWB,Invesco KBW Bank ETF,91.64810027076601
2019-06-10,40.46586990356445,KBWB,Invesco KBW Bank ETF,92.65337584068477
2019-06-11,40.70979309082031,KBWB,Invesco KBW Bank ETF,93.21187876670452
2019-06-12,40.2300910949707,KBWB,Invesco KBW Bank ETF,92.11352083151367
2019-06-13,40.352054595947266,KBWB,Invesco KBW Bank ETF,92.39277666171718
2019-06-14,40.49839782714844,KBWB,Invesco KBW Bank ETF,92.72785396104463
2019-06-17,39.95363998413086,KBWB,Invesco KBW Bank ETF,91.48053978513407
2019-06-18,40.60409927368164,KBWB,Invesco KBW Bank ETF,92.96987509826185
2019-06-19,40.2300910949707,KBWB,Invesco KBW Bank ETF,92.11352083151367
2019-06-20,40.327659606933594,KBWB,Invesco KBW Bank ETF,92.3369202550441
2019-06-21,40.36830520629883,KBWB,Invesco KBW Bank ETF,92.42998515154162
2019-06-24,40.1326789855957,KBWB,Invesco KBW Bank ETF,91.89047951786182
2019-06-25,40.05903244018555,KBWB,Invesco KBW Bank ETF,91.72185343698139
2019-06-26,40.12449264526367,KBWB,Invesco KBW Bank ETF,91.87173552275308
2019-06-27,40.4926872253418,KBWB,Invesco KBW Bank ETF,92.71477858328238
2019-06-28,41.28634262084961,KBWB,Invesco KBW Bank ETF,94.53198532622936
2019-07-01,41.71179962158203,KBWB,Invesco KBW Bank ETF,95.50614027425976
2019-07-02,41.30268859863281,KBWB,Invesco KBW Bank ETF,94.56941217573588
2019-07-03,41.6790657043457,KBWB,Invesco KBW Bank ETF,95.43119049698663
2019-07-05,41.98179244995117,KBWB,Invesco KBW Bank ETF,96.12433400296969
2019-07-08,41.55633544921875,KBWB,Invesco KBW Bank ETF,95.1501790549393
2019-07-09,41.850887298583984,KBWB,Invesco KBW Bank ETF,95.82460476897546
2019-07-10,41.351783752441406,KBWB,Invesco KBW Bank ETF,94.68182374006463
2019-07-11,41.769065856933594,KBWB,Invesco KBW Bank ETF,95.63726089614813
2019-07-12,41.924530029296875,KBWB,Invesco KBW Bank ETF,95.9932221154686
2019-07-15,41.4499626159668,KBWB,Invesco KBW Bank ETF,94.90662066556031
2019-07-16,41.155418395996094,KBWB,Invesco KBW Bank ETF,94.23221242029872
2019-07-17,41.10633087158203,KBWB,Invesco KBW Bank ETF,94.11981832474451
2019-07-18,41.55633544921875,KBWB,Invesco KBW Bank ETF,95.1501790549393
2019-07-19,41.826332092285156,KBWB,Invesco KBW Bank ETF,95.7683815180365
2019-07-22,41.84269714355469,KBWB,Invesco KBW Bank ETF,95.80585203947943
2019-07-23,42.52998352050781,KBWB,Invesco KBW Bank ETF,97.37950912743472
2019-07-24,43.176368713378906,KBWB,Invesco KBW Bank ETF,98.85951611494454
2019-07-25,42.857276916503906,KBWB,Invesco KBW Bank ETF,98.12890208751855
2019-07-26,43.49547576904297,KBWB,Invesco KBW Bank ETF,99.59016507991964
2019-07-29,43.04545974731445,KBWB,Invesco KBW Bank ETF,98.55977814656302
2019-07-30,43.168182373046875,KBWB,Invesco KBW Bank ETF,98.84077211983579
2019-07-31,43.03728103637695,KBWB,Invesco KBW Bank ETF,98.54105162022884
2019-08-01,41.48270797729492,KBWB,Invesco KBW Bank ETF,94.98159664599528
2019-08-02,41.33542251586914,KBWB,Invesco KBW Bank ETF,94.644361953009
2019-08-05,39.83811569213867,KBWB,Invesco KBW Bank ETF,91.21602760066381
2019-08-06,40.31267166137695,KBWB,Invesco KBW Bank ETF,92.30260284741026
2019-08-07,39.43720245361328,KBWB,Invesco KBW Bank ETF,90.29806970041052
2019-08-08,40.083587646484375,KBWB,Invesco KBW Bank ETF,91.77807668792035
2019-08-09,39.93630599975586,KBWB,Invesco KBW Bank ETF,91.44085072932134
2019-08-12,39.109920501708984,KBWB,Invesco KBW Bank ETF,89.54870294348851
2019-08-13,39.49448013305664,KBWB,Invesco KBW Bank ETF,90.42921652546075
2019-08-14,37.93171691894531,KBWB,Invesco KBW Bank ETF,86.85100882173116
2019-08-15,37.7844352722168,KBWB,Invesco KBW Bank ETF,86.51378286313215
2019-08-16,38.72536849975586,KBWB,Invesco KBW Bank ETF,88.66820683029086
2019-08-19,39.14265441894531,KBWB,Invesco KBW Bank ETF,89.62365272076164
2019-08-20,38.512638092041016,KBWB,Invesco KBW Bank ETF,88.18112498908202
2019-08-21,38.67627716064453,KBWB,Invesco KBW Bank ETF,88.55580400034937
2019-08-22,39.01173400878906,KBWB,Invesco KBW Bank ETF,89.32388854921827
2019-08-23,37.87443542480469,KBWB,Invesco KBW Bank ETF,86.71985326229365
2019-08-26,38.275360107421875,KBWB,Invesco KBW Bank ETF,87.63783736570879
2019-08-27,37.890804290771484,KBWB,Invesco KBW Bank ETF,86.75733251812386
2019-08-28,38.422637939453125,KBWB,Invesco KBW Bank ETF,87.97505458992052
2019-08-29,39.175376892089844,KBWB,Invesco KBW Bank ETF,89.69857629487292
2019-08-30,39.39629364013672,KBWB,Invesco KBW Bank ETF,90.20440213119049
2019-09-03,38.67627716064453,KBWB,Invesco KBW Bank ETF,88.55580400034937
2019-09-04,39.13446807861328,KBWB,Invesco KBW Bank ETF,89.60490872565289
2019-09-05,40.21448516845703,KBWB,Invesco KBW Bank ETF,92.07778845314002
2019-09-06,40.07539367675781,KBWB,Invesco KBW Bank ETF,91.75931522403704
2019-09-09,41.515419006347656,KBWB,Invesco KBW Bank ETF,95.05649401694471
2019-09-10,42.18635177612305,KBWB,Invesco KBW Bank ETF,96.59270678661892
2019-09-11,42.49726486206055,KBWB,Invesco KBW Bank ETF,97.30459428771071
2019-09-12,42.693634033203125,KBWB,Invesco KBW Bank ETF,97.75421434186391
2019-09-13,43.1845588684082,KBWB,Invesco KBW Bank ETF,98.87826884444057
2019-09-16,43.15999984741211,KBWB,Invesco KBW Bank ETF,98.82203685911433
2019-09-17,42.832725524902344,KBWB,Invesco KBW Bank ETF,98.07268757096689
2019-09-18,43.086360931396484,KBWB,Invesco KBW Bank ETF,98.65342824700848
2019-09-19,42.84090805053711,KBWB,Invesco KBW Bank ETF,98.09142283168836
2019-09-20,42.52998352050781,KBWB,Invesco KBW Bank ETF,97.37950912743472
2019-09-23,42.635475158691406,KBWB,Invesco KBW Bank ETF,97.62104987335138
2019-09-24,42.04217529296875,KBWB,Invesco KBW Bank ETF,96.26259061926805
2019-09-25,42.60251235961914,KBWB,Invesco KBW Bank ETF,97.5455760328413
2019-09-26,42.29761505126953,KBWB,Invesco KBW Bank ETF,96.84746266049437
2019-09-27,42.503623962402344,KBWB,Invesco KBW Bank ETF,97.31915451131103
2019-09-30,42.454185485839844,KBWB,Invesco KBW Bank ETF,97.20595685212682
2019-10-01,41.36646270751953,KBWB,Invesco KBW Bank ETF,94.71543366232859
2019-10-02,40.50946807861328,KBWB,Invesco KBW Bank ETF,92.75320115293913
2019-10-03,40.6330680847168,KBWB,Invesco KBW Bank ETF,93.03620403528693
2019-10-04,41.2840576171875,KBWB,Invesco KBW Bank ETF,94.526753428247
2019-10-07,41.19341278076172,KBWB,Invesco KBW Bank ETF,94.31920691763473
2019-10-08,40.17985153198242,KBWB,Invesco KBW Bank ETF,91.99848895100008
2019-10-09,40.5177001953125,KBWB,Invesco KBW Bank ETF,92.77204996069526
2019-10-10,41.08628463745117,KBWB,Invesco KBW Bank ETF,94.07391911957376
2019-10-11,41.82791519165039,KBWB,Invesco KBW Bank ETF,95.77200628875885
2019-10-14,41.877349853515625,KBWB,Invesco KBW Bank ETF,95.88519521355578
2019-10-15,42.69314956665039,KBWB,Invesco KBW Bank ETF,97.75310507467901
2019-10-16,42.56130599975586,KBWB,Invesco KBW Bank ETF,97.45122718141323
2019-10-17,42.511863708496094,KBWB,Invesco KBW Bank ETF,97.33802078784173
2019-10-18,42.8661994934082,KBWB,Invesco KBW Bank ETF,98.14933181937288
2019-10-21,43.698486328125,KBWB,Invesco KBW Bank ETF,100.05499170233207
2019-10-22,43.986881256103516,KBWB,Invesco KBW Bank ETF,100.7153201152939
2019-10-23,44.18465042114258,KBWB,Invesco KBW Bank ETF,101.16814568957987
2019-10-24,43.986881256103516,KBWB,Invesco KBW Bank ETF,100.7153201152939
2019-10-25,44.47306442260742,KBWB,Invesco KBW Bank ETF,101.82851777447812
2019-10-28,44.876834869384766,KBWB,Invesco KBW Bank ETF,102.75301773080618
2019-10-29,44.94275665283203,KBWB,Invesco KBW Bank ETF,102.90395667743908
2019-10-30,44.514259338378906,KBWB,Invesco KBW Bank ETF,101.92284042274434
2019-10-31,44.08576965332031,KBWB,Invesco KBW Bank ETF,100.94174163682418
2019-11-01,44.97573471069336,KBWB,Invesco KBW Bank ETF,102.9794654554983
2019-11-04,45.83271789550781,KBWB,Invesco KBW Bank ETF,104.94167176172591
2019-11-05,46.22001647949219,KBWB,Invesco KBW Bank ETF,105.82845663376715
2019-11-06,46.22825622558594,KBWB,Invesco KBW Bank ETF,105.84732291029785
2019-11-07,46.681480407714844,KBWB,Invesco KBW Bank ETF,106.88505546335925
2019-11-08,46.6897087097168,KBWB,Invesco KBW Bank ETF,106.9038955367281
2019-11-11,46.4919319152832,KBWB,Invesco KBW Bank ETF,106.45105249366758
2019-11-12,46.450748443603516,KBWB,Invesco KBW Bank ETF,106.3567560485632
2019-11-13,45.956321716308594,KBWB,Invesco KBW Bank ETF,105.224683378461
2019-11-14,45.89039993286133,KBWB,Invesco KBW Bank ETF,105.0737444318281
2019-11-15,46.145843505859375,KBWB,Invesco KBW Bank ETF,105.6586252074417
2019-11-18,46.2117805480957,KBWB,Invesco KBW Bank ETF,105.80959909162372
2019-11-19,46.285945892333984,KBWB,Invesco KBW Bank ETF,105.9794130491746
2019-11-20,46.01400375366211,KBWB,Invesco KBW Bank ETF,105.3567560485632
2019-11-21,46.06344223022461,KBWB,Invesco KBW Bank ETF,105.46995370774741
2019-11-22,46.516666412353516,KBWB,Invesco KBW Bank ETF,106.50768626080881
2019-11-25,46.83803939819336,KBWB,Invesco KBW Bank ETF,107.24352345182986
2019-11-26,46.590824127197266,KBWB,Invesco KBW Bank ETF,106.67748274958511
2019-11-27,46.895713806152344,KBWB,Invesco KBW Bank ETF,107.37557865315748
2019-11-29,46.76388168334961,KBWB,Invesco KBW Bank ETF,107.07372696305355
2019-12-02,46.516666412353516,KBWB,Invesco KBW Bank ETF,106.50768626080881
2019-12-03,45.80799865722656,KBWB,Invesco KBW Bank ETF,104.88507293213381
2019-12-04,46.30241012573242,KBWB,Invesco KBW Bank ETF,106.01711066468687
2019-12-05,46.58258056640625,KBWB,Invesco KBW Bank ETF,106.65860773866713
2019-12-06,47.25829315185547,KBWB,Invesco KBW Bank ETF,108.2057646956066
2019-12-09,47.27477264404297,KBWB,Invesco KBW Bank ETF,108.243497248668
2019-12-10,47.340702056884766,KBWB,Invesco KBW Bank ETF,108.39445366407547
2019-12-11,47.13468933105469,KBWB,Invesco KBW Bank ETF,107.92275307887152
2019-12-12,48.49433898925781,KBWB,Invesco KBW Bank ETF,111.03589833173203
2019-12-13,48.04936599731445,KBWB,Invesco KBW Bank ETF,110.01705825836318
2019-12-16,48.214168548583984,KBWB,Invesco KBW Bank ETF,110.39440125775177
2019-12-17,48.601470947265625,KBWB,Invesco KBW Bank ETF,111.28119486418028
2019-12-18,48.41193389892578,KBWB,Invesco KBW Bank ETF,110.84721809765045
2019-12-19,48.24714279174805,KBWB,Invesco KBW Bank ETF,110.4699013014237
2019-12-20,48.222415924072266,KBWB,Invesco KBW Bank ETF,110.41328500305704
2019-12-23,48.214107513427734,KBWB,Invesco KBW Bank ETF,110.39426150755524
2019-12-24,48.29715347290039,KBWB,Invesco KBW Bank ETF,110.58440911870032
2019-12-26,48.571189880371094,KBWB,Invesco KBW Bank ETF,111.21186129792996
2019-12-27,48.388492584228516,KBWB,Invesco KBW Bank ETF,110.79354528779807
2019-12-30,48.31375503540039,KBWB,Invesco KBW Bank ETF,110.62242117215477
2019-12-31,48.35528564453125,KBWB,Invesco KBW Bank ETF,110.71751244650187
2020-01-02,48.69575119018555,KBWB,Invesco KBW Bank ETF,111.497065245873
2020-01-03,48.07293701171875,KBWB,Invesco KBW Bank ETF,110.07102803738317
2020-01-06,47.75737762451172,KBWB,Invesco KBW Bank ETF,109.34850205258101
2020-01-07,47.466739654541016,KBWB,Invesco KBW Bank ETF,108.68303781989694
2020-01-08,47.74077606201172,KBWB,Invesco KBW Bank ETF,109.31048999912656
2020-01-09,47.96498489379883,KBWB,Invesco KBW Bank ETF,109.82385361166914
2020-01-10,47.48333740234375,KBWB,Invesco KBW Bank ETF,108.7210411389641
2020-01-13,47.75737762451172,KBWB,Invesco KBW Bank ETF,109.34850205258101
2020-01-14,47.83211898803711,KBWB,Invesco KBW Bank ETF,109.51963490261159
2020-01-15,46.9933967590332,KBWB,Invesco KBW Bank ETF,107.5992401083064
2020-01-16,47.192691802978516,KBWB,Invesco KBW Bank ETF,108.05555943750547
2020-01-17,47.36708450317383,KBWB,Invesco KBW Bank ETF,108.45486068652284
2020-01-21,46.91035461425781,KBWB,Invesco KBW Bank ETF,107.4091012315486
2020-01-22,46.968482971191406,KBWB,Invesco KBW Bank ETF,107.54219582496287
2020-01-23,46.89373779296875,KBWB,Invesco KBW Bank ETF,107.37105424054502
2020-01-24,45.98858642578125,KBWB,Invesco KBW Bank ETF,105.29855882609834
2020-01-27,45.149871826171875,KBWB,Invesco KBW Bank ETF,103.37818150056773
2020-01-28,45.65642166137695,KBWB,Invesco KBW Bank ETF,104.53801205345445
2020-01-29,45.282737731933594,KBWB,Invesco KBW Bank ETF,103.6824002096253
2020-01-30,45.772682189941406,KBWB,Invesco KBW Bank ETF,104.80420997467027
2020-01-31,44.784481048583984,KBWB,Invesco KBW Bank ETF,102.54155821469124
2020-02-03,45.21630096435547,KBWB,Invesco KBW Bank ETF,103.53028212070923
2020-02-04,45.905548095703125,KBWB,Invesco KBW Bank ETF,105.10842868372784
2020-02-05,47.034915924072266,KBWB,Invesco KBW Bank ETF,107.69430517949166
2020-02-06,46.777488708496094,KBWB,Invesco KBW Bank ETF,107.10488252249105
2020-02-07,46.55327606201172,KBWB,Invesco KBW Bank ETF,106.59151017556118
2020-02-10,46.49514389038086,KBWB,Invesco KBW Bank ETF,106.45840684775963
2020-02-11,46.83561325073242,KBWB,Invesco KBW Bank ETF,107.23796838151803
2020-02-12,46.91035461425781,KBWB,Invesco KBW Bank ETF,107.4091012315486
2020-02-13,46.92695999145508,KBWB,Invesco KBW Bank ETF,107.44712201939033
2020-02-14,46.785789489746094,KBWB,Invesco KBW Bank ETF,107.12388854921828
2020-02-18,46.17958450317383,KBWB,Invesco KBW Bank ETF,105.73588086295746
2020-02-19,46.61970138549805,KBWB,Invesco KBW Bank ETF,106.7436020613154
2020-02-20,46.810707092285156,KBWB,Invesco KBW Bank ETF,107.18094156694907
2020-02-21,46.24601364135742,KBWB,Invesco KBW Bank ETF,105.88798148309895
2020-02-24,44.618408203125,KBWB,Invesco KBW Bank ETF,102.1613066643375
2020-02-25,42.60877990722656,KBWB,Invesco KBW Bank ETF,97.55992663114682
2020-02-26,42.019187927246094,KBWB,Invesco KBW Bank ETF,96.20995720150232
2020-02-27,40.30022048950195,KBWB,Invesco KBW Bank ETF,92.27409380731942
2020-02-28,39.04628372192383,KBWB,Invesco KBW Bank ETF,89.40299589483797
2020-03-02,40.98116683959961,KBWB,Invesco KBW Bank ETF,93.8332343436108
2020-03-03,39.01307678222656,KBWB,Invesco KBW Bank ETF,89.32696305354179
2020-03-04,39.92652893066406,KBWB,Invesco KBW Bank ETF,91.41846449471569
2020-03-05,37.68439865112305,KBWB,Invesco KBW Bank ETF,86.28473229102978
2020-03-06,35.98204803466797,KBWB,Invesco KBW Bank ETF,82.38691588785046
2020-03-09,30.9663143157959,KBWB,Invesco KBW Bank ETF,70.9025548082802
2020-03-10,33.27487564086914,KBWB,Invesco KBW Bank ETF,76.18839199930125
2020-03-11,31.099180221557617,KBWB,Invesco KBW Bank ETF,71.20677351733777
2020-03-12,27.81902503967285,KBWB,Invesco KBW Bank ETF,63.69630972137305
2020-03-13,31.946210861206055,KBWB,Invesco KBW Bank ETF,73.14619180714473
2020-03-16,26.86404037475586,KBWB,Invesco KBW Bank ETF,61.5097126386584
2020-03-17,28.591318130493164,KBWB,Invesco KBW Bank ETF,65.46460389553673
2020-03-18,26.191408157348633,KBWB,Invesco KBW Bank ETF,59.969608699449736
2020-03-19,27.154691696166992,KBWB,Invesco KBW Bank ETF,62.175207441697964
2020-03-20,25.992103576660156,KBWB,Invesco KBW Bank ETF,59.51326753428247
2020-03-23,24.216609954833984,KBWB,Invesco KBW Bank ETF,55.44797798934405
2020-03-24,27.22478485107422,KBWB,Invesco KBW Bank ETF,62.335697440824525
2020-03-25,27.863391876220703,KBWB,Invesco KBW Bank ETF,63.79789501266486
2020-03-26,30.056503295898438,KBWB,Invesco KBW Bank ETF,68.81939033976766
2020-03-27,29.039770126342773,KBWB,Invesco KBW Bank ETF,66.49140973010743
2020-03-30,29.233028411865234,KBWB,Invesco KBW Bank ETF,66.93390689143156
2020-03-31,28.165882110595703,KBWB,Invesco KBW Bank ETF,64.49049698663639
2020-04-01,26.241662979125977,KBWB,Invesco KBW Bank ETF,60.084675517512444
2020-04-02,26.880271911621094,KBWB,Invesco KBW Bank ETF,61.546877456546426
2020-04-03,25.922365188598633,KBWB,Invesco KBW Bank ETF,59.3535898331732
2020-04-06,28.22470474243164,KBWB,Invesco KBW Bank ETF,64.62518123853611
2020-04-07,28.92213249206543,KBWB,Invesco KBW Bank ETF,66.22205869508254
2020-04-08,30.401004791259766,KBWB,Invesco KBW Bank ETF,69.60818412088392
2020-04-09,32.476478576660156,KBWB,Invesco KBW Bank ETF,74.36032841296183
2020-04-13,31.216073989868164,KBWB,Invesco KBW Bank ETF,71.47442134684252
2020-04-14,30.720312118530273,KBWB,Invesco KBW Bank ETF,70.33929164119137
2020-04-15,28.804492950439453,KBWB,Invesco KBW Bank ETF,65.952703292864
2020-04-16,27.87179183959961,KBWB,Invesco KBW Bank ETF,63.81712813346144
2020-04-17,30.216148376464844,KBWB,Invesco KBW Bank ETF,69.18492444755
2020-04-20,29.829631805419922,KBWB,Invesco KBW Bank ETF,68.29993012490173
2020-04-21,28.75407600402832,KBWB,Invesco KBW Bank ETF,65.83726526334178
2020-04-22,28.938936233520508,KBWB,Invesco KBW Bank ETF,66.26053367106297
2020-04-23,29.17420768737793,KBWB,Invesco KBW Bank ETF,66.79922700672547
2020-04-24,29.81281852722168,KBWB,Invesco KBW Bank ETF,68.2614333129531
2020-04-27,31.468151092529297,KBWB,Invesco KBW Bank ETF,72.0515940256791
2020-04-28,32.00592041015625,KBWB,Invesco KBW Bank ETF,73.28290680408769
2020-04-29,33.35875701904297,KBWB,Invesco KBW Bank ETF,76.38045244126124
2020-04-30,32.12356185913086,KBWB,Invesco KBW Bank ETF,73.55226657349986
2020-05-01,30.728710174560547,KBWB,Invesco KBW Bank ETF,70.35852039479431
2020-05-04,30.35900115966797,KBWB,Invesco KBW Bank ETF,69.51200978251376
2020-05-05,29.829631805419922,KBWB,Invesco KBW Bank ETF,68.29993012490173
2020-05-06,29.283447265625,KBWB,Invesco KBW Bank ETF,67.04934928814744
2020-05-07,29.938858032226562,KBWB,Invesco KBW Bank ETF,68.55002183596821
2020-05-08,30.829545974731445,KBWB,Invesco KBW Bank ETF,70.5894008210324
2020-05-11,29.64476203918457,KBWB,Invesco KBW Bank ETF,67.87663988121233
2020-05-12,28.485193252563477,KBWB,Invesco KBW Bank ETF,65.22161324133113
2020-05-13,27.14915657043457,KBWB,Invesco KBW Bank ETF,62.16253384575072
2020-05-14,28.241504669189453,KBWB,Invesco KBW Bank ETF,64.66364748012927
2020-05-15,27.838184356689453,KBWB,Invesco KBW Bank ETF,63.74017818150057
2020-05-18,30.02288818359375,KBWB,Invesco KBW Bank ETF,68.74242291903224
2020-05-19,28.972551345825195,KBWB,Invesco KBW Bank ETF,66.33750109179842
2020-05-20,29.93045997619629,KBWB,Invesco KBW Bank ETF,68.53079308236528
2020-05-21,29.728797912597656,KBWB,Invesco KBW Bank ETF,68.06905406585729
2020-05-22,29.45149803161621,KBWB,Invesco KBW Bank ETF,67.43412961830728
2020-05-26,31.997526168823242,KBWB,Invesco KBW Bank ETF,73.26368678487204
2020-05-27,34.1234130859375,KBWB,Invesco KBW Bank ETF,78.1312603720849
2020-05-28,32.93862533569336,KBWB,Invesco KBW Bank ETF,75.41849069787754
2020-05-29,32.249603271484375,KBWB,Invesco KBW Bank ETF,73.84085946370863
2020-06-01,32.86301040649414,KBWB,Invesco KBW Bank ETF,75.24535767315923
2020-06-02,33.089874267578125,KBWB,Invesco KBW Bank ETF,75.76480041925059
2020-06-03,34.85444259643555,KBWB,Invesco KBW Bank ETF,79.80507467901127
2020-06-04,36.25770568847656,KBWB,Invesco KBW Bank ETF,83.01808018167526
2020-06-05,37.92143630981445,KBWB,Invesco KBW Bank ETF,86.8274696480042
2020-06-08,38.87934875488281,KBWB,Invesco KBW Bank ETF,89.02077037295834
2020-06-09,38.00545883178711,KBWB,Invesco KBW Bank ETF,87.01985326229365
2020-06-10,35.753536224365234,KBWB,Invesco KBW Bank ETF,81.86369988645296
2020-06-11,32.543697357177734,KBWB,Invesco KBW Bank ETF,74.51423705127085
2020-06-12,33.854515075683594,KBWB,Invesco KBW Bank ETF,77.51557341252511
2020-06-15,34.3250846862793,KBWB,Invesco KBW Bank ETF,78.5930212245611
2020-06-16,35.09812927246094,KBWB,Invesco KBW Bank ETF,80.36303607301947
2020-06-17,34.274654388427734,KBWB,Invesco KBW Bank ETF,78.47755262468338
2020-06-18,34.274654388427734,KBWB,Invesco KBW Bank ETF,78.47755262468338
2020-06-19,34.056182861328125,KBWB,Invesco KBW Bank ETF,77.97732553061402
2020-06-22,33.82067108154297,KBWB,Invesco KBW Bank ETF,77.4380819285527
2020-06-23,33.956214904785156,KBWB,Invesco KBW Bank ETF,77.74843217748275
2020-06-24,32.3126220703125,KBWB,Invesco KBW Bank ETF,73.98515154161936
2020-06-25,33.397056579589844,KBWB,Invesco KBW Bank ETF,76.46814568957987
2020-06-26,31.2620906829834,KBWB,Invesco KBW Bank ETF,71.57978426063411
2020-06-29,31.744993209838867,KBWB,Invesco KBW Bank ETF,72.68547034675518
2020-06-30,32.388877868652344,KBWB,Invesco KBW Bank ETF,74.15975194340118
2020-07-01,31.54166603088379,KBWB,Invesco KBW Bank ETF,72.21991877019828
2020-07-02,31.575557708740234,KBWB,Invesco KBW Bank ETF,72.2975194340117
2020-07-06,32.16012954711914,KBWB,Invesco KBW Bank ETF,73.63599440999214
2020-07-07,31.118059158325195,KBWB,Invesco KBW Bank ETF,71.25
2020-07-08,31.406105041503906,KBWB,Invesco KBW Bank ETF,71.90952921652546
2020-07-09,30.30473518371582,KBWB,Invesco KBW Bank ETF,69.38775875622325
2020-07-10,31.897497177124023,KBWB,Invesco KBW Bank ETF,73.03465368154424
2020-07-13,32.2279052734375,KBWB,Invesco KBW Bank ETF,73.79117826884445
2020-07-14,31.711101531982422,KBWB,Invesco KBW Bank ETF,72.60786968294174
2020-07-15,32.727760314941406,KBWB,Invesco KBW Bank ETF,74.93567997204995
2020-07-16,32.65152359008789,KBWB,Invesco KBW Bank ETF,74.76112324220456
2020-07-17,31.863609313964844,KBWB,Invesco KBW Bank ETF,72.9570617521181
2020-07-20,31.550134658813477,KBWB,Invesco KBW Bank ETF,72.23930910996593
2020-07-21,32.78706741333008,KBWB,Invesco KBW Bank ETF,75.0714734911346
2020-07-22,32.566795349121094,KBWB,Invesco KBW Bank ETF,74.5671237662678
2020-07-23,33.06664276123047,KBWB,Invesco KBW Bank ETF,75.71160800069875
2020-07-24,32.9226188659668,KBWB,Invesco KBW Bank ETF,75.3818412088392
2020-07-27,32.43122863769531,KBWB,Invesco KBW Bank ETF,74.25672111101406
2020-07-28,32.32110595703125,KBWB,Invesco KBW Bank ETF,74.00457681893616
2020-07-29,33.34622573852539,KBWB,Invesco KBW Bank ETF,76.35175997903747
2020-07-30,32.575260162353516,KBWB,Invesco KBW Bank ETF,74.58650537164817
2020-07-31,32.490543365478516,KBWB,Invesco KBW Bank ETF,74.39253209887326
2020-08-03,32.490543365478516,KBWB,Invesco KBW Bank ETF,74.39253209887326
2020-08-04,32.329566955566406,KBWB,Invesco KBW Bank ETF,74.02394968992925
2020-08-05,32.88872528076172,KBWB,Invesco KBW Bank ETF,75.30423617783212
2020-08-06,32.753170013427734,KBWB,Invesco KBW Bank ETF,74.99385972574024
2020-08-07,33.79524612426758,KBWB,Invesco KBW Bank ETF,77.3798672373133
2020-08-10,34.16801452636719,KBWB,Invesco KBW Bank ETF,78.2333828281946
2020-08-11,34.93050765991211,KBWB,Invesco KBW Bank ETF,79.97923836142894
2020-08-12,34.71023941040039,KBWB,Invesco KBW Bank ETF,79.47489737094942
2020-08-13,34.210384368896484,KBWB,Invesco KBW Bank ETF,78.33039566774391
2020-08-14,34.4730110168457,KBWB,Invesco KBW Bank ETF,78.93172329461088
2020-08-17,33.75288009643555,KBWB,Invesco KBW Bank ETF,77.28286313215128
2020-08-18,33.13441848754883,KBWB,Invesco KBW Bank ETF,75.86679185955106
2020-08-19,33.18526077270508,KBWB,Invesco KBW Bank ETF,75.98320377325531
2020-08-20,32.58373260498047,KBWB,Invesco KBW Bank ETF,74.60590444580313
2020-08-21,32.42276382446289,KBWB,Invesco KBW Bank ETF,74.23733950563368
2020-08-24,33.591915130615234,KBWB,Invesco KBW Bank ETF,76.91430692636912
2020-08-25,33.76981735229492,KBWB,Invesco KBW Bank ETF,77.32164381168661
2020-08-26,33.21066665649414,KBWB,Invesco KBW Bank ETF,76.0413747925583
2020-08-27,34.015525817871094,KBWB,Invesco KBW Bank ETF,77.88423443095466
2020-08-28,34.184959411621094,KBWB,Invesco KBW Bank ETF,78.2721809765045
2020-08-31,33.498722076416016,KBWB,Invesco KBW Bank ETF,76.70092584505197
2020-09-01,33.64274978637695,KBWB,Invesco KBW Bank ETF,77.0307013712988
2020-09-02,34.159542083740234,KBWB,Invesco KBW Bank ETF,78.21398375403966
2020-09-03,33.939273834228516,KBWB,Invesco KBW Bank ETF,77.70964276356014
2020-09-04,34.6424560546875,KBWB,Invesco KBW Bank ETF,79.31969604332257
2020-09-08,33.43941879272461,KBWB,Invesco KBW Bank ETF,76.56514106035462
2020-09-09,33.473304748535156,KBWB,Invesco KBW Bank ETF,76.64272862258713
2020-09-10,32.9226188659668,KBWB,Invesco KBW Bank ETF,75.3818412088392
2020-09-11,33.430946350097656,KBWB,Invesco KBW Bank ETF,76.54574198619967
2020-09-14,34.04093551635742,KBWB,Invesco KBW Bank ETF,77.94241418464495
2020-09-15,33.3377571105957,KBWB,Invesco KBW Bank ETF,76.3323696392698
2020-09-16,33.9053840637207,KBWB,Invesco KBW Bank ETF,77.63204646694034
2020-09-17,33.60886001586914,KBWB,Invesco KBW Bank ETF,76.95310507467902
2020-09-18,33.42247772216797,KBWB,Invesco KBW Bank ETF,76.526351646432
2020-09-21,32.12845230102539,KBWB,Invesco KBW Bank ETF,73.56346405799633
2020-09-22,31.385848999023438,KBWB,Invesco KBW Bank ETF,71.86314962005416
2020-09-23,30.63471031188965,KBWB,Invesco KBW Bank ETF,70.14329199056687
2020-09-24,30.720062255859375,KBWB,Invesco KBW Bank ETF,70.33871953882435
2020-09-25,31.155384063720703,KBWB,Invesco KBW Bank ETF,71.3354616123679
2020-09-28,32.0601692199707,KBWB,Invesco KBW Bank ETF,73.40711852563543
2020-09-29,31.58217430114746,KBWB,Invesco KBW Bank ETF,72.3126692287536
2020-09-30,32.000431060791016,KBWB,Invesco KBW Bank ETF,73.27033802078785
2020-10-01,32.15406036376953,KBWB,Invesco KBW Bank ETF,73.62209799982531
2020-10-02,32.81132125854492,KBWB,Invesco KBW Bank ETF,75.12700672547821
2020-10-05,33.801456451416016,KBWB,Invesco KBW Bank ETF,77.39408681980959
2020-10-06,33.5197868347168,KBWB,Invesco KBW Bank ETF,76.74915713162721
2020-10-07,34.492855072021484,KBWB,Invesco KBW Bank ETF,78.97715957725566
2020-10-08,35.047672271728516,KBWB,Invesco KBW Bank ETF,80.24750633243077
2020-10-09,34.90256881713867,KBWB,Invesco KBW Bank ETF,79.91526770897022
2020-10-12,35.337894439697266,KBWB,Invesco KBW Bank ETF,80.91201851690104
2020-10-13,34.3050651550293,KBWB,Invesco KBW Bank ETF,78.54718316010131
2020-10-14,33.741703033447266,KBWB,Invesco KBW Bank ETF,77.25727137741288
2020-10-15,34.270931243896484,KBWB,Invesco KBW Bank ETF,78.46902786269543
2020-10-16,34.3050651550293,KBWB,Invesco KBW Bank ETF,78.54718316010131
2020-10-19,33.85266876220703,KBWB,Invesco KBW Bank ETF,77.51134596908027
2020-10-20,34.339210510253906,KBWB,Invesco KBW Bank ETF,78.62536466066905
2020-10-21,34.057525634765625,KBWB,Invesco KBW Bank ETF,77.98040003493755
2020-10-22,35.28667068481445,KBWB,Invesco KBW Bank ETF,80.79473316446851
2020-10-23,35.54274368286133,KBWB,Invesco KBW Bank ETF,81.38105511398375
2020-10-26,34.697715759277344,KBWB,Invesco KBW Bank ETF,79.44622237750022
2020-10-27,33.69902801513672,KBWB,Invesco KBW Bank ETF,77.15955978688095
2020-10-28,32.91374588012695,KBWB,Invesco KBW Bank ETF,75.36152502401957
2020-10-29,33.408817291259766,KBWB,Invesco KBW Bank ETF,76.49507380557255
2020-10-30,33.895355224609375,KBWB,Invesco KBW Bank ETF,77.60908376277405
2020-11-02,34.72331237792969,KBWB,Invesco KBW Bank ETF,79.50483011616735
2020-11-03,35.68784713745117,KBWB,Invesco KBW Bank ETF,81.71329373744432
2020-11-04,33.92095947265625,KBWB,Invesco KBW Bank ETF,77.66770897021574
2020-11-05,35.26961135864258,KBWB,Invesco KBW Bank ETF,80.75567298454014
2020-11-06,34.578208923339844,KBWB,Invesco KBW Bank ETF,79.17259149270679
2020-11-09,39.230167388916016,KBWB,Invesco KBW Bank ETF,89.82402829941479
2020-11-10,39.24724578857422,KBWB,Invesco KBW Bank ETF,89.86313215127959
2020-11-11,38.57292175292969,KBWB,Invesco KBW Bank ETF,88.31915451131103
2020-11-12,37.693748474121094,KBWB,Invesco KBW Bank ETF,86.30614027425976
2020-11-13,38.504642486572266,KBWB,Invesco KBW Bank ETF,88.1628177133374
2020-11-16,39.7764778137207,KBWB,Invesco KBW Bank ETF,91.07489737094943
2020-11-17,39.674041748046875,KBWB,Invesco KBW Bank ETF,90.84035286924622
2020-11-18,39.161888122558594,KBWB,Invesco KBW Bank ETF,89.66769150144117
2020-11-19,39.443572998046875,KBWB,Invesco KBW Bank ETF,90.31265612717267
2020-11-20,38.88875198364258,KBWB,Invesco KBW Bank ETF,89.04230063761027
2020-11-23,39.70817947387695,KBWB,Invesco KBW Bank ETF,90.9185169010394
2020-11-24,41.825042724609375,KBWB,Invesco KBW Bank ETF,95.76542929513495
2020-11-25,41.44093704223633,KBWB,Invesco KBW Bank ETF,94.88595510524937
2020-11-27,40.971473693847656,KBWB,Invesco KBW Bank ETF,93.81104026552538
2020-11-30,39.85327911376953,KBWB,Invesco KBW Bank ETF,91.25074679011267
2020-12-01,40.78368377685547,KBWB,Invesco KBW Bank ETF,93.38106384837104
2020-12-02,41.43239974975586,KBWB,Invesco KBW Bank ETF,94.86640754651062
2020-12-03,41.49214553833008,KBWB,Invesco KBW Bank ETF,95.00320552013277
2020-12-04,42.132328033447266,KBWB,Invesco KBW Bank ETF,96.46901039392087
2020-12-07,41.91039276123047,KBWB,Invesco KBW Bank ETF,95.9608524761988
2020-12-08,41.81650924682617,KBWB,Invesco KBW Bank ETF,95.74589047078348
2020-12-09,41.867713928222656,KBWB,Invesco KBW Bank ETF,95.86313215127959
2020-12-10,42.1152458190918,KBWB,Invesco KBW Bank ETF,96.4298978076688
2020-12-11,41.568973541259766,KBWB,Invesco KBW Bank ETF,95.17911608000699
2020-12-14,40.92878723144531,KBWB,Invesco KBW Bank ETF,93.7133024718316
2020-12-15,41.62870788574219,KBWB,Invesco KBW Bank ETF,95.31588785046729
2020-12-16,41.825042724609375,KBWB,Invesco KBW Bank ETF,95.76542929513495
2020-12-17,41.72261428833008,KBWB,Invesco KBW Bank ETF,95.53090226220631
2020-12-18,41.27022933959961,KBWB,Invesco KBW Bank ETF,94.4950912743471
2020-12-21,41.97496795654297,KBWB,Invesco KBW Bank ETF,96.10870818412089
2020-12-22,41.5108642578125,KBWB,Invesco KBW Bank ETF,95.04606515852913
2020-12-23,42.71406555175781,KBWB,Invesco KBW Bank ETF,97.80099572015023
2020-12-24,42.52499771118164,KBWB,Invesco KBW Bank ETF,97.36809328325619
2020-12-28,42.800010681152344,KBWB,Invesco KBW Bank ETF,97.99778146563018
2020-12-29,42.4476432800293,KBWB,Invesco KBW Bank ETF,97.19097737793693
2020-12-30,42.8258056640625,KBWB,Invesco KBW Bank ETF,98.05684339243602
2020-12-31,43.29849624633789,KBWB,Invesco KBW Bank ETF,99.1391475238012
2021-01-04,42.88596725463867,KBWB,Invesco KBW Bank ETF,98.19459341427199
2021-01-05,43.341453552246094,KBWB,Invesco KBW Bank ETF,99.23750545899205
2021-01-06,46.29792022705078,KBWB,Invesco KBW Bank ETF,106.00683029085509
2021-01-07,47.4323844909668,KBWB,Invesco KBW Bank ETF,108.60437592802865
2021-01-08,47.00266647338867,KBWB,Invesco KBW Bank ETF,107.62046466940345
2021-01-11,47.5355224609375,KBWB,Invesco KBW Bank ETF,108.84052755699187
2021-01-12,48.24885559082031,KBWB,Invesco KBW Bank ETF,110.47382304131365
2021-01-13,48.025394439697266,KBWB,Invesco KBW Bank ETF,109.96217136867848
2021-01-14,48.85905456542969,KBWB,Invesco KBW Bank ETF,111.87097563105948
2021-01-15,47.28628921508789,KBWB,Invesco KBW Bank ETF,108.26986636387457
2021-01-19,47.50973129272461,KBWB,Invesco KBW Bank ETF,108.78147436457333
2021-01-20,46.650299072265625,KBWB,Invesco KBW Bank ETF,106.8136605817102
2021-01-21,46.00571060180664,KBWB,Invesco KBW Bank ETF,105.33776749061053
2021-01-22,45.902591705322266,KBWB,Invesco KBW Bank ETF,105.10165953358371
2021-01-25,45.45566940307617,KBWB,Invesco KBW Bank ETF,104.07835618831339
2021-01-26,44.95720291137695,KBWB,Invesco KBW Bank ETF,102.93703380207879
2021-01-27,43.384437561035156,KBWB,Invesco KBW Bank ETF,99.33592453489388
2021-01-28,44.295433044433594,KBWB,Invesco KBW Bank ETF,101.4218010306577
2021-01-29,43.229736328125,KBWB,Invesco KBW Bank ETF,98.98171019302995
2021-02-01,43.73680114746094,KBWB,Invesco KBW Bank ETF,100.14271988819985
2021-02-02,44.862667083740234,KBWB,Invesco KBW Bank ETF,102.72057821643811
2021-02-03,45.7135124206543,KBWB,Invesco KBW Bank ETF,104.66873089352782
2021-02-04,47.08860778808594,KBWB,Invesco KBW Bank ETF,107.81724168049611
2021-02-05,47.10580062866211,KBWB,Invesco KBW Bank ETF,107.85660756397938
2021-02-08,47.83631134033203,KBWB,Invesco KBW Bank ETF,109.5292339942353
2021-02-09,47.87929153442383,KBWB,Invesco KBW Bank ETF,109.62764433574985
2021-02-10,47.870697021484375,KBWB,Invesco KBW Bank ETF,109.60796576120185
2021-02-11,47.52692794799805,KBWB,Invesco KBW Bank ETF,108.82084898244388
2021-02-12,48.05977249145508,KBWB,Invesco KBW Bank ETF,110.04088566687047
2021-02-16,49.54661178588867,KBWB,Invesco KBW Bank ETF,113.44525286051183
2021-02-17,49.72708511352539,KBWB,Invesco KBW Bank ETF,113.85847672285789
2021-02-18,49.31455993652344,KBWB,Invesco KBW Bank ETF,112.91393134771596
2021-02-19,50.474796295166016,KBWB,Invesco KBW Bank ETF,115.57048650537165
2021-02-22,51.16233825683594,KBWB,Invesco KBW Bank ETF,117.14472879727487
2021-02-23,51.678016662597656,KBWB,Invesco KBW Bank ETF,118.32546073892917
2021-02-24,53.10468673706055,KBWB,Invesco KBW Bank ETF,121.59206044196
2021-02-25,51.61785125732422,KBWB,Invesco KBW Bank ETF,118.18770198270592
2021-02-26,50.277130126953125,KBWB,Invesco KBW Bank ETF,115.11789675954232
2021-03-01,51.96162796020508,KBWB,Invesco KBW Bank ETF,118.97483623023845
2021-03-02,51.592063903808594,KBWB,Invesco KBW Bank ETF,118.12865752467465
2021-03-03,52.159297943115234,KBWB,Invesco KBW Bank ETF,119.42743471045506
2021-03-04,51.60926055908203,KBWB,Invesco KBW Bank ETF,118.1680321425452
2021-03-05,52.50307083129883,KBWB,Invesco KBW Bank ETF,120.21456022360032
2021-03-08,53.54298782348633,KBWB,Invesco KBW Bank ETF,122.59562407197136
2021-03-09,52.52885055541992,KBWB,Invesco KBW Bank ETF,120.27358721285702
2021-03-10,53.81800842285156,KBWB,Invesco KBW Bank ETF,123.22532972311993
2021-03-11,53.740657806396484,KBWB,Invesco KBW Bank ETF,123.04822255218797
2021-03-12,54.77198791503906,KBWB,Invesco KBW Bank ETF,125.40962529478557
2021-03-15,54.22194290161133,KBWB,Invesco KBW Bank ETF,124.15020525810114
2021-03-16,53.52579879760742,KBWB,Invesco KBW Bank ETF,122.55626692287537
2021-03-17,54.10162353515625,KBWB,Invesco KBW Bank ETF,123.87471394881649
2021-03-18,54.72040939331055,KBWB,Invesco KBW Bank ETF,125.29152764433574
2021-03-19,53.80081558227539,KBWB,Invesco KBW Bank ETF,123.18596383963666
2021-03-22,52.56694793701172,KBWB,Invesco KBW Bank ETF,120.36081753864967
2021-03-23,51.54807662963867,KBWB,Invesco KBW Bank ETF,118.02794130491746
2021-03-24,51.47899627685547,KBWB,Invesco KBW Bank ETF,117.86977028561446
2021-03-25,53.02458953857422,KBWB,Invesco KBW Bank ETF,121.40866451218447
2021-03-26,54.034820556640625,KBWB,Invesco KBW Bank ETF,123.72175735872129
2021-03-29,52.800079345703125,KBWB,Invesco KBW Bank ETF,120.89461088304655
2021-03-30,53.86213302612305,KBWB,Invesco KBW Bank ETF,123.32636038081928
2021-03-31,53.43903350830078,KBWB,Invesco KBW Bank ETF,122.35760328412962
2021-04-01,53.905303955078125,KBWB,Invesco KBW Bank ETF,123.42520744169796
2021-04-05,54.181610107421875,KBWB,Invesco KBW Bank ETF,124.05785658136082
2021-04-06,54.07798767089844,KBWB,Invesco KBW Bank ETF,123.82059568521268
2021-04-07,54.25931167602539,KBWB,Invesco KBW Bank ETF,124.23576731592279
2021-04-08,54.23341369628906,KBWB,Invesco KBW Bank ETF,124.17646956066032
2021-04-09,54.76874542236328,KBWB,Invesco KBW Bank ETF,125.40220106559525
2021-04-12,55.070953369140625,KBWB,Invesco KBW Bank ETF,126.09415669490785
2021-04-13,54.22477722167969,KBWB,Invesco KBW Bank ETF,124.15669490785221
2021-04-14,54.941436767578125,KBWB,Invesco KBW Bank ETF,125.79760677788452
2021-04-15,54.44063186645508,KBWB,Invesco KBW Bank ETF,124.65093021224561
2021-04-16,54.716949462890625,KBWB,Invesco KBW Bank ETF,125.28360555507031
2021-04-19,54.47517776489258,KBWB,Invesco KBW Bank ETF,124.73002882347804
2021-04-20,52.88643264770508,KBWB,Invesco KBW Bank ETF,121.09233120796576
2021-04-21,53.96574783325195,KBWB,Invesco KBW Bank ETF,123.56360380819285
2021-04-22,53.19727325439453,KBWB,Invesco KBW Bank ETF,121.80405275569919
2021-04-23,54.691043853759766,KBWB,Invesco KBW Bank ETF,125.22429033103327
2021-04-26,55.31272888183594,KBWB,Invesco KBW Bank ETF,126.64774216088742
2021-04-27,55.830806732177734,KBWB,Invesco KBW Bank ETF,127.83396803214255
2021-04-28,56.25389099121094,KBWB,Invesco KBW Bank ETF,128.8026901912831
2021-04-29,57.32455825805664,KBWB,Invesco KBW Bank ETF,131.25416193554022
2021-04-30,56.67696762084961,KBWB,Invesco KBW Bank ETF,129.77139488164906
2021-05-03,56.78059387207031,KBWB,Invesco KBW Bank ETF,130.00866451218448
2021-05-04,57.592227935791016,KBWB,Invesco KBW Bank ETF,131.86703642239496
2021-05-05,58.196659088134766,KBWB,Invesco KBW Bank ETF,133.2509826185693
2021-05-06,58.76654052734375,KBWB,Invesco KBW Bank ETF,134.55582146912394
2021-05-07,59.03421401977539,KBWB,Invesco KBW Bank ETF,135.16870469036598
2021-05-10,59.00829315185547,KBWB,Invesco KBW Bank ETF,135.10935452877982
2021-05-11,58.334800720214844,KBWB,Invesco KBW Bank ETF,133.56728098523888
2021-05-12,57.33320999145508,KBWB,Invesco KBW Bank ETF,131.27397152589745
2021-05-13,58.6197509765625,KBWB,Invesco KBW Bank ETF,134.21972224648442
2021-05-14,59.578189849853516,KBWB,Invesco KBW Bank ETF,136.41422831688357
2021-05-17,59.95809555053711,KBWB,Invesco KBW Bank ETF,137.28408594637085
2021-05-18,58.88741683959961,KBWB,Invesco KBW Bank ETF,134.83258799895188
2021-05-19,58.28300857543945,KBWB,Invesco KBW Bank ETF,133.44869420910123
2021-05-20,58.08440399169922,KBWB,Invesco KBW Bank ETF,132.99395580400034
2021-05-21,58.939231872558594,KBWB,Invesco KBW Bank ETF,134.95122718141323
2021-05-24,59.111907958984375,KBWB,Invesco KBW Bank ETF,135.34659795615337
2021-05-25,58.326175689697266,KBWB,Invesco KBW Bank ETF,133.54753253559264
2021-05-26,58.6888313293457,KBWB,Invesco KBW Bank ETF,134.3778932657874
2021-05-27,59.552276611328125,KBWB,Invesco KBW Bank ETF,136.35489562407196
2021-05-28,59.586822509765625,KBWB,Invesco KBW Bank ETF,136.4339942353044
2021-06-01,60.113525390625,KBWB,Invesco KBW Bank ETF,137.6399685562058
2021-06-02,59.7508659362793,KBWB,Invesco KBW Bank ETF,136.8095990916237
2021-06-03,59.87174987792969,KBWB,Invesco KBW Bank ETF,137.0863830902262
2021-06-04,59.6904296875,KBWB,Invesco KBW Bank ETF,136.6712201939034
2021-06-07,59.578189849853516,KBWB,Invesco KBW Bank ETF,136.41422831688357
2021-06-08,59.37095642089844,KBWB,Invesco KBW Bank ETF,135.93973272774915
2021-06-09,58.412513732910156,KBWB,Invesco KBW Bank ETF,133.7452179229627
2021-06-10,57.33320999145508,KBWB,Invesco KBW Bank ETF,131.27397152589745
2021-06-11,57.61815643310547,KBWB,Invesco KBW Bank ETF,131.9264040527557
2021-06-14,56.69425964355469,KBWB,Invesco KBW Bank ETF,129.81098785920167
2021-06-15,57.08280944824219,KBWB,Invesco KBW Bank ETF,130.70063761027163
2021-06-16,57.341835021972656,KBWB,Invesco KBW Bank ETF,131.29371997554372
2021-06-17,54.49245071411133,KBWB,Invesco KBW Bank ETF,124.76957812909424
2021-06-18,53.1713752746582,KBWB,Invesco KBW Bank ETF,121.74475500043673
2021-06-21,54.69144821166992,KBWB,Invesco KBW Bank ETF,125.22521617608525
2021-06-22,54.752220153808594,KBWB,Invesco KBW Bank ETF,125.36436369988645
2021-06-23,55.06473922729492,KBWB,Invesco KBW Bank ETF,126.07992837802428
2021-06-24,55.90681838989258,KBWB,Invesco KBW Bank ETF,128.00800943313826
2021-06-25,56.79228591918945,KBWB,Invesco KBW Bank ETF,130.03543540920603
2021-06-28,56.123836517333984,KBWB,Invesco KBW Bank ETF,128.50490872565288
2021-06-29,55.59428405761719,KBWB,Invesco KBW Bank ETF,127.2924098174513
2021-06-30,55.91549301147461,KBWB,Invesco KBW Bank ETF,128.02787142981919
2021-07-01,56.497135162353516,KBWB,Invesco KBW Bank ETF,129.3596383963665
2021-07-02,56.19327926635742,KBWB,Invesco KBW Bank ETF,128.66390951174776
2021-07-06,54.79561233520508,KBWB,Invesco KBW Bank ETF,125.46371735522753
2021-07-07,54.56122589111328,KBWB,Invesco KBW Bank ETF,124.92705039741462
2021-07-08,53.493438720703125,KBWB,Invesco KBW Bank ETF,122.48217311555594
2021-07-09,55.60297775268555,KBWB,Invesco KBW Bank ETF,127.31231548606866
2021-07-12,56.19327926635742,KBWB,Invesco KBW Bank ETF,128.66390951174776
2021-07-13,55.342529296875,KBWB,Invesco KBW Bank ETF,126.71597519434012
2021-07-14,55.177589416503906,KBWB,Invesco KBW Bank ETF,126.33831775700935
2021-07-15,55.507469177246094,KBWB,Invesco KBW Bank ETF,127.09363263167089
2021-07-16,54.21397399902344,KBWB,Invesco KBW Bank ETF,124.13195912306752
2021-07-19,52.18259048461914,KBWB,Invesco KBW Bank ETF,119.48076687920343
2021-07-20,53.84068298339844,KBWB,Invesco KBW Bank ETF,123.27724692112848
2021-07-21,54.92583465576172,KBWB,Invesco KBW Bank ETF,125.76188313389815
2021-07-22,54.066383361816406,KBWB,Invesco KBW Bank ETF,123.79402567909861
2021-07-23,54.066383361816406,KBWB,Invesco KBW Bank ETF,123.79402567909861
2021-07-26,54.54385757446289,KBWB,Invesco KBW Bank ETF,124.88728273211635
2021-07-27,54.4483642578125,KBWB,Invesco KBW Bank ETF,124.66863481526771
2021-07-28,54.6046257019043,KBWB,Invesco KBW Bank ETF,125.02642152153027
2021-07-29,55.2730712890625,KBWB,Invesco KBW Bank ETF,126.55693947069614
2021-07-30,54.6046257019043,KBWB,Invesco KBW Bank ETF,125.02642152153027
2021-08-02,54.27474594116211,KBWB,Invesco KBW Bank ETF,124.27110664686872
2021-08-03,55.264400482177734,KBWB,Invesco KBW Bank ETF,126.53708620840248
2021-08-04,54.68275833129883,KBWB,Invesco KBW Bank ETF,125.20531924185518
2021-08-05,55.516151428222656,KBWB,Invesco KBW Bank ETF,127.11351209712639
2021-08-06,57.00065612792969,KBWB,Invesco KBW Bank ETF,130.5125338457507
2021-08-09,57.03535461425781,KBWB,Invesco KBW Bank ETF,130.59198183247446
2021-08-10,57.71250534057617,KBWB,Invesco KBW Bank ETF,132.14243165341952
2021-08-11,58.77159881591797,KBWB,Invesco KBW Bank ETF,134.56740326666085
2021-08-12,58.80632781982422,KBWB,Invesco KBW Bank ETF,134.64692112848283
2021-08-13,58.13787078857422,KBWB,Invesco KBW Bank ETF,133.11637697615512
2021-08-16,57.77326583862305,KBWB,Invesco KBW Bank ETF,132.28155297405888
2021-08-17,56.89645004272461,KBWB,Invesco KBW Bank ETF,130.27393658834833
2021-08-18,56.366905212402344,KBWB,Invesco KBW Bank ETF,129.0614551489213
2021-08-19,55.56825256347656,KBWB,Invesco KBW Bank ETF,127.23280635863394
2021-08-20,55.96757125854492,KBWB,Invesco KBW Bank ETF,128.14711328500306
2021-08-23,56.64470291137695,KBWB,Invesco KBW Bank ETF,129.6975194340117
2021-08-24,57.33052062988281,KBWB,Invesco KBW Bank ETF,131.26781378286313
2021-08-25,58.398311614990234,KBWB,Invesco KBW Bank ETF,133.7126997991091
2021-08-26,57.91215896606445,KBWB,Invesco KBW Bank ETF,132.59957201502314
2021-08-27,58.95390319824219,KBWB,Invesco KBW Bank ETF,134.9848196349026
2021-08-30,57.51283645629883,KBWB,Invesco KBW Bank ETF,131.68525635426676
2021-08-31,57.47810363769531,KBWB,Invesco KBW Bank ETF,131.60572975805746
2021-09-01,56.6794319152832,KBWB,Invesco KBW Bank ETF,129.7770372958337
2021-09-02,57.01799774169922,KBWB,Invesco KBW Bank ETF,130.552240370338
2021-09-03,56.740211486816406,KBWB,Invesco KBW Bank ETF,129.91620228840947
2021-09-07,56.592628479003906,KBWB,Invesco KBW Bank ETF,129.57828631321513
2021-09-08,56.03702926635742,KBWB,Invesco KBW Bank ETF,128.30614900864705
2021-09-09,56.41032028198242,KBWB,Invesco KBW Bank ETF,129.1608612105861
2021-09-10,55.993621826171875,KBWB,Invesco KBW Bank ETF,128.20676041575683
2021-09-13,57.0614128112793,KBWB,Invesco KBW Bank ETF,130.6516464320028
2021-09-14,55.941524505615234,KBWB,Invesco KBW Bank ETF,128.08747488863656
2021-09-15,56.94855499267578,KBWB,Invesco KBW Bank ETF,130.39323958424316
2021-09-16,56.79228591918945,KBWB,Invesco KBW Bank ETF,130.03543540920603
2021-09-17,56.592628479003906,KBWB,Invesco KBW Bank ETF,129.57828631321513
2021-09-20,54.95285415649414,KBWB,Invesco KBW Bank ETF,125.82374879902174
2021-09-21,54.87431335449219,KBWB,Invesco KBW Bank ETF,125.64391649925757
2021-09-22,55.95643615722656,KBWB,Invesco KBW Bank ETF,128.12161760852476
2021-09-23,57.92869186401367,KBWB,Invesco KBW Bank ETF,132.6374268495065
2021-09-24,58.37375259399414,KBWB,Invesco KBW Bank ETF,133.65646781378285
2021-09-27,60.0144157409668,KBWB,Invesco KBW Bank ETF,137.4130404402131
2021-09-28,59.30753707885742,KBWB,Invesco KBW Bank ETF,135.79452353917372
2021-09-29,59.53443908691406,KBWB,Invesco KBW Bank ETF,136.3140536291379
2021-09-30,58.55702590942383,KBWB,Invesco KBW Bank ETF,134.07610271639444
2021-10-01,59.874786376953125,KBWB,Invesco KBW Bank ETF,137.09333566250328
2021-10-04,59.778785705566406,KBWB,Invesco KBW Bank ETF,136.87352607214603
2021-10-05,60.677650451660156,KBWB,Invesco KBW Bank ETF,138.93162721635076
2021-10-06,60.5641975402832,KBWB,Invesco KBW Bank ETF,138.67185780417503
2021-10-07,60.80856704711914,KBWB,Invesco KBW Bank ETF,139.23138265350687
2021-10-08,61.244903564453125,KBWB,Invesco KBW Bank ETF,140.2304480740676
2021-10-11,60.59912872314453,KBWB,Invesco KBW Bank ETF,138.75183858852301
2021-10-12,60.3722038269043,KBWB,Invesco KBW Bank ETF,138.23225609223513
2021-10-13,59.883522033691406,KBWB,Invesco KBW Bank ETF,137.11333740938073
2021-10-14,60.71255111694336,KBWB,Invesco KBW Bank ETF,139.01153812560048
2021-10-15,61.532894134521484,KBWB,Invesco KBW Bank ETF,140.88985064197746
2021-10-18,61.83832550048828,KBWB,Invesco KBW Bank ETF,141.58918682854397
2021-10-19,62.37065887451172,KBWB,Invesco KBW Bank ETF,142.8080531050747
2021-10-20,63.59242248535156,KBWB,Invesco KBW Bank ETF,145.60548519521356
2021-10-21,63.129886627197266,KBWB,Invesco KBW Bank ETF,144.546432002795
2021-10-22,64.04619598388672,KBWB,Invesco KBW Bank ETF,146.64447550004368
2021-10-25,63.85421371459961,KBWB,Invesco KBW Bank ETF,146.20489999126562
2021-10-26,63.54005432128906,KBWB,Invesco KBW Bank ETF,145.4855795265962
2021-10-27,61.89068603515625,KBWB,Invesco KBW Bank ETF,141.70907502838676
2021-10-28,62.65864181518555,KBWB,Invesco KBW Bank ETF,143.46743820420997
2021-10-29,62.32701110839844,KBWB,Invesco KBW Bank ETF,142.70811424578565
2021-11-01,63.01644515991211,KBWB,Invesco KBW Bank ETF,144.2866887937811
2021-11-02,62.894264221191406,KBWB,Invesco KBW Bank ETF,144.00693510350249
2021-11-03,63.766963958740234,KBWB,Invesco KBW Bank ETF,146.00512708533498
2021-11-04,62.57136154174805,KBWB,Invesco KBW Bank ETF,143.26759542318106
2021-11-05,62.58011245727539,KBWB,Invesco KBW Bank ETF,143.28763210760766
2021-11-08,62.91171646118164,KBWB,Invesco KBW Bank ETF,144.046894925321
2021-11-09,62.56264877319336,KBWB,Invesco KBW Bank ETF,143.2476460826273
2021-11-10,62.71100616455078,KBWB,Invesco KBW Bank ETF,143.58733513844004
2021-11-11,63.09498596191406,KBWB,Invesco KBW Bank ETF,144.46652109354528
2021-11-12,62.981529235839844,KBWB,Invesco KBW Bank ETF,144.20674294698227
2021-11-15,63.20843505859375,KBWB,Invesco KBW Bank ETF,144.72628177133373
2021-11-16,63.077510833740234,KBWB,Invesco KBW Bank ETF,144.4265088654031
2021-11-17,62.33574676513672,KBWB,Invesco KBW Bank ETF,142.7281159926631
2021-11-18,62.09138870239258,KBWB,Invesco KBW Bank ETF,142.16861734649314
2021-11-19,61.288536071777344,KBWB,Invesco KBW Bank ETF,140.3303519958075
2021-11-22,62.37940216064453,KBWB,Invesco KBW Bank ETF,142.8280723207267
2021-11-23,63.36553192138672,KBWB,Invesco KBW Bank ETF,145.08598130841122
2021-11-24,63.269508361816406,KBWB,Invesco KBW Bank ETF,144.86611931173027
2021-11-26,60.66019058227539,KBWB,Invesco KBW Bank ETF,138.89164992575772
2021-11-29,60.738739013671875,KBWB,Invesco KBW Bank ETF,139.07149969429645
2021-11-30,58.845008850097656,KBWB,Invesco KBW Bank ETF,134.73548781552975
2021-12-01,58.16431427001953,KBWB,Invesco KBW Bank ETF,133.17692374879903
2021-12-02,60.293678283691406,KBWB,Invesco KBW Bank ETF,138.05245873002008
2021-12-03,58.679203033447266,KBWB,Invesco KBW Bank ETF,134.3558476722858
2021-12-06,59.874786376953125,KBWB,Invesco KBW Bank ETF,137.09333566250328
2021-12-07,60.76491165161133,KBWB,Invesco KBW Bank ETF,139.13142632544327
2021-12-08,60.2413215637207,KBWB,Invesco KBW Bank ETF,137.9325792645646
2021-12-09,60.17148971557617,KBWB,Invesco KBW Bank ETF,137.7726875709669
2021-12-10,60.0318603515625,KBWB,Invesco KBW Bank ETF,137.45298279325706
2021-12-13,58.6617546081543,KBWB,Invesco KBW Bank ETF,134.31589658485458
2021-12-14,59.28134536743164,KBWB,Invesco KBW Bank ETF,135.73455323609048
2021-12-15,59.41226577758789,KBWB,Invesco KBW Bank ETF,136.03431740763386
2021-12-16,60.0318603515625,KBWB,Invesco KBW Bank ETF,137.45298279325706
2021-12-17,58.3388557434082,KBWB,Invesco KBW Bank ETF,133.57656563892044
2021-12-20,57.083621978759766,KBWB,Invesco KBW Bank ETF,130.70249803476287
2021-12-21,58.61311340332031,KBWB,Invesco KBW Bank ETF,134.20452441261244
2021-12-22,58.8328742980957,KBWB,Invesco KBW Bank ETF,134.70770372958336
2021-12-23,59.15812683105469,KBWB,Invesco KBW Bank ETF,135.45242379247097
2021-12-27,59.905277252197266,KBWB,Invesco KBW Bank ETF,137.16314962005416
2021-12-28,59.861324310302734,KBWB,Invesco KBW Bank ETF,137.06251200978252
2021-12-29,59.852542877197266,KBWB,Invesco KBW Bank ETF,137.04240545025766
2021-12-30,59.70309829711914,KBWB,Invesco KBW Bank ETF,136.70022709406936
2021-12-31,59.632774353027344,KBWB,Invesco KBW Bank ETF,136.5392086645122
2022-01-03,61.19743728637695,KBWB,Invesco KBW Bank ETF,140.12176609310856
2022-01-04,63.271934509277344,KBWB,Invesco KBW Bank ETF,144.8716743820421
2022-01-05,62.674190521240234,KBWB,Invesco KBW Bank ETF,143.5030395667744
2022-01-06,64.65198516845703,KBWB,Invesco KBW Bank ETF,148.03153113809066
2022-01-07,65.6804428100586,KBWB,Invesco KBW Bank ETF,150.38635688706438
2022-01-10,65.52222442626953,KBWB,Invesco KBW Bank ETF,150.02408944012578
2022-01-11,66.09358978271484,KBWB,Invesco KBW Bank ETF,151.3323259673334
2022-01-12,66.43641662597656,KBWB,Invesco KBW Bank ETF,152.11728535243253
2022-01-13,66.58583068847656,KBWB,Invesco KBW Bank ETF,152.45939383352257
2022-01-14,66.40126037597656,KBWB,Invesco KBW Bank ETF,152.03678923923488
2022-01-18,64.81900024414062,KBWB,Invesco KBW Bank ETF,148.41394008210324
2022-01-19,62.7972526550293,KBWB,Invesco KBW Bank ETF,143.78481090051534
2022-01-20,61.733646392822266,KBWB,Invesco KBW Bank ETF,141.34950650711852
2022-01-21,59.720680236816406,KBWB,Invesco KBW Bank ETF,136.74048388505545
2022-01-24,60.30961990356445,KBWB,Invesco KBW Bank ETF,138.08895973447463
2022-01-25,60.64365005493164,KBWB,Invesco KBW Bank ETF,138.8537776224998
2022-01-26,60.784305572509766,KBWB,Invesco KBW Bank ETF,139.17583195038867
2022-01-27,60.054710388183594,KBWB,Invesco KBW Bank ETF,137.50530177308062
2022-01-28,60.71397018432617,KBWB,Invesco KBW Bank ETF,139.01478731766966
2022-01-31,60.933738708496094,KBWB,Invesco KBW Bank ETF,139.51798410341516
2022-02-01,62.40169906616211,KBWB,Invesco KBW Bank ETF,142.87912481439426
2022-02-02,62.62144470214844,KBWB,Invesco KBW Bank ETF,143.38226919381606
2022-02-03,62.00613021850586,KBWB,Invesco KBW Bank ETF,141.9734037907241
2022-02-04,63.307090759277344,KBWB,Invesco KBW Bank ETF,144.95217049523976
2022-02-07,63.685081481933594,KBWB,Invesco KBW Bank ETF,145.8176434623111
2022-02-08,64.99481201171875,KBWB,Invesco KBW Bank ETF,148.8164905231898
2022-02-09,65.10028839111328,KBWB,Invesco KBW Bank ETF,149.05799633155735
2022-02-10,64.86295318603516,KBWB,Invesco KBW Bank ETF,148.51457769237487
2022-02-11,63.948768615722656,KBWB,Invesco KBW Bank ETF,146.4213992488427
2022-02-14,63.28950500488281,KBWB,Invesco KBW Bank ETF,144.91190496986636
2022-02-15,64.51133728027344,KBWB,Invesco KBW Bank ETF,147.70949427897634
2022-02-16,64.6783676147461,KBWB,Invesco KBW Bank ETF,148.09193816053804
2022-02-17,62.31379699707031,KBWB,Invesco KBW Bank ETF,142.67785832823827
2022-02-18,62.12919235229492,KBWB,Invesco KBW Bank ETF,142.255175124465
2022-02-22,61.94461441040039,KBWB,Invesco KBW Bank ETF,141.83255306140273
2022-02-23,60.40631866455078,KBWB,Invesco KBW Bank ETF,138.3103677177046
2022-02-24,59.07899856567383,KBWB,Invesco KBW Bank ETF,135.27124639706525
2022-02-25,61.461143493652344,KBWB,Invesco KBW Bank ETF,140.72556555157655
2022-02-28,60.68760299682617,KBWB,Invesco KBW Bank ETF,138.95441523277142
2022-03-01,57.2154655456543,KBWB,Invesco KBW Bank ETF,131.00437592802865
2022-03-02,59.28116989135742,KBWB,Invesco KBW Bank ETF,135.7341514542755
2022-03-03,58.788909912109375,KBWB,Invesco KBW Bank ETF,134.6070399161499
2022-03-04,56.79354476928711,KBWB,Invesco KBW Bank ETF,130.03831775700934
2022-03-07,54.1828498840332,KBWB,Invesco KBW Bank ETF,124.0606952572277
2022-03-08,54.51688003540039,KBWB,Invesco KBW Bank ETF,124.82551314525286
2022-03-09,56.79354476928711,KBWB,Invesco KBW Bank ETF,130.03831775700934
2022-03-10,56.160640716552734,KBWB,Invesco KBW Bank ETF,128.5891780941567
2022-03-11,55.510169982910156,KBWB,Invesco KBW Bank ETF,127.09981657786706
2022-03-14,56.477088928222656,KBWB,Invesco KBW Bank ETF,129.31373919119574
2022-03-15,56.94297790527344,KBWB,Invesco KBW Bank ETF,130.3804699100358
2022-03-16,59.035037994384766,KBWB,Invesco KBW Bank ETF,135.17059131801904
2022-03-17,58.9822998046875,KBWB,Invesco KBW Bank ETF,135.04983841383526
2022-03-18,58.85923767089844,KBWB,Invesco KBW Bank ETF,134.76806708009434
2022-03-21,58.595943450927734,KBWB,Invesco KBW Bank ETF,134.16521093545288
2022-03-22,59.912410736083984,KBWB,Invesco KBW Bank ETF,137.17948292427286
2022-03-23,58.20718765258789,KBWB,Invesco KBW Bank ETF,133.27508952746965
2022-03-24,58.60477828979492,KBWB,Invesco KBW Bank ETF,134.18543977639968
2022-03-25,59.46182632446289,KBWB,Invesco KBW Bank ETF,136.14779456721112
2022-03-28,58.77265548706055,KBWB,Invesco KBW Bank ETF,134.56982269193816
2022-03-29,59.311614990234375,KBWB,Invesco KBW Bank ETF,135.80386059917896
2022-03-30,58.0834846496582,KBWB,Invesco KBW Bank ETF,132.99185081666522
2022-03-31,56.31643295288086,KBWB,Invesco KBW Bank ETF,128.94589047078347
2022-04-01,55.59193420410156,KBWB,Invesco KBW Bank ETF,127.28702943488514
2022-04-04,55.547760009765625,KBWB,Invesco KBW Bank ETF,127.1858852301511
2022-04-05,55.070648193359375,KBWB,Invesco KBW Bank ETF,126.09345794392523
2022-04-06,54.284305572509766,KBWB,Invesco KBW Bank ETF,124.29299502139925
2022-04-07,53.92205047607422,KBWB,Invesco KBW Bank ETF,123.46355140186915
2022-04-08,54.36381912231445,KBWB,Invesco KBW Bank ETF,124.47505458992052
2022-04-11,54.372650146484375,KBWB,Invesco KBW Bank ETF,124.49527469648004
2022-04-12,53.63932418823242,KBWB,Invesco KBW Bank ETF,122.81620228840947
2022-04-13,53.7276725769043,KBWB,Invesco KBW Bank ETF,123.01849069787754
2022-04-14,52.96784591674805,KBWB,Invesco KBW Bank ETF,121.27874050135382
2022-04-18,53.47145462036133,KBWB,Invesco KBW Bank ETF,122.43183684164556
2022-04-19,54.62004089355469,KBWB,Invesco KBW Bank ETF,125.06171718053979
2022-04-20,55.017642974853516,KBWB,Invesco KBW Bank ETF,125.97209363263167
2022-04-21,54.01923751831055,KBWB,Invesco KBW Bank ETF,123.68607738667133
2022-04-22,52.64976501464844,KBWB,Invesco KBW Bank ETF,120.55044108655778
2022-04-25,52.65860366821289,KBWB,Invesco KBW Bank ETF,120.57067866189186
2022-04-26,51.324466705322266,KBWB,Invesco KBW Bank ETF,117.51594899117826
2022-04-27,50.997562408447266,KBWB,Invesco KBW Bank ETF,116.76744693859726
2022-04-28,51.686710357666016,KBWB,Invesco KBW Bank ETF,118.3453664075465
2022-04-29,49.990333557128906,KBWB,Invesco KBW Bank ETF,114.46122805485196
2022-05-02,50.57345962524414,KBWB,Invesco KBW Bank ETF,115.79639269805223
2022-05-03,51.40397644042969,KBWB,Invesco KBW Bank ETF,117.69799982531225
2022-05-04,53.16221618652344,KBWB,Invesco KBW Bank ETF,121.72378373657088
2022-05-05,51.766231536865234,KBWB,Invesco KBW Bank ETF,118.52744344484235
2022-05-06,51.16542434692383,KBWB,Invesco KBW Bank ETF,117.1517949165866
2022-05-09,50.16703414916992,KBWB,Invesco KBW Bank ETF,114.86581360817539
2022-05-10,49.41603469848633,KBWB,Invesco KBW Bank ETF,113.14627478382391
2022-05-11,48.5501708984375,KBWB,Invesco KBW Bank ETF,111.16373482400209
2022-05-12,48.2939453125,KBWB,Invesco KBW Bank ETF,110.57706349899554
2022-05-13,48.81523513793945,KBWB,Invesco KBW Bank ETF,111.77064372434273
2022-05-16,48.2939453125,KBWB,Invesco KBW Bank ETF,110.57706349899554
2022-05-17,50.149375915527344,KBWB,Invesco KBW Bank ETF,114.82538212944362
2022-05-18,48.74455261230469,KBWB,Invesco KBW Bank ETF,111.608804262381
2022-05-19,48.43531036376953,KBWB,Invesco KBW Bank ETF,110.90074242291904
2022-05-20,48.45298385620117,KBWB,Invesco KBW Bank ETF,110.94120883919993
2022-05-23,50.42325973510742,KBWB,Invesco KBW Bank ETF,115.45248493318194
2022-05-24,50.2023811340332,KBWB,Invesco KBW Bank ETF,114.94674644073719
2022-05-25,51.01523208618164,KBWB,Invesco KBW Bank ETF,116.80790462049087
2022-05-26,52.24333953857422,KBWB,Invesco KBW Bank ETF,119.61986199668094
2022-05-27,52.959007263183594,KBWB,Invesco KBW Bank ETF,121.25850292601974
2022-05-31,53.10036849975586,KBWB,Invesco KBW Bank ETF,121.58217311555595
2022-06-01,52.00478744506836,KBWB,Invesco KBW Bank ETF,119.07365708795528
2022-06-02,52.81764602661133,KBWB,Invesco KBW Bank ETF,120.93483273648354
2022-06-03,52.10197067260742,KBWB,Invesco KBW Bank ETF,119.29617433837016
2022-06-06,52.287513732910156,KBWB,Invesco KBW Bank ETF,119.72100620141497
2022-06-07,52.68510055541992,KBWB,Invesco KBW Bank ETF,120.63134771595773
2022-06-08,51.80157470703125,KBWB,Invesco KBW Bank ETF,118.60836754301685
2022-06-09,50.21121597290039,KBWB,Invesco KBW Bank ETF,114.96697528168399
2022-06-10,48.020057678222656,KBWB,Invesco KBW Bank ETF,109.94995196086994
2022-06-13,46.38551712036133,KBWB,Invesco KBW Bank ETF,106.20739802602847
2022-06-14,46.032100677490234,KBWB,Invesco KBW Bank ETF,105.39819198183247
2022-06-15,46.71241760253906,KBWB,Invesco KBW Bank ETF,106.95589134422221
2022-06-16,45.44013977050781,KBWB,Invesco KBW Bank ETF,104.04279849768538
2022-06-17,45.83772659301758,KBWB,Invesco KBW Bank ETF,104.95314001222815
2022-06-21,46.71552658081055,KBWB,Invesco KBW Bank ETF,106.96300986985763
2022-06-22,46.56402587890625,KBWB,Invesco KBW Bank ETF,106.61612367892393
2022-06-23,45.94020080566406,KBWB,Invesco KBW Bank ETF,105.18777185780418
2022-06-24,47.89188766479492,KBWB,Invesco KBW Bank ETF,109.65648528255743
2022-06-27,47.50868225097656,KBWB,Invesco KBW Bank ETF,108.77907240807058
2022-06-28,47.3126220703125,KBWB,Invesco KBW Bank ETF,108.33015983928728
2022-06-29,46.85811996459961,KBWB,Invesco KBW Bank ETF,107.28950126648616
2022-06-30,46.127349853515625,KBWB,Invesco KBW Bank ETF,105.61628089789501
2022-07-01,46.813568115234375,KBWB,Invesco KBW Bank ETF,107.18749235741113
2022-07-05,46.76900100708008,KBWB,Invesco KBW Bank ETF,107.08544851078697
2022-07-06,46.35014724731445,KBWB,Invesco KBW Bank ETF,106.12641278714298
2022-07-07,47.26805877685547,KBWB,Invesco KBW Bank ETF,108.2281247270504
2022-07-08,47.06309509277344,KBWB,Invesco KBW Bank ETF,107.7588260983492
2022-07-11,46.69770812988281,KBWB,Invesco KBW Bank ETF,106.92221154685998
2022-07-12,46.61750411987305,KBWB,Invesco KBW Bank ETF,106.73857105424055
2022-07-13,45.82435607910156,KBWB,Invesco KBW Bank ETF,104.92252598480216
2022-07-14,44.97773361206055,KBWB,Invesco KBW Bank ETF,102.98404227443444
2022-07-15,47.51759719848633,KBWB,Invesco KBW Bank ETF,108.79948467115032
2022-07-18,47.588890075683594,KBWB,Invesco KBW Bank ETF,108.9627216350773
2022-07-19,48.8900032043457,KBWB,Invesco KBW Bank ETF,111.94183771508429
2022-07-20,48.95238494873047,KBWB,Invesco KBW Bank ETF,112.08467115031881
2022-07-21,49.2642936706543,KBWB,Invesco KBW Bank ETF,112.79883832649139
2022-07-22,48.578102111816406,KBWB,Invesco KBW Bank ETF,111.22768800768625
2022-07-25,49.14844512939453,KBWB,Invesco KBW Bank ETF,112.53358371910211
2022-07-26,48.10577392578125,KBWB,Invesco KBW Bank ETF,110.14621364311293
2022-07-27,49.023677825927734,KBWB,Invesco KBW Bank ETF,112.24790811424579
2022-07-28,48.91674041748047,KBWB,Invesco KBW Bank ETF,112.00305703554896
2022-07-29,49.61185836791992,KBWB,Invesco KBW Bank ETF,113.59464582059569
2022-08-01,49.504913330078125,KBWB,Invesco KBW Bank ETF,113.34977727312429
2022-08-02,48.78306579589844,KBWB,Invesco KBW Bank ETF,111.69698663638746
2022-08-03,49.53165817260742,KBWB,Invesco KBW Bank ETF,113.41101406236352
2022-08-04,49.11279296875,KBWB,Invesco KBW Bank ETF,112.45195213555769
2022-08-05,49.70989227294922,KBWB,Invesco KBW Bank ETF,113.81911083937462
2022-08-08,49.478179931640625,KBWB,Invesco KBW Bank ETF,113.28856668704691
2022-08-09,49.70989227294922,KBWB,Invesco KBW Bank ETF,113.81911083937462
2022-08-10,51.08230972290039,KBWB,Invesco KBW Bank ETF,116.96149008647043
2022-08-11,51.96457290649414,KBWB,Invesco KBW Bank ETF,118.98157917722072
2022-08-12,52.66859436035156,KBWB,Invesco KBW Bank ETF,120.59355402218534
2022-08-15,52.5171012878418,KBWB,Invesco KBW Bank ETF,120.2466853000262
2022-08-16,52.935951232910156,KBWB,Invesco KBW Bank ETF,121.2057122892829
2022-08-17,52.472537994384766,KBWB,Invesco KBW Bank ETF,120.14465018778932
2022-08-18,52.4368896484375,KBWB,Invesco KBW Bank ETF,120.0630273386322
2022-08-19,51.40312194824219,KBWB,Invesco KBW Bank ETF,117.69604332256093
2022-08-22,50.280235290527344,KBWB,Invesco KBW Bank ETF,115.12500655079046
2022-08-23,50.10200881958008,KBWB,Invesco KBW Bank ETF,114.71692724255394
2022-08-24,50.182212829589844,KBWB,Invesco KBW Bank ETF,114.90056773517338
2022-08-25,51.046653747558594,KBWB,Invesco KBW Bank ETF,116.87984976853873
2022-08-26,49.362327575683594,KBWB,Invesco KBW Bank ETF,113.02330334527034
2022-08-29,48.91674041748047,KBWB,Invesco KBW Bank ETF,112.00305703554896
2022-08-30,48.80088424682617,KBWB,Invesco KBW Bank ETF,111.7377849593851
2022-08-31,48.515708923339844,KBWB,Invesco KBW Bank ETF,111.0848283692899
2022-09-01,48.49788284301758,KBWB,Invesco KBW Bank ETF,111.04401257751769
2022-09-02,48.12358856201172,KBWB,Invesco KBW Bank ETF,110.1870032317233
2022-09-06,47.73147201538086,KBWB,Invesco KBW Bank ETF,109.28918682854398
2022-09-07,48.71177291870117,KBWB,Invesco KBW Bank ETF,111.53374967246047
2022-09-08,50.21785354614258,KBWB,Invesco KBW Bank ETF,114.98217311555594
2022-09-09,50.565433502197266,KBWB,Invesco KBW Bank ETF,115.77801554720936
2022-09-12,51.064483642578125,KBWB,Invesco KBW Bank ETF,116.92067429469823
2022-09-13,49.023677825927734,KBWB,Invesco KBW Bank ETF,112.24790811424579
2022-09-14,48.7919807434082,KBWB,Invesco KBW Bank ETF,111.7173988994672
2022-09-15,49.40688705444336,KBWB,Invesco KBW Bank ETF,113.12532972311992
2022-09-16,48.756324768066406,KBWB,Invesco KBW Bank ETF,111.63575858153551
2022-09-19,49.25978469848633,KBWB,Invesco KBW Bank ETF,112.7885142807232
2022-09-20,48.577735900878906,KBWB,Invesco KBW Bank ETF,111.22684950650712
2022-09-21,47.52774429321289,KBWB,Invesco KBW Bank ETF,108.82271814132238
2022-09-22,46.30724334716797,KBWB,Invesco KBW Bank ETF,106.0281771333741
2022-09-23,45.436744689941406,KBWB,Invesco KBW Bank ETF,104.03502489300375
2022-09-26,44.62008285522461,KBWB,Invesco KBW Bank ETF,102.16514106035461
2022-09-27,44.207271575927734,KBWB,Invesco KBW Bank ETF,101.21994060616647
2022-09-28,45.050846099853516,KBWB,Invesco KBW Bank ETF,103.1514455410953
2022-09-29,44.46752166748047,KBWB,Invesco KBW Bank ETF,101.81582670975631
2022-09-30,44.081626892089844,KBWB,Invesco KBW Bank ETF,100.93225609223514
2022-10-03,45.34700012207031,KBWB,Invesco KBW Bank ETF,103.8295396977902
2022-10-04,47.3482666015625,KBWB,Invesco KBW Bank ETF,108.41177395405713
2022-10-05,46.83673095703125,KBWB,Invesco KBW Bank ETF,107.24052755699188
2022-10-06,45.966224670410156,KBWB,Invesco KBW Bank ETF,105.24735784784697
2022-10-07,44.96110916137695,KBWB,Invesco KBW Bank ETF,102.9459778146563
2022-10-10,44.57521057128906,KBWB,Invesco KBW Bank ETF,102.06239846274784
2022-10-11,43.64189147949219,KBWB,Invesco KBW Bank ETF,99.92540833260547
2022-10-12,43.58804702758789,KBWB,Invesco KBW Bank ETF,99.8021224561097
2022-10-13,45.786739349365234,KBWB,Invesco KBW Bank ETF,104.83639619180714
2022-10-14,45.2841796875,KBWB,Invesco KBW Bank ETF,103.68570180801817
2022-10-17,46.52263259887695,KBWB,Invesco KBW Bank ETF,106.521346842519
2022-10-18,47.105960845947266,KBWB,Invesco KBW Bank ETF,107.85697440824526
2022-10-19,45.373924255371094,KBWB,Invesco KBW Bank ETF,103.89118700323172
2022-10-20,44.33291244506836,KBWB,Invesco KBW Bank ETF,101.50761638571055
2022-10-21,45.49059295654297,KBWB,Invesco KBW Bank ETF,104.1583195038868
2022-10-24,46.298274993896484,KBWB,Invesco KBW Bank ETF,106.00764258887239
2022-10-25,47.105960845947266,KBWB,Invesco KBW Bank ETF,107.85697440824526
2022-10-26,47.32134246826172,KBWB,Invesco KBW Bank ETF,108.3501266486156
2022-10-27,47.32134246826172,KBWB,Invesco KBW Bank ETF,108.3501266486156
2022-10-28,48.1649169921875,KBWB,Invesco KBW Bank ETF,110.28163158354441
2022-10-31,47.95852279663086,KBWB,Invesco KBW Bank ETF,109.8090575596122
2022-11-01,48.30851364135742,KBWB,Invesco KBW Bank ETF,110.6104201240283
2022-11-02,47.36621856689453,KBWB,Invesco KBW Bank ETF,108.45287798060966
2022-11-03,46.711090087890625,KBWB,Invesco KBW Bank ETF,106.95285177744782
2022-11-04,47.940555572509766,KBWB,Invesco KBW Bank ETF,109.76791859551052
2022-11-07,48.29056167602539,KBWB,Invesco KBW Bank ETF,110.56931609747576
2022-11-08,48.550819396972656,KBWB,Invesco KBW Bank ETF,111.16521966984016
2022-11-09,47.518775939941406,KBWB,Invesco KBW Bank ETF,108.80218359682068
2022-11-10,50.211063385009766,KBWB,Invesco KBW Bank ETF,114.96662590619268
2022-11-11,50.74053955078125,KBWB,Invesco KBW Bank ETF,116.17895012664862
2022-11-14,49.63669967651367,KBWB,Invesco KBW Bank ETF,113.65152415058084
2022-11-15,49.798240661621094,KBWB,Invesco KBW Bank ETF,114.0213992488427
2022-11-16,49.080291748046875,KBWB,Invesco KBW Bank ETF,112.37753515590882
2022-11-17,48.514923095703125,KBWB,Invesco KBW Bank ETF,111.08302908550965
2022-11-18,48.86491775512695,KBWB,Invesco KBW Bank ETF,111.88440038431304
2022-11-21,48.99055862426758,KBWB,Invesco KBW Bank ETF,112.1720761638571
2022-11-22,49.520042419433594,KBWB,Invesco KBW Bank ETF,113.38441785308761
2022-11-23,49.64567565917969,KBWB,Invesco KBW Bank ETF,113.6720761638571
2022-11-25,49.88798141479492,KBWB,Invesco KBW Bank ETF,114.22687570966896
2022-11-28,48.7392692565918,KBWB,Invesco KBW Bank ETF,111.59670713599441
2022-11-29,49.295677185058594,KBWB,Invesco KBW Bank ETF,112.87069613066643
2022-11-30,50.237972259521484,KBWB,Invesco KBW Bank ETF,115.02823827408507
2022-12-01,49.66362762451172,KBWB,Invesco KBW Bank ETF,113.71318019040964
2022-12-02,49.16106033325195,KBWB,Invesco KBW Bank ETF,112.5624683378461
2022-12-05,46.98929214477539,KBWB,Invesco KBW Bank ETF,107.58984190759018
2022-12-06,46.23545455932617,KBWB,Invesco KBW Bank ETF,105.86380469910036
2022-12-07,46.3251953125,KBWB,Invesco KBW Bank ETF,106.06928115992663
2022-12-08,46.46878433227539,KBWB,Invesco KBW Bank ETF,106.39805223163594
2022-12-09,46.45083236694336,KBWB,Invesco KBW Bank ETF,106.35694820508341
2022-12-12,47.132877349853516,KBWB,Invesco KBW Bank ETF,107.91860424491222
2022-12-13,47.17774963378906,KBWB,Invesco KBW Bank ETF,108.021346842519
2022-12-14,46.38801574707031,KBWB,Invesco KBW Bank ETF,106.21311904969866
2022-12-15,45.54444122314453,KBWB,Invesco KBW Bank ETF,104.28161411476985
2022-12-16,45.167518615722656,KBWB,Invesco KBW Bank ETF,103.41858677613766
2022-12-19,45.15574645996094,KBWB,Invesco KBW Bank ETF,103.39163245698315
2022-12-20,45.22813034057617,KBWB,Invesco KBW Bank ETF,103.55736745567299
2022-12-21,45.92478561401367,KBWB,Invesco KBW Bank ETF,105.15247619879466
2022-12-22,45.72574234008789,KBWB,Invesco KBW Bank ETF,104.69673333915625
2022-12-23,45.89763641357422,KBWB,Invesco KBW Bank ETF,105.09031356450345
2022-12-27,46.06049728393555,KBWB,Invesco KBW Bank ETF,105.46321076076514
2022-12-28,45.933834075927734,KBWB,Invesco KBW Bank ETF,105.1731941654293
2022-12-29,46.73905563354492,KBWB,Invesco KBW Bank ETF,107.01688357061752
2022-12-30,46.70286178588867,KBWB,Invesco KBW Bank ETF,106.93401170407896
2023-01-03,46.974281311035156,KBWB,Invesco KBW Bank ETF,107.55547209363263
2023-01-04,48.05093765258789,KBWB,Invesco KBW Bank ETF,110.02065682592367
2023-01-05,47.607608795166016,KBWB,Invesco KBW Bank ETF,109.00558127347367
2023-01-06,48.81996536254883,KBWB,Invesco KBW Bank ETF,111.78147436457333
2023-01-09,48.548545837402344,KBWB,Invesco KBW Bank ETF,111.16001397501965
2023-01-10,48.87424850463867,KBWB,Invesco KBW Bank ETF,111.9057646956066
2023-01-11,49.254241943359375,KBWB,Invesco KBW Bank ETF,112.7758232160014
2023-01-12,49.516624450683594,KBWB,Invesco KBW Bank ETF,113.37659184208228
2023-01-13,49.95088577270508,KBWB,Invesco KBW Bank ETF,114.37090575596122
2023-01-17,49.76994705200195,KBWB,Invesco KBW Bank ETF,113.95661629836667
2023-01-18,48.50331115722656,KBWB,Invesco KBW Bank ETF,111.05644161062102
2023-01-19,48.1142578125,KBWB,Invesco KBW Bank ETF,110.16563892042973
2023-01-20,49.65232849121094,KBWB,Invesco KBW Bank ETF,113.6873089352782
2023-01-23,50.710872650146484,KBWB,Invesco KBW Bank ETF,116.1110227967508
2023-01-24,50.38516616821289,KBWB,Invesco KBW Bank ETF,115.36526334177657
2023-01-25,51.17229461669922,KBWB,Invesco KBW Bank ETF,117.1675255480828
2023-01-26,51.68800735473633,KBWB,Invesco KBW Bank ETF,118.34833609922264
2023-01-27,51.986568450927734,KBWB,Invesco KBW Bank ETF,119.03194165429295
2023-01-30,51.5341911315918,KBWB,Invesco KBW Bank ETF,117.99614813520832
2023-01-31,52.42084884643555,KBWB,Invesco KBW Bank ETF,120.0262992401083
2023-02-01,52.71036148071289,KBWB,Invesco KBW Bank ETF,120.68918682854398
2023-02-02,53.33464050292969,KBWB,Invesco KBW Bank ETF,122.11857804175037
2023-02-03,53.22606658935547,KBWB,Invesco KBW Bank ETF,121.86997991090925
2023-02-06,52.80083084106445,KBWB,Invesco KBW Bank ETF,120.89633155734126
2023-02-07,53.48844528198242,KBWB,Invesco KBW Bank ETF,122.47073980260285
2023-02-08,53.09939956665039,KBWB,Invesco KBW Bank ETF,121.57995458118613
2023-02-09,52.321327209472656,KBWB,Invesco KBW Bank ETF,119.79842781028911
2023-02-10,52.26703643798828,KBWB,Invesco KBW Bank ETF,119.67412001048126
2023-02-13,52.846073150634766,KBWB,Invesco KBW Bank ETF,120.99992139051446
2023-02-14,52.71940612792969,KBWB,Invesco KBW Bank ETF,120.70989606079134
2023-02-15,52.71940612792969,KBWB,Invesco KBW Bank ETF,120.70989606079134
2023-02-16,51.97751998901367,KBWB,Invesco KBW Bank ETF,119.01122368765832
2023-02-17,51.986568450927734,KBWB,Invesco KBW Bank ETF,119.03194165429295
2023-02-21,50.59325408935547,KBWB,Invesco KBW Bank ETF,115.84171543366233
2023-02-22,50.439453125,KBWB,Invesco KBW Bank ETF,115.48956240719714
2023-02-23,50.61135482788086,KBWB,Invesco KBW Bank ETF,115.8831601013189
2023-02-24,50.69278335571289,KBWB,Invesco KBW Bank ETF,116.06960433225609
2023-02-27,50.864688873291016,KBWB,Invesco KBW Bank ETF,116.46321076076514
2023-02-28,50.96420669555664,KBWB,Invesco KBW Bank ETF,116.69107345619705
2023-03-01,50.84659194946289,KBWB,Invesco KBW Bank ETF,116.42177482749585
2023-03-02,49.968994140625,KBWB,Invesco KBW Bank ETF,114.41236789239235
2023-03-03,50.928016662597656,KBWB,Invesco KBW Bank ETF,116.60821032404577
2023-03-06,50.71992874145508,KBWB,Invesco KBW Bank ETF,116.13175823216001
2023-03-07,48.765682220458984,KBWB,Invesco KBW Bank ETF,111.65718403354005
2023-03-08,48.39472961425781,KBWB,Invesco KBW Bank ETF,110.80782601100533
2023-03-09,44.70338439941406,KBWB,Invesco KBW Bank ETF,102.35587387544764
2023-03-10,43.02056121826172,KBWB,Invesco KBW Bank ETF,98.50276880076862
2023-03-13,37.86351776123047,KBWB,Invesco KBW Bank ETF,86.69485544589047
2023-03-14,39.0215950012207,KBWB,Invesco KBW Bank ETF,89.34646694034413
2023-03-15,37.773048400878906,KBWB,Invesco KBW Bank ETF,86.4877107170932
2023-03-16,38.76826095581055,KBWB,Invesco KBW Bank ETF,88.7664162808979
2023-03-17,36.759727478027344,KBWB,Invesco KBW Bank ETF,84.16754301685737
2023-03-20,37.01881408691406,KBWB,Invesco KBW Bank ETF,84.76076513232597
2023-03-21,38.843299865722656,KBWB,Invesco KBW Bank ETF,88.93823041313652
2023-03-22,37.00056457519531,KBWB,Invesco KBW Bank ETF,84.71897982356538
2023-03-23,36.371124267578125,KBWB,Invesco KBW Bank ETF,83.27777098436545
2023-03-24,36.553565979003906,KBWB,Invesco KBW Bank ETF,83.69550179054939
2023-03-27,37.465816497802734,KBWB,Invesco KBW Bank ETF,85.78425189972923
2023-03-28,37.59352493286133,KBWB,Invesco KBW Bank ETF,86.07666171718054
2023-03-29,38.387176513671875,KBWB,Invesco KBW Bank ETF,87.89385972574024
2023-03-30,37.97666549682617,KBWB,Invesco KBW Bank ETF,86.95392610708359
2023-03-31,38.28682327270508,KBWB,Invesco KBW Bank ETF,87.6640841994934
2023-04-03,38.09524917602539,KBWB,Invesco KBW Bank ETF,87.2254432701546
2023-04-04,37.356346130371094,KBWB,Invesco KBW Bank ETF,85.53360118787667
2023-04-05,37.192138671875,KBWB,Invesco KBW Bank ETF,85.15762075290418
2023-04-06,37.6026496887207,KBWB,Invesco KBW Bank ETF,86.09755437156083
2023-04-10,37.91280746459961,KBWB,Invesco KBW Bank ETF,86.80771246397065
2023-04-11,38.396297454833984,KBWB,Invesco KBW Bank ETF,87.91474364573325
2023-04-12,38.10437774658203,KBWB,Invesco KBW Bank ETF,87.24634465892218
2023-04-13,38.368927001953125,KBWB,Invesco KBW Bank ETF,87.85207441697965
2023-04-14,38.78856658935547,KBWB,Invesco KBW Bank ETF,88.81290942440388
2023-04-17,39.34503173828125,KBWB,Invesco KBW Bank ETF,90.08702943488514
2023-04-18,39.41801071166992,KBWB,Invesco KBW Bank ETF,90.2541269979911
2023-04-19,40.083946228027344,KBWB,Invesco KBW Bank ETF,91.77889772032492
2023-04-20,39.37239074707031,KBWB,Invesco KBW Bank ETF,90.14967246047689
2023-04-21,38.761199951171875,KBWB,Invesco KBW Bank ETF,88.75024893003756
2023-04-24,38.59699630737305,KBWB,Invesco KBW Bank ETF,88.37427722945236
2023-04-25,37.27424240112305,KBWB,Invesco KBW Bank ETF,85.34561097039042
2023-04-26,36.8911018371582,KBWB,Invesco KBW Bank ETF,84.46834658048738
2023-04-27,37.465816497802734,KBWB,Invesco KBW Bank ETF,85.78425189972923
2023-04-28,38.058773040771484,KBWB,Invesco KBW Bank ETF,87.14192505895711
2023-05-01,37.37458419799805,KBWB,Invesco KBW Bank ETF,85.57536029347541
2023-05-02,35.750789642333984,KBWB,Invesco KBW Bank ETF,81.8574111276094
2023-05-03,35.06660461425781,KBWB,Invesco KBW Bank ETF,80.29085509651497
2023-05-04,33.75297546386719,KBWB,Invesco KBW Bank ETF,77.28308149183334
2023-05-05,35.294673919677734,KBWB,Invesco KBW Bank ETF,80.81305790898769
2023-05-08,35.212562561035156,KBWB,Invesco KBW Bank ETF,80.62505022272687
2023-05-09,35.20345687866211,KBWB,Invesco KBW Bank ETF,80.60420124028299
2023-05-10,34.76557540893555,KBWB,Invesco KBW Bank ETF,79.60159839287275
2023-05-11,34.35506057739258,KBWB,Invesco KBW Bank ETF,78.66165603982881
2023-05-12,34.108760833740234,KBWB,Invesco KBW Bank ETF,78.09771159053193
2023-05-15,35.00275421142578,KBWB,Invesco KBW Bank ETF,80.1446589221766
2023-05-16,34.48277282714844,KBWB,Invesco KBW Bank ETF,78.95407459166739
2023-05-17,36.243408203125,KBWB,Invesco KBW Bank ETF,82.98534369813957
2023-05-18,36.453216552734375,KBWB,Invesco KBW Bank ETF,83.46573499868984
2023-05-19,36.088321685791016,KBWB,Invesco KBW Bank ETF,82.63024718316011
2023-05-22,36.726890563964844,KBWB,Invesco KBW Bank ETF,84.09235741112761
2023-05-23,36.945831298828125,KBWB,Invesco KBW Bank ETF,84.59365883483274
2023-05-24,36.29814529418945,KBWB,Invesco KBW Bank ETF,83.1106734212595
2023-05-25,36.234283447265625,KBWB,Invesco KBW Bank ETF,82.96445104375928
2023-05-26,36.5809326171875,KBWB,Invesco KBW Bank ETF,83.75816228491571
2023-05-30,36.699527740478516,KBWB,Invesco KBW Bank ETF,84.02970565114857
2023-05-31,35.79640579223633,KBWB,Invesco KBW Bank ETF,81.9618569307363
2023-06-01,36.42585372924805,KBWB,Invesco KBW Bank ETF,83.4030832387108
2023-06-02,37.766849517822266,KBWB,Invesco KBW Bank ETF,86.47351733775875
2023-06-05,37.3654670715332,KBWB,Invesco KBW Bank ETF,85.55448510786968
2023-06-06,38.45103454589844,KBWB,Invesco KBW Bank ETF,88.04007336885317
2023-06-07,39.02574920654297,KBWB,Invesco KBW Bank ETF,89.35597868809504
2023-06-08,38.86153793334961,KBWB,Invesco KBW Bank ETF,88.97998951873527
2023-06-09,38.660850524902344,KBWB,Invesco KBW Bank ETF,88.52048213817801
2023-06-12,38.25946044921875,KBWB,Invesco KBW Bank ETF,87.60143243951437
2023-06-13,38.843299865722656,KBWB,Invesco KBW Bank ETF,88.93823041313652
2023-06-14,38.159114837646484,KBWB,Invesco KBW Bank ETF,87.3716743820421
2023-06-15,38.724700927734375,KBWB,Invesco KBW Bank ETF,88.66667831251638
2023-06-16,38.46928024291992,KBWB,Invesco KBW Bank ETF,88.08184994322649
2023-06-20,38.059913635253906,KBWB,Invesco KBW Bank ETF,87.14453664075465
2023-06-21,37.82941436767578,KBWB,Invesco KBW Bank ETF,86.61677002358284
2023-06-22,36.935081481933594,KBWB,Invesco KBW Bank ETF,84.56904533147
2023-06-23,36.54784393310547,KBWB,Invesco KBW Bank ETF,83.6824002096253
2023-06-26,36.796783447265625,KBWB,Invesco KBW Bank ETF,84.25238885492183
2023-06-27,37.184017181396484,KBWB,Invesco KBW Bank ETF,85.13902524237925
2023-06-28,37.04572677612305,KBWB,Invesco KBW Bank ETF,84.82238623460564
2023-06-29,37.75565719604492,KBWB,Invesco KBW Bank ETF,86.44789064547122
2023-06-30,37.84784698486328,KBWB,Invesco KBW Bank ETF,86.65897458293301
2023-07-03,38.493255615234375,KBWB,Invesco KBW Bank ETF,88.13674556729845
2023-07-05,38.17976760864258,KBWB,Invesco KBW Bank ETF,87.4189623547908
2023-07-06,37.57125473022461,KBWB,Invesco KBW Bank ETF,86.02567036422396
2023-07-07,38.06913375854492,KBWB,Invesco KBW Bank ETF,87.16564765481701
2023-07-10,38.18899154663086,KBWB,Invesco KBW Bank ETF,87.44008210324046
2023-07-11,38.80672836303711,KBWB,Invesco KBW Bank ETF,88.85449384225697
2023-07-12,39.24006271362305,KBWB,Invesco KBW Bank ETF,89.84668530002621
2023-07-13,39.747161865234375,KBWB,Invesco KBW Bank ETF,91.00777360468163
2023-07-14,38.84360885620117,KBWB,Invesco KBW Bank ETF,88.93893789850642
2023-07-17,39.24928283691406,KBWB,Invesco KBW Bank ETF,89.86779631408857
2023-07-18,40.447879791259766,KBWB,Invesco KBW Bank ETF,92.61218447025941
2023-07-19,41.55426788330078,KBWB,Invesco KBW Bank ETF,95.14544501703206
2023-07-20,41.79398727416992,KBWB,Invesco KBW Bank ETF,95.69432264826622
2023-07-21,41.38831329345703,KBWB,Invesco KBW Bank ETF,94.76546423268408
2023-07-24,42.09824752807617,KBWB,Invesco KBW Bank ETF,96.39097737793693
2023-07-25,41.41596603393555,KBWB,Invesco KBW Bank ETF,94.8287798060966
2023-07-26,42.20888900756836,KBWB,Invesco KBW Bank ETF,96.6443095466853
2023-07-27,41.7017936706543,KBWB,Invesco KBW Bank ETF,95.48322997641715
2023-07-28,42.05214309692383,KBWB,Invesco KBW Bank ETF,96.28541357323783
2023-07-31,42.23653793334961,KBWB,Invesco KBW Bank ETF,96.70761638571054
2023-08-01,41.82164764404297,KBWB,Invesco KBW Bank ETF,95.75765569045332
2023-08-02,41.36064910888672,KBWB,Invesco KBW Bank ETF,94.7021224561097
2023-08-03,41.64646530151367,KBWB,Invesco KBW Bank ETF,95.35654642326841
2023-08-04,41.60958480834961,KBWB,Invesco KBW Bank ETF,95.27210236701896
2023-08-07,41.987606048583984,KBWB,Invesco KBW Bank ETF,96.13764520918858
2023-08-08,41.47128677368164,KBWB,Invesco KBW Bank ETF,94.95544589047078
2023-08-09,40.79823684692383,KBWB,Invesco KBW Bank ETF,93.41438553585466
2023-08-10,40.89965057373047,KBWB,Invesco KBW Bank ETF,93.64658922176609
2023-08-11,41.04716873168945,KBWB,Invesco KBW Bank ETF,93.98435671237662
2023-08-14,40.383338928222656,KBWB,Invesco KBW Bank ETF,92.46440737182287
2023-08-15,39.27693557739258,KBWB,Invesco KBW Bank ETF,89.93111188750109
2023-08-16,38.90814208984375,KBWB,Invesco KBW Bank ETF,89.0866975281684
2023-08-17,38.889705657958984,KBWB,Invesco KBW Bank ETF,89.04448423443095
2023-08-18,38.76062774658203,KBWB,Invesco KBW Bank ETF,88.74893877194515
2023-08-21,38.63154220581055,KBWB,Invesco KBW Bank ETF,88.45337584068477
2023-08-22,37.63579559326172,KBWB,Invesco KBW Bank ETF,86.17344746266049
2023-08-23,38.05068588256836,KBWB,Invesco KBW Bank ETF,87.12340815791772
2023-08-24,38.07835388183594,KBWB,Invesco KBW Bank ETF,87.18675866887938
2023-08-25,37.90317916870117,KBWB,Invesco KBW Bank ETF,86.78566687046904
2023-08-28,38.39183044433594,KBWB,Invesco KBW Bank ETF,87.90451567822517
2023-08-29,38.90814208984375,KBWB,Invesco KBW Bank ETF,89.0866975281684
2023-08-30,38.696083068847656,KBWB,Invesco KBW Bank ETF,88.60115293912132
2023-08-31,38.68686294555664,KBWB,Invesco KBW Bank ETF,88.58004192505896
2023-09-01,39.120208740234375,KBWB,Invesco KBW Bank ETF,89.57225958599004
2023-09-05,38.742183685302734,KBWB,Invesco KBW Bank ETF,88.70670800943314
2023-09-06,38.23509216308594,KBWB,Invesco KBW Bank ETF,87.54563717355228
2023-09-07,37.79253387451172,KBWB,Invesco KBW Bank ETF,86.53232596733339
2023-09-08,38.198204040527344,KBWB,Invesco KBW Bank ETF,87.46117564852825
2023-09-11,38.308841705322266,KBWB,Invesco KBW Bank ETF,87.71449908288933
2023-09-12,38.95424270629883,KBWB,Invesco KBW Bank ETF,89.19225259848022
2023-09-13,38.63154220581055,KBWB,Invesco KBW Bank ETF,88.45337584068477
2023-09-14,39.34148025512695,KBWB,Invesco KBW Bank ETF,90.07889772032492
2023-09-15,39.10176467895508,KBWB,Invesco KBW Bank ETF,89.53002882347803
2023-09-18,38.88300704956055,KBWB,Invesco KBW Bank ETF,89.02914665036248
2023-09-19,38.71544647216797,KBWB,Invesco KBW Bank ETF,88.64548868896847
2023-09-20,38.39895248413086,KBWB,Invesco KBW Bank ETF,87.92082277928203
2023-09-21,37.79386901855469,KBWB,Invesco KBW Bank ETF,86.53538300288234
2023-09-22,37.309814453125,KBWB,Invesco KBW Bank ETF,85.4270591318019
2023-09-25,37.514617919921875,KBWB,Invesco KBW Bank ETF,85.89599091623722
2023-09-26,36.918846130371094,KBWB,Invesco KBW Bank ETF,84.53187177919469
2023-09-27,36.78852081298828,KBWB,Invesco KBW Bank ETF,84.23347017206743
2023-09-28,37.21671676635742,KBWB,Invesco KBW Bank ETF,85.21389641016683
2023-09-29,37.30050277709961,KBWB,Invesco KBW Bank ETF,85.40573849244475
2023-10-02,36.397544860839844,KBWB,Invesco KBW Bank ETF,83.33826535068565
2023-10-03,35.63422775268555,KBWB,Invesco KBW Bank ETF,81.59052318979823
2023-10-04,35.75523376464844,KBWB,Invesco KBW Bank ETF,81.86758668879378
2023-10-05,35.98796463012695,KBWB,Invesco KBW Bank ETF,82.40046292252599
2023-10-06,36.24860763549805,KBWB,Invesco KBW Bank ETF,82.99724866800594
2023-10-09,36.28584671020508,KBWB,Invesco KBW Bank ETF,83.08251375665996
2023-10-10,36.84437561035156,KBWB,Invesco KBW Bank ETF,84.3613590706612
2023-10-11,36.797828674316406,KBWB,Invesco KBW Bank ETF,84.25478207703729
2023-10-12,36.444095611572266,KBWB,Invesco KBW Bank ETF,83.44485107869683
2023-10-13,36.29515075683594,KBWB,Invesco KBW Bank ETF,83.10381692724255
2023-10-16,36.86299133300781,KBWB,Invesco KBW Bank ETF,84.40398288060092
2023-10-17,37.50530242919922,KBWB,Invesco KBW Bank ETF,85.87466154249279
2023-10-18,36.546485900878906,KBWB,Invesco KBW Bank ETF,83.67929076775265
2023-10-19,36.04380798339844,KBWB,Invesco KBW Bank ETF,82.5283256179579
2023-10-20,34.95466995239258,KBWB,Invesco KBW Bank ETF,80.03456197047777
2023-10-23,34.57301330566406,KBWB,Invesco KBW Bank ETF,79.1606952572277
2023-10-24,34.54509735107422,KBWB,Invesco KBW Bank ETF,79.09677701109267
2023-10-25,34.451995849609375,KBWB,Invesco KBW Bank ETF,78.88360555507032
2023-10-26,35.019840240478516,KBWB,Invesco KBW Bank ETF,80.18378024281597
2023-10-27,34.20066833496094,KBWB,Invesco KBW Bank ETF,78.30814918333479
2023-10-30,34.87089920043945,KBWB,Invesco KBW Bank ETF,79.84275482574897
2023-10-31,35.280487060546875,KBWB,Invesco KBW Bank ETF,80.7805747226832
2023-11-01,35.336341857910156,KBWB,Invesco KBW Bank ETF,80.90846362127697
2023-11-02,36.92815017700195,KBWB,Invesco KBW Bank ETF,84.55317494977727
2023-11-03,38.07313919067383,KBWB,Invesco KBW Bank ETF,87.17481876146388
2023-11-06,37.77526092529297,KBWB,Invesco KBW Bank ETF,86.49277666171719
2023-11-07,37.589080810546875,KBWB,Invesco KBW Bank ETF,86.06648615599616
2023-11-08,37.44944763183594,KBWB,Invesco KBW Bank ETF,85.74677264389904
2023-11-09,36.92815017700195,KBWB,Invesco KBW Bank ETF,84.55317494977727
2023-11-10,37.3470458984375,KBWB,Invesco KBW Bank ETF,85.51230675168136
2023-11-13,37.24464797973633,KBWB,Invesco KBW Bank ETF,85.27784959385099
2023-11-14,38.97609329223633,KBWB,Invesco KBW Bank ETF,89.24228316883571
2023-11-15,39.553245544433594,KBWB,Invesco KBW Bank ETF,90.56376976155123
2023-11-16,39.348445892333984,KBWB,Invesco KBW Bank ETF,90.0948467115032
2023-11-17,39.916282653808594,KBWB,Invesco KBW Bank ETF,91.39500393047427
2023-11-20,39.84181594848633,KBWB,Invesco KBW Bank ETF,91.22449995632806
2023-11-21,39.339134216308594,KBWB,Invesco KBW Bank ETF,90.07352607214604
2023-11-22,39.432228088378906,KBWB,Invesco KBW Bank ETF,90.28668005939383
2023-11-24,39.553245544433594,KBWB,Invesco KBW Bank ETF,90.56376976155123
2023-11-27,39.367061614990234,KBWB,Invesco KBW Bank ETF,90.13747052144292
2023-11-28,39.48808288574219,KBWB,Invesco KBW Bank ETF,90.4145689579876
2023-11-29,40.29795455932617,KBWB,Invesco KBW Bank ETF,92.26890558127347
2023-11-30,40.716854095458984,KBWB,Invesco KBW Bank ETF,93.22804611756486
2023-12-01,41.83390426635742,KBWB,Invesco KBW Bank ETF,95.78571927679273
2023-12-04,42.04800796508789,KBWB,Invesco KBW Bank ETF,96.27594549742335
2023-12-05,41.57325744628906,KBWB,Invesco KBW Bank ETF,95.18892479692549
2023-12-06,41.41501235961914,KBWB,Invesco KBW Bank ETF,94.82659620927592
2023-12-07,41.964237213134766,KBWB,Invesco KBW Bank ETF,96.08413835269455
2023-12-08,42.53206253051758,KBWB,Invesco KBW Bank ETF,97.3842693685038
2023-12-11,42.55999755859375,KBWB,Invesco KBW Bank ETF,97.44823128657525
2023-12-12,42.52275848388672,KBWB,Invesco KBW Bank ETF,97.36296619792121
2023-12-13,44.10527038574219,KBWB,Invesco KBW Bank ETF,100.9863918246135
2023-12-14,46.35799789428711,KBWB,Invesco KBW Bank ETF,106.14438815617085
2023-12-15,45.98564910888672,KBWB,Invesco KBW Bank ETF,105.29183334789064
2023-12-18,45.617855072021484,KBWB,Invesco KBW Bank ETF,104.44970739802604
2023-12-19,46.15266036987305,KBWB,Invesco KBW Bank ETF,105.67423355751595
2023-12-20,45.15811538696289,KBWB,Invesco KBW Bank ETF,103.39705651148572
2023-12-21,45.65538024902344,KBWB,Invesco KBW Bank ETF,104.53562756572626
2023-12-22,45.75858688354492,KBWB,Invesco KBW Bank ETF,104.77193641366058
2023-12-26,46.21833419799805,KBWB,Invesco KBW Bank ETF,105.82460476897546
2023-12-27,46.34030532836914,KBWB,Invesco KBW Bank ETF,106.10387806795353
2023-12-28,46.45289611816406,KBWB,Invesco KBW Bank ETF,106.36167350860337
2023-12-29,46.15266036987305,KBWB,Invesco KBW Bank ETF,105.67423355751595
2024-01-02,46.58425521850586,KBWB,Invesco KBW Bank ETF,106.66244213468426
2024-01-03,45.68353271484375,KBWB,Invesco KBW Bank ETF,104.60008734387283
2024-01-04,45.965003967285156,KBWB,Invesco KBW Bank ETF,105.2445628439165
2024-01-05,46.70622253417969,KBWB,Invesco KBW Bank ETF,106.94170669927504
2024-01-08,46.85633850097656,KBWB,Invesco KBW Bank ETF,107.28542230762513
2024-01-09,46.349693298339844,KBWB,Invesco KBW Bank ETF,106.12537339505634
2024-01-10,46.18080139160156,KBWB,Invesco KBW Bank ETF,105.73866713250065
2024-01-11,45.7210578918457,KBWB,Invesco KBW Bank ETF,104.68600751157307
2024-01-12,45.27069854736328,KBWB,Invesco KBW Bank ETF,103.65483448336099
2024-01-16,44.660831451416016,KBWB,Invesco KBW Bank ETF,102.25844178530876
2024-01-17,44.36058807373047,KBWB,Invesco KBW Bank ETF,101.57098436544676
2024-01-18,44.14480209350586,KBWB,Invesco KBW Bank ETF,101.07690628002446
2024-01-19,45.27069854736328,KBWB,Invesco KBW Bank ETF,103.65483448336099
2024-01-22,45.63662338256836,KBWB,Invesco KBW Bank ETF,104.49268058345707
2024-01-23,45.617855072021484,KBWB,Invesco KBW Bank ETF,104.44970739802604
2024-01-24,46.068206787109375,KBWB,Invesco KBW Bank ETF,105.48086295746353
2024-01-25,46.28400802612305,KBWB,Invesco KBW Bank ETF,105.97497598043498
2024-01-26,46.36845779418945,KBWB,Invesco KBW Bank ETF,106.1683378461001
2024-01-29,46.70622253417969,KBWB,Invesco KBW Bank ETF,106.94170669927504
2024-01-30,47.21288299560547,KBWB,Invesco KBW Bank ETF,108.10179054939296
2024-01-31,46.08697509765625,KBWB,Invesco KBW Bank ETF,105.52383614289458
2024-02-01,45.31761169433594,KBWB,Invesco KBW Bank ETF,103.76224997816404
2024-02-02,45.67414855957031,KBWB,Invesco KBW Bank ETF,104.57860075115731
2024-02-05,45.083045959472656,KBWB,Invesco KBW Bank ETF,103.22517250414883
2024-02-06,45.054901123046875,KBWB,Invesco KBW Bank ETF,103.16073019477683
2024-02-07,45.054901123046875,KBWB,Invesco KBW Bank ETF,103.16073019477683
2024-02-08,45.054901123046875,KBWB,Invesco KBW Bank ETF,103.16073019477683
2024-02-09,45.1674919128418,KBWB,Invesco KBW Bank ETF,103.41852563542668
2024-02-12,45.871185302734375,KBWB,Invesco KBW Bank ETF,105.02974932308499
2024-02-13,44.52947998046875,KBWB,Invesco KBW Bank ETF,101.95769062800244
2024-02-14,45.101810455322266,KBWB,Invesco KBW Bank ETF,103.26813695519259
2024-02-15,46.190181732177734,KBWB,Invesco KBW Bank ETF,105.76014499082889
2024-02-16,46.040061950683594,KBWB,Invesco KBW Bank ETF,105.41642064809153
2024-02-20,45.871185302734375,KBWB,Invesco KBW Bank ETF,105.02974932308499
2024-02-21,45.88994598388672,KBWB,Invesco KBW Bank ETF,105.07270503974146
2024-02-22,46.068206787109375,KBWB,Invesco KBW Bank ETF,105.48086295746353
2024-02-23,46.237098693847656,KBWB,Invesco KBW Bank ETF,105.86756922001922
2024-02-26,45.86180114746094,KBWB,Invesco KBW Bank ETF,105.00826273036947
2024-02-27,46.38722229003906,KBWB,Invesco KBW Bank ETF,106.21130229714386
2024-02-28,46.3309211730957,KBWB,Invesco KBW Bank ETF,106.08239147523801
2024-02-29,46.668697357177734,KBWB,Invesco KBW Bank ETF,106.85578653157481
2024-03-01,46.593631744384766,KBWB,Invesco KBW Bank ETF,106.6839112586252
2024-03-04,47.447444915771484,KBWB,Invesco KBW Bank ETF,108.63885928902087
2024-03-05,48.11359786987305,KBWB,Invesco KBW Bank ETF,110.16412787142981
2024-03-06,47.79460144042969,KBWB,Invesco KBW Bank ETF,109.4337322036859
2024-03-07,47.91656494140625,KBWB,Invesco KBW Bank ETF,109.71298803388942
2024-03-08,47.98224639892578,KBWB,Invesco KBW Bank ETF,109.8633767141235
2024-03-11,48.05731201171875,KBWB,Invesco KBW Bank ETF,110.03525198707311
2024-03-12,48.010398864746094,KBWB,Invesco KBW Bank ETF,109.92783649227006
2024-03-13,48.28248596191406,KBWB,Invesco KBW Bank ETF,110.55082539959822
2024-03-14,47.466209411621094,KBWB,Invesco KBW Bank ETF,108.68182374006463
2024-03-15,47.484981536865234,KBWB,Invesco KBW Bank ETF,108.72480565988296
2024-03-18,47.679893493652344,KBWB,Invesco KBW Bank ETF,109.17108917809416
2024-03-19,47.78397750854492,KBWB,Invesco KBW Bank ETF,109.4094069351035
2024-03-20,48.90997314453125,KBWB,Invesco KBW Bank ETF,111.98756223250939
2024-03-21,49.969749450683594,KBWB,Invesco KBW Bank ETF,114.41409730107434
2024-03-22,49.20329666137695,KBWB,Invesco KBW Bank ETF,112.6591754738405
2024-03-25,49.10868453979492,KBWB,Invesco KBW Bank ETF,112.44254520045419
2024-03-26,49.16545486450195,KBWB,Invesco KBW Bank ETF,112.57253035199581
2024-03-27,50.357688903808594,KBWB,Invesco KBW Bank ETF,115.30234955017906
2024-03-28,50.774024963378906,KBWB,Invesco KBW Bank ETF,116.25562057821644
2024-04-01,50.206295013427734,KBWB,Invesco KBW Bank ETF,114.95570792208926
2024-04-02,49.761573791503906,KBWB,Invesco KBW Bank ETF,113.93744431828107
2024-04-03,49.71426010131836,KBWB,Invesco KBW Bank ETF,113.82911171281334
2024-04-04,49.16545486450195,KBWB,Invesco KBW Bank ETF,112.57253035199581
2024-04-05,49.36416244506836,KBWB,Invesco KBW Bank ETF,113.02750458555332
2024-04-08,50.02650833129883,KBWB,Invesco KBW Bank ETF,114.5440562494541
2024-04-09,50.12114334106445,KBWB,Invesco KBW Bank ETF,114.76073892916412
2024-04-10,48.61664962768555,KBWB,Invesco KBW Bank ETF,111.31594899117827
2024-04-11,48.23816680908203,KBWB,Invesco KBW Bank ETF,110.44934928814743
2024-04-12,47.556884765625,KBWB,Invesco KBW Bank ETF,108.88944012577518
2024-04-15,47.679893493652344,KBWB,Invesco KBW Bank ETF,109.17108917809416
2024-04-16,46.91345977783203,KBWB,Invesco KBW Bank ETF,107.41621102279674
2024-04-17,47.24463653564453,KBWB,Invesco KBW Bank ETF,108.17449558913442
2024-04-18,47.594730377197266,KBWB,Invesco KBW Bank ETF,108.97609398200716
2024-04-19,48.531490325927734,KBWB,Invesco KBW Bank ETF,111.12096252947856
2024-04-22,49.50609588623047,KBWB,Invesco KBW Bank ETF,113.35248493318194
2024-04-23,50.01705551147461,KBWB,Invesco KBW Bank ETF,114.52241243776749
2024-04-24,50.206295013427734,KBWB,Invesco KBW Bank ETF,114.95570792208926
2024-04-25,49.66695785522461,KBWB,Invesco KBW Bank ETF,113.72080531050747
2024-04-26,49.78049850463867,KBWB,Invesco KBW Bank ETF,113.98077561359071
2024-04-29,49.771034240722656,KBWB,Invesco KBW Bank ETF,113.95910559874225
2024-04-30,49.09922409057617,KBWB,Invesco KBW Bank ETF,112.42088391999302
2024-05-01,49.42093276977539,KBWB,Invesco KBW Bank ETF,113.15748973709495
2024-05-02,49.70479965209961,KBWB,Invesco KBW Bank ETF,113.80745043235217
2024-05-03,50.12114334106445,KBWB,Invesco KBW Bank ETF,114.76073892916412
2024-05-06,50.63208770751953,KBWB,Invesco KBW Bank ETF,115.93063149620055
2024-05-07,50.53746795654297,KBWB,Invesco KBW Bank ETF,115.71398375403966
2024-05-08,50.91596221923828,KBWB,Invesco KBW Bank ETF,116.58060966023234
2024-05-09,51.38907241821289,KBWB,Invesco KBW Bank ETF,117.66387457419862
2024-05-10,51.54046630859375,KBWB,Invesco KBW Bank ETF,118.01051620228841
2024-05-13,51.332298278808594,KBWB,Invesco KBW Bank ETF,117.53388068826972
2024-05-14,51.79594421386719,KBWB,Invesco KBW Bank ETF,118.59547558738754
2024-05-15,52.354217529296875,KBWB,Invesco KBW Bank ETF,119.87373569744082
2024-05-16,52.02302932739258,KBWB,Invesco KBW Bank ETF,119.1154249279413
2024-05-17,52.231201171875,KBWB,Invesco KBW Bank ETF,119.59206917634728
2024-05-20,51.45530319213867,KBWB,Invesco KBW Bank ETF,117.81552100620142
2024-05-21,52.02302932739258,KBWB,Invesco KBW Bank ETF,119.1154249279413
2024-05-22,51.49314498901367,KBWB,Invesco KBW Bank ETF,117.90216612804612
2024-05-23,50.565860748291016,KBWB,Invesco KBW Bank ETF,115.77899379858503
2024-05-24,51.00111770629883,KBWB,Invesco KBW Bank ETF,116.77558738754476
2024-05-28,50.48069381713867,KBWB,Invesco KBW Bank ETF,115.58398986811075
2024-05-29,49.894046783447266,KBWB,Invesco KBW Bank ETF,114.24076338544852
2024-05-30,50.17790985107422,KBWB,Invesco KBW Bank ETF,114.89071534631846
2024-05-31,51.11466979980469,KBWB,Invesco KBW Bank ETF,117.03558389378985
2024-06-03,50.5942497253418,KBWB,Invesco KBW Bank ETF,115.84399510874312
2024-06-04,50.00758743286133,KBWB,Invesco KBW Bank ETF,114.50073368853175
2024-06-05,50.10221481323242,KBWB,Invesco KBW Bank ETF,114.7173988994672
2024-06-06,49.969749450683594,KBWB,Invesco KBW Bank ETF,114.41409730107434
2024-06-07,50.196834564208984,KBWB,Invesco KBW Bank ETF,114.93404664162809
2024-06-10,49.761573791503906,KBWB,Invesco KBW Bank ETF,113.93744431828107
2024-06-11,48.78697204589844,KBWB,Invesco KBW Bank ETF,111.70593064896498
2024-06-12,49.449317932128906,KBWB,Invesco KBW Bank ETF,113.22248231286575
2024-06-13,49.18437957763672,KBWB,Invesco KBW Bank ETF,112.61586164730544
2024-06-14,48.90997314453125,KBWB,Invesco KBW Bank ETF,111.98756223250939
2024-06-17,49.47770690917969,KBWB,Invesco KBW Bank ETF,113.28748362302385
2024-06-18,49.94135665893555,KBWB,Invesco KBW Bank ETF,114.34908725652896
2024-06-20,49.97920227050781,KBWB,Invesco KBW Bank ETF,114.43574111276094
2024-06-21,49.69533920288086,KBWB,Invesco KBW Bank ETF,113.785789151891
2024-06-24,50.51339340209961,KBWB,Invesco KBW Bank ETF,115.65886103589833
2024-06-25,49.931793212890625,KBWB,Invesco KBW Bank ETF,114.32719014761115
2024-06-26,49.75063705444336,KBWB,Invesco KBW Bank ETF,113.91240282994148
2024-06-27,49.83645248413086,KBWB,Invesco KBW Bank ETF,114.10889160625382
2024-06-28,51.009185791015625,KBWB,Invesco KBW Bank ETF,116.79406061664774
2024-07-01,51.3428840637207,KBWB,Invesco KBW Bank ETF,117.5581186129793
2024-07-02,51.91495895385742,KBWB,Invesco KBW Bank ETF,118.8679797362215
2024-07-03,51.647987365722656,KBWB,Invesco KBW Bank ETF,118.2567036422395
2024-07-05,50.96151351928711,KBWB,Invesco KBW Bank ETF,116.68490697877544
2024-07-08,51.10452651977539,KBWB,Invesco KBW Bank ETF,117.01235915800507
2024-07-09,51.8958854675293,KBWB,Invesco KBW Bank ETF,118.82430779980784
2024-07-10,52.42028045654297,KBWB,Invesco KBW Bank ETF,120.02499781640319
2024-07-11,53.240234375,KBWB,Invesco KBW Bank ETF,121.90241942527732
2024-07-12,53.1448974609375,KBWB,Invesco KBW Bank ETF,121.68412961830728
2024-07-15,54.07926940917969,KBWB,Invesco KBW Bank ETF,123.82353043933968
2024-07-16,55.690589904785156,KBWB,Invesco KBW Bank ETF,127.51291815879117
2024-07-17,56.00522232055664,KBWB,Invesco KBW Bank ETF,128.23332168748362
2024-07-18,54.95643615722656,KBWB,Invesco KBW Bank ETF,125.83195038868024
2024-07-19,54.899234771728516,KBWB,Invesco KBW Bank ETF,125.70097825137566
2024-07-22,55.194793701171875,KBWB,Invesco KBW Bank ETF,126.37770984365447
2024-07-23,55.5857048034668,KBWB,Invesco KBW Bank ETF,127.27276618045244
2024-07-24,55.13758850097656,KBWB,Invesco KBW Bank ETF,126.24672897196261
2024-07-25,55.814537048339844,KBWB,Invesco KBW Bank ETF,127.79671587038169
2024-07-26,56.34845733642578,KBWB,Invesco KBW Bank ETF,129.019215652022
2024-07-29,55.78593063354492,KBWB,Invesco KBW Bank ETF,127.73121670014848
2024-07-30,56.405670166015625,KBWB,Invesco KBW Bank ETF,129.15021399248843
2024-07-31,56.04336166381836,KBWB,Invesco KBW Bank ETF,128.32064809153638
2024-08-01,54.37483215332031,KBWB,Invesco KBW Bank ETF,124.50027076600577
2024-08-02,52.000770568847656,KBWB,Invesco KBW Bank ETF,119.06445977814656
2024-08-05,50.67547607421875,KBWB,Invesco KBW Bank ETF,116.02997641715433
2024-08-06,51.190338134765625,KBWB,Invesco KBW Bank ETF,117.20883919993013
2024-08-07,51.018714904785156,KBWB,Invesco KBW Bank ETF,116.81587911608001
2024-08-08,52.0675048828125,KBWB,Invesco KBW Bank ETF,119.21725914927067
2024-08-09,52.22005844116211,KBWB,Invesco KBW Bank ETF,119.56655603109442
2024-08-12,51.94355773925781,KBWB,Invesco KBW Bank ETF,118.93346143768015
2024-08-13,52.47748947143555,KBWB,Invesco KBW Bank ETF,120.15598742248231
2024-08-14,52.935142517089844,KBWB,Invesco KBW Bank ETF,121.20386059917897
2024-08-15,53.66929244995117,KBWB,Invesco KBW Bank ETF,122.88481963490261
2024-08-16,54.26995849609375,KBWB,Invesco KBW Bank ETF,124.26014499082889
2024-08-19,54.72761535644531,KBWB,Invesco KBW Bank ETF,125.30802690191283
2024-08-20,54.155540466308594,KBWB,Invesco KBW Bank ETF,123.99816577867063
2024-08-21,54.04113006591797,KBWB,Invesco KBW Bank ETF,123.73620403528693
2024-08-22,54.432044982910156,KBWB,Invesco KBW Bank ETF,124.63126910647217
2024-08-23,55.70012664794922,KBWB,Invesco KBW Bank ETF,127.534754126998
2024-08-26,55.690589904785156,KBWB,Invesco KBW Bank ETF,127.51291815879117
2024-08-27,55.60477066040039,KBWB,Invesco KBW Bank ETF,127.31642064809154
2024-08-28,55.87173843383789,KBWB,Invesco KBW Bank ETF,127.92768800768626
2024-08-29,56.176841735839844,KBWB,Invesco KBW Bank ETF,128.62627303694646
2024-08-30,56.834720611572266,KBWB,Invesco KBW Bank ETF,130.13259673333917
2024-09-03,55.98615646362305,KBWB,Invesco KBW Bank ETF,128.18966721984452
2024-09-04,55.661983489990234,KBWB,Invesco KBW Bank ETF,127.44741898855796
2024-09-05,55.194793701171875,KBWB,Invesco KBW Bank ETF,126.37770984365447
2024-09-06,53.81230545043945,KBWB,Invesco KBW Bank ETF,123.21227181413224
2024-09-09,54.794349670410156,KBWB,Invesco KBW Bank ETF,125.46082627303694
2024-09-10,53.79323959350586,KBWB,Invesco KBW Bank ETF,123.16861734649315
2024-09-11,53.57394027709961,KBWB,Invesco KBW Bank ETF,122.66649489038343
2024-09-12,53.44045639038086,KBWB,Invesco KBW Bank ETF,122.36086121058608
2024-09-13,53.9648551940918,KBWB,Invesco KBW Bank ETF,123.56155996156869
2024-09-16,54.746681213378906,KBWB,Invesco KBW Bank ETF,125.35168136955193
2024-09-17,55.1280517578125,KBWB,Invesco KBW Bank ETF,126.22489300375578
2024-09-18,55.18526840209961,KBWB,Invesco KBW Bank ETF,126.35590007860948
2024-09-19,56.75844192504883,KBWB,Invesco KBW Bank ETF,129.95794392523365
2024-09-20,56.42473220825195,KBWB,Invesco KBW Bank ETF,129.19385972574025
2024-09-23,56.14048385620117,KBWB,Invesco KBW Bank ETF,128.54302559175474
2024-09-24,55.74674606323242,KBWB,Invesco KBW Bank ETF,127.64149707398026
2024-09-25,55.1801643371582,KBWB,Invesco KBW Bank ETF,126.3442134684252
2024-09-26,55.871585845947266,KBWB,Invesco KBW Bank ETF,127.92733863219495
2024-09-27,55.93881607055664,KBWB,Invesco KBW Bank ETF,128.08127347366582
2024-09-30,56.28453063964844,KBWB,Invesco KBW Bank ETF,128.87284478993797
2024-10-01,55.21857452392578,KBWB,Invesco KBW Bank ETF,126.43216001397502
2024-10-02,55.18975830078125,KBWB,Invesco KBW Bank ETF,126.36618045244126
2024-10-03,54.988094329833984,KBWB,Invesco KBW Bank ETF,125.90443706873963
2024-10-04,56.42858123779297,KBWB,Invesco KBW Bank ETF,129.2026727225085
2024-10-07,56.3709602355957,KBWB,Invesco KBW Bank ETF,129.07073980260284
2024-10-08,56.38056182861328,KBWB,Invesco KBW Bank ETF,129.09272425539348
2024-10-09,57.071998596191406,KBWB,Invesco KBW Bank ETF,130.67588435671237
2024-10-10,56.93755340576172,KBWB,Invesco KBW Bank ETF,130.36804961131978
2024-10-11,58.65652847290039,KBWB,Invesco KBW Bank ETF,134.30393047427722
2024-10-14,59.24232482910156,KBWB,Invesco KBW Bank ETF,135.64520918857542
2024-10-15,59.42478942871094,KBWB,Invesco KBW Bank ETF,136.06299240108305
2024-10-16,60.442726135253906,KBWB,Invesco KBW Bank ETF,138.393728709931
2024-10-17,60.50994873046875,KBWB,Invesco KBW Bank ETF,138.5476460826273
2024-10-18,60.31789016723633,KBWB,Invesco KBW Bank ETF,138.1078958861036
2024-10-21,59.271141052246094,KBWB,Invesco KBW Bank ETF,135.7111887501092
2024-10-22,59.6840705871582,KBWB,Invesco KBW Bank ETF,136.65665997030308
2024-10-23,59.86653518676758,KBWB,Invesco KBW Bank ETF,137.07444318281074
2024-10-24,60.23146057128906,KBWB,Invesco KBW Bank ETF,137.91000087343872
2024-10-25,59.43438720703125,KBWB,Invesco KBW Bank ETF,136.0849681194864
2024-10-28,60.71162414550781,KBWB,Invesco KBW Bank ETF,139.00941566949078
2024-10-29,60.49074935913086,KBWB,Invesco KBW Bank ETF,138.5036859114333
2024-10-30,60.70201873779297,KBWB,Invesco KBW Bank ETF,138.98742248231287
2024-10-31,60.04899215698242,KBWB,Invesco KBW Bank ETF,137.4922089265438
2024-11-01,59.86653518676758,KBWB,Invesco KBW Bank ETF,137.07444318281074
2024-11-04,59.29034423828125,KBWB,Invesco KBW Bank ETF,135.75515765569045
2024-11-05,60.116214752197266,KBWB,Invesco KBW Bank ETF,137.6461262992401
2024-11-06,66.52157592773438,KBWB,Invesco KBW Bank ETF,152.31227181413223
2024-11-07,64.7161636352539,KBWB,Invesco KBW Bank ETF,148.17847846973535
2024-11-08,65.01386260986328,KBWB,Invesco KBW Bank ETF,148.86011005327975
2024-11-11,66.55038452148438,KBWB,Invesco KBW Bank ETF,152.37823390689144
2024-11-12,66.14704895019531,KBWB,Invesco KBW Bank ETF,151.4547296707136
2024-11-13,66.13744354248047,KBWB,Invesco KBW Bank ETF,151.43273648353568
2024-11-14,65.95498657226562,KBWB,Invesco KBW Bank ETF,151.0149707398026
2024-11-15,66.5119857788086,KBWB,Invesco KBW Bank ETF,152.29031356450346
2024-11-18,66.49275970458984,KBWB,Invesco KBW Bank ETF,152.2462922525985
2024-11-19,65.8973617553711,KBWB,Invesco KBW Bank ETF,150.88302908550966
2024-11-20,65.74370574951172,KBWB,Invesco KBW Bank ETF,150.5312079657612
2024-11-21,66.7808609008789,KBWB,Invesco KBW Bank ETF,152.90594811773954
2024-11-22,67.80840301513672,KBWB,Invesco KBW Bank ETF,155.2586776137654
2024-11-25,68.49984741210938,KBWB,Invesco KBW Bank ETF,156.84185518385885
2024-11-26,68.27896118164062,KBWB,Invesco KBW Bank ETF,156.33609922263952
2024-11-27,68.23094177246094,KBWB,Invesco KBW Bank ETF,156.2261507555245
2024-11-29,68.21173858642578,KBWB,Invesco KBW Bank ETF,156.18218184994322
2024-12-02,67.42427825927734,KBWB,Invesco KBW Bank ETF,154.3791597519434
2024-12-03,66.98253631591797,KBWB,Invesco KBW Bank ETF,153.36771770460302
2024-12-04,66.598388671875,KBWB,Invesco KBW Bank ETF,152.48814743645733
2024-12-05,66.98253631591797,KBWB,Invesco KBW Bank ETF,153.36771770460302
2024-12-06,67.01134490966797,KBWB,Invesco KBW Bank ETF,153.4336797973622
2024-12-09,66.12783813476562,KBWB,Invesco KBW Bank ETF,151.41074329635777
2024-12-10,65.83013916015625,KBWB,Invesco KBW Bank ETF,150.72911171281334
2024-12-11,65.73410034179688,KBWB,Invesco KBW Bank ETF,150.50921477858327
2024-12-12,65.39799499511719,KBWB,Invesco KBW Bank ETF,149.7396453838763
2024-12-13,65.1195068359375,KBWB,Invesco KBW Bank ETF,149.10200017468776
2024-12-16,65.3787841796875,KBWB,Invesco KBW Bank ETF,149.69565900952048
2024-12-17,64.41846466064453,KBWB,Invesco KBW Bank ETF,147.49684688619092
2024-12-18,61.67194747924805,KBWB,Invesco KBW Bank ETF,141.20823652720762
2024-12-19,61.66233825683594,KBWB,Invesco KBW Bank ETF,141.18623460564243
2024-12-20,62.92995834350586,KBWB,Invesco KBW Bank ETF,144.08866276530702
2024-12-23,63.10377502441406,KBWB,Invesco KBW Bank ETF,144.4866451218447
2024-12-24,63.90525817871094,KBWB,Invesco KBW Bank ETF,146.32177482749586
2024-12-26,64.05973815917969,KBWB,Invesco KBW Bank ETF,146.67548257489736
2024-12-27,63.52865219116211,KBWB,Invesco KBW Bank ETF,145.4594724430081
2024-12-30,63.094120025634766,KBWB,Invesco KBW Bank ETF,144.4645383876321
2024-12-31,63.10377502441406,KBWB,Invesco KBW Bank ETF,144.4866451218447
2025-01-02,63.03618240356445,KBWB,Invesco KBW Bank ETF,144.33188051358198
2025-01-03,63.799034118652344,KBWB,Invesco KBW Bank ETF,146.0785570792209
2025-01-06,64.32047271728516,KBWB,Invesco KBW Bank ETF,147.2724779456721
2025-01-07,64.18528747558594,KBWB,Invesco KBW Bank ETF,146.96294872914666
2025-01-08,64.06939697265625,KBWB,Invesco KBW Bank ETF,146.69759804349724
2025-01-10,62.35059356689453,KBWB,Invesco KBW Bank ETF,142.7621102279675
2025-01-13,63.14240264892578,KBWB,Invesco KBW Bank ETF,144.57508952746966
2025-01-14,64.19493865966797,KBWB,Invesco KBW Bank ETF,146.98504672897195
2025-01-15,66.80213928222656,KBWB,Invesco KBW Bank ETF,152.9546685300026
2025-01-16,66.66694641113281,KBWB,Invesco KBW Bank ETF,152.6451218447026
2025-01-17,67.50704193115234,KBWB,Invesco KBW Bank ETF,154.56866101842957
2025-01-21,68.11538696289062,KBWB,Invesco KBW Bank ETF,155.96156869595598
2025-01-22,67.50704193115234,KBWB,Invesco KBW Bank ETF,154.56866101842957
2025-01-23,67.91260528564453,KBWB,Invesco KBW Bank ETF,155.4972661367805
2025-01-24,68.18297576904297,KBWB,Invesco KBW Bank ETF,156.11632456983142
2025-01-27,68.48233032226562,KBWB,Invesco KBW Bank ETF,156.80174687745654
2025-01-28,68.44369506835938,KBWB,Invesco KBW Bank ETF,156.71328500305702
2025-01-29,68.47267150878906,KBWB,Invesco KBW Bank ETF,156.77963140885666
2025-01-30,69.03273010253906,KBWB,Invesco KBW Bank ETF,158.06197921215826
2025-01-31,68.65613555908203,KBWB,Invesco KBW Bank ETF,157.19970303083238
2025-02-03,67.65188598632812,KBWB,Invesco KBW Bank ETF,154.9003057035549
2025-02-04,68.11538696289062,KBWB,Invesco KBW Bank ETF,155.96156869595598
2025-02-05,68.73338317871094,KBWB,Invesco KBW Bank ETF,157.3765743733077
2025-02-06,69.72798156738281,KBWB,Invesco KBW Bank ETF,159.6538737007599
2025-02-07,69.23551177978516,KBWB,Invesco KBW Bank ETF,158.52628177133374
2025-02-10,68.14436340332031,KBWB,Invesco KBW Bank ETF,156.0279151017556
2025-02-11,68.61751556396484,KBWB,Invesco KBW Bank ETF,157.111276093982
2025-02-12,68.03813171386719,KBWB,Invesco KBW Bank ETF,155.7846798847061
2025-02-13,68.17332458496094,KBWB,Invesco KBW Bank ETF,156.0942265700061
2025-02-14,68.94581604003906,KBWB,Invesco KBW Bank ETF,157.8629749323085
2025-02-18,69.67970275878906,KBWB,Invesco KBW Bank ETF,159.54333129530963
2025-02-19,69.48657989501953,KBWB,Invesco KBW Bank ETF,159.10114420473403
2025-02-20,67.8160400390625,KBWB,Invesco KBW Bank ETF,155.27616385710542
2025-02-21,66.57038879394531,KBWB,Invesco KBW Bank ETF,152.42403703380208
2025-02-24,66.2131118774414,KBWB,Invesco KBW Bank ETF,151.60599178967595
2025-02-25,65.54681396484375,KBWB,Invesco KBW Bank ETF,150.08039130055027
2025-02-26,65.85581970214844,KBWB,Invesco KBW Bank ETF,150.7879116080007
2025-02-27,65.84616088867188,KBWB,Invesco KBW Bank ETF,150.76579613940083
2025-02-28,67.20769500732422,KBWB,Invesco KBW Bank ETF,153.883256179579
2025-03-03,66.00065612792969,KBWB,Invesco KBW Bank ETF,151.11953882435148
2025-03-04,62.997562408447266,KBWB,Invesco KBW Bank ETF,144.24345357673158
2025-03-05,63.152061462402344,KBWB,Invesco KBW Bank ETF,144.59720499606954
2025-03-06,61.684303283691406,KBWB,Invesco KBW Bank ETF,141.23652720761638
2025-03-07,61.375308990478516,KBWB,Invesco KBW Bank ETF,140.5290331033278
2025-03-10,58.77776336669922,KBWB,Invesco KBW Bank ETF,134.58151803650975
2025-03-11,58.265987396240234,KBWB,Invesco KBW Bank ETF,133.40972137304567
2025-03-12,58.826045989990234,KBWB,Invesco KBW Bank ETF,134.69206917634727
2025-03-13,57.98594665527344,KBWB,Invesco KBW Bank ETF,132.76852126823303
2025-03-14,59.71442794799805,KBWB,Invesco KBW Bank ETF,136.72616822429907
2025-03-17,60.16827392578125,KBWB,Invesco KBW Bank ETF,137.76532448248756
2025-03-18,60.23586654663086,KBWB,Invesco KBW Bank ETF,137.92008909075028
2025-03-19,61.15321350097656,KBWB,Invesco KBW Bank ETF,140.02050834133985
2025-03-20,61.27873992919922,KBWB,Invesco KBW Bank ETF,140.30792208926545
2025-03-21,61.3366813659668,KBWB,Invesco KBW Bank ETF,140.44058869770285
2025-03-24,62.85483169555664,KBWB,Invesco KBW Bank ETF,143.91664774216088
2025-03-25,63.12696838378906,KBWB,Invesco KBW Bank ETF,144.53975019652373
2025-03-26,62.602134704589844,KBWB,Invesco KBW Bank ETF,143.33805572539086
2025-03-27,61.717674255371094,KBWB,Invesco KBW Bank ETF,141.31293562756574
2025-03-28,60.211181640625,KBWB,Invesco KBW Bank ETF,137.86356887064372
2025-03-31,61.0081672668457,KBWB,Invesco KBW Bank ETF,139.68840073368852
2025-04-01,60.60967254638672,KBWB,Invesco KBW Bank ETF,138.7759804349725
2025-04-02,61.6690788269043,KBWB,Invesco KBW Bank ETF,141.201668267971
2025-04-03,55.62366485595703,KBWB,Invesco KBW Bank ETF,127.3596820683029
2025-04-04,51.99835205078125,KBWB,Invesco KBW Bank ETF,119.05892217660931
2025-04-07,52.50376510620117,KBWB,Invesco KBW Bank ETF,120.21614988208577
2025-04-08,51.99835205078125,KBWB,Invesco KBW Bank ETF,119.05892217660931
2025-04-09,56.60531234741211,KBWB,Invesco KBW Bank ETF,129.60732815093021
2025-04-10,53.835304260253906,KBWB,Invesco KBW Bank ETF,123.26493143505984
2025-04-11,54.1366081237793,KBWB,Invesco KBW Bank ETF,123.95481701458642
2025-04-14,54.88499450683594,KBWB,Invesco KBW Bank ETF,125.66837278364923
2025-04-15,55.516746520996094,KBWB,Invesco KBW Bank ETF,127.11487466154249
2025-04-16,54.62257385253906,KBWB,Invesco KBW Bank ETF,125.06751681369552
2025-04-17,55.16685104370117,KBWB,Invesco KBW Bank ETF,126.31373045680846
2025-04-21,54.292118072509766,KBWB,Invesco KBW Bank ETF,124.31088304655428
2025-04-22,56.05131530761719,KBWB,Invesco KBW Bank ETF,128.3388592890209
2025-04-23,57.188472747802734,KBWB,Invesco KBW Bank ETF,130.94257140361603
2025-04-24,58.5686149597168,KBWB,Invesco KBW Bank ETF,134.1026377849594
2025-04-25,58.35478973388672,KBWB,Invesco KBW Bank ETF,133.6130491746004
2025-04-28,58.588050842285156,KBWB,Invesco KBW Bank ETF,134.1471394881649
2025-04-29,59.05458068847656,KBWB,Invesco KBW Bank ETF,135.21533758406846
2025-04-30,58.840755462646484,KBWB,Invesco KBW Bank ETF,134.7257489737095
2025-05-01,59.27812576293945,KBWB,Invesco KBW Bank ETF,135.72718141322386
2025-05-02,60.89152908325195,KBWB,Invesco KBW Bank ETF,139.42133810813172
2025-05-05,60.8040657043457,KBWB,Invesco KBW Bank ETF,139.22107607651324
2025-05-06,60.17230224609375,KBWB,Invesco KBW Bank ETF,137.7745479954581
2025-05-07,60.37641143798828,KBWB,Invesco KBW Bank ETF,138.24189012140798
2025-05-08,61.56216812133789,KBWB,Invesco KBW Bank ETF,140.95687832998516
2025-05-09,61.484413146972656,KBWB,Invesco KBW Bank ETF,140.77884531400122
2025-05-12,64.18638610839844,KBWB,Invesco KBW Bank ETF,146.96546423268407
2025-05-13,64.97364807128906,KBWB,Invesco KBW Bank ETF,148.7680321425452
2025-05-14,65.0999984741211,KBWB,Invesco KBW Bank ETF,149.05733251812384
2025-05-15,65.33325958251953,KBWB,Invesco KBW Bank ETF,149.59142283168836
2025-05-16,65.53736114501953,KBWB,Invesco KBW Bank ETF,150.05874748886365
2025-05-19,65.3041000366211,KBWB,Invesco KBW Bank ETF,149.52465717529915
2025-05-20,64.8278579711914,KBWB,Invesco KBW Bank ETF,148.43422132937374
2025-05-21,62.76736068725586,KBWB,Invesco KBW Bank ETF,143.71636824176784
2025-05-22,63.058937072753906,KBWB,Invesco KBW Bank ETF,144.38398113372347
2025-05-23,62.83539962768555,KBWB,Invesco KBW Bank ETF,143.87215477334266
2025-05-27,64.29329681396484,KBWB,Invesco KBW Bank ETF,147.21025417066994
2025-05-28,63.65182113647461,KBWB,Invesco KBW Bank ETF,145.741488339593
2025-05-29,64.05030822753906,KBWB,Invesco KBW Bank ETF,146.65389116953446
2025-05-30,63.76845169067383,KBWB,Invesco KBW Bank ETF,146.00853349637524
2025-06-02,63.729583740234375,KBWB,Invesco KBW Bank ETF,145.91953882435146
2025-06-03,64.49740600585938,KBWB,Invesco KBW Bank ETF,147.67759629661978
2025-06-04,63.943397521972656,KBWB,Invesco KBW Bank ETF,146.40910123154862
2025-06-05,64.0600357055664,KBWB,Invesco KBW Bank ETF,146.67616385710542
2025-06-06,65.43045043945312,KBWB,Invesco KBW Bank ETF,149.8139575508778
2025-06-09,65.47904968261719,KBWB,Invesco KBW Bank ETF,149.92523364485982
2025-06-10,65.74147033691406,KBWB,Invesco KBW Bank ETF,150.52608961481351
2025-06-11,65.31382751464844,KBWB,Invesco KBW Bank ETF,149.54692986287012
2025-06-12,65.08055877685547,KBWB,Invesco KBW Bank ETF,149.01282208053104
2025-06-13,63.739295959472656,KBWB,Invesco KBW Bank ETF,145.9417765743733
2025-06-16,64.6626205444336,KBWB,Invesco KBW Bank ETF,148.05588260983492
2025-06-17,64.12806701660156,KBWB,Invesco KBW Bank ETF,146.83193291990568
2025-06-18,65.33325958251953,KBWB,Invesco KBW Bank ETF,149.59142283168836
2025-06-20,65.8678207397461,KBWB,Invesco KBW Bank ETF,150.81538999039216
2025-06-23,66.99235534667969,KBWB,Invesco KBW Bank ETF,153.39020001746877
2025-06-24,67.81373596191406,KBWB,Invesco KBW Bank ETF,155.27088828718666
2025-06-25,68.34178161621094,KBWB,Invesco KBW Bank ETF,156.47993711241156
2025-06-26,69.4565200805664,KBWB,Invesco KBW Bank ETF,159.0323172329461
2025-06-27,69.5445327758789,KBWB,Invesco KBW Bank ETF,159.2338370163333
2025-06-30,70.03346252441406,KBWB,Invesco KBW Bank ETF,160.35332343436107
2025-07-01,71.14820098876953,KBWB,Invesco KBW Bank ETF,162.90570355489564
2025-07-02,72.23361206054688,KBWB,Invesco KBW Bank ETF,165.3909337060005
2025-07-03,72.89855194091797,KBWB,Invesco KBW Bank ETF,166.91342475325357
2025-07-07,72.31182861328125,KBWB,Invesco KBW Bank ETF,165.57002358284566
2025-07-08,71.66646575927734,KBWB,Invesco KBW Bank ETF,164.0923574111276
2025-07-09,71.56868743896484,KBWB,Invesco KBW Bank ETF,163.86847759629663
2025-07-10,72.28250122070312,KBWB,Invesco KBW Bank ETF,165.50287361341603
2025-07-11,71.9011459350586,KBWB,Invesco KBW Bank ETF,164.62969691676128
2025-07-14,72.34117889404297,KBWB,Invesco KBW Bank ETF,165.637225958599
2025-07-15,70.59083557128906,KBWB,Invesco KBW Bank ETF,161.62952222901563
2025-07-16,70.79617309570312,KBWB,Invesco KBW Bank ETF,162.09967682767055
2025-07-17,71.7740249633789,KBWB,Invesco KBW Bank ETF,164.33863219495151
2025-07-18,72.1456069946289,KBWB,Invesco KBW Bank ETF,165.1894313913879
2025-07-21,71.94026184082031,KBWB,Invesco KBW Bank ETF,164.71925932395843
2025-07-22,72.39006042480469,KBWB,Invesco KBW Bank ETF,165.74914839723994
2025-07-23,73.0745620727539,KBWB,Invesco KBW Bank ETF,167.31642938247882
2025-07-24,72.89855194091797,KBWB,Invesco KBW Bank ETF,166.91342475325357
2025-07-25,73.3581314086914,KBWB,Invesco KBW Bank ETF,167.965708795528
2025-07-28,72.96700286865234,KBWB,Invesco KBW Bank ETF,167.0701545986549
2025-07-29,72.99633026123047,KBWB,Invesco KBW Bank ETF,167.13730456808455
2025-07-30,72.79098510742188,KBWB,Invesco KBW Bank ETF,166.66713250065507
2025-07-31,71.89136505126953,KBWB,Invesco KBW Bank ETF,164.60730194776838
2025-08-01,70.18991088867188,KBWB,Invesco KBW Bank ETF,160.7115381256005
2025-08-04,71.08952331542969,KBWB,Invesco KBW Bank ETF,162.77135120971263
2025-08-05,70.8744125366211,KBWB,Invesco KBW Bank ETF,162.27881911083938
2025-08-06,70.73750305175781,KBWB,Invesco KBW Bank ETF,161.96534195126213
2025-08-07,70.16057586669922,KBWB,Invesco KBW Bank ETF,160.64437068739628
2025-08-08,71.01130676269531,KBWB,Invesco KBW Bank ETF,162.5922613328675
2025-08-11,70.78639221191406,KBWB,Invesco KBW Bank ETF,162.07728185867762
2025-08-12,72.53675079345703,KBWB,Invesco KBW Bank ETF,166.0850205258101
2025-08-13,72.7225341796875,KBWB,Invesco KBW Bank ETF,166.51040265525373
2025-08-14,73.37770080566406,KBWB,Invesco KBW Bank ETF,168.01051620228841
2025-08-15,71.9598159790039,KBWB,Invesco KBW Bank ETF,164.76403179316972
2025-08-18,72.34117889404297,KBWB,Invesco KBW Bank ETF,165.637225958599
2025-08-19,72.1456069946289,KBWB,Invesco KBW Bank ETF,165.1894313913879
2025-08-20,72.4291763305664,KBWB,Invesco KBW Bank ETF,165.83871080443706
2025-08-21,72.15538024902344,KBWB,Invesco KBW Bank ETF,165.21180889160627
2025-08-22,74.51199340820312,KBWB,Invesco KBW Bank ETF,170.60766879203425
2025-08-25,74.36531829833984,KBWB,Invesco KBW Bank ETF,170.2718316010132
2025-08-26,75.31382751464844,KBWB,Invesco KBW Bank ETF,172.4436020613154
2025-08-27,75.75386047363281,KBWB,Invesco KBW Bank ETF,173.4511311031531
2025-08-28,75.84186553955078,KBWB,Invesco KBW Bank ETF,173.65263341776574
2025-08-29,75.94943237304688,KBWB,Invesco KBW Bank ETF,173.89892567036424
2025-09-02,75.16716003417969,KBWB,Invesco KBW Bank ETF,172.1077823390689
2025-09-03,75.01069641113281,KBWB,Invesco KBW Bank ETF,171.74953271028036
2025-09-04,76.12544250488281,KBWB,Invesco KBW Bank ETF,174.3019302995895
2025-09-05,74.85424041748047,KBWB,Invesco KBW Bank ETF,171.3913005502664
2025-09-08,74.80534362792969,KBWB,Invesco KBW Bank ETF,171.27934317407633
2025-09-09,75.47029113769531,KBWB,Invesco KBW Bank ETF,172.80185169010394
2025-09-10,75.56806945800781,KBWB,Invesco KBW Bank ETF,173.02573150493492
2025-09-11,76.29167938232422,KBWB,Invesco KBW Bank ETF,174.6825574285964
2025-09-12,76.33079528808594,KBWB,Invesco KBW Bank ETF,174.77211983579352
2025-09-15,76.28190612792969,KBWB,Invesco KBW Bank ETF,174.66017992837803
2025-09-16,75.87120819091797,KBWB,Invesco KBW Bank ETF,173.71981832474452
2025-09-17,76.8783950805664,KBWB,Invesco KBW Bank ETF,176.0259411302297
2025-09-18,77.93445587158203,KBWB,Invesco KBW Bank ETF,178.44396890558127
2025-09-19,77.97358703613281,KBWB,Invesco KBW Bank ETF,178.53356625032754
2025-09-22,77.4051513671875,KBWB,Invesco KBW Bank ETF,177.23203773255307
2025-09-23,77.32648468017578,KBWB,Invesco KBW Bank ETF,177.05191719800857
2025-09-24,77.001953125,KBWB,Invesco KBW Bank ETF,176.3088479343174
2025-09-25,77.14946746826172,KBWB,Invesco KBW Bank ETF,176.64660669054066
2025-09-26,77.7198486328125,KBWB,Invesco KBW Bank ETF,177.95258974582933
2025-09-29,77.67069244384766,KBWB,Invesco KBW Bank ETF,177.84003843130404
2025-09-30,76.91344451904297,KBWB,Invesco KBW Bank ETF,176.10619268058346
2025-10-01,75.8316879272461,KBWB,Invesco KBW Bank ETF,173.6293300724954
2025-10-02,75.635009765625,KBWB,Invesco KBW Bank ETF,173.1790025329723
2025-10-03,76.11688232421875,KBWB,Invesco KBW Bank ETF,174.28233033452705
2025-10-06,76.04803466796875,KBWB,Invesco KBW Bank ETF,174.1246921128483
2025-10-07,75.7235107421875,KBWB,Invesco KBW Bank ETF,173.3816403179317
2025-10-08,74.83842468261719,KBWB,Invesco KBW Bank ETF,171.35508778059219
2025-10-09,74.89743041992188,KBWB,Invesco KBW Bank ETF,171.4901912830815
2025-10-10,72.3307113647461,KBWB,Invesco KBW Bank ETF,165.6132587998952
2025-10-13,73.72716522216797,KBWB,Invesco KBW Bank ETF,168.8106734212595
2025-10-14,75.0941162109375,KBWB,Invesco KBW Bank ETF,171.94053629137915
2025-10-15,75.37931060791016,KBWB,Invesco KBW Bank ETF,172.5935365534108
2025-10-16,72.63555908203125,KBWB,Invesco KBW Bank ETF,166.31125862520744
2025-10-17,73.00926208496094,KBWB,Invesco KBW Bank ETF,167.166914140973
2025-10-20,74.61223602294922,KBWB,Invesco KBW Bank ETF,170.83719102104988
2025-10-21,74.34671783447266,KBWB,Invesco KBW Bank ETF,170.22924272862258
2025-10-22,73.84516906738281,KBWB,Invesco KBW Bank ETF,169.08086295746352
2025-10-23,74.13035583496094,KBWB,Invesco KBW Bank ETF,169.73384575072058
2025-10-24,75.66450500488281,KBWB,Invesco KBW Bank ETF,173.2465368154424
2025-10-27,75.8513412475586,KBWB,Invesco KBW Bank ETF,173.67432963577605
2025-10-28,75.69400787353516,KBWB,Invesco KBW Bank ETF,173.31408856668705
2025-10-29,74.97610473632812,KBWB,Invesco KBW Bank ETF,171.67032928640057
2025-10-30,75.38914489746094,KBWB,Invesco KBW Bank ETF,172.61605380382565
2025-10-31,75.7235107421875,KBWB,Invesco KBW Bank ETF,173.3816403179317
2025-11-03,75.66450500488281,KBWB,Invesco KBW Bank ETF,173.2465368154424
2025-11-04,75.56614685058594,KBWB,Invesco KBW Bank ETF,173.02132937374444
2025-11-05,75.87102508544922,KBWB,Invesco KBW Bank ETF,173.71939907415495
2025-11-06,75.74317169189453,KBWB,Invesco KBW Bank ETF,173.4266573499869
2025-11-07,76.2348861694336,KBWB,Invesco KBW Bank ETF,174.55251987073106
2025-11-10,76.8642807006836,KBWB,Invesco KBW Bank ETF,175.9936238972836
2025-11-11,77.02162170410156,KBWB,Invesco KBW Bank ETF,176.35388243514717
2025-11-12,77.90670776367188,KBWB,Invesco KBW Bank ETF,178.38043497248668
2025-11-13,76.21521759033203,KBWB,Invesco KBW Bank ETF,174.5074853699013
2025-11-14,75.7235107421875,KBWB,Invesco KBW Bank ETF,173.3816403179317
2025-11-17,73.71732330322266,KBWB,Invesco KBW Bank ETF,168.78813870207006
2025-11-18,73.98284912109375,KBWB,Invesco KBW Bank ETF,169.3961044632719
2025-11-19,74.70074462890625,KBWB,Invesco KBW Bank ETF,171.03984627478383
2025-11-20,73.87467193603516,KBWB,Invesco KBW Bank ETF,169.14841470870817
2025-11-21,74.96627044677734,KBWB,Invesco KBW Bank ETF,171.64781203598568
2025-11-24,75.6054916381836,KBWB,Invesco KBW Bank ETF,173.11141584417854
2025-11-25,76.91344451904297,KBWB,Invesco KBW Bank ETF,176.10619268058346
2025-11-26,77.4936752319336,KBWB,Invesco KBW Bank ETF,177.43472792383614
2025-11-28,78.00504302978516,KBWB,Invesco KBW Bank ETF,178.60559000786094
2025-12-01,77.8968734741211,KBWB,Invesco KBW Bank ETF,178.3579177220718
2025-12-02,78.04438018798828,KBWB,Invesco KBW Bank ETF,178.69565900952048
2025-12-03,79.86371612548828,KBWB,Invesco KBW Bank ETF,182.86133286749936
2025-12-04,80.4144287109375,KBWB,Invesco KBW Bank ETF,184.12228142195826
2025-12-05,80.6209487915039,KBWB,Invesco KBW Bank ETF,184.5951436806708
2025-12-08,80.83729553222656,KBWB,Invesco KBW Bank ETF,185.09050572102367
2025-12-09,80.886474609375,KBWB,Invesco KBW Bank ETF,185.20310944187264
2025-12-10,82.97132873535156,KBWB,Invesco KBW Bank ETF,189.9767315922788
2025-12-11,83.97441864013672,KBWB,Invesco KBW Bank ETF,192.27347366582234
2025-12-12,83.51220703125,KBWB,Invesco KBW Bank ETF,191.21516289632282
2025-12-15,83.63021850585938,KBWB,Invesco KBW Bank ETF,191.48536990130142
2025-12-16,83.02050018310547,KBWB,Invesco KBW Bank ETF,190.08931784435322
2025-12-17,83.01067352294922,KBWB,Invesco KBW Bank ETF,190.0668180627129
2025-12-18,82.91231536865234,KBWB,Invesco KBW Bank ETF,189.84161062101492
2025-12-19,83.85640716552734,KBWB,Invesco KBW Bank ETF,192.00326666084374
2025-12-22,84.86870574951172,KBWB,Invesco KBW Bank ETF,194.3210935452878
2025-12-23,84.79950714111328,KBWB,Invesco KBW Bank ETF,194.16265175997904
2025-12-24,85.41242218017578,KBWB,Invesco KBW Bank ETF,195.56602323347016
2025-12-26,85.38276672363281,KBWB,Invesco KBW Bank ETF,195.4981221067342
2025-12-29,84.4238510131836,KBWB,Invesco KBW Bank ETF,193.3025242379247
2025-12-30,83.939453125,KBWB,Invesco KBW Bank ETF,192.19341427198881
2025-12-31,83.3265380859375,KBWB,Invesco KBW Bank ETF,190.7900427984977
2026-01-02,84.77973175048828,KBWB,Invesco KBW Bank ETF,194.11737269630535
2026-01-05,86.84584045410156,KBWB,Invesco KBW Bank ETF,198.84807406760416
2026-01-06,87.6169204711914,KBWB,Invesco KBW Bank ETF,200.61359070661194
2026-01-07,86.26258850097656,KBWB,Invesco KBW Bank ETF,197.51262118962356
2026-01-08,86.934814453125,KBWB,Invesco KBW Bank ETF,199.0517949165866
2026-01-09,86.60858917236328,KBWB,Invesco KBW Bank ETF,198.3048475849419
2026-01-12,85.80784606933594,KBWB,Invesco KBW Bank ETF,196.4714123504236
2026-01-13,84.68087768554688,KBWB,Invesco KBW Bank ETF,193.89102978426064
2026-01-14,84.14704895019531,KBWB,Invesco KBW Bank ETF,192.6687396279151
2026-01-15,85.50138854980469,KBWB,Invesco KBW Bank ETF,195.76972661367805
2026-01-16,85.15538787841797,KBWB,Invesco KBW Bank ETF,194.9775002183597
2026-01-20,83.73184967041016,KBWB,Invesco KBW Bank ETF,191.71807144728797
2026-01-21,85.24436950683594,KBWB,Invesco KBW Bank ETF,195.1812385361167
2026-01-22,85.30367279052734,KBWB,Invesco KBW Bank ETF,195.31702332081406
2026-01-23,83.4451675415039,KBWB,Invesco KBW Bank ETF,191.0616647742161
2026-01-26,84.15693664550781,KBWB,Invesco KBW Bank ETF,192.69137915975193
2026-01-27,84.5128173828125,KBWB,Invesco KBW Bank ETF,193.50622761813258
2026-01-28,84.11739349365234,KBWB,Invesco KBW Bank ETF,192.60083850117914
2026-01-29,85.2344741821289,KBWB,Invesco KBW Bank ETF,195.15858153550528
2026-01-30,85.21470642089844,KBWB,Invesco KBW Bank ETF,195.11331994060617
2026-02-02,86.63824462890625,KBWB,Invesco KBW Bank ETF,198.37274871167787
2026-02-03,87.34012603759766,KBWB,Invesco KBW Bank ETF,199.97982356537688
2026-02-04,88.08155822753906,KBWB,Invesco KBW Bank ETF,201.67745654642326
2026-02-05,87.12264251708984,KBWB,Invesco KBW Bank ETF,199.48185867761376
2026-02-06,89.56440734863281,KBWB,Invesco KBW Bank ETF,205.0726875709669
2026-02-09,89.66326141357422,KBWB,Invesco KBW Bank ETF,205.29903048301162
2026-02-10,88.763671875,KBWB,Invesco KBW Bank ETF,203.23926980522316
2026-02-11,87.16218566894531,KBWB,Invesco KBW Bank ETF,199.57239933618658
2026-02-12,84.36453247070312,KBWB,Invesco KBW Bank ETF,193.16670451567822
2026-02-13,84.63145446777344,KBWB,Invesco KBW Bank ETF,193.77786706262555
2026-02-17,85.20481872558594,KBWB,Invesco KBW Bank ETF,195.09068040876932
2026-02-18,86.29224395751953,KBWB,Invesco KBW Bank ETF,197.58052231635952
2026-02-19,85.25424194335938,KBWB,Invesco KBW Bank ETF,195.2038431304044
2026-02-20,86.08464813232422,KBWB,Invesco KBW Bank ETF,197.10519696043323
2026-02-23,82.29842376708984,KBWB,Invesco KBW Bank ETF,188.4360031443794
2026-02-24,82.15013122558594,KBWB,Invesco KBW Bank ETF,188.0964625731505
2026-02-25,84.13716125488281,KBWB,Invesco KBW Bank ETF,192.64610009607827
2026-02-26,85.08618927001953,KBWB,Invesco KBW Bank ETF,194.8190584330509
2026-02-27,80.92430877685547,KBWB,Invesco KBW Bank ETF,185.28973709494278
2026-03-02,81.48780059814453,KBWB,Invesco KBW Bank ETF,186.57994584679884
2026-03-03,81.00340270996094,KBWB,Invesco KBW Bank ETF,185.47083588086295
2026-03-04,81.50756072998047,KBWB,Invesco KBW Bank ETF,186.6251899729234
2026-03-05,80.13345336914062,KBWB,Invesco KBW Bank ETF,183.47894139226133
2026-03-06,78.18597412109375,KBWB,Invesco KBW Bank ETF,179.01986199668093
2026-03-09,77.9882583618164,KBWB,Invesco KBW Bank ETF,178.56715870381692
2026-03-10,77.9783706665039,KBWB,Invesco KBW Bank ETF,178.54451917198008
2026-03-11,77.44454193115234,KBWB,Invesco KBW Bank ETF,177.32222901563455
2026-03-12,75.50694274902344,KBWB,Invesco KBW Bank ETF,172.88577168311642
2026-03-13,74.9731216430664,KBWB,Invesco KBW Bank ETF,171.66349899554547
2026-03-16,75.54649353027344,KBWB,Invesco KBW Bank ETF,172.9763298104638
2026-03-17,76.1495132446289,KBWB,Invesco KBW Bank ETF,174.35704428334353
2026-03-18,75.69477844238281,KBWB,Invesco KBW Bank ETF,173.31585291291816
2026-03-19,75.89248657226562,KBWB,Invesco KBW Bank ETF,173.7685387370076
2026-03-20,76.1989517211914,KBWB,Invesco KBW Bank ETF,174.47024194252774
2026-03-23,77.28337860107422,KBWB,Invesco KBW Bank ETF,176.9532186217137
2026-03-24,78.20863342285156,KBWB,Invesco KBW Bank ETF,179.07174425714035
2026-03-25,78.59664154052734,KBWB,Invesco KBW Bank ETF,179.96015372521617
2026-03-26,77.67138671875,KBWB,Invesco KBW Bank ETF,177.8416280897895
2026-03-27,75.82088470458984,KBWB,Invesco KBW Bank ETF,173.6045942877107
2026-03-30,76.00991821289062,KBWB,Invesco KBW Bank ETF,174.03741811511924
2026-03-31,78.71603393554688,KBWB,Invesco KBW Bank ETF,180.23352257839113
2026-04-01,79.73081970214844,KBWB,Invesco KBW Bank ETF,182.55704428334352
2026-04-02,79.88005828857422,KBWB,Invesco KBW Bank ETF,182.89875098261857
2026-04-06,80.65607452392578,KBWB,Invesco KBW Bank ETF,184.6755699187702
2026-04-07,80.85504913330078,KBWB,Invesco KBW Bank ETF,185.1311555594375
2026-04-08,83.88948059082031,KBWB,Invesco KBW Bank ETF,192.07899379858503
2026-04-09,84.99381256103516,KBWB,Invesco KBW Bank ETF,194.60754651061228
2026-04-10,84.4167709350586,KBWB,Invesco KBW Bank ETF,193.28631321512796
2026-04-13,85.32212829589844,KBWB,Invesco KBW Bank ETF,195.35928028648792
2026-04-14,85.25248718261719,KBWB,Invesco KBW Bank ETF,195.19982531225435
2026-04-15,85.62059020996094,KBWB,Invesco KBW Bank ETF,196.04265874748887
2026-04-16,85.22264099121094,KBWB,Invesco KBW Bank ETF,195.13148746615425
2026-04-17,86.44635772705078,KBWB,Invesco KBW Bank ETF,197.93339156258187
2026-04-20,87.3318099975586,KBWB,Invesco KBW Bank ETF,199.96078260110053
2026-04-21,87.20247650146484,KBWB,Invesco KBW Bank ETF,199.66465193466678
2026-04-22,86.74482727050781,KBWB,Invesco KBW Bank ETF,198.61678749235742
2026-04-23,86.52594757080078,KBWB,Invesco KBW Bank ETF,198.1156258188488
2026-04-24,85.34202575683594,KBWB,Invesco KBW Bank ETF,195.40483885055463
2026-04-27,86.52594757080078,KBWB,Invesco KBW Bank ETF,198.1156258188488
2026-04-28,86.42646026611328,KBWB,Invesco KBW Bank ETF,197.88783299851517
2026-04-29,85.59074401855469,KBWB,Invesco KBW Bank ETF,195.97432090138878
2026-04-30,86.88410949707031,KBWB,Invesco KBW Bank ETF,198.93569744082453
2026-05-01,86.35681915283203,KBWB,Invesco KBW Bank ETF,197.7283780242816
2026-05-04,84.89432525634766,KBWB,Invesco KBW Bank ETF,194.37975369027862
2026-05-05,85.77977752685547,KBWB,Invesco KBW Bank ETF,196.40714472879728
2026-05-06,86.8542709350586,KBWB,Invesco KBW Bank ETF,198.867377063499
2026-05-07,85.42161560058594,KBWB,Invesco KBW Bank ETF,195.58707310682155
2026-05-08,84.80477905273438,KBWB,Invesco KBW Bank ETF,194.17472268320378
2026-05-11,83.80988311767578,KBWB,Invesco KBW Bank ETF,191.89674207354355
2026-05-12,84.2376937866211,KBWB,Invesco KBW Bank ETF,192.87628613852738
2026-05-13,83.13335418701172,KBWB,Invesco KBW Bank ETF,190.34771595772557
2026-05-14,83.90937042236328,KBWB,Invesco KBW Bank ETF,192.12453489387718
2026-05-15,83.2825927734375,KBWB,Invesco KBW Bank ETF,190.68942265700062
2026-05-18,83.86958312988281,KBWB,Invesco KBW Bank ETF,192.0334352345183
2026-05-19,83.16320037841797,KBWB,Invesco KBW Bank ETF,190.41605380382566
2026-05-20,85.22264099121094,KBWB,Invesco KBW Bank ETF,195.13148746615425
2026-05-21,85.66039276123047,KBWB,Invesco KBW Bank ETF,196.13379334439688
2026-05-22,86.08819580078125,KBWB,Invesco KBW Bank ETF,197.11331994060617
2026-05-26,86.82441711425781,KBWB,Invesco KBW Bank ETF,198.79902174862434
2026-05-27,86.137939453125,KBWB,Invesco KBW Bank ETF,197.227216350773
2026-05-28,86.04840087890625,KBWB,Invesco KBW Bank ETF,197.0222028124727
2026-05-29,86.69508361816406,KBWB,Invesco KBW Bank ETF,198.5028910821906
2026-06-01,86.43640899658203,KBWB,Invesco KBW Bank ETF,197.91061228054852
2026-06-02,87.9386978149414,KBWB,Invesco KBW Bank ETF,201.35035374268494
2026-06-03,86.71498107910156,KBWB,Invesco KBW Bank ETF,198.54844964625732
2026-06-04,89.87873840332031,KBWB,Invesco KBW Bank ETF,205.79240108306402
2026-06-05,89.10272216796875,KBWB,Invesco KBW Bank ETF,204.0155821469124
2026-06-08,88.98333740234375,KBWB,Invesco KBW Bank ETF,203.742230762512
2026-06-09,89.72950744628906,KBWB,Invesco KBW Bank ETF,205.45071185256353
2026-06-10,88.893798828125,KBWB,Invesco KBW Bank ETF,203.53721722421173
2026-06-11,90.58512115478516,KBWB,Invesco KBW Bank ETF,207.40978251375665
2026-06-12,92.12720489501953,KBWB,Invesco KBW Bank ETF,210.94064110402655
2026-06-15,91.59990692138672,KBWB,Invesco KBW Bank ETF,209.73330421870907
2026-06-16,93.07235717773438,KBWB,Invesco KBW Bank ETF,213.10472530351996
2026-06-17,92.75399017333984,KBWB,Invesco KBW Bank ETF,212.3757708096777
2026-06-18,92.16699981689453,KBWB,Invesco KBW Bank ETF,211.03175823216
2026-06-22,93.4800033569336,KBWB,Invesco KBW Bank ETF,214.03809939732727
2026-06-23,94.12000274658203,KBWB,Invesco KBW Bank ETF,215.5034850205258
2026-06-24,93.7300033569336,KBWB,Invesco KBW Bank ETF,214.6105162022884
2026-06-25,94.69000244140625,KBWB,Invesco KBW Bank ETF,216.8085946370862
2026-06-26,93.45999908447266,KBWB,Invesco KBW Bank ETF,213.99229627041663
2026-06-29,93.68000030517578,KBWB,Invesco KBW Bank ETF,214.49602585378636
2026-06-30,92.9800033569336,KBWB,Invesco KBW Bank ETF,212.893265787405
2026-07-01,94.70999908447266,KBWB,Invesco KBW Bank ETF,216.85438029522228
2026-07-02,94.44000244140625,KBWB,Invesco KBW Bank ETF,216.23617783212507
2026-07-06,96.25,KBWB,Invesco KBW Bank ETF,220.3804699100358
2026-07-07,96.16000366210938,KBWB,Invesco KBW Bank ETF,220.1744082452616
2026-07-08,93.7699966430664,KBWB,Invesco KBW Bank ETF,214.70208751856057
2026-07-09,95.56999969482422,KBWB,Invesco KBW Bank ETF,218.82349550179055
2026-07-10,96.05000305175781,KBWB,Invesco KBW Bank ETF,219.92254345357674
2026-07-13,95.95999908447266,KBWB,Invesco KBW Bank ETF,219.71646432002794
2026-07-14,96.95999908447266,KBWB,Invesco KBW Bank ETF,222.00613153987248
2026-07-15,98.44000244140625,KBWB,Invesco KBW Bank ETF,225.3948467115032
2026-07-16,98.37000274658203,KBWB,Invesco KBW Bank ETF,225.23457070486506
2026-07-17,96.91999816894531,KBWB,Invesco KBW Bank ETF,221.91454275482576
2026-07-20,95.94999694824219,KBWB,Invesco KBW Bank ETF,219.69356275657262
2026-07-21,96.86000061035156,KBWB,Invesco KBW Bank ETF,221.77716831164292
2026-07-22,97.12000274658203,KBWB,Invesco KBW Bank ETF,222.37248668005938
2026-07-23,96.19000244140625,KBWB,Invesco KBW Bank ETF,220.243095466853
2026-07-24,96.62000274658203,KBWB,Invesco KBW Bank ETF,221.22765307013714
2026-07-27,96.56999969482422,KBWB,Invesco KBW Bank ETF,221.11316272163506
2026-07-28,96.9800033569336,KBWB,Invesco KBW Bank ETF,222.05193466678313
2026-07-29,94.43000030517578,KBWB,Invesco KBW Bank ETF,216.21327626866974
2018-01-02,150.0572509765625,QQQ,Invesco QQQ (Nasdaq-100 growth),100.0
2018-01-03,151.5153045654297,QQQ,Invesco QQQ (Nasdaq-100 growth),100.97166486749443
2018-01-04,151.7803955078125,QQQ,Invesco QQQ (Nasdaq-100 growth),101.14832473608298
2018-01-05,153.30467224121094,QQQ,Invesco QQQ (Nasdaq-100 growth),102.16412152262849
2018-01-08,153.90127563476562,QQQ,Invesco QQQ (Nasdaq-100 growth),102.56170537124096
2018-01-09,153.9107208251953,QQQ,Invesco QQQ (Nasdaq-100 growth),102.56799976246046
2018-01-10,153.5509033203125,QQQ,Invesco QQQ (Nasdaq-100 growth),102.32821294606795
2018-01-11,154.60183715820312,QQQ,Invesco QQQ (Nasdaq-100 growth),103.02856819784766
2018-01-12,155.73800659179688,QQQ,Invesco QQQ (Nasdaq-100 growth),103.785725500277
2018-01-16,155.29298400878906,QQQ,Invesco QQQ (Nasdaq-100 growth),103.48915697052476
2018-01-17,156.96878051757812,QQQ,Invesco QQQ (Nasdaq-100 growth),104.60592840135072
2018-01-18,156.9972381591797,QQQ,Invesco QQQ (Nasdaq-100 growth),104.62489292416875
2018-01-19,157.4895782470703,QQQ,Invesco QQQ (Nasdaq-100 growth),104.95299442188814
2018-01-22,159.17486572265625,QQQ,Invesco QQQ (Nasdaq-100 growth),106.07609074986841
2018-01-23,160.49087524414062,QQQ,Invesco QQQ (Nasdaq-100 growth),106.95309570159176
2018-01-24,159.44937133789062,QQQ,Invesco QQQ (Nasdaq-100 growth),106.2590246723866
2018-01-25,159.39263916015625,QQQ,Invesco QQQ (Nasdaq-100 growth),106.22121765048985
2018-01-26,161.8353729248047,QQQ,Invesco QQQ (Nasdaq-100 growth),107.84908551342302
2018-01-29,161.0495147705078,QQQ,Invesco QQQ (Nasdaq-100 growth),107.32537996158693
2018-01-30,159.72396850585938,QQQ,Invesco QQQ (Nasdaq-100 growth),106.44201960677444
2018-01-31,160.3867950439453,QQQ,Invesco QQQ (Nasdaq-100 growth),106.88373537443798
2018-02-01,159.02337646484375,QQQ,Invesco QQQ (Nasdaq-100 growth),105.97513644287784
2018-02-02,155.85162353515625,QQQ,Invesco QQQ (Nasdaq-100 growth),103.86144123051993
2018-02-05,149.70693969726562,QQQ,Invesco QQQ (Nasdaq-100 growth),99.76654824940677
2018-02-06,153.67396545410156,QQQ,Invesco QQQ (Nasdaq-100 growth),102.41022306753038
2018-02-07,151.68569946289062,QQQ,Invesco QQQ (Nasdaq-100 growth),101.08521812556893
2018-02-08,145.285400390625,QQQ,Invesco QQQ (Nasdaq-100 growth),96.81998000437659
2018-02-09,147.79444885253906,QQQ,Invesco QQQ (Nasdaq-100 growth),98.49204079823049
2018-02-12,150.4170684814453,QQQ,Invesco QQQ (Nasdaq-100 growth),100.23978681639251
2018-02-13,151.1934051513672,QQQ,Invesco QQQ (Nasdaq-100 growth),100.75714713378439
2018-02-14,154.02430725097656,QQQ,Invesco QQQ (Nasdaq-100 growth),102.6436951554135
2018-02-15,156.8836212158203,QQQ,Invesco QQQ (Nasdaq-100 growth),104.54917719392581
2018-02-16,156.18299865722656,QQQ,Invesco QQQ (Nasdaq-100 growth),104.08227369273935
2018-02-20,156.4954071044922,QQQ,Invesco QQQ (Nasdaq-100 growth),104.29046652929506
2018-02-21,156.05043029785156,QQQ,Invesco QQQ (Nasdaq-100 growth),103.99392850547764
2018-02-22,156.03152465820312,QQQ,Invesco QQQ (Nasdaq-100 growth),103.98132955439371
2018-02-23,159.22222900390625,QQQ,Invesco QQQ (Nasdaq-100 growth),106.10765422377038
2018-02-26,161.33349609375,QQQ,Invesco QQQ (Nasdaq-100 growth),107.51462861261449
2018-02-27,159.33580017089844,QQQ,Invesco QQQ (Nasdaq-100 growth),106.1833394480785
2018-02-28,158.31326293945312,QQQ,Invesco QQQ (Nasdaq-100 growth),105.50190804453703
2018-03-01,155.72853088378906,QQQ,Invesco QQQ (Nasdaq-100 growth),103.77941077176762
2018-03-02,157.158203125,QQQ,Invesco QQQ (Nasdaq-100 growth),104.73216195966872
2018-03-05,158.90032958984375,QQQ,Invesco QQQ (Nasdaq-100 growth),105.89313649006036
2018-03-06,159.57252502441406,QQQ,Invesco QQQ (Nasdaq-100 growth),106.34109580571868
2018-03-07,159.94175720214844,QQQ,Invesco QQQ (Nasdaq-100 growth),106.5871566760408
2018-03-08,160.82229614257812,QQQ,Invesco QQQ (Nasdaq-100 growth),107.173958669746
2018-03-09,163.9466552734375,QQQ,Invesco QQQ (Nasdaq-100 growth),109.25607007091206
2018-03-12,164.81771850585938,QQQ,Invesco QQQ (Nasdaq-100 growth),109.83655733610789
2018-03-13,162.57386779785156,QQQ,Invesco QQQ (Nasdaq-100 growth),108.34122759135714
2018-03-14,162.54547119140625,QQQ,Invesco QQQ (Nasdaq-100 growth),108.32230374311888
2018-03-15,162.40347290039062,QQQ,Invesco QQQ (Nasdaq-100 growth),108.22767433328262
2018-03-16,161.9205780029297,QQQ,Invesco QQQ (Nasdaq-100 growth),107.90586722678275
2018-03-19,158.46578979492188,QQQ,Invesco QQQ (Nasdaq-100 growth),105.60355381938372
2018-03-20,158.98733520507812,QQQ,Invesco QQQ (Nasdaq-100 growth),105.95111810352331
2018-03-21,158.2950897216797,QQQ,Invesco QQQ (Nasdaq-100 growth),105.48979718841035
2018-03-22,154.3879852294922,QQQ,Invesco QQQ (Nasdaq-100 growth),102.8860546389765
2018-03-23,150.31961059570312,QQQ,Invesco QQQ (Nasdaq-100 growth),100.17483968114384
2018-03-26,155.9052734375,QQQ,Invesco QQQ (Nasdaq-100 growth),103.89719418613826
2018-03-27,150.86021423339844,QQQ,Invesco QQQ (Nasdaq-100 growth),100.5351046028168
2018-03-28,149.124755859375,QQQ,Invesco QQQ (Nasdaq-100 growth),99.37857377026509
2018-03-29,151.85595703125,QQQ,Invesco QQQ (Nasdaq-100 growth),101.19867986583897
2018-04-02,147.47470092773438,QQQ,Invesco QQQ (Nasdaq-100 growth),98.27895684345737
2018-04-03,149.1342010498047,QQQ,Invesco QQQ (Nasdaq-100 growth),99.38486816148459
2018-04-04,151.48609924316406,QQQ,Invesco QQQ (Nasdaq-100 growth),100.9522020810742
2018-04-05,152.34909057617188,QQQ,Invesco QQQ (Nasdaq-100 growth),101.52731013309536
2018-04-06,148.5367889404297,QQQ,Invesco QQQ (Nasdaq-100 growth),98.98674537469016
2018-04-09,149.5799560546875,QQQ,Invesco QQQ (Nasdaq-100 growth),99.68192478619407
2018-04-10,152.88014221191406,QQQ,Invesco QQQ (Nasdaq-100 growth),101.88120948303423
2018-04-11,151.99819946289062,QQQ,Invesco QQQ (Nasdaq-100 growth),101.2934719739943
2018-04-12,153.82850646972656,QQQ,Invesco QQQ (Nasdaq-100 growth),102.51321110350949
2018-04-13,153.03192138671875,QQQ,Invesco QQQ (Nasdaq-100 growth),101.98235699427872
2018-04-16,154.1982879638672,QQQ,Invesco QQQ (Nasdaq-100 growth),102.75963804504954
2018-04-17,157.5175018310547,QQQ,Invesco QQQ (Nasdaq-100 growth),104.97160304213317
2018-04-18,157.83987426757812,QQQ,Invesco QQQ (Nasdaq-100 growth),105.18643600383642
2018-04-19,156.388916015625,QQQ,Invesco QQQ (Nasdaq-100 growth),104.21949955624034
2018-04-20,153.91378784179688,QQQ,Invesco QQQ (Nasdaq-100 growth),102.57004366009393
2018-04-23,153.5249786376953,QQQ,Invesco QQQ (Nasdaq-100 growth),102.31093641831039
2018-04-24,150.27224731445312,QQQ,Invesco QQQ (Nasdaq-100 growth),100.14327620724187
2018-04-25,150.4524383544922,QQQ,Invesco QQQ (Nasdaq-100 growth),100.26335773536955
2018-04-26,153.619873046875,QQQ,Invesco QQQ (Nasdaq-100 growth),102.3741752212087
2018-04-27,153.71466064453125,QQQ,Invesco QQQ (Nasdaq-100 growth),102.43734284359242
2018-04-30,152.62408447265625,QQQ,Invesco QQQ (Nasdaq-100 growth),101.7105694522517
2018-05-01,154.36898803710938,QQQ,Invesco QQQ (Nasdaq-100 growth),102.87339467602291
2018-05-02,153.45863342285156,QQQ,Invesco QQQ (Nasdaq-100 growth),102.26672315009978
2018-05-03,153.43968200683594,QQQ,Invesco QQQ (Nasdaq-100 growth),102.254093693081
2018-05-04,156.3510284423828,QQQ,Invesco QQQ (Nasdaq-100 growth),104.19425081084775
2018-05-07,157.65023803710938,QQQ,Invesco QQQ (Nasdaq-100 growth),105.06006008448924
2018-05-08,157.489013671875,QQQ,Invesco QQQ (Nasdaq-100 growth),104.95261818202525
2018-05-09,159.2054901123047,QQQ,Invesco QQQ (Nasdaq-100 growth),106.0964992202683
2018-05-10,160.8555908203125,QQQ,Invesco QQQ (Nasdaq-100 growth),107.19614665301086
2018-05-11,160.70387268066406,QQQ,Invesco QQQ (Nasdaq-100 growth),107.09503981634614
2018-05-14,160.97886657714844,QQQ,Invesco QQQ (Nasdaq-100 growth),107.27829913550248
2018-05-15,159.19598388671875,QQQ,Invesco QQQ (Nasdaq-100 growth),106.09016415446904
2018-05-16,160.24864196777344,QQQ,Invesco QQQ (Nasdaq-100 growth),106.79166846312728
2018-05-17,159.63221740722656,QQQ,Invesco QQQ (Nasdaq-100 growth),106.38087554473431
2018-05-18,158.80723571777344,QQQ,Invesco QQQ (Nasdaq-100 growth),105.83109758726528
2018-05-21,159.69857788085938,QQQ,Invesco QQQ (Nasdaq-100 growth),106.42509898158987
2018-05-22,159.48997497558594,QQQ,Invesco QQQ (Nasdaq-100 growth),106.28608343657898
2018-05-23,160.8365936279297,QQQ,Invesco QQQ (Nasdaq-100 growth),107.18348669005726
2018-05-24,160.78919982910156,QQQ,Invesco QQQ (Nasdaq-100 growth),107.15190287886541
2018-05-25,160.95040893554688,QQQ,Invesco QQQ (Nasdaq-100 growth),107.25933461268446
2018-05-29,160.2392120361328,QQQ,Invesco QQQ (Nasdaq-100 growth),106.78538424055272
2018-05-30,161.3865966796875,QQQ,Invesco QQQ (Nasdaq-100 growth),107.5500154970149
2018-05-31,161.28233337402344,QQQ,Invesco QQQ (Nasdaq-100 growth),107.4805331461218
2018-06-01,163.81439208984375,QQQ,Invesco QQQ (Nasdaq-100 growth),109.16792825654922
2018-06-04,165.29376220703125,QQQ,Invesco QQQ (Nasdaq-100 growth),110.15379872102851
2018-06-05,165.8058624267578,QQQ,Invesco QQQ (Nasdaq-100 growth),110.49506861394862
2018-06-06,166.77317810058594,QQQ,Invesco QQQ (Nasdaq-100 growth),111.13969969144264
2018-06-07,165.4170379638672,QQQ,Invesco QQQ (Nasdaq-100 growth),110.23595120352014
2018-06-08,165.42652893066406,QQQ,Invesco QQQ (Nasdaq-100 growth),110.24227610067446
2018-06-11,165.8722686767578,QQQ,Invesco QQQ (Nasdaq-100 growth),110.53932255673901
2018-06-12,166.74472045898438,QQQ,Invesco QQQ (Nasdaq-100 growth),111.1207351686246
2018-06-13,166.73521423339844,QQQ,Invesco QQQ (Nasdaq-100 growth),111.11440010282534
2018-06-14,168.42324829101562,QQQ,Invesco QQQ (Nasdaq-100 growth),112.2393267868953
2018-06-15,167.83523559570312,QQQ,Invesco QQQ (Nasdaq-100 growth),111.84746788538554
2018-06-18,167.73838806152344,QQQ,Invesco QQQ (Nasdaq-100 growth),111.78292749593457
2018-06-19,167.26315307617188,QQQ,Invesco QQQ (Nasdaq-100 growth),111.4662250491959
2018-06-20,168.45111083984375,QQQ,Invesco QQQ (Nasdaq-100 growth),112.25789473256057
2018-06-21,166.987548828125,QQQ,Invesco QQQ (Nasdaq-100 growth),111.28255898424186
2018-06-22,166.6168975830078,QQQ,Invesco QQQ (Nasdaq-100 growth),111.03555242994007
2018-06-25,162.863037109375,QQQ,Invesco QQQ (Nasdaq-100 growth),108.5339335816652
2018-06-26,163.5282745361328,QQQ,Invesco QQQ (Nasdaq-100 growth),108.97725599522968
2018-06-27,161.30441284179688,QQQ,Invesco QQQ (Nasdaq-100 growth),107.49524717535381
2018-06-28,162.6919403076172,QQQ,Invesco QQQ (Nasdaq-100 growth),108.41991256592333
2018-06-29,163.1290740966797,QQQ,Invesco QQQ (Nasdaq-100 growth),108.7112239062402
2018-07-02,164.2220458984375,QQQ,Invesco QQQ (Nasdaq-100 growth),109.43959377483692
2018-07-03,162.32131958007812,QQQ,Invesco QQQ (Nasdaq-100 growth),108.17292634891143
2018-07-05,164.33602905273438,QQQ,Invesco QQQ (Nasdaq-100 growth),109.51555355255847
2018-07-06,166.89248657226562,QQQ,Invesco QQQ (Nasdaq-100 growth),111.21920832624917
2018-07-09,168.3940887451172,QQQ,Invesco QQQ (Nasdaq-100 growth),112.2198945064099
2018-07-10,168.5177001953125,QQQ,Invesco QQQ (Nasdaq-100 growth),112.30227069909027
2018-07-11,167.66232299804688,QQQ,Invesco QQQ (Nasdaq-100 growth),111.73223680089549
2018-07-12,170.5514373779297,QQQ,Invesco QQQ (Nasdaq-100 growth),113.6575782029808
2018-07-13,170.69395446777344,QQQ,Invesco QQQ (Nasdaq-100 growth),113.7525533467451
2018-07-16,170.2853240966797,QQQ,Invesco QQQ (Nasdaq-100 growth),113.48023703518108
2018-07-17,171.32122802734375,QQQ,Invesco QQQ (Nasdaq-100 growth),114.17057617169228
2018-07-18,170.99807739257812,QQQ,Invesco QQQ (Nasdaq-100 growth),113.95522460909694
2018-07-19,170.14280700683594,QQQ,Invesco QQQ (Nasdaq-100 growth),113.38526189141677
2018-07-20,170.10476684570312,QQQ,Invesco QQQ (Nasdaq-100 growth),113.35991145957476
2018-07-23,170.64645385742188,QQQ,Invesco QQQ (Nasdaq-100 growth),113.72089835503864
2018-07-24,171.34967041015625,QQQ,Invesco QQQ (Nasdaq-100 growth),114.18953052586537
2018-07-25,173.74461364746094,QQQ,Invesco QQQ (Nasdaq-100 growth),115.78555019283819
2018-07-26,171.1121063232422,QQQ,Invesco QQQ (Nasdaq-100 growth),114.03121489275334
2018-07-27,168.80274963378906,QQQ,Invesco QQQ (Nasdaq-100 growth),112.49223115526382
2018-07-30,166.4173126220703,QQQ,Invesco QQQ (Nasdaq-100 growth),110.90254655409028
2018-07-31,167.69078063964844,QQQ,Invesco QQQ (Nasdaq-100 growth),111.75120132371353
2018-08-01,168.3275909423828,QQQ,Invesco QQQ (Nasdaq-100 growth),112.17557955174986
2018-08-02,170.6179656982422,QQQ,Invesco QQQ (Nasdaq-100 growth),113.70191349493072
2018-08-03,171.14065551757812,QQQ,Invesco QQQ (Nasdaq-100 growth),114.05024042744103
2018-08-06,172.1480255126953,QQQ,Invesco QQQ (Nasdaq-100 growth),114.72156419790949
2018-08-07,172.77525329589844,QQQ,Invesco QQQ (Nasdaq-100 growth),115.13955651692184
2018-08-08,172.98434448242188,QQQ,Invesco QQQ (Nasdaq-100 growth),115.27889745857091
2018-08-09,172.87977600097656,QQQ,Invesco QQQ (Nasdaq-100 growth),115.20921173477896
2018-08-10,171.5587615966797,QQQ,Invesco QQQ (Nasdaq-100 growth),114.32887146751443
2018-08-13,171.36878967285156,QQQ,Invesco QQQ (Nasdaq-100 growth),114.2022718379785
2018-08-14,172.44265747070312,QQQ,Invesco QQQ (Nasdaq-100 growth),114.91791056310701
2018-08-15,170.33277893066406,QQQ,Invesco QQQ (Nasdaq-100 growth),113.51186152095269
2018-08-16,170.8935546875,QQQ,Invesco QQQ (Nasdaq-100 growth),113.88556939123984
2018-08-17,170.93157958984375,QQQ,Invesco QQQ (Nasdaq-100 growth),113.9109096544369
2018-08-20,170.7794647216797,QQQ,Invesco QQQ (Nasdaq-100 growth),113.80953843300368
2018-08-21,171.40673828125,QQQ,Invesco QQQ (Nasdaq-100 growth),114.22756125795087
2018-08-22,172.07199096679688,QQQ,Invesco QQQ (Nasdaq-100 growth),114.67089384016029
2018-08-23,171.824951171875,QQQ,Invesco QQQ (Nasdaq-100 growth),114.50626347853887
2018-08-24,173.4215087890625,QQQ,Invesco QQQ (Nasdaq-100 growth),115.57022913617767
2018-08-27,175.18914794921875,QQQ,Invesco QQQ (Nasdaq-100 growth),116.74820564091343
2018-08-28,175.44578552246094,QQQ,Invesco QQQ (Nasdaq-100 growth),116.91923208020377
2018-08-29,177.47000122070312,QQQ,Invesco QQQ (Nasdaq-100 growth),118.26819434965007
2018-08-30,177.15643310546875,QQQ,Invesco QQQ (Nasdaq-100 growth),118.05922869607873
2018-08-31,177.38453674316406,QQQ,Invesco QQQ (Nasdaq-100 growth),118.21123976932633
2018-09-04,176.6242218017578,QQQ,Invesco QQQ (Nasdaq-100 growth),117.70455652912422
2018-09-05,174.34335327148438,QQQ,Invesco QQQ (Nasdaq-100 growth),116.18455765174262
2018-09-06,172.78472900390625,QQQ,Invesco QQQ (Nasdaq-100 growth),115.14587124543122
2018-09-07,172.11949157714844,QQQ,Invesco QQQ (Nasdaq-100 growth),114.70254883186675
2018-09-10,172.69923400878906,QQQ,Invesco QQQ (Nasdaq-100 growth),115.0888963278176
2018-09-11,174.02969360351562,QQQ,Invesco QQQ (Nasdaq-100 growth),115.97553098630162
2018-09-12,173.5165252685547,QQQ,Invesco QQQ (Nasdaq-100 growth),115.63354928823553
2018-09-13,175.36965942382812,QQQ,Invesco QQQ (Nasdaq-100 growth),116.86850071058491
2018-09-14,174.8565673828125,QQQ,Invesco QQQ (Nasdaq-100 growth),116.52656985574353
2018-09-17,172.33802795410156,QQQ,Invesco QQQ (Nasdaq-100 growth),114.8481841647353
2018-09-18,173.7635955810547,QQQ,Invesco QQQ (Nasdaq-100 growth),115.79819998714683
2018-09-19,173.63059997558594,QQQ,Invesco QQQ (Nasdaq-100 growth),115.70957007782674
2018-09-20,175.55029296875,QQQ,Invesco QQQ (Nasdaq-100 growth),116.98887712941594
2018-09-21,174.59042358398438,QQQ,Invesco QQQ (Nasdaq-100 growth),116.34920835065392
2018-09-24,175.0760040283203,QQQ,Invesco QQQ (Nasdaq-100 growth),116.6728051386637
2018-09-25,175.3140411376953,QQQ,Invesco QQQ (Nasdaq-100 growth),116.83143599976897
2018-09-26,175.43777465820312,QQQ,Invesco QQQ (Nasdaq-100 growth),116.91389354160887
2018-09-27,176.92303466796875,QQQ,Invesco QQQ (Nasdaq-100 growth),117.90368910303603
2018-09-28,176.88491821289062,QQQ,Invesco QQQ (Nasdaq-100 growth),117.8782878279693
2018-10-01,177.24673461914062,QQQ,Invesco QQQ (Nasdaq-100 growth),118.1194067368493
2018-10-02,176.84686279296875,QQQ,Invesco QQQ (Nasdaq-100 growth),117.85292722748235
2018-10-03,177.0372772216797,QQQ,Invesco QQQ (Nasdaq-100 growth),117.97982174772162
2018-10-04,173.63836669921875,QQQ,Invesco QQQ (Nasdaq-100 growth),115.71474591810255
2018-10-05,171.51519775390625,QQQ,Invesco QQQ (Nasdaq-100 growth),114.29983998620318
2018-10-08,170.4679412841797,QQQ,Invesco QQQ (Nasdaq-100 growth),113.60193537785464
2018-10-09,171.02020263671875,QQQ,Invesco QQQ (Nasdaq-100 growth),113.96996914426379
2018-10-10,163.49884033203125,QQQ,Invesco QQQ (Nasdaq-100 growth),108.95764067913532
2018-10-11,161.47091674804688,QQQ,Invesco QQQ (Nasdaq-100 growth),107.60620742896795
2018-10-12,165.96469116210938,QQQ,Invesco QQQ (Nasdaq-100 growth),110.6009140391566
2018-10-15,163.95582580566406,QQQ,Invesco QQQ (Nasdaq-100 growth),109.26218142652259
2018-10-16,168.7256622314453,QQQ,Invesco QQQ (Nasdaq-100 growth),112.44085916101358
2018-10-17,168.79234313964844,QQQ,Invesco QQQ (Nasdaq-100 growth),112.48529613941294
2018-10-18,164.8793182373047,QQQ,Invesco QQQ (Nasdaq-100 growth),109.87760815574134
2018-10-19,164.72703552246094,QQQ,Invesco QQQ (Nasdaq-100 growth),109.77612507921374
2018-10-22,165.5743408203125,QQQ,Invesco QQQ (Nasdaq-100 growth),110.34077976423387
2018-10-23,164.9650115966797,QQQ,Invesco QQQ (Nasdaq-100 growth),109.93471526573923
2018-10-24,157.41510009765625,QQQ,Invesco QQQ (Nasdaq-100 growth),104.90336126592308
2018-10-25,162.86094665527344,QQQ,Invesco QQQ (Nasdaq-100 growth),108.53254047730806
2018-10-26,158.6717987060547,QQQ,Invesco QQQ (Nasdaq-100 growth),105.74084069475437
2018-10-29,155.40621948242188,QQQ,Invesco QQQ (Nasdaq-100 growth),103.56461848464413
2018-10-30,157.96725463867188,QQQ,Invesco QQQ (Nasdaq-100 growth),105.27132385181763
2018-10-31,161.68040466308594,QQQ,Invesco QQQ (Nasdaq-100 growth),107.74581275538551
2018-11-01,163.81300354003906,QQQ,Invesco QQQ (Nasdaq-100 growth),109.16700290985943
2018-11-02,161.26144409179688,QQQ,Invesco QQQ (Nasdaq-100 growth),107.46661227119532
2018-11-05,160.8616180419922,QQQ,Invesco QQQ (Nasdaq-100 growth),107.2001632677632
2018-11-06,162.0802001953125,QQQ,Invesco QQQ (Nasdaq-100 growth),108.01224142152775
2018-11-07,167.1642608642578,QQQ,Invesco QQQ (Nasdaq-100 growth),111.40032206132263
2018-11-08,166.09799194335938,QQQ,Invesco QQQ (Nasdaq-100 growth),110.68974732137555
2018-11-09,163.29891967773438,QQQ,Invesco QQQ (Nasdaq-100 growth),108.82441109309678
2018-11-12,158.35765075683594,QQQ,Invesco QQQ (Nasdaq-100 growth),105.53148863267519
2018-11-13,158.49093627929688,QQQ,Invesco QQQ (Nasdaq-100 growth),105.6203117462492
2018-11-14,157.28179931640625,QQQ,Invesco QQQ (Nasdaq-100 growth),104.81452798370414
2018-11-15,160.03326416015625,QQQ,Invesco QQQ (Nasdaq-100 growth),106.64813803976185
2018-11-16,159.47158813476562,QQQ,Invesco QQQ (Nasdaq-100 growth),106.27383021942309
2018-11-19,154.29232788085938,QQQ,Invesco QQQ (Nasdaq-100 growth),102.82230740383106
2018-11-20,151.5312957763672,QQQ,Invesco QQQ (Nasdaq-100 growth),100.98232160739431
2018-11-21,152.6833038330078,QQQ,Invesco QQQ (Nasdaq-100 growth),101.7500339632741
2018-11-23,151.57891845703125,QQQ,Invesco QQQ (Nasdaq-100 growth),101.0140579482603
2018-11-26,155.08255004882812,QQQ,Invesco QQQ (Nasdaq-100 growth),103.34892118812074
2018-11-27,155.60617065429688,QQQ,Invesco QQQ (Nasdaq-100 growth),103.69786840797255
2018-11-28,160.61399841308594,QQQ,Invesco QQQ (Nasdaq-100 growth),107.03514649763396
2018-11-29,160.0904541015625,QQQ,Invesco QQQ (Nasdaq-100 growth),106.68625012100688
2018-11-30,161.25193786621094,QQQ,Invesco QQQ (Nasdaq-100 growth),107.46027720539605
2018-12-03,164.07005310058594,QQQ,Invesco QQQ (Nasdaq-100 growth),109.33830390256323
2018-12-04,157.7769012451172,QQQ,Invesco QQQ (Nasdaq-100 growth),105.14447000615813
2018-12-06,158.89080810546875,QQQ,Invesco QQQ (Nasdaq-100 growth),105.88679125561615
2018-12-07,153.6449432373047,QQQ,Invesco QQQ (Nasdaq-100 growth),102.39088230484947
2018-12-10,155.25389099121094,QQQ,Invesco QQQ (Nasdaq-100 growth),103.4631049021817
2018-12-11,155.7680206298828,QQQ,Invesco QQQ (Nasdaq-100 growth),103.80572722487918
2018-12-12,157.13902282714844,QQQ,Invesco QQQ (Nasdaq-100 growth),104.71937997297582
2018-12-13,157.1866455078125,QQQ,Invesco QQQ (Nasdaq-100 growth),104.7511163138418
2018-12-14,153.35931396484375,QQQ,Invesco QQQ (Nasdaq-100 growth),102.2005354401681
2018-12-17,149.8842010498047,QQQ,Invesco QQQ (Nasdaq-100 growth),99.88467739770546
2018-12-18,150.8268280029297,QQQ,Invesco QQQ (Nasdaq-100 growth),100.51285560768228
2018-12-19,147.12319946289062,QQQ,Invesco QQQ (Nasdaq-100 growth),98.0447119385586
2018-12-20,144.9906005859375,QQQ,Invesco QQQ (Nasdaq-100 growth),96.62352178408469
2018-12-21,140.4968719482422,QQQ,Invesco QQQ (Nasdaq-100 growth),93.62884567983086
2018-12-24,137.01275634765625,QQQ,Invesco QQQ (Nasdaq-100 growth),91.30698813685207
2018-12-26,145.56776428222656,QQQ,Invesco QQQ (Nasdaq-100 growth),97.00815077904022
2018-12-27,146.13107299804688,QQQ,Invesco QQQ (Nasdaq-100 growth),97.38354664438785
2018-12-28,146.05471801757812,QQQ,Invesco QQQ (Nasdaq-100 growth),97.33266274509485
2018-12-31,147.2863311767578,QQQ,Invesco QQQ (Nasdaq-100 growth),98.15342492164042
2019-01-02,147.87835693359375,QQQ,Invesco QQQ (Nasdaq-100 growth),98.5479581767701
2019-01-03,143.047119140625,QQQ,Invesco QQQ (Nasdaq-100 growth),95.32836181502991
2019-01-04,149.1673583984375,QQQ,Invesco QQQ (Nasdaq-100 growth),99.40696462694495
2019-01-07,150.94325256347656,QQQ,Invesco QQQ (Nasdaq-100 growth),100.59044236859467
2019-01-08,152.30860900878906,QQQ,Invesco QQQ (Nasdaq-100 growth),101.50033271806252
2019-01-09,153.54983520507812,QQQ,Invesco QQQ (Nasdaq-100 growth),102.32750114092197
2019-01-10,153.98899841308594,QQQ,Invesco QQQ (Nasdaq-100 growth),102.62016491101622
2019-01-11,153.42568969726562,QQQ,Invesco QQQ (Nasdaq-100 growth),102.2447690456686
2019-01-14,152.06985473632812,QQQ,Invesco QQQ (Nasdaq-100 growth),101.34122393064496
2019-01-15,155.0392608642578,QQQ,Invesco QQQ (Nasdaq-100 growth),103.32007274241846
2019-01-16,155.01065063476562,QQQ,Invesco QQQ (Nasdaq-100 growth),103.301006533151
2019-01-17,156.23280334472656,QQQ,Invesco QQQ (Nasdaq-100 growth),104.11546414983214
2019-01-18,157.77951049804688,QQQ,Invesco QQQ (Nasdaq-100 growth),105.14620884444332
2019-01-22,154.619140625,QQQ,Invesco QQQ (Nasdaq-100 growth),103.04009944121262
2019-01-23,154.8196563720703,QQQ,Invesco QQQ (Nasdaq-100 growth),103.17372560440391
2019-01-24,155.82225036621094,QQQ,Invesco QQQ (Nasdaq-100 growth),103.84186658900533
2019-01-25,157.68409729003906,QQQ,Invesco QQQ (Nasdaq-100 growth),105.08262430761697
2019-01-28,155.73626708984375,QQQ,Invesco QQQ (Nasdaq-100 growth),103.78456627475353
2019-01-29,154.26589965820312,QQQ,Invesco QQQ (Nasdaq-100 growth),102.8046953107904
2019-01-30,158.19007873535156,QQQ,Invesco QQQ (Nasdaq-100 growth),105.41981657391507
2019-01-31,160.5580291748047,QQQ,Invesco QQQ (Nasdaq-100 growth),106.99784790798434
2019-02-01,159.8800811767578,QQQ,Invesco QQQ (Nasdaq-100 growth),106.54605501318264
2019-02-04,161.8660888671875,QQQ,Invesco QQQ (Nasdaq-100 growth),107.86955499569257
2019-02-05,163.29823303222656,QQQ,Invesco QQQ (Nasdaq-100 growth),108.82395350407437
2019-02-06,162.81130981445312,QQQ,Invesco QQQ (Nasdaq-100 growth),108.49946187530963
2019-02-07,160.6248016357422,QQQ,Invesco QQQ (Nasdaq-100 growth),107.04234589825336
2019-02-08,160.93988037109375,QQQ,Invesco QQQ (Nasdaq-100 growth),107.25231824767403
2019-02-11,160.78712463378906,QQQ,Invesco QQQ (Nasdaq-100 growth),107.15051994315321
2019-02-12,163.16456604003906,QQQ,Invesco QQQ (Nasdaq-100 growth),108.73487617437681
2019-02-13,163.27914428710938,QQQ,Invesco QQQ (Nasdaq-100 growth),108.81123252925113
2019-02-14,163.4796600341797,QQQ,Invesco QQQ (Nasdaq-100 growth),108.94485869244242
2019-02-15,164.16708374023438,QQQ,Invesco QQQ (Nasdaq-100 growth),109.4029663157535
2019-02-19,164.4917449951172,QQQ,Invesco QQQ (Nasdaq-100 growth),109.61932457419816
2019-02-20,164.46310424804688,QQQ,Invesco QQQ (Nasdaq-100 growth),109.60023802764081
2019-02-21,163.86154174804688,QQQ,Invesco QQQ (Nasdaq-100 growth),109.199349369422
2019-02-22,165.07418823242188,QQQ,Invesco QQQ (Nasdaq-100 growth),110.00747192030386
2019-02-25,165.67568969726562,QQQ,Invesco QQQ (Nasdaq-100 growth),110.40831990394291
2019-02-26,165.84756469726562,QQQ,Invesco QQQ (Nasdaq-100 growth),110.52285952057686
2019-02-27,165.74252319335938,QQQ,Invesco QQQ (Nasdaq-100 growth),110.4528585687917
2019-02-28,165.36058044433594,QQQ,Invesco QQQ (Nasdaq-100 growth),110.19832721723236
2019-03-01,166.50636291503906,QQQ,Invesco QQQ (Nasdaq-100 growth),110.96189076597555
2019-03-04,166.53501892089844,QQQ,Invesco QQQ (Nasdaq-100 growth),110.98098748117783
2019-03-05,166.65911865234375,QQQ,Invesco QQQ (Nasdaq-100 growth),111.06368907049637
2019-03-06,165.71389770507812,QQQ,Invesco QQQ (Nasdaq-100 growth),110.4337821908793
2019-03-07,163.68017578125,QQQ,Invesco QQQ (Nasdaq-100 growth),109.07848485563372
2019-03-08,163.43191528320312,QQQ,Invesco QQQ (Nasdaq-100 growth),108.91304100241689
2019-03-11,166.83099365234375,QQQ,Invesco QQQ (Nasdaq-100 growth),111.17822868713031
2019-03-12,167.74752807617188,QQQ,Invesco QQQ (Nasdaq-100 growth),111.78901851425522
2019-03-13,169.0078887939453,QQQ,Invesco QQQ (Nasdaq-100 growth),112.62893841787273
2019-03-14,168.7215118408203,QQQ,Invesco QQQ (Nasdaq-100 growth),112.43809328958918
2019-03-15,170.28736877441406,QQQ,Invesco QQQ (Nasdaq-100 growth),113.48159963360338
2019-03-18,170.69288635253906,QQQ,Invesco QQQ (Nasdaq-100 growth),113.75184154159912
2019-03-19,171.2667694091797,QQQ,Invesco QQQ (Nasdaq-100 growth),114.13428427789198
2019-03-20,171.94598388671875,QQQ,Invesco QQQ (Nasdaq-100 growth),114.58692117022393
2019-03-21,174.63385009765625,QQQ,Invesco QQQ (Nasdaq-100 growth),116.3781483141607
2019-03-22,170.79812622070312,QQQ,Invesco QQQ (Nasdaq-100 growth),113.82197468576854
2019-03-25,170.47288513183594,QQQ,Invesco QQQ (Nasdaq-100 growth),113.60523001881606
2019-03-26,171.2667694091797,QQQ,Invesco QQQ (Nasdaq-100 growth),114.13428427789198
2019-03-27,170.1668243408203,QQQ,Invesco QQQ (Nasdaq-100 growth),113.4012673385565
2019-03-28,170.55897521972656,QQQ,Invesco QQQ (Nasdaq-100 growth),113.66260151358246
2019-03-29,171.85032653808594,QQQ,Invesco QQQ (Nasdaq-100 growth),114.52317393507849
2019-04-01,174.12681579589844,QQQ,Invesco QQQ (Nasdaq-100 growth),116.04025441136154
2019-04-02,174.78684997558594,QQQ,Invesco QQQ (Nasdaq-100 growth),116.4801093170006
2019-04-03,175.79115295410156,QQQ,Invesco QQQ (Nasdaq-100 growth),117.14938918983559
2019-04-04,175.72427368164062,QQQ,Invesco QQQ (Nasdaq-100 growth),117.10482001905197
2019-04-05,176.6329345703125,QQQ,Invesco QQQ (Nasdaq-100 growth),117.71036282538647
2019-04-08,177.08250427246094,QQQ,Invesco QQQ (Nasdaq-100 growth),118.00996161133162
2019-04-09,176.46078491210938,QQQ,Invesco QQQ (Nasdaq-100 growth),117.59564017314355
2019-04-10,177.40774536132812,QQQ,Invesco QQQ (Nasdaq-100 growth),118.22670627828408
2019-04-11,176.98684692382812,QQQ,Invesco QQQ (Nasdaq-100 growth),117.94621437618618
2019-04-12,177.75210571289062,QQQ,Invesco QQQ (Nasdaq-100 growth),118.4561922573497
2019-04-15,177.78079223632812,QQQ,Invesco QQQ (Nasdaq-100 growth),118.47530930984186
2019-04-16,178.39297485351562,QQQ,Invesco QQQ (Nasdaq-100 growth),118.88327534494077
2019-04-17,179.01473999023438,QQQ,Invesco QQQ (Nasdaq-100 growth),119.29762728906367
2019-04-18,179.2443084716797,QQQ,Invesco QQQ (Nasdaq-100 growth),119.45061455222576
2019-04-22,179.75125122070312,QQQ,Invesco QQQ (Nasdaq-100 growth),119.78844744315523
2019-04-23,182.037353515625,QQQ,Invesco QQQ (Nasdaq-100 growth),121.31193416575216
2019-04-24,181.4634552001953,QQQ,Invesco QQQ (Nasdaq-100 growth),120.92948126081436
2019-04-25,182.199951171875,QQQ,Invesco QQQ (Nasdaq-100 growth),121.42029124626099
2019-04-26,182.362548828125,QQQ,Invesco QQQ (Nasdaq-100 growth),121.52864832676981
2019-04-29,182.71649169921875,QQQ,Invesco QQQ (Nasdaq-100 growth),121.7645202148594
2019-04-30,181.30081176757812,QQQ,Invesco QQQ (Nasdaq-100 growth),120.8210936743707
2019-05-01,180.7173614501953,QQQ,Invesco QQQ (Nasdaq-100 growth),120.4322751976988
2019-05-02,179.9329833984375,QQQ,Invesco QQQ (Nasdaq-100 growth),119.90955600442214
2019-05-03,182.80259704589844,QQQ,Invesco QQQ (Nasdaq-100 growth),121.82190187827075
2019-05-06,181.68344116210938,QQQ,Invesco QQQ (Nasdaq-100 growth),121.07608261495247
2019-05-07,178.14427185058594,QQQ,Invesco QQQ (Nasdaq-100 growth),118.71753660102061
2019-05-08,177.6947021484375,QQQ,Invesco QQQ (Nasdaq-100 growth),118.41793781507546
2019-05-09,176.73817443847656,QQQ,Invesco QQQ (Nasdaq-100 growth),117.78049596955589
2019-05-10,176.95816040039062,QQQ,Invesco QQQ (Nasdaq-100 growth),117.927097323694
2019-05-13,170.81723022460938,QQQ,Invesco QQQ (Nasdaq-100 growth),113.83470582923673
2019-05-14,172.69204711914062,QQQ,Invesco QQQ (Nasdaq-100 growth),115.0841068960496
2019-05-15,175.13121032714844,QQQ,Invesco QQQ (Nasdaq-100 growth),116.7095952960662
2019-05-16,176.8911895751953,QQQ,Invesco QQQ (Nasdaq-100 growth),117.88246714104073
2019-05-17,175.0833740234375,QQQ,Invesco QQQ (Nasdaq-100 growth),116.677716594171
2019-05-20,172.12767028808594,QQQ,Invesco QQQ (Nasdaq-100 growth),114.707999225556
2019-05-21,173.92596435546875,QQQ,Invesco QQQ (Nasdaq-100 growth),115.90640453798152
2019-05-22,173.1511688232422,QQQ,Invesco QQQ (Nasdaq-100 growth),115.39007125372885
2019-05-23,170.50161743164062,QQQ,Invesco QQQ (Nasdaq-100 growth),113.62437757724307
2019-05-24,170.4154510498047,QQQ,Invesco QQQ (Nasdaq-100 growth),113.56695523925194
2019-05-28,169.77464294433594,QQQ,Invesco QQQ (Nasdaq-100 growth),113.13991282624063
2019-05-29,168.3780975341797,QQQ,Invesco QQQ (Nasdaq-100 growth),112.20923776651001
2019-05-30,169.0859832763672,QQQ,Invesco QQQ (Nasdaq-100 growth),112.6809815426892
2019-05-31,166.38853454589844,QQQ,Invesco QQQ (Nasdaq-100 growth),110.88336848972845
2019-06-03,162.72496032714844,QQQ,Invesco QQQ (Nasdaq-100 growth),108.44191751357921
2019-06-04,167.30679321289062,QQQ,Invesco QQQ (Nasdaq-100 growth),111.49530737373186
2019-06-05,168.55026245117188,QQQ,Invesco QQQ (Nasdaq-100 growth),112.32397058739788
2019-06-06,169.88938903808594,QQQ,Invesco QQQ (Nasdaq-100 growth),113.21638103620933
2019-06-07,173.17031860351562,QQQ,Invesco QQQ (Nasdaq-100 growth),115.40283290313187
2019-06-10,175.1885986328125,QQQ,Invesco QQQ (Nasdaq-100 growth),116.74783956969549
2019-06-11,175.427734375,QQQ,Invesco QQQ (Nasdaq-100 growth),116.90720257323662
2019-06-12,174.41383361816406,QQQ,Invesco QQQ (Nasdaq-100 growth),116.2315266227327
2019-06-13,175.44686889648438,QQQ,Invesco QQQ (Nasdaq-100 growth),116.91995405399469
2019-06-14,174.70079040527344,QQQ,Invesco QQQ (Nasdaq-100 growth),116.42275815952408
2019-06-17,175.75294494628906,QQQ,Invesco QQQ (Nasdaq-100 growth),117.1239269028992
2019-06-18,178.30690002441406,QQQ,Invesco QQQ (Nasdaq-100 growth),118.82591401881932
2019-06-19,178.97645568847656,QQQ,Invesco QQQ (Nasdaq-100 growth),119.27211415890257
2019-06-20,180.64083862304688,QQQ,Invesco QQQ (Nasdaq-100 growth),120.38127944331143
2019-06-21,180.37298583984375,QQQ,Invesco QQQ (Nasdaq-100 growth),120.20277904998825
2019-06-24,180.37876892089844,QQQ,Invesco QQQ (Nasdaq-100 growth),120.20663296642151
2019-06-25,177.28228759765625,QQQ,Invesco QQQ (Nasdaq-100 growth),118.14309967956567
2019-06-26,178.10675048828125,QQQ,Invesco QQQ (Nasdaq-100 growth),118.69253190310664
2019-06-27,178.7873992919922,QQQ,Invesco QQQ (Nasdaq-100 growth),119.14612464806319
2019-06-28,179.0174560546875,QQQ,Invesco QQQ (Nasdaq-100 growth),119.29943730786346
2019-07-01,181.43319702148438,QQQ,Invesco QQQ (Nasdaq-100 growth),120.90931683789309
2019-07-02,182.15223693847656,QQQ,Invesco QQQ (Nasdaq-100 growth),121.38849389352534
2019-07-03,183.52308654785156,QQQ,Invesco QQQ (Nasdaq-100 growth),122.30204495517255
2019-07-05,183.1492156982422,QQQ,Invesco QQQ (Nasdaq-100 growth),122.05289281678786
2019-07-08,181.86465454101562,QQQ,Invesco QQQ (Nasdaq-100 growth),121.19684544229132
2019-07-09,182.77532958984375,QQQ,Invesco QQQ (Nasdaq-100 growth),121.80373050975824
2019-07-10,184.59678649902344,QQQ,Invesco QQQ (Nasdaq-100 growth),123.01757182520669
2019-07-11,184.4625701904297,QQQ,Invesco QQQ (Nasdaq-100 growth),122.92812842429119
2019-07-12,185.52670288085938,QQQ,Invesco QQQ (Nasdaq-100 growth),123.63727955394629
2019-07-15,186.1210174560547,QQQ,Invesco QQQ (Nasdaq-100 growth),124.03333810581736
2019-07-16,185.16238403320312,QQQ,Invesco QQQ (Nasdaq-100 growth),123.3944929872957
2019-07-17,184.25167846679688,QQQ,Invesco QQQ (Nasdaq-100 growth),122.78758758253889
2019-07-18,184.4625701904297,QQQ,Invesco QQQ (Nasdaq-100 growth),122.92812842429119
2019-07-19,183.11087036132812,QQQ,Invesco QQQ (Nasdaq-100 growth),122.027339012047
2019-07-22,184.56802368164062,QQQ,Invesco QQQ (Nasdaq-100 growth),122.9984039294898
2019-07-23,185.77590942382812,QQQ,Invesco QQQ (Nasdaq-100 growth),123.80335386314957
2019-07-24,187.07968139648438,QQQ,Invesco QQQ (Nasdaq-100 growth),124.6722035616289
2019-07-25,185.30615234375,QQQ,Invesco QQQ (Nasdaq-100 growth),123.4903019599453
2019-07-26,187.21388244628906,QQQ,Invesco QQQ (Nasdaq-100 growth),124.76163679389947
2019-07-29,186.57159423828125,QQQ,Invesco QQQ (Nasdaq-100 growth),124.33360802232872
2019-07-30,185.76629638671875,QQQ,Invesco QQQ (Nasdaq-100 growth),123.7969476168357
2019-07-31,183.19717407226562,QQQ,Invesco QQQ (Nasdaq-100 growth),122.0848528678426
2019-08-01,182.28646850585938,QQQ,Invesco QQQ (Nasdaq-100 growth),121.47794746308578
2019-08-02,179.60226440429688,QQQ,Invesco QQQ (Nasdaq-100 growth),119.68916079393526
2019-08-05,173.25601196289062,QQQ,Invesco QQQ (Nasdaq-100 growth),115.45994001312975
2019-08-06,175.68136596679688,QQQ,Invesco QQQ (Nasdaq-100 growth),117.07622578947326
2019-08-07,176.63043212890625,QQQ,Invesco QQQ (Nasdaq-100 growth),117.70869516761587
2019-08-08,180.474609375,QQQ,Invesco QQQ (Nasdaq-100 growth),120.27050222530626
2019-08-09,178.77784729003906,QQQ,Invesco QQQ (Nasdaq-100 growth),119.1397590763291
2019-08-12,176.72628784179688,QQQ,Invesco QQQ (Nasdaq-100 growth),117.77257459514557
2019-08-13,180.59918212890625,QQQ,Invesco QQQ (Nasdaq-100 growth),120.35351904261802
2019-08-14,175.20204162597656,QQQ,Invesco QQQ (Nasdaq-100 growth),116.75679814588996
2019-08-15,175.000732421875,QQQ,Invesco QQQ (Nasdaq-100 growth),116.62264321316164
2019-08-16,177.8095703125,QQQ,Invesco QQQ (Nasdaq-100 growth),118.4944873742037
2019-08-19,180.6375732421875,QQQ,Invesco QQQ (Nasdaq-100 growth),120.3791033532937
2019-08-20,179.2379608154297,QQQ,Invesco QQQ (Nasdaq-100 growth),119.44638439592961
2019-08-21,180.82931518554688,QQQ,Invesco QQQ (Nasdaq-100 growth),120.50688254564298
2019-08-22,180.24453735351562,QQQ,Invesco QQQ (Nasdaq-100 growth),120.11717939686106
2019-08-23,174.5405731201172,QQQ,Invesco QQQ (Nasdaq-100 growth),116.31598738762631
2019-08-26,177.1768798828125,QQQ,Invesco QQQ (Nasdaq-100 growth),118.07285468030187
2019-08-27,176.802978515625,QQQ,Invesco QQQ (Nasdaq-100 growth),117.8236822046273
2019-08-28,177.4357147216797,QQQ,Invesco QQQ (Nasdaq-100 growth),118.24534540446395
2019-08-29,180.148681640625,QQQ,Invesco QQQ (Nasdaq-100 growth),120.05329996933136
2019-08-30,179.71728515625,QQQ,Invesco QQQ (Nasdaq-100 growth),119.76581203951291
2019-09-03,177.9725341796875,QQQ,Invesco QQQ (Nasdaq-100 growth),118.60308850219114
2019-09-04,180.54173278808594,QQQ,Invesco QQQ (Nasdaq-100 growth),120.31523409440895
2019-09-05,183.84896850585938,QQQ,Invesco QQQ (Nasdaq-100 growth),122.51921670521261
2019-09-06,183.66693115234375,QQQ,Invesco QQQ (Nasdaq-100 growth),122.39790477104685
2019-09-09,183.283447265625,QQQ,Invesco QQQ (Nasdaq-100 growth),122.14234638634831
2019-09-10,182.7561492919922,QQQ,Invesco QQQ (Nasdaq-100 growth),121.79094852306534
2019-09-11,184.47216796875,QQQ,Invesco QQQ (Nasdaq-100 growth),122.93452450196011
2019-09-12,185.2390899658203,QQQ,Invesco QQQ (Nasdaq-100 growth),123.44561076542237
2019-09-13,184.5775604248047,QQQ,Invesco QQQ (Nasdaq-100 growth),123.00475933257896
2019-09-16,183.75320434570312,QQQ,Invesco QQQ (Nasdaq-100 growth),122.45539828955258
2019-09-17,184.63514709472656,QQQ,Invesco QQQ (Nasdaq-100 growth),123.0431357985925
2019-09-18,184.5584259033203,QQQ,Invesco QQQ (Nasdaq-100 growth),122.99200785182087
2019-09-19,184.865234375,QQQ,Invesco QQQ (Nasdaq-100 growth),123.19646879568263
2019-09-20,182.90957641601562,QQQ,Invesco QQQ (Nasdaq-100 growth),121.89319424796362
2019-09-23,182.99024963378906,QQQ,Invesco QQQ (Nasdaq-100 growth),121.9469558737754
2019-09-24,180.55999755859375,QQQ,Invesco QQQ (Nasdaq-100 growth),120.3274059624053
2019-09-25,182.58680725097656,QQQ,Invesco QQQ (Nasdaq-100 growth),121.67809690149186
2019-09-26,181.91439819335938,QQQ,Invesco QQQ (Nasdaq-100 growth),121.22999522480434
2019-09-27,179.65701293945312,QQQ,Invesco QQQ (Nasdaq-100 growth),119.72564589198947
2019-09-30,181.36688232421875,QQQ,Invesco QQQ (Nasdaq-100 growth),120.86512390697236
2019-10-01,179.88758850097656,QQQ,Invesco QQQ (Nasdaq-100 growth),119.87930428571777
2019-10-02,176.79452514648438,QQQ,Invesco QQQ (Nasdaq-100 growth),117.81804877532907
2019-10-03,178.73487854003906,QQQ,Invesco QQQ (Nasdaq-100 growth),119.11112417217062
2019-10-04,181.36688232421875,QQQ,Invesco QQQ (Nasdaq-100 growth),120.86512390697236
2019-10-07,180.81935119628906,QQQ,Invesco QQQ (Nasdaq-100 growth),120.50024242049544
2019-10-08,178.11048889160156,QQQ,Invesco QQQ (Nasdaq-100 growth),118.6950232211176
2019-10-09,179.84912109375,QQQ,Invesco QQQ (Nasdaq-100 growth),119.85366913181737
2019-10-10,181.2419891357422,QQQ,Invesco QQQ (Nasdaq-100 growth),120.78189354811681
2019-10-11,183.57620239257812,QQQ,Invesco QQQ (Nasdaq-100 growth),122.33744200821789
2019-10-14,183.55702209472656,QQQ,Invesco QQQ (Nasdaq-100 growth),122.32466002152499
2019-10-15,185.89117431640625,QQQ,Invesco QQQ (Nasdaq-100 growth),123.8801678070463
2019-10-16,185.43011474609375,QQQ,Invesco QQQ (Nasdaq-100 growth),123.57291203145935
2019-10-17,185.91998291015625,QQQ,Invesco QQQ (Nasdaq-100 growth),123.89936620869801
2019-10-18,184.13333129882812,QQQ,Invesco QQQ (Nasdaq-100 growth),122.70871957236373
2019-10-21,185.76632690429688,QQQ,Invesco QQQ (Nasdaq-100 growth),123.79696795412558
2019-10-22,184.2870330810547,QQQ,Invesco QQQ (Nasdaq-100 growth),122.811148332871
2019-10-23,184.64244079589844,QQQ,Invesco QQQ (Nasdaq-100 growth),123.04799641087509
2019-10-24,186.43870544433594,QQQ,Invesco QQQ (Nasdaq-100 growth),124.24504929352322
2019-10-25,187.92762756347656,QQQ,Invesco QQQ (Nasdaq-100 growth),125.23728532973662
2019-10-28,189.78152465820312,QQQ,Invesco QQQ (Nasdaq-100 growth),126.47274518433312
2019-10-29,188.3118438720703,QQQ,Invesco QQQ (Nasdaq-100 growth),125.49333180939242
2019-10-30,189.22442626953125,QQQ,Invesco QQQ (Nasdaq-100 growth),126.10148795747716
2019-10-31,189.31085205078125,QQQ,Invesco QQQ (Nasdaq-100 growth),126.15908316243231
2019-11-01,191.0303192138672,QQQ,Invesco QQQ (Nasdaq-100 growth),127.30495725508412
2019-11-04,192.21182250976562,QQQ,Invesco QQQ (Nasdaq-100 growth),128.09232560163804
2019-11-05,192.31747436523438,QQQ,Invesco QQQ (Nasdaq-100 growth),128.16273329922092
2019-11-06,191.8852081298828,QQQ,Invesco QQQ (Nasdaq-100 growth),127.87466575664074
2019-11-07,192.5287628173828,QQQ,Invesco QQQ (Nasdaq-100 growth),128.30353852574171
2019-11-08,193.29727172851562,QQQ,Invesco QQQ (Nasdaq-100 growth),128.81568232827803
2019-11-11,193.03793334960938,QQQ,Invesco QQQ (Nasdaq-100 growth),128.64285603883283
2019-11-12,193.59503173828125,QQQ,Invesco QQQ (Nasdaq-100 growth),129.0141132656888
2019-11-13,193.64303588867188,QQQ,Invesco QQQ (Nasdaq-100 growth),129.04610382267836
2019-11-14,193.4893341064453,QQQ,Invesco QQQ (Nasdaq-100 growth),128.94367506217108
2019-11-15,194.91107177734375,QQQ,Invesco QQQ (Nasdaq-100 growth),129.89113855470202
2019-11-18,195.06471252441406,QQQ,Invesco QQQ (Nasdaq-100 growth),129.9935266406295
2019-11-19,195.35289001464844,QQQ,Invesco QQQ (Nasdaq-100 growth),130.1855716690163
2019-11-20,194.18099975585938,QQQ,Invesco QQQ (Nasdaq-100 growth),129.40460956877624
2019-11-21,193.74874877929688,QQQ,Invesco QQQ (Nasdaq-100 growth),129.116552194841
2019-11-22,193.87362670898438,QQQ,Invesco QQQ (Nasdaq-100 growth),129.1997723850516
2019-11-25,196.1693878173828,QQQ,Invesco QQQ (Nasdaq-100 growth),130.72969585989722
2019-11-26,196.54403686523438,QQQ,Invesco QQQ (Nasdaq-100 growth),130.97936659917397
2019-11-27,197.9176483154297,QQQ,Invesco QQQ (Nasdaq-100 growth),131.89475818555582
2019-11-29,197.01473999023438,QQQ,Invesco QQQ (Nasdaq-100 growth),131.2930489583647
2019-12-02,194.99749755859375,QQQ,Invesco QQQ (Nasdaq-100 growth),129.94873375965716
2019-12-03,193.47015380859375,QQQ,Invesco QQQ (Nasdaq-100 growth),128.9308930754782
2019-12-04,194.44998168945312,QQQ,Invesco QQQ (Nasdaq-100 growth),129.58386244182518
2019-12-05,194.8341827392578,QQQ,Invesco QQQ (Nasdaq-100 growth),129.83989875283604
2019-12-06,196.91867065429688,QQQ,Invesco QQQ (Nasdaq-100 growth),131.2290271698058
2019-12-09,196.02532958984375,QQQ,Invesco QQQ (Nasdaq-100 growth),130.6336936829937
2019-12-10,195.86199951171875,QQQ,Invesco QQQ (Nasdaq-100 growth),130.52484850752765
2019-12-11,196.89939880371094,QQQ,Invesco QQQ (Nasdaq-100 growth),131.21618417124324
2019-12-12,198.36907958984375,QQQ,Invesco QQQ (Nasdaq-100 growth),132.19559754618396
2019-12-13,199.0222930908203,QQQ,Invesco QQQ (Nasdaq-100 growth),132.63090706753363
2019-12-16,201.02032470703125,QQQ,Invesco QQQ (Nasdaq-100 growth),133.96241994225838
2019-12-17,201.13558959960938,QQQ,Invesco QQQ (Nasdaq-100 growth),134.0392338861551
2019-12-18,201.28929138183594,QQQ,Invesco QQQ (Nasdaq-100 growth),134.14166264666235
2019-12-19,202.547607421875,QQQ,Invesco QQQ (Nasdaq-100 growth),134.98021995185758
2019-12-20,203.36410522460938,QQQ,Invesco QQQ (Nasdaq-100 growth),135.5243441427385
2019-12-23,203.9012908935547,QQQ,Invesco QQQ (Nasdaq-100 growth),135.8823312879443
2019-12-24,204.00721740722656,QQQ,Invesco QQQ (Nasdaq-100 growth),135.95292202113615
2019-12-26,205.80734252929688,QQQ,Invesco QQQ (Nasdaq-100 growth),137.15254757095477
2019-12-27,205.634033203125,QQQ,Invesco QQQ (Nasdaq-100 growth),137.03705210169622
2019-12-30,204.28636169433594,QQQ,Invesco QQQ (Nasdaq-100 growth),136.13894721171687
2019-12-31,204.67141723632812,QQQ,Invesco QQQ (Nasdaq-100 growth),136.39555296684452
2020-01-02,208.08888244628906,QQQ,Invesco QQQ (Nasdaq-100 growth),138.67299386871383
2020-01-03,206.18280029296875,QQQ,Invesco QQQ (Nasdaq-100 growth),137.40275724841348
2020-01-06,207.51126098632812,QQQ,Invesco QQQ (Nasdaq-100 growth),138.28805981441002
2020-01-07,207.48243713378906,QQQ,Invesco QQQ (Nasdaq-100 growth),138.26885124411336
2020-01-08,209.0419158935547,QQQ,Invesco QQQ (Nasdaq-100 growth),139.30810709454155
2020-01-09,210.813232421875,QQQ,Invesco QQQ (Nasdaq-100 growth),140.48853424270848
2020-01-10,210.27415466308594,QQQ,Invesco QQQ (Nasdaq-100 growth),140.12928618552976
2020-01-13,212.70001220703125,QQQ,Invesco QQQ (Nasdaq-100 growth),141.7459075271564
2020-01-14,211.8625030517578,QQQ,Invesco QQQ (Nasdaq-100 growth),141.18778111218944
2020-01-15,211.94911193847656,QQQ,Invesco QQQ (Nasdaq-100 growth),141.2454983408839
2020-01-16,213.98033142089844,QQQ,Invesco QQQ (Nasdaq-100 growth),142.59912801835887
2020-01-17,215.03929138183594,QQQ,Invesco QQQ (Nasdaq-100 growth),143.30483197737843
2020-01-21,214.9429931640625,QQQ,Invesco QQQ (Nasdaq-100 growth),143.2406576591454
2020-01-22,215.510986328125,QQQ,Invesco QQQ (Nasdaq-100 growth),143.6191752984904
2020-01-23,216.20413208007812,QQQ,Invesco QQQ (Nasdaq-100 growth),144.081096163655
2020-01-24,214.38467407226562,QQQ,Invesco QQQ (Nasdaq-100 growth),142.86858694069403
2020-01-27,209.9564208984375,QQQ,Invesco QQQ (Nasdaq-100 growth),139.9175444918891
2020-01-28,213.1813507080078,QQQ,Invesco QQQ (Nasdaq-100 growth),142.0666774318721
2020-01-29,213.52793884277344,QQQ,Invesco QQQ (Nasdaq-100 growth),142.29764803309934
2020-01-30,214.2884521484375,QQQ,Invesco QQQ (Nasdaq-100 growth),142.8044634656857
2020-01-31,210.8901824951172,QQQ,Invesco QQQ (Nasdaq-100 growth),140.53981471915424
2020-02-03,214.0766143798828,QQQ,Invesco QQQ (Nasdaq-100 growth),142.66329216794696
2020-02-04,218.97659301757812,QQQ,Invesco QQQ (Nasdaq-100 growth),145.92869827515378
2020-02-05,219.69857788085938,QQQ,Invesco QQQ (Nasdaq-100 growth),146.40983787925995
2020-02-06,221.59500122070312,QQQ,Invesco QQQ (Nasdaq-100 growth),147.6736377473116
2020-02-07,220.64198303222656,QQQ,Invesco QQQ (Nasdaq-100 growth),147.03853469012884
2020-02-10,223.3085479736328,QQQ,Invesco QQQ (Nasdaq-100 growth),148.8155664057257
2020-02-11,223.34706115722656,QQQ,Invesco QQQ (Nasdaq-100 growth),148.84123206556092
2020-02-12,225.522705078125,QQQ,Invesco QQQ (Nasdaq-100 growth),150.29110796741804
2020-02-13,225.23385620117188,QQQ,Invesco QQQ (Nasdaq-100 growth),150.09861551865376
2020-02-14,225.87884521484375,QQQ,Invesco QQQ (Nasdaq-100 growth),150.52844414037938
2020-02-18,225.9654998779297,QQQ,Invesco QQQ (Nasdaq-100 growth),150.58619187500864
2020-02-19,228.1314697265625,QQQ,Invesco QQQ (Nasdaq-100 growth),152.02962085597213
2020-02-20,226.01361083984375,QQQ,Invesco QQQ (Nasdaq-100 growth),150.6182536125128
2020-02-21,221.67202758789062,QQQ,Invesco QQQ (Nasdaq-100 growth),147.72496906698208
2020-02-24,213.12356567382812,QQQ,Invesco QQQ (Nasdaq-100 growth),142.0281687734743
2020-02-25,207.32835388183594,QQQ,Invesco QQQ (Nasdaq-100 growth),138.16616826748253
2020-02-26,208.3968963623047,QQQ,Invesco QQQ (Nasdaq-100 growth),138.87825813552607
2020-02-27,197.961669921875,QQQ,Invesco QQQ (Nasdaq-100 growth),131.92409472621534
2020-02-28,198.11575317382812,QQQ,Invesco QQQ (Nasdaq-100 growth),132.02677770284618
2020-03-02,208.3391571044922,QQQ,Invesco QQQ (Nasdaq-100 growth),138.8397799830631
2020-03-03,201.6582489013672,QQQ,Invesco QQQ (Nasdaq-100 growth),134.3875404813755
2020-03-04,210.07196044921875,QQQ,Invesco QQQ (Nasdaq-100 growth),139.9945414713948
2020-03-05,203.68948364257812,QQQ,Invesco QQQ (Nasdaq-100 growth),135.74118032749544
2020-03-06,200.2528076171875,QQQ,Invesco QQQ (Nasdaq-100 growth),133.45093710164335
2020-03-09,186.34239196777344,QQQ,Invesco QQQ (Nasdaq-100 growth),124.18086480664525
2020-03-10,196.48878479003906,QQQ,Invesco QQQ (Nasdaq-100 growth),130.94254593583668
2020-03-11,187.9307403564453,QQQ,Invesco QQQ (Nasdaq-100 growth),125.23935973330491
2020-03-12,170.69908142089844,QQQ,Invesco QQQ (Nasdaq-100 growth),113.75597001144583
2020-03-13,185.15823364257812,QQQ,Invesco QQQ (Nasdaq-100 growth),123.3917271158713
2020-03-16,162.97854614257812,QQQ,Invesco QQQ (Nasdaq-100 growth),108.61091022388102
2020-03-17,175.339111328125,QQQ,Invesco QQQ (Nasdaq-100 growth),116.84814308340974
2020-03-18,170.00599670410156,QQQ,Invesco QQQ (Nasdaq-100 growth),113.29408982086102
2020-03-19,171.02642822265625,QQQ,Invesco QQQ (Nasdaq-100 growth),113.97411795140039
2020-03-20,164.32627868652344,QQQ,Invesco QQQ (Nasdaq-100 growth),109.50905578844012
2020-03-23,164.4449462890625,QQQ,Invesco QQQ (Nasdaq-100 growth),109.58813734015907
2020-03-24,177.17913818359375,QQQ,Invesco QQQ (Nasdaq-100 growth),118.07435963975338
2020-03-25,175.8671417236328,QQQ,Invesco QQQ (Nasdaq-100 growth),117.20002904164996
2020-03-26,185.1283721923828,QQQ,Invesco QQQ (Nasdaq-100 growth),123.37182707771855
2020-03-27,178.7612762451172,QQQ,Invesco QQQ (Nasdaq-100 growth),119.12871592792139
2020-03-30,185.26344299316406,QQQ,Invesco QQQ (Nasdaq-100 growth),123.46183992275084
2020-03-31,183.68130493164062,QQQ,Invesco QQQ (Nasdaq-100 growth),122.40748363458283
2020-04-01,175.87680053710938,QQQ,Invesco QQQ (Nasdaq-100 growth),117.20646579389864
2020-04-02,179.44622802734375,QQQ,Invesco QQQ (Nasdaq-100 growth),119.58517623075177
2020-04-03,176.89935302734375,QQQ,Invesco QQQ (Nasdaq-100 growth),117.88790736608505
2020-04-06,189.5467529296875,QQQ,Invesco QQQ (Nasdaq-100 growth),126.3162904132456
2020-04-07,189.46957397460938,QQQ,Invesco QQQ (Nasdaq-100 growth),126.2648574071257
2020-04-08,193.4924774169922,QQQ,Invesco QQQ (Nasdaq-100 growth),128.9457698030293
2020-04-09,193.772216796875,QQQ,Invesco QQQ (Nasdaq-100 growth),129.13219157076279
2020-04-13,195.86563110351562,QQQ,Invesco QQQ (Nasdaq-100 growth),130.52726864502398
2020-04-14,204.38406372070312,QQQ,Invesco QQQ (Nasdaq-100 growth),136.20405704528463
2020-04-15,202.039794921875,QQQ,Invesco QQQ (Nasdaq-100 growth),134.64180744816636
2020-04-16,205.72499084472656,QQQ,Invesco QQQ (Nasdaq-100 growth),137.0976673941993
2020-04-17,207.69300842285156,QQQ,Invesco QQQ (Nasdaq-100 growth),138.40917854432186
2020-04-20,205.2329864501953,QQQ,Invesco QQQ (Nasdaq-100 growth),136.76978960666867
2020-04-21,197.6599884033203,QQQ,Invesco QQQ (Nasdaq-100 growth),131.7230504470543
2020-04-22,203.5254364013672,QQQ,Invesco QQQ (Nasdaq-100 growth),135.63185722571708
2020-04-23,203.09133911132812,QQQ,Invesco QQQ (Nasdaq-100 growth),135.34256944574378
2020-04-24,206.29420471191406,QQQ,Invesco QQQ (Nasdaq-100 growth),137.47699852513975
2020-04-27,207.9534912109375,QQQ,Invesco QQQ (Nasdaq-100 growth),138.58276748213777
2020-04-28,204.03672790527344,QQQ,Invesco QQQ (Nasdaq-100 growth),135.9725881804552
2020-04-29,211.27210998535156,QQQ,Invesco QQQ (Nasdaq-100 growth),140.79433590206864
2020-04-30,211.18527221679688,QQQ,Invesco QQQ (Nasdaq-100 growth),140.73646614370003
2020-05-01,205.2329864501953,QQQ,Invesco QQQ (Nasdaq-100 growth),136.76978960666867
2020-05-04,207.62551879882812,QQQ,Invesco QQQ (Nasdaq-100 growth),138.36420262774055
2020-05-05,209.9794158935547,QQQ,Invesco QQQ (Nasdaq-100 growth),139.93286863981766
2020-05-06,211.27210998535156,QQQ,Invesco QQQ (Nasdaq-100 growth),140.79433590206864
2020-05-07,213.9925994873047,QQQ,Invesco QQQ (Nasdaq-100 growth),142.60730360889278
2020-05-08,216.92530822753906,QQQ,Invesco QQQ (Nasdaq-100 growth),144.5616968295792
2020-05-11,218.86439514160156,QQQ,Invesco QQQ (Nasdaq-100 growth),145.8539282288905
2020-05-12,214.281982421875,QQQ,Invesco QQQ (Nasdaq-100 growth),142.80015196023
2020-05-13,211.60008239746094,QQQ,Invesco QQQ (Nasdaq-100 growth),141.01290075646583
2020-05-14,214.00222778320312,QQQ,Invesco QQQ (Nasdaq-100 growth),142.61372002385158
2020-05-15,215.39141845703125,QQQ,Invesco QQQ (Nasdaq-100 growth),143.53949379671985
2020-05-18,219.4046173095703,QQQ,Invesco QQQ (Nasdaq-100 growth),146.2139389344399
2020-05-19,218.85475158691406,QQQ,Invesco QQQ (Nasdaq-100 growth),145.84750164528674
2020-05-20,223.22491455078125,QQQ,Invesco QQQ (Nasdaq-100 growth),148.75983206279506
2020-05-21,220.7938232421875,QQQ,Invesco QQQ (Nasdaq-100 growth),147.1397228759531
2020-05-22,221.555908203125,QQQ,Invesco QQQ (Nasdaq-100 growth),147.64758567896857
2020-05-26,220.95779418945312,QQQ,Invesco QQQ (Nasdaq-100 growth),147.24899513450677
2020-05-27,222.16371154785156,QQQ,Invesco QQQ (Nasdaq-100 growth),148.05263331296894
2020-05-28,221.87435913085938,QQQ,Invesco QQQ (Nasdaq-100 growth),147.85980529892154
2020-05-29,225.1253662109375,QQQ,Invesco QQQ (Nasdaq-100 growth),150.02631645311158
2020-06-01,225.8006591796875,QQQ,Invesco QQQ (Nasdaq-100 growth),150.47634000369325
2020-06-02,227.31524658203125,QQQ,Invesco QQQ (Nasdaq-100 growth),151.48567970070016
2020-06-03,228.33787536621094,QQQ,Invesco QQQ (Nasdaq-100 growth),152.1671721161113
2020-06-04,226.7364501953125,QQQ,Invesco QQQ (Nasdaq-100 growth),151.09996266073577
2020-06-05,231.23202514648438,QQQ,Invesco QQQ (Nasdaq-100 growth),154.09586917102766
2020-06-08,233.02638244628906,QQQ,Invesco QQQ (Nasdaq-100 growth),155.29165097305798
2020-06-09,234.714599609375,QQQ,Invesco QQQ (Nasdaq-100 growth),156.41669968086725
2020-06-10,237.5315704345703,QQQ,Invesco QQQ (Nasdaq-100 growth),158.29396372966372
2020-06-11,225.7620849609375,QQQ,Invesco QQQ (Nasdaq-100 growth),150.45063366927823
2020-06-12,227.5564727783203,QQQ,Invesco QQQ (Nasdaq-100 growth),151.64643580859845
2020-06-15,230.3251495361328,QQQ,Invesco QQQ (Nasdaq-100 growth),153.49151609615146
2020-06-16,234.280517578125,QQQ,Invesco QQQ (Nasdaq-100 growth),156.12742206953888
2020-06-17,235.02333068847656,QQQ,Invesco QQQ (Nasdaq-100 growth),156.6224418739918
2020-06-18,235.66006469726562,QQQ,Invesco QQQ (Nasdaq-100 growth),157.0467692588034
2020-06-19,235.62147521972656,QQQ,Invesco QQQ (Nasdaq-100 growth),157.02105275574345
2020-06-22,238.44715881347656,QQQ,Invesco QQQ (Nasdaq-100 growth),158.9041231008022
2020-06-23,240.4765625,QQQ,Invesco QQQ (Nasdaq-100 growth),160.256542709529
2020-06-24,235.51902770996094,QQQ,Invesco QQQ (Nasdaq-100 growth),156.95278047359855
2020-06-25,237.76101684570312,QQQ,Invesco QQQ (Nasdaq-100 growth),158.44686964366628
2020-06-26,232.1463165283203,QQQ,Invesco QQQ (Nasdaq-100 growth),154.705164207346
2020-06-29,234.67823791503906,QQQ,Invesco QQQ (Nasdaq-100 growth),156.39246779996893
2020-06-30,239.2782440185547,QQQ,Invesco QQQ (Nasdaq-100 growth),159.4579685162483
2020-07-01,242.0711669921875,QQQ,Invesco QQQ (Nasdaq-100 growth),161.31920678061513
2020-07-02,243.71397399902344,QQQ,Invesco QQQ (Nasdaq-100 growth),162.4139936010751
2020-07-06,249.7056121826172,QQQ,Invesco QQQ (Nasdaq-100 growth),166.40689507341355
2020-07-07,247.9854278564453,QQQ,Invesco QQQ (Nasdaq-100 growth),165.26054305444944
2020-07-08,251.2519073486328,QQQ,Invesco QQQ (Nasdaq-100 growth),167.43736521461128
2020-07-09,253.3682098388672,QQQ,Invesco QQQ (Nasdaq-100 growth),168.84769525628647
2020-07-10,255.09811401367188,QQQ,Invesco QQQ (Nasdaq-100 growth),170.00052470207905
2020-07-13,249.8505859375,QQQ,Invesco QQQ (Nasdaq-100 growth),166.50350736901362
2020-07-14,251.61904907226562,QQQ,Invesco QQQ (Nasdaq-100 growth),167.68203298057625
2020-07-15,252.1312713623047,QQQ,Invesco QQQ (Nasdaq-100 growth),168.0233842226559
2020-07-16,250.41104125976562,QQQ,Invesco QQQ (Nasdaq-100 growth),166.87700169775695
2020-07-17,250.7009735107422,QQQ,Invesco QQQ (Nasdaq-100 growth),167.07021612031215
2020-07-20,257.8136901855469,QQQ,Invesco QQQ (Nasdaq-100 growth),171.81021810523166
2020-07-21,255.12710571289062,QQQ,Invesco QQQ (Nasdaq-100 growth),170.01984512747006
2020-07-22,256.0257873535156,QQQ,Invesco QQQ (Nasdaq-100 growth),170.61873764001209
2020-07-23,249.3384246826172,QQQ,Invesco QQQ (Nasdaq-100 growth),166.16219680151374
2020-07-24,246.9707794189453,QQQ,Invesco QQQ (Nasdaq-100 growth),164.58436884034333
2020-07-27,251.3774871826172,QQQ,Invesco QQQ (Nasdaq-100 growth),167.52105316248924
2020-07-28,248.17872619628906,QQQ,Invesco QQQ (Nasdaq-100 growth),165.38935944858287
2020-07-29,251.0392303466797,QQQ,Invesco QQQ (Nasdaq-100 growth),167.2956346414007
2020-07-30,252.3535614013672,QQQ,Invesco QQQ (Nasdaq-100 growth),168.17152104218036
2020-07-31,256.85687255859375,QQQ,Invesco QQQ (Nasdaq-100 growth),171.17258305545818
2020-08-03,260.3262634277344,QQQ,Invesco QQQ (Nasdaq-100 growth),173.4846278560673
2020-08-04,261.29266357421875,QQQ,Invesco QQQ (Nasdaq-100 growth),174.12864881486476
2020-08-05,261.9400939941406,QQQ,Invesco QQQ (Nasdaq-100 growth),174.5601044197812
2020-08-06,265.40948486328125,QQQ,Invesco QQQ (Nasdaq-100 growth),176.87214922039033
2020-08-07,262.34600830078125,QQQ,Invesco QQQ (Nasdaq-100 growth),174.83061071254542
2020-08-10,261.2249450683594,QQQ,Invesco QQQ (Nasdaq-100 growth),174.0835203686093
2020-08-11,256.27703857421875,QQQ,Invesco QQQ (Nasdaq-100 growth),170.78617454763767
2020-08-12,262.722900390625,QQQ,Invesco QQQ (Nasdaq-100 growth),175.08177624262876
2020-08-13,263.3220520019531,QQQ,Invesco QQQ (Nasdaq-100 growth),175.48105825494665
2020-08-14,263.0128173828125,QQQ,Invesco QQQ (Nasdaq-100 growth),175.274980496539
2020-08-17,266.066650390625,QQQ,Invesco QQQ (Nasdaq-100 growth),177.31009242078017
2020-08-18,268.6275939941406,QQQ,Invesco QQQ (Nasdaq-100 growth),179.016736776084
2020-08-19,266.82037353515625,QQQ,Invesco QQQ (Nasdaq-100 growth),177.81238280636703
2020-08-20,270.5216369628906,QQQ,Invesco QQQ (Nasdaq-100 growth),180.2789503355246
2020-08-21,272.396484375,QQQ,Invesco QQQ (Nasdaq-100 growth),181.52837173962737
2020-08-24,274.0972595214844,QQQ,Invesco QQQ (Nasdaq-100 growth),182.66178924222444
2020-08-25,276.25238037109375,QQQ,Invesco QQQ (Nasdaq-100 growth),184.09798831663372
2020-08-26,282.1473693847656,QQQ,Invesco QQQ (Nasdaq-100 growth),188.02648159190542
2020-08-27,281.2679443359375,QQQ,Invesco QQQ (Nasdaq-100 growth),187.44042190928104
2020-08-28,282.6981201171875,QQQ,Invesco QQQ (Nasdaq-100 growth),188.39350866246525
2020-08-31,284.96923828125,QQQ,Invesco QQQ (Nasdaq-100 growth),189.9070097757285
2020-09-01,289.8397521972656,QQQ,Invesco QQQ (Nasdaq-100 growth),193.15278022955107
2020-09-02,292.58441162109375,QQQ,Invesco QQQ (Nasdaq-100 growth),194.98185506996435
2020-09-03,277.7503356933594,QQQ,Invesco QQQ (Nasdaq-100 growth),185.09624419065315
2020-09-04,274.0489807128906,QQQ,Invesco QQQ (Nasdaq-100 growth),182.62961564962592
2020-09-08,260.8771057128906,QQQ,Invesco QQQ (Nasdaq-100 growth),173.8517159384968
2020-09-09,268.5405578613281,QQQ,Invesco QQQ (Nasdaq-100 growth),178.95873482533116
2020-09-10,263.1867980957031,QQQ,Invesco QQQ (Nasdaq-100 growth),175.39092338617505
2020-09-11,261.3603515625,QQQ,Invesco QQQ (Nasdaq-100 growth),174.17375692383035
2020-09-14,265.9120788574219,QQQ,Invesco QQQ (Nasdaq-100 growth),177.20708404751116
2020-09-15,269.6808776855469,QQQ,Invesco QQQ (Nasdaq-100 growth),179.71865799918487
2020-09-16,265.3804931640625,QQQ,Invesco QQQ (Nasdaq-100 growth),176.8528287949993
2020-09-17,261.2347106933594,QQQ,Invesco QQQ (Nasdaq-100 growth),174.0900283013726
2020-09-18,257.900634765625,QQQ,Invesco QQQ (Nasdaq-100 growth),171.86815904411483
2020-09-21,258.51910400390625,QQQ,Invesco QQQ (Nasdaq-100 growth),172.28031456093012
2020-09-22,263.3220520019531,QQQ,Invesco QQQ (Nasdaq-100 growth),175.48105825494665
2020-09-23,255.28172302246094,QQQ,Invesco QQQ (Nasdaq-100 growth),170.12288400667387
2020-09-24,256.47039794921875,QQQ,Invesco QQQ (Nasdaq-100 growth),170.91503161635086
2020-09-25,262.4329833984375,QQQ,Invesco QQQ (Nasdaq-100 growth),174.8885719887185
2020-09-28,267.8834228515625,QQQ,Invesco QQQ (Nasdaq-100 growth),178.52081196223122
2020-09-29,266.6754150390625,QQQ,Invesco QQQ (Nasdaq-100 growth),177.71578067941192
2020-09-30,268.501953125,QQQ,Invesco QQQ (Nasdaq-100 growth),178.93300815362625
2020-10-01,272.7637634277344,QQQ,Invesco QQQ (Nasdaq-100 growth),181.77313102339684
2020-10-02,265.09051513671875,QQQ,Invesco QQQ (Nasdaq-100 growth),176.65958386650928
2020-10-05,270.7439880371094,QQQ,Invesco QQQ (Nasdaq-100 growth),180.42712782962883
2020-10-06,265.9120788574219,QQQ,Invesco QQQ (Nasdaq-100 growth),177.20708404751116
2020-10-07,270.51202392578125,QQQ,Invesco QQQ (Nasdaq-100 growth),180.27254408921075
2020-10-08,271.9518737792969,QQQ,Invesco QQQ (Nasdaq-100 growth),181.2320777632886
2020-10-09,276.1073303222656,QQQ,Invesco QQQ (Nasdaq-100 growth),184.00132517780892
2020-10-12,284.6310119628906,QQQ,Invesco QQQ (Nasdaq-100 growth),189.68161159192985
2020-10-13,284.621337890625,QQQ,Invesco QQQ (Nasdaq-100 growth),189.6751646710362
2020-10-14,282.24395751953125,QQQ,Invesco QQQ (Nasdaq-100 growth),188.09084911439237
2020-10-15,280.3498229980469,QQQ,Invesco QQQ (Nasdaq-100 growth),186.8285745430821
2020-10-16,278.8132629394531,QQQ,Invesco QQQ (Nasdaq-100 growth),185.8045919973578
2020-10-19,274.26153564453125,QQQ,Invesco QQQ (Nasdaq-100 growth),182.77126487367696
2020-10-20,274.85107421875,QQQ,Invesco QQQ (Nasdaq-100 growth),183.164140639681
2020-10-21,274.63848876953125,QQQ,Invesco QQQ (Nasdaq-100 growth),183.02247107834006
2020-10-22,274.6288757324219,QQQ,Invesco QQQ (Nasdaq-100 growth),183.0160648320262
2020-10-23,275.1700134277344,QQQ,Invesco QQQ (Nasdaq-100 growth),183.37668565627214
2020-10-26,271.04351806640625,QQQ,Invesco QQQ (Nasdaq-100 growth),180.62673832985294
2020-10-27,273.1599426269531,QQQ,Invesco QQQ (Nasdaq-100 growth),182.03714972068767
2020-10-28,262.5103454589844,QQQ,Invesco QQQ (Nasdaq-100 growth),174.9401270185777
2020-10-29,267.1005859375,QQQ,Invesco QQQ (Nasdaq-100 growth),177.99911980209376
2020-10-30,260.3262634277344,QQQ,Invesco QQQ (Nasdaq-100 growth),173.4846278560673
2020-11-02,260.9060974121094,QQQ,Invesco QQQ (Nasdaq-100 growth),173.8710363638878
2020-11-03,265.4190673828125,QQQ,Invesco QQQ (Nasdaq-100 growth),176.8785351294143
2020-11-04,277.2671203613281,QQQ,Invesco QQQ (Nasdaq-100 growth),184.77422354260946
2020-11-05,284.4956970214844,QQQ,Invesco QQQ (Nasdaq-100 growth),189.59143604857846
2020-11-06,284.708251953125,QQQ,Invesco QQQ (Nasdaq-100 growth),189.7330852726295
2020-11-09,278.8906555175781,QQQ,Invesco QQQ (Nasdaq-100 growth),185.85616736450686
2020-11-10,273.8944396972656,QQQ,Invesco QQQ (Nasdaq-100 growth),182.5266276136468
2020-11-11,280.0213317871094,QQQ,Invesco QQQ (Nasdaq-100 growth),186.60966395475685
2020-11-12,278.7070007324219,QQQ,Invesco QQQ (Nasdaq-100 growth),185.7337775539772
2020-11-13,281.1519470214844,QQQ,Invesco QQQ (Nasdaq-100 growth),187.36311987042706
2020-11-16,283.3457336425781,QQQ,Invesco QQQ (Nasdaq-100 growth),188.82508629112098
2020-11-17,282.44696044921875,QQQ,Invesco QQQ (Nasdaq-100 growth),188.22613276670933
2020-11-18,280.35955810546875,QQQ,Invesco QQQ (Nasdaq-100 growth),186.83506213855551
2020-11-19,282.5532531738281,QQQ,Invesco QQQ (Nasdaq-100 growth),188.29696754737978
2020-11-20,280.62042236328125,QQQ,Invesco QQQ (Nasdaq-100 growth),187.00890529249497
2020-11-23,280.630126953125,QQQ,Invesco QQQ (Nasdaq-100 growth),187.0153725506785
2020-11-24,284.5730285644531,QQQ,Invesco QQQ (Nasdaq-100 growth),189.6429707411478
2020-11-25,286.3221130371094,QQQ,Invesco QQQ (Nasdaq-100 growth),190.80858217363328
2020-11-27,288.9603576660156,QQQ,Invesco QQQ (Nasdaq-100 growth),192.56674088421656
2020-11-30,289.5498962402344,QQQ,Invesco QQQ (Nasdaq-100 growth),192.95961665022057
2020-12-01,293.2608642578125,QQQ,Invesco QQQ (Nasdaq-100 growth),195.43265143756167
2020-12-02,293.63775634765625,QQQ,Invesco QQQ (Nasdaq-100 growth),195.683816967645
2020-12-03,294.0533142089844,QQQ,Invesco QQQ (Nasdaq-100 growth),195.96074984401298
2020-12-04,295.25152587890625,QQQ,Invesco QQQ (Nasdaq-100 growth),196.7592528567791
2020-12-07,296.9234313964844,QQQ,Invesco QQQ (Nasdaq-100 growth),197.8734312831447
2020-12-08,297.92852783203125,QQQ,Invesco QQQ (Nasdaq-100 growth),198.5432399255167
2020-12-09,291.1831359863281,QQQ,Invesco QQQ (Nasdaq-100 growth),194.0480277303015
2020-12-10,292.35235595703125,QQQ,Invesco QQQ (Nasdaq-100 growth),194.82721031767662
2020-12-11,291.70489501953125,QQQ,Invesco QQQ (Nasdaq-100 growth),194.3957343754703
2020-12-14,293.8214111328125,QQQ,Invesco QQQ (Nasdaq-100 growth),195.80620677817467
2020-12-15,296.96209716796875,QQQ,Invesco QQQ (Nasdaq-100 growth),197.89919862942935
2020-12-16,298.5953063964844,QQQ,Invesco QQQ (Nasdaq-100 growth),198.9875893722204
2020-12-17,300.54742431640625,QQQ,Invesco QQQ (Nasdaq-100 growth),200.28850479431273
2020-12-18,299.63897705078125,QQQ,Invesco QQQ (Nasdaq-100 growth),199.6831043490074
2020-12-21,299.0783996582031,QQQ,Invesco QQQ (Nasdaq-100 growth),199.30952867110454
2020-12-22,299.89178466796875,QQQ,Invesco QQQ (Nasdaq-100 growth),199.85157845841715
2020-12-23,298.3814392089844,QQQ,Invesco QQQ (Nasdaq-100 growth),198.8450656447043
2020-12-24,299.6980285644531,QQQ,Invesco QQQ (Nasdaq-100 growth),199.72245700493545
2020-12-28,302.7185974121094,QQQ,Invesco QQQ (Nasdaq-100 growth),201.73540128320164
2020-12-29,302.98974609375,QQQ,Invesco QQQ (Nasdaq-100 growth),201.91609810383244
2020-12-30,302.9993896484375,QQQ,Invesco QQQ (Nasdaq-100 growth),201.92252468743618
2020-12-31,303.744873046875,QQQ,Invesco QQQ (Nasdaq-100 growth),202.41932400475403
2021-01-04,299.4560241699219,QQQ,Invesco QQQ (Nasdaq-100 growth),199.56118229614512
2021-01-05,301.92474365234375,QQQ,Invesco QQQ (Nasdaq-100 growth),201.2063673614156
2021-01-06,297.7424621582031,QQQ,Invesco QQQ (Nasdaq-100 growth),198.4192434690861
2021-01-07,304.9454040527344,QQQ,Invesco QQQ (Nasdaq-100 growth),203.21937265155145
2021-01-08,308.8663635253906,QQQ,Invesco QQQ (Nasdaq-100 growth),205.83234833059322
2021-01-11,304.4031982421875,QQQ,Invesco QQQ (Nasdaq-100 growth),202.8580400221595
2021-01-12,303.9191589355469,QQQ,Invesco QQQ (Nasdaq-100 growth),202.53547026728893
2021-01-13,305.97161865234375,QQQ,Invesco QQQ (Nasdaq-100 growth),203.90325469852408
2021-01-14,304.3354797363281,QQQ,Invesco QQQ (Nasdaq-100 growth),202.81291157590405
2021-01-15,301.92474365234375,QQQ,Invesco QQQ (Nasdaq-100 growth),201.2063673614156
2021-01-19,306.32977294921875,QQQ,Invesco QQQ (Nasdaq-100 growth),204.14193313261785
2021-01-20,313.4553527832031,QQQ,Invesco QQQ (Nasdaq-100 growth),208.89050728522398
2021-01-21,315.9628601074219,QQQ,Invesco QQQ (Nasdaq-100 growth),210.5615410459387
2021-01-22,315.0528259277344,QQQ,Invesco QQQ (Nasdaq-100 growth),209.95508306155935
2021-01-25,317.6571044921875,QQQ,Invesco QQQ (Nasdaq-100 growth),211.6906063685003
2021-01-26,318.1217956542969,QQQ,Invesco QQQ (Nasdaq-100 growth),212.0002822815836
2021-01-27,309.2536315917969,QQQ,Invesco QQQ (Nasdaq-100 growth),206.09042853923754
2021-01-28,311.0833435058594,QQQ,Invesco QQQ (Nasdaq-100 growth),207.30977109159997
2021-01-29,304.538818359375,QQQ,Invesco QQQ (Nasdaq-100 growth),202.94841893840973
2021-02-01,312.1483154296875,QQQ,Invesco QQQ (Nasdaq-100 growth),208.0194814967269
2021-02-02,317.2408142089844,QQQ,Invesco QQQ (Nasdaq-100 growth),211.41318539717506
2021-02-03,315.98223876953125,QQQ,Invesco QQQ (Nasdaq-100 growth),210.57445522501584
2021-02-04,319.71929931640625,QQQ,Invesco QQQ (Nasdaq-100 growth),213.06487839520886
2021-02-05,320.80352783203125,QQQ,Invesco QQQ (Nasdaq-100 growth),213.78742163025342
2021-02-08,322.9528503417969,QQQ,Invesco QQQ (Nasdaq-100 growth),215.21975661958447
2021-02-09,322.88507080078125,QQQ,Invesco QQQ (Nasdaq-100 growth),215.17458749874925
2021-02-10,322.1492919921875,QQQ,Invesco QQQ (Nasdaq-100 growth),214.68425543961493
2021-02-11,323.9208984375,QQQ,Invesco QQQ (Nasdaq-100 growth),215.86487579203575
2021-02-12,325.7314453125,QQQ,Invesco QQQ (Nasdaq-100 growth),217.0714465263502
2021-02-16,324.8504638671875,QQQ,Invesco QQQ (Nasdaq-100 growth),216.48434964194166
2021-02-17,323.2916564941406,QQQ,Invesco QQQ (Nasdaq-100 growth),215.44554121189097
2021-02-18,321.8782653808594,QQQ,Invesco QQQ (Nasdaq-100 growth),214.50363996814366
2021-02-19,320.4743957519531,QQQ,Invesco QQQ (Nasdaq-100 growth),213.5680839588406
2021-02-22,312.1676330566406,QQQ,Invesco QQQ (Nasdaq-100 growth),208.03235500122432
2021-02-23,311.2383117675781,QQQ,Invesco QQQ (Nasdaq-100 growth),207.41304384963746
2021-02-24,313.8038635253906,QQQ,Invesco QQQ (Nasdaq-100 growth),209.12275913571398
2021-02-25,302.8638610839844,QQQ,Invesco QQQ (Nasdaq-100 growth),201.83220678305563
2021-02-26,304.1321105957031,QQQ,Invesco QQQ (Nasdaq-100 growth),202.67738387610848
2021-03-01,313.28106689453125,QQQ,Invesco QQQ (Nasdaq-100 growth),208.7743610226891
2021-03-02,308.2564392089844,QQQ,Invesco QQQ (Nasdaq-100 growth),205.42588725494582
2021-03-03,299.3108215332031,QQQ,Invesco QQQ (Nasdaq-100 growth),199.4644174708709
2021-03-04,294.4120178222656,QQQ,Invesco QQQ (Nasdaq-100 growth),196.1997943493247
2021-03-05,298.8460998535156,QQQ,Invesco QQQ (Nasdaq-100 growth),199.15472122049772
2021-03-08,290.3844909667969,QQQ,Invesco QQQ (Nasdaq-100 growth),193.5158008540035
2021-03-09,301.837646484375,QQQ,Invesco QQQ (Nasdaq-100 growth),201.148324736083
2021-03-10,300.9760437011719,QQQ,Invesco QQQ (Nasdaq-100 growth),200.5741420307516
2021-03-11,307.907958984375,QQQ,Invesco QQQ (Nasdaq-100 growth),205.19365574174572
2021-03-12,305.4100646972656,QQQ,Invesco QQQ (Nasdaq-100 growth),203.52902822734487
2021-03-15,308.6727600097656,QQQ,Invesco QQQ (Nasdaq-100 growth),205.70332856356094
2021-03-16,310.36700439453125,QQQ,Invesco QQQ (Nasdaq-100 growth),206.83239388612256
2021-03-17,311.64495849609375,QQQ,Invesco QQQ (Nasdaq-100 growth),207.68403823735895
2021-03-18,302.0990295410156,QQQ,Invesco QQQ (Nasdaq-100 growth),201.3225136239505
2021-03-19,303.1640930175781,QQQ,Invesco QQQ (Nasdaq-100 growth),202.0322850409471
2021-03-22,308.84930419921875,QQQ,Invesco QQQ (Nasdaq-100 growth),205.82097978554734
2021-03-23,307.50189208984375,QQQ,Invesco QQQ (Nasdaq-100 growth),204.92304776253204
2021-03-24,302.3158264160156,QQQ,Invesco QQQ (Nasdaq-100 growth),201.4669897312956
2021-03-25,301.7924499511719,QQQ,Invesco QQQ (Nasdaq-100 growth),201.11820520976286
2021-03-26,306.3192443847656,QQQ,Invesco QQQ (Nasdaq-100 growth),204.13491676760742
2021-03-29,306.2320556640625,QQQ,Invesco QQQ (Nasdaq-100 growth),204.07681313040516
2021-03-30,304.6907653808594,QQQ,Invesco QQQ (Nasdaq-100 growth),203.0496783047486
2021-03-31,309.35345458984375,QQQ,Invesco QQQ (Nasdaq-100 growth),206.15695181445233
2021-04-01,314.6267395019531,QQQ,Invesco QQQ (Nasdaq-100 growth),209.67113382018093
2021-04-05,320.908203125,QQQ,Invesco QQQ (Nasdaq-100 growth),213.85717853455998
2021-04-06,320.68524169921875,QQQ,Invesco QQQ (Nasdaq-100 growth),213.70859429465804
2021-04-07,321.46075439453125,QQQ,Invesco QQQ (Nasdaq-100 growth),214.22540550522302
2021-04-08,324.814697265625,QQQ,Invesco QQQ (Nasdaq-100 growth),216.4605143381961
2021-04-09,326.7825622558594,QQQ,Invesco QQQ (Nasdaq-100 growth),217.77192380186924
2021-04-12,326.35614013671875,QQQ,Invesco QQQ (Nasdaq-100 growth),217.4877508503021
2021-04-13,330.1656799316406,QQQ,Invesco QQQ (Nasdaq-100 growth),220.02647508397266
2021-04-14,326.2009582519531,QQQ,Invesco QQQ (Nasdaq-100 growth),217.38433573123538
2021-04-15,331.1446533203125,QQQ,Invesco QQQ (Nasdaq-100 growth),220.67887500620287
2021-04-16,331.53253173828125,QQQ,Invesco QQQ (Nasdaq-100 growth),220.9373619606449
2021-04-19,328.4984130859375,QQQ,Invesco QQQ (Nasdaq-100 growth),218.91538792566965
2021-04-20,326.1040954589844,QQQ,Invesco QQQ (Nasdaq-100 growth),217.31978517313948
2021-04-21,328.8958435058594,QQQ,Invesco QQQ (Nasdaq-100 growth),219.18024045184578
2021-04-22,324.93115234375,QQQ,Invesco QQQ (Nasdaq-100 growth),216.53812143639837
2021-04-23,329.02178955078125,QQQ,Invesco QQQ (Nasdaq-100 growth),219.26417244720236
2021-04-26,331.16400146484375,QQQ,Invesco QQQ (Nasdaq-100 growth),220.69176884799015
2021-04-27,329.7294921875,QQQ,Invesco QQQ (Nasdaq-100 growth),219.7357941996422
2021-04-28,328.6146545410156,QQQ,Invesco QQQ (Nasdaq-100 growth),218.99285266284272
2021-04-29,329.7974548339844,QQQ,Invesco QQQ (Nasdaq-100 growth),219.78108534421676
2021-04-30,327.6355895996094,QQQ,Invesco QQQ (Nasdaq-100 growth),218.34039172874284
2021-05-03,325.8907775878906,QQQ,Invesco QQQ (Nasdaq-100 growth),217.1776275168413
2021-05-04,320.0261535644531,QQQ,Invesco QQQ (Nasdaq-100 growth),213.26936984500546
2021-05-05,318.9500732421875,QQQ,Invesco QQQ (Nasdaq-100 growth),212.55225666636025
2021-05-06,321.35406494140625,QQQ,Invesco QQQ (Nasdaq-100 growth),214.15430633978406
2021-05-07,323.9617004394531,QQQ,Invesco QQQ (Nasdaq-100 growth),215.8920667486124
2021-05-10,315.7802734375,QQQ,Invesco QQQ (Nasdaq-100 growth),210.439863040555
2021-05-11,315.3441467285156,QQQ,Invesco QQQ (Nasdaq-100 growth),210.14922283080432
2021-05-12,307.1820373535156,QQQ,Invesco QQQ (Nasdaq-100 growth),204.70989262724433
2021-05-13,309.55706787109375,QQQ,Invesco QQQ (Nasdaq-100 growth),206.292642212567
2021-05-14,316.3909606933594,QQQ,Invesco QQQ (Nasdaq-100 growth),210.84683254844953
2021-05-17,314.4716491699219,QQQ,Invesco QQQ (Nasdaq-100 growth),209.5677797129839
2021-05-18,312.3487548828125,QQQ,Invesco QQQ (Nasdaq-100 growth),208.1530568166935
2021-05-19,312.7074279785156,QQQ,Invesco QQQ (Nasdaq-100 growth),208.3920809847153
2021-05-20,318.7562255859375,QQQ,Invesco QQQ (Nasdaq-100 growth),212.4230742010089
2021-05-21,316.9919738769531,QQQ,Invesco QQQ (Nasdaq-100 growth),211.24735513545042
2021-05-24,322.323486328125,QQQ,Invesco QQQ (Nasdaq-100 growth),214.80034069028017
2021-05-25,322.7694396972656,QQQ,Invesco QQQ (Nasdaq-100 growth),215.0975295073739
2021-05-26,323.89385986328125,QQQ,Invesco QQQ (Nasdaq-100 growth),215.84685695319737
2021-05-27,322.68218994140625,QQQ,Invesco QQQ (Nasdaq-100 growth),215.03938519559185
2021-05-28,323.6999816894531,QQQ,Invesco QQQ (Nasdaq-100 growth),215.71765415055614
2021-06-01,322.62396240234375,QQQ,Invesco QQQ (Nasdaq-100 growth),215.00058164649073
2021-06-02,323.2541198730469,QQQ,Invesco QQQ (Nasdaq-100 growth),215.42052634533206
2021-06-03,319.8904724121094,QQQ,Invesco QQQ (Nasdaq-100 growth),213.17895025417545
2021-06-04,325.31890869140625,QQQ,Invesco QQQ (Nasdaq-100 growth),216.79652704168086
2021-06-07,326.2882080078125,QQQ,Invesco QQQ (Nasdaq-100 growth),217.44248004301744
2021-06-08,326.4433288574219,QQQ,Invesco QQQ (Nasdaq-100 growth),217.54585448750436
2021-06-09,326.5209045410156,QQQ,Invesco QQQ (Nasdaq-100 growth),217.59755187839278
2021-06-10,329.9233703613281,QQQ,Invesco QQQ (Nasdaq-100 growth),219.86499700228347
2021-06-11,330.78607177734375,QQQ,Invesco QQQ (Nasdaq-100 growth),220.43991185005072
2021-06-14,333.9559020996094,QQQ,Invesco QQQ (Nasdaq-100 growth),222.55232581314587
2021-06-15,331.7747802734375,QQQ,Invesco QQQ (Nasdaq-100 growth),221.09879936775434
2021-06-16,330.5631103515625,QQQ,Invesco QQQ (Nasdaq-100 growth),220.29132761014878
2021-06-17,334.7604675292969,QQQ,Invesco QQQ (Nasdaq-100 growth),223.08849812368163
2021-06-18,332.1334533691406,QQQ,Invesco QQQ (Nasdaq-100 growth),221.33782353577615
2021-06-21,334.1977233886719,QQQ,Invesco QQQ (Nasdaq-100 growth),222.7134784981969
2021-06-22,337.3128662109375,QQQ,Invesco QQQ (Nasdaq-100 growth),224.7894480378176
2021-06-23,337.47796630859375,QQQ,Invesco QQQ (Nasdaq-100 growth),224.899472776097
2021-06-24,339.5645446777344,QQQ,Invesco QQQ (Nasdaq-100 growth),226.2899942974239
2021-06-25,339.14715576171875,QQQ,Invesco QQQ (Nasdaq-100 growth),226.01184118366282
2021-06-28,343.2717590332031,QQQ,Invesco QQQ (Nasdaq-100 growth),228.76052759810912
2021-06-29,344.5140380859375,QQQ,Invesco QQQ (Nasdaq-100 growth),229.5883976574696
2021-06-30,343.9705505371094,QQQ,Invesco QQQ (Nasdaq-100 growth),229.22621086190247
2021-07-01,344.1064147949219,QQQ,Invesco QQQ (Nasdaq-100 growth),229.31675247647178
2021-07-02,348.0562744140625,QQQ,Invesco QQQ (Nasdaq-100 growth),231.94898756903493
2021-07-06,349.560546875,QQQ,Invesco QQQ (Nasdaq-100 growth),232.95145326206062
2021-07-07,350.29815673828125,QQQ,Invesco QQQ (Nasdaq-100 growth),233.44300555858808
2021-07-08,348.1824645996094,QQQ,Invesco QQQ (Nasdaq-100 growth),232.0330822627106
2021-07-09,350.3564147949219,QQQ,Invesco QQQ (Nasdaq-100 growth),233.4818294449791
2021-07-12,351.7247314453125,QQQ,Invesco QQQ (Nasdaq-100 growth),234.3936925115658
2021-07-13,351.7247314453125,QQQ,Invesco QQQ (Nasdaq-100 growth),234.3936925115658
2021-07-14,352.3555603027344,QQQ,Invesco QQQ (Nasdaq-100 growth),234.81408463078463
2021-07-15,349.88079833984375,QQQ,Invesco QQQ (Nasdaq-100 growth),233.16487278211684
2021-07-16,347.0469970703125,QQQ,Invesco QQQ (Nasdaq-100 growth),231.27639271794862
2021-07-19,344.2033996582031,QQQ,Invesco QQQ (Nasdaq-100 growth),229.38138438372724
2021-07-20,348.201904296875,QQQ,Invesco QQQ (Nasdaq-100 growth),232.04603711636753
2021-07-21,350.89013671875,QQQ,Invesco QQQ (Nasdaq-100 growth),233.8375083077829
2021-07-22,353.2095947265625,QQQ,Invesco QQQ (Nasdaq-100 growth),235.38322368822446
2021-07-23,357.3340759277344,QQQ,Invesco QQQ (Nasdaq-100 growth),238.13182875351123
2021-07-26,357.6156005859375,QQQ,Invesco QQQ (Nasdaq-100 growth),238.31944025270303
2021-07-27,353.67547607421875,QQQ,Invesco QQQ (Nasdaq-100 growth),235.69369275561328
2021-07-28,355.0341491699219,QQQ,Invesco QQQ (Nasdaq-100 growth),236.59912923859628
2021-07-29,355.66497802734375,QQQ,Invesco QQQ (Nasdaq-100 growth),237.01952135781508
2021-07-30,353.81134033203125,QQQ,Invesco QQQ (Nasdaq-100 growth),235.78423437018262
2021-08-02,353.8404541015625,QQQ,Invesco QQQ (Nasdaq-100 growth),235.80363614473316
2021-08-03,355.9852294921875,QQQ,Invesco QQQ (Nasdaq-100 growth),237.23294087787133
2021-08-04,356.4994812011719,QQQ,Invesco QQQ (Nasdaq-100 growth),237.57564454972834
2021-08-05,358.7607727050781,QQQ,Invesco QQQ (Nasdaq-100 growth),239.0825970556485
2021-08-06,357.1885986328125,QQQ,Invesco QQQ (Nasdaq-100 growth),238.03488089262805
2021-08-09,357.84857177734375,QQQ,Invesco QQQ (Nasdaq-100 growth),238.47469512368733
2021-08-10,356.01434326171875,QQQ,Invesco QQQ (Nasdaq-100 growth),237.25234265242187
2021-08-11,355.4028625488281,QQQ,Invesco QQQ (Nasdaq-100 growth),236.84484437499034
2021-08-12,356.6839599609375,QQQ,Invesco QQQ (Nasdaq-100 growth),237.69858346708492
2021-08-13,357.9359130859375,QQQ,Invesco QQQ (Nasdaq-100 growth),238.53290044733902
2021-08-16,358.09112548828125,QQQ,Invesco QQQ (Nasdaq-100 growth),238.63633590369562
2021-08-17,354.93707275390625,QQQ,Invesco QQQ (Nasdaq-100 growth),236.53443631947115
2021-08-18,351.52093505859375,QQQ,Invesco QQQ (Nasdaq-100 growth),234.25788008971185
2021-08-19,353.21929931640625,QQQ,Invesco QQQ (Nasdaq-100 growth),235.389690946408
2021-08-20,356.8779602050781,QQQ,Invesco QQQ (Nasdaq-100 growth),237.8278676188857
2021-08-23,362.21563720703125,QQQ,Invesco QQQ (Nasdaq-100 growth),241.38496130627226
2021-08-24,363.322021484375,QQQ,Invesco QQQ (Nasdaq-100 growth),242.12226941377355
2021-08-25,363.73931884765625,QQQ,Invesco QQQ (Nasdaq-100 growth),242.400361515665
2021-08-26,361.4296569824219,QQQ,Invesco QQQ (Nasdaq-100 growth),240.86117440527664
2021-08-27,364.9427795410156,QQQ,Invesco QQQ (Nasdaq-100 growth),243.20236254229138
2021-08-30,369.03826904296875,QQQ,Invesco QQQ (Nasdaq-100 growth),245.93164718218713
2021-08-31,368.7374572753906,QQQ,Invesco QQQ (Nasdaq-100 growth),245.73118251578785
2021-09-01,369.34881591796875,QQQ,Invesco QQQ (Nasdaq-100 growth),246.13859944405985
2021-09-02,369.1740417480469,QQQ,Invesco QQQ (Nasdaq-100 growth),246.02212778488678
2021-09-03,370.3096618652344,QQQ,Invesco QQQ (Nasdaq-100 growth),246.77891901609817
2021-09-07,370.8336486816406,QQQ,Invesco QQQ (Nasdaq-100 growth),247.1281102834286
2021-09-08,369.5428771972656,QQQ,Invesco QQQ (Nasdaq-100 growth),246.2679242704404
2021-09-09,368.2715759277344,QQQ,Invesco QQQ (Nasdaq-100 growth),245.420713448399
2021-09-10,365.4765625,QQQ,Invesco QQQ (Nasdaq-100 growth),243.558082079675
2021-09-13,365.2242126464844,QQQ,Invesco QQQ (Nasdaq-100 growth),243.38991302961352
2021-09-14,364.18585205078125,QQQ,Invesco QQQ (Nasdaq-100 growth),242.69793674126655
2021-09-15,366.8934631347656,QQQ,Invesco QQQ (Nasdaq-100 growth),244.5023221117591
2021-09-16,367.1458435058594,QQQ,Invesco QQQ (Nasdaq-100 growth),244.67051149911046
2021-09-17,362.7979736328125,QQQ,Invesco QQQ (Nasdaq-100 growth),241.77303747186335
2021-09-20,355.3014831542969,QQQ,Invesco QQQ (Nasdaq-100 growth),236.7772838979914
2021-09-21,355.7386779785156,QQQ,Invesco QQQ (Nasdaq-100 growth),237.06863591288806
2021-09-22,359.06146240234375,QQQ,Invesco QQQ (Nasdaq-100 growth),239.2829803728883
2021-09-23,362.3743896484375,QQQ,Invesco QQQ (Nasdaq-100 growth),241.49075588825553
2021-09-24,362.7144775390625,QQQ,Invesco QQQ (Nasdaq-100 growth),241.7173946467372
2021-09-27,359.8192138671875,QQQ,Invesco QQQ (Nasdaq-100 growth),239.78795528074002
2021-09-28,349.63714599609375,QQQ,Invesco QQQ (Nasdaq-100 growth),233.0024998596727
2021-09-29,349.06396484375,QQQ,Invesco QQQ (Nasdaq-100 growth),232.6205248810472
2021-09-30,347.78143310546875,QQQ,Invesco QQQ (Nasdaq-100 growth),231.765829936328
2021-10-01,349.93841552734375,QQQ,Invesco QQQ (Nasdaq-100 growth),233.2032695854203
2021-10-04,342.59332275390625,QQQ,Invesco QQQ (Nasdaq-100 growth),228.30840930666926
2021-10-05,347.2179870605469,QQQ,Invesco QQQ (Nasdaq-100 growth),231.3903425531759
2021-10-06,349.44281005859375,QQQ,Invesco QQQ (Nasdaq-100 growth),232.8729919976832
2021-10-07,352.6490478515625,QQQ,Invesco QQQ (Nasdaq-100 growth),235.00966834761147
2021-10-08,350.8905334472656,QQQ,Invesco QQQ (Nasdaq-100 growth),233.83777269255143
2021-10-11,348.1993103027344,QQQ,Invesco QQQ (Nasdaq-100 growth),232.04430844672729
2021-10-12,346.98480224609375,QQQ,Invesco QQQ (Nasdaq-100 growth),231.23494532116243
2021-10-13,349.76348876953125,QQQ,Invesco QQQ (Nasdaq-100 growth),233.0866962397978
2021-10-14,356.2049560546875,QQQ,Invesco QQQ (Nasdaq-100 growth),237.3793693650454
2021-10-15,358.44927978515625,QQQ,Invesco QQQ (Nasdaq-100 growth),238.87501433778937
2021-10-18,362.0537414550781,QQQ,Invesco QQQ (Nasdaq-100 growth),241.2770719834308
2021-10-19,364.7935791015625,QQQ,Invesco QQQ (Nasdaq-100 growth),243.10293353204221
2021-10-20,364.31756591796875,QQQ,Invesco QQQ (Nasdaq-100 growth),242.78571248441148
2021-10-21,366.5424499511719,QQQ,Invesco QQQ (Nasdaq-100 growth),244.26840260349852
2021-10-22,363.4625244140625,QQQ,Invesco QQQ (Nasdaq-100 growth),242.21590229640543
2021-10-25,367.1836242675781,QQQ,Invesco QQQ (Nasdaq-100 growth),244.69568906398843
2021-10-26,368.33978271484375,QQQ,Invesco QQQ (Nasdaq-100 growth),245.46616729129263
2021-10-27,369.19488525390625,QQQ,Invesco QQQ (Nasdaq-100 growth),246.03601815387844
2021-10-28,373.2948303222656,QQQ,Invesco QQQ (Nasdaq-100 growth),248.76827203809745
2021-10-29,375.13104248046875,QQQ,Invesco QQQ (Nasdaq-100 growth),249.9919464332054
2021-11-01,376.4135437011719,QQQ,Invesco QQQ (Nasdaq-100 growth),250.84662104063472
2021-11-02,377.9874572753906,QQQ,Invesco QQQ (Nasdaq-100 growth),251.89549642917865
2021-11-03,382.0000305175781,QQQ,Invesco QQQ (Nasdaq-100 growth),254.56952465245607
2021-11-04,386.8967590332031,QQQ,Invesco QQQ (Nasdaq-100 growth),257.8327648382901
2021-11-05,387.2658996582031,QQQ,Invesco QQQ (Nasdaq-100 growth),258.07876469674255
2021-11-08,386.74127197265625,QQQ,Invesco QQQ (Nasdaq-100 growth),257.7291463463245
2021-11-09,384.0791931152344,QQQ,Invesco QQQ (Nasdaq-100 growth),255.95510421234084
2021-11-10,378.4344482421875,QQQ,Invesco QQQ (Nasdaq-100 growth),252.19337671412848
2021-11-11,379.4836730957031,QQQ,Invesco QQQ (Nasdaq-100 growth),252.8925930776746
2021-11-12,383.4768371582031,QQQ,Invesco QQQ (Nasdaq-100 growth),255.55368678458498
2021-11-15,383.3893737792969,QQQ,Invesco QQQ (Nasdaq-100 growth),255.49540011177373
2021-11-16,386.1194763183594,QQQ,Invesco QQQ (Nasdaq-100 growth),257.3147740649118
2021-11-17,386.323486328125,QQQ,Invesco QQQ (Nasdaq-100 growth),257.4507288477949
2021-11-18,390.3262939453125,QQQ,Invesco QQQ (Nasdaq-100 growth),260.118249138309
2021-11-19,392.50262451171875,QQQ,Invesco QQQ (Nasdaq-100 growth),261.56858262918854
2021-11-22,387.946044921875,QQQ,Invesco QQQ (Nasdaq-100 growth),258.53202187641597
2021-11-23,386.1777648925781,QQQ,Invesco QQQ (Nasdaq-100 growth),257.35361828859266
2021-11-24,387.4214172363281,QQQ,Invesco QQQ (Nasdaq-100 growth),258.182403525998
2021-11-26,380.0762939453125,QQQ,Invesco QQQ (Nasdaq-100 growth),253.28752290995706
2021-11-29,388.324951171875,QQQ,Invesco QQQ (Nasdaq-100 growth),258.7845296676317
2021-11-30,382.621826171875,QQQ,Invesco QQQ (Nasdaq-100 growth),254.98389693386883
2021-12-01,376.1123046875,QQQ,Invesco QQQ (Nasdaq-100 growth),250.64587165217702
2021-12-02,378.822998046875,QQQ,Invesco QQQ (Nasdaq-100 growth),252.452311088948
2021-12-03,372.2358703613281,QQQ,Invesco QQQ (Nasdaq-100 growth),248.0625680790779
2021-12-06,375.218505859375,QQQ,Invesco QQQ (Nasdaq-100 growth),250.05023310601666
2021-12-07,386.517822265625,QQQ,Invesco QQQ (Nasdaq-100 growth),257.58023670978446
2021-12-08,388.2471923828125,QQQ,Invesco QQQ (Nasdaq-100 growth),258.73271025300403
2021-12-09,382.534423828125,QQQ,Invesco QQQ (Nasdaq-100 growth),254.92565093563735
2021-12-10,386.6927185058594,QQQ,Invesco QQQ (Nasdaq-100 growth),257.69678971811703
2021-12-13,381.10626220703125,QQQ,Invesco QQQ (Nasdaq-100 growth),253.97390644358558
2021-12-14,377.16162109375,QQQ,Invesco QQQ (Nasdaq-100 growth),251.3451490275928
2021-12-15,385.760009765625,QQQ,Invesco QQQ (Nasdaq-100 growth),257.0752211273529
2021-12-16,375.8403015136719,QQQ,Invesco QQQ (Nasdaq-100 growth),250.46460538742943
2021-12-17,373.96514892578125,QQQ,Invesco QQQ (Nasdaq-100 growth),249.21498061042783
2021-12-20,370.33758544921875,QQQ,Invesco QQQ (Nasdaq-100 growth),246.79752763634323
2021-12-21,378.62591552734375,QQQ,Invesco QQQ (Nasdaq-100 growth),252.3209728708688
2021-12-22,383.2369689941406,QQQ,Invesco QQQ (Nasdaq-100 growth),255.39383568608662
2021-12-23,386.126220703125,QQQ,Invesco QQQ (Nasdaq-100 growth),257.3192686059764
2021-12-27,392.5079650878906,QQQ,Invesco QQQ (Nasdaq-100 growth),261.5721416549185
2021-12-28,390.6885986328125,QQQ,Invesco QQQ (Nasdaq-100 growth),260.3596934438272
2021-12-29,390.6302795410156,QQQ,Invesco QQQ (Nasdaq-100 growth),260.3208288828564
2021-12-30,389.4629821777344,QQQ,Invesco QQQ (Nasdaq-100 growth),259.5429275447441
2021-12-31,387.03094482421875,QQQ,Invesco QQQ (Nasdaq-100 growth),257.92218790191566
2022-01-03,390.7567443847656,QQQ,Invesco QQQ (Nasdaq-100 growth),260.405106612141
2022-01-04,385.6884765625,QQQ,Invesco QQQ (Nasdaq-100 growth),257.0275505198618
2022-01-05,373.8397216796875,QQQ,Invesco QQQ (Nasdaq-100 growth),249.1313943489993
2022-01-06,373.5770263671875,QQQ,Invesco QQQ (Nasdaq-100 growth),248.95633095766672
2022-01-07,369.53021240234375,QQQ,Invesco QQQ (Nasdaq-100 growth),246.259484295138
2022-01-10,369.7733459472656,QQQ,Invesco QQQ (Nasdaq-100 growth),246.42151148365411
2022-01-11,375.32806396484375,QQQ,Invesco QQQ (Nasdaq-100 growth),250.12324397670486
2022-01-12,376.81646728515625,QQQ,Invesco QQQ (Nasdaq-100 growth),251.11513427899018
2022-01-13,367.3900146484375,QQQ,Invesco QQQ (Nasdaq-100 growth),244.83323015548265
2022-01-14,369.676025390625,QQQ,Invesco QQQ (Nasdaq-100 growth),246.3566558662099
2022-01-18,360.4733581542969,QQQ,Invesco QQQ (Nasdaq-100 growth),240.2238850894312
2022-01-19,356.5140380859375,QQQ,Invesco QQQ (Nasdaq-100 growth),237.5853454370036
2022-01-20,351.88348388671875,QQQ,Invesco QQQ (Nasdaq-100 growth),234.4994870935491
2022-01-21,342.126220703125,QQQ,Invesco QQQ (Nasdaq-100 growth),227.997126747685
2022-01-24,343.6923828125,QQQ,Invesco QQQ (Nasdaq-100 growth),229.04083646459807
2022-01-25,335.7251281738281,QQQ,Invesco QQQ (Nasdaq-100 growth),223.73135985695563
2022-01-26,335.1998596191406,QQQ,Invesco QQQ (Nasdaq-100 growth),223.38131442345002
2022-01-27,331.82421875,QQQ,Invesco QQQ (Nasdaq-100 growth),221.1317457773685
2022-01-28,342.2331848144531,QQQ,Invesco QQQ (Nasdaq-100 growth),228.06840894873295
2022-01-31,353.1772766113281,QQQ,Invesco QQQ (Nasdaq-100 growth),235.36168649823594
2022-02-01,355.58013916015625,QQQ,Invesco QQQ (Nasdaq-100 growth),236.962983691934
2022-02-02,358.46929931640625,QQQ,Invesco QQQ (Nasdaq-100 growth),238.8883555999541
2022-02-03,343.9356384277344,QQQ,Invesco QQQ (Nasdaq-100 growth),229.2029450022737
2022-02-04,348.2743835449219,QQQ,Invesco QQQ (Nasdaq-100 growth),232.0943381798451
2022-02-07,345.4726867675781,QQQ,Invesco QQQ (Nasdaq-100 growth),230.2272529446362
2022-02-08,349.35418701171875,QQQ,Invesco QQQ (Nasdaq-100 growth),232.8139325078563
2022-02-09,356.7572937011719,QQQ,Invesco QQQ (Nasdaq-100 growth),237.74745397467927
2022-02-10,348.6828918457031,QQQ,Invesco QQQ (Nasdaq-100 growth),232.3665731422496
2022-02-11,337.6220397949219,QQQ,Invesco QQQ (Nasdaq-100 growth),224.99548512164546
2022-02-14,338.0404052734375,QQQ,Invesco QQQ (Nasdaq-100 growth),225.2742890286829
2022-02-15,346.4455261230469,QQQ,Invesco QQQ (Nasdaq-100 growth),230.87556507159945
2022-02-16,346.3579406738281,QQQ,Invesco QQQ (Nasdaq-100 growth),230.81719704962867
2022-02-17,336.0558166503906,QQQ,Invesco QQQ (Nasdaq-100 growth),223.95173473015262
2022-02-18,332.2230224609375,QQQ,Invesco QQQ (Nasdaq-100 growth),221.39751348158947
2022-02-22,328.8862609863281,QQQ,Invesco QQQ (Nasdaq-100 growth),219.1738545428218
2022-02-23,320.46185302734375,QQQ,Invesco QQQ (Nasdaq-100 growth),213.55972533269772
2022-02-24,331.23077392578125,QQQ,Invesco QQQ (Nasdaq-100 growth),220.73626683825916
2022-02-25,336.3671875,QQQ,Invesco QQQ (Nasdaq-100 growth),224.15923609885223
2022-02-28,337.3692321777344,QQQ,Invesco QQQ (Nasdaq-100 growth),224.82701101223572
2022-03-01,332.2035827636719,QQQ,Invesco QQQ (Nasdaq-100 growth),221.38455862793253
2022-03-02,337.7778015136719,QQQ,Invesco QQQ (Nasdaq-100 growth),225.09928664921998
2022-03-03,332.95269775390625,QQQ,Invesco QQQ (Nasdaq-100 growth),221.88377808274674
2022-03-04,328.1274719238281,QQQ,Invesco QQQ (Nasdaq-100 growth),218.66818816711395
2022-03-07,316.0257568359375,QQQ,Invesco QQQ (Nasdaq-100 growth),210.60345620039226
2022-03-08,314.5568542480469,QQQ,Invesco QQQ (Nasdaq-100 growth),209.62456142634363
2022-03-09,325.88031005859375,QQQ,Invesco QQQ (Nasdaq-100 growth),217.17065182641065
2022-03-10,322.2614440917969,QQQ,Invesco QQQ (Nasdaq-100 growth),214.75899497994337
2022-03-11,315.578369140625,QQQ,Invesco QQQ (Nasdaq-100 growth),210.30531153067392
2022-03-14,309.517822265625,QQQ,Invesco QQQ (Nasdaq-100 growth),206.2664884577745
2022-03-15,319.226318359375,QQQ,Invesco QQQ (Nasdaq-100 growth),212.7363498144019
2022-03-16,331.06536865234375,QQQ,Invesco QQQ (Nasdaq-100 growth),220.6260387270809
2022-03-17,335.0733642578125,QQQ,Invesco QQQ (Nasdaq-100 growth),223.2970163568755
2022-03-18,341.931640625,QQQ,Invesco QQQ (Nasdaq-100 growth),227.8674561873764
2022-03-21,340.9809875488281,QQQ,Invesco QQQ (Nasdaq-100 growth),227.23392927015973
2022-03-22,347.68218994140625,QQQ,Invesco QQQ (Nasdaq-100 growth),231.69969306962105
2022-03-23,342.68560791015625,QQQ,Invesco QQQ (Nasdaq-100 growth),228.36990927128235
2022-03-24,350.3022766113281,QQQ,Invesco QQQ (Nasdaq-100 growth),233.4457510927226
2022-03-25,350.0101318359375,QQQ,Invesco QQQ (Nasdaq-100 growth),233.2510622166507
2022-03-28,355.4256591796875,QQQ,Invesco QQQ (Nasdaq-100 growth),236.86003633053465
2022-03-29,361.5423278808594,QQQ,Invesco QQQ (Nasdaq-100 growth),240.93625967953312
2022-03-30,357.54888916015625,QQQ,Invesco QQQ (Nasdaq-100 growth),238.2749829370138
2022-03-31,353.11712646484375,QQQ,Invesco QQQ (Nasdaq-100 growth),235.32160169987205
2022-04-01,352.445068359375,QQQ,Invesco QQQ (Nasdaq-100 growth),234.8737339020182
2022-04-04,359.7014465332031,QQQ,Invesco QQQ (Nasdaq-100 growth),239.7094736790727
2022-04-05,351.7145690917969,QQQ,Invesco QQQ (Nasdaq-100 growth),234.38692019403402
2022-04-06,344.0783386230469,QQQ,Invesco QQQ (Nasdaq-100 growth),229.29804216977732
2022-04-07,344.8965759277344,QQQ,Invesco QQQ (Nasdaq-100 growth),229.84332558618172
2022-04-08,340.0752258300781,QQQ,Invesco QQQ (Nasdaq-100 growth),226.63031850636435
2022-04-11,332.0299377441406,QQQ,Invesco QQQ (Nasdaq-100 growth),221.26883944848524
2022-04-12,330.6273193359375,QQQ,Invesco QQQ (Nasdaq-100 growth),220.33411726806744
2022-04-13,337.3480529785156,QQQ,Invesco QQQ (Nasdaq-100 growth),224.81289693305533
2022-04-14,329.6338195800781,QQQ,Invesco QQQ (Nasdaq-100 growth),219.67203679585185
2022-04-18,329.88702392578125,QQQ,Invesco QQQ (Nasdaq-100 growth),219.84077529003008
2022-04-19,337.26031494140625,QQQ,Invesco QQQ (Nasdaq-100 growth),224.75442722463512
2022-04-20,332.341552734375,QQQ,Invesco QQQ (Nasdaq-100 growth),221.47650351550394
2022-04-21,325.4650573730469,QQQ,Invesco QQQ (Nasdaq-100 growth),216.89392232294153
2022-04-22,316.9424743652344,QQQ,Invesco QQQ (Nasdaq-100 growth),211.21436805125649
2022-04-25,321.0137939453125,QQQ,Invesco QQQ (Nasdaq-100 growth),213.92754555756306
2022-04-26,308.8971862792969,QQQ,Invesco QQQ (Nasdaq-100 growth),205.85288899337738
2022-04-27,308.5270690917969,QQQ,Invesco QQQ (Nasdaq-100 growth),205.60623834164858
2022-04-28,319.484619140625,QQQ,Invesco QQQ (Nasdaq-100 growth),212.908484635991
2022-04-29,305.1082763671875,QQQ,Invesco QQQ (Nasdaq-100 growth),203.32791276766923
2022-05-02,310.202392578125,QQQ,Invesco QQQ (Nasdaq-100 growth),206.7226945444813
2022-05-03,310.53350830078125,QQQ,Invesco QQQ (Nasdaq-100 growth),206.9433541397367
2022-05-04,321.0332946777344,QQQ,Invesco QQQ (Nasdaq-100 growth),213.94054108579977
2022-05-05,304.86480712890625,QQQ,Invesco QQQ (Nasdaq-100 growth),203.1656618689644
2022-05-06,301.2123107910156,QQQ,Invesco QQQ (Nasdaq-100 growth),200.73159332904353
2022-05-09,289.4267272949219,QQQ,Invesco QQQ (Nasdaq-100 growth),192.87753534824355
2022-05-10,292.9429626464844,QQQ,Invesco QQQ (Nasdaq-100 growth),195.2207978888266
2022-05-11,284.2547302246094,QQQ,Invesco QQQ (Nasdaq-100 growth),189.43085280764421
2022-05-12,283.5826416015625,QQQ,Invesco QQQ (Nasdaq-100 growth),188.9829646725005
2022-05-13,294.09222412109375,QQQ,Invesco QQQ (Nasdaq-100 growth),195.98667988861672
2022-05-16,290.6833190917969,QQQ,Invesco QQQ (Nasdaq-100 growth),193.71494359656023
2022-05-17,298.21234130859375,QQQ,Invesco QQQ (Nasdaq-100 growth),198.7323767214499
2022-05-18,283.572998046875,QQQ,Invesco QQQ (Nasdaq-100 growth),188.97653808889675
2022-05-19,282.0534362792969,QQQ,Invesco QQQ (Nasdaq-100 growth),187.9638834136385
2022-05-20,281.1769104003906,QQQ,Invesco QQQ (Nasdaq-100 growth),187.37975577355323
2022-05-23,285.8521423339844,QQQ,Invesco QQQ (Nasdaq-100 growth),190.49538790939982
2022-05-24,279.7743225097656,QQQ,Invesco QQQ (Nasdaq-100 growth),186.44505393042533
2022-05-25,283.6898193359375,QQQ,Invesco QQQ (Nasdaq-100 growth),189.05438923457763
2022-05-26,291.5500793457031,QQQ,Invesco QQQ (Nasdaq-100 growth),194.29256330388222
2022-05-27,301.0661926269531,QQQ,Invesco QQQ (Nasdaq-100 growth),200.63421838507276
2022-05-31,300.26751708984375,QQQ,Invesco QQQ (Nasdaq-100 growth),200.10197117148485
2022-06-01,298.0466613769531,QQQ,Invesco QQQ (Nasdaq-100 growth),198.62196557466265
2022-06-02,306.2088928222656,QQQ,Invesco QQQ (Nasdaq-100 growth),204.0613771273822
2022-06-03,298.2415466308594,QQQ,Invesco QQQ (Nasdaq-100 growth),198.75183950787013
2022-06-06,299.2349853515625,QQQ,Invesco QQQ (Nasdaq-100 growth),199.41387930550596
2022-06-07,301.8161315917969,QQQ,Invesco QQQ (Nasdaq-100 growth),201.13398694671386
2022-06-08,299.6441345214844,QQQ,Invesco QQQ (Nasdaq-100 growth),199.68654135099803
2022-06-09,291.61822509765625,QQQ,Invesco QQQ (Nasdaq-100 growth),194.3379764721961
2022-06-10,281.3326721191406,QQQ,Invesco QQQ (Nasdaq-100 growth),187.48355730112775
2022-06-13,268.2517395019531,QQQ,Invesco QQQ (Nasdaq-100 growth),178.76626271385678
2022-06-14,268.73876953125,QQQ,Invesco QQQ (Nasdaq-100 growth),179.09082552313612
2022-06-15,275.4496765136719,QQQ,Invesco QQQ (Nasdaq-100 growth),183.56305658078094
2022-06-16,264.3362731933594,QQQ,Invesco QQQ (Nasdaq-100 growth),176.15694774699435
2022-06-17,267.5505065917969,QQQ,Invesco QQQ (Nasdaq-100 growth),178.29895246687258
2022-06-21,274.3006286621094,QQQ,Invesco QQQ (Nasdaq-100 growth),182.79731694202002
2022-06-22,273.9006042480469,QQQ,Invesco QQQ (Nasdaq-100 growth),182.53073574620365
2022-06-23,277.979736328125,QQQ,Invesco QQQ (Nasdaq-100 growth),185.24911959872085
2022-06-24,287.50433349609375,QQQ,Invesco QQQ (Nasdaq-100 growth),191.59642844649952
2022-06-27,285.39642333984375,QQQ,Invesco QQQ (Nasdaq-100 growth),190.19169115954278
2022-06-28,276.7012939453125,QQQ,Invesco QQQ (Nasdaq-100 growth),184.39714985084632
2022-06-29,276.955078125,QQQ,Invesco QQQ (Nasdaq-100 growth),184.56627475353238
2022-06-30,273.5199890136719,QQQ,Invesco QQQ (Nasdaq-100 growth),182.27708906675431
2022-07-01,275.3253173828125,QQQ,Invesco QQQ (Nasdaq-100 growth),183.48018212449838
2022-07-05,280.0388488769531,QQQ,Invesco QQQ (Nasdaq-100 growth),186.62133755915102
2022-07-06,281.8344421386719,QQQ,Invesco QQQ (Nasdaq-100 growth),187.81794302142168
2022-07-07,287.865478515625,QQQ,Invesco QQQ (Nasdaq-100 growth),191.83709993500202
2022-07-08,288.22650146484375,QQQ,Invesco QQQ (Nasdaq-100 growth),192.07769007434499
2022-07-11,282.06866455078125,QQQ,Invesco QQQ (Nasdaq-100 growth),187.97403172129128
2022-07-12,279.3362731933594,QQQ,Invesco QQQ (Nasdaq-100 growth),186.15313247141188
2022-07-13,278.76043701171875,QQQ,Invesco QQQ (Nasdaq-100 growth),185.76938814856635
2022-07-14,279.75579833984375,QQQ,Invesco QQQ (Nasdaq-100 growth),186.43270919546495
2022-07-15,284.8304138183594,QQQ,Invesco QQQ (Nasdaq-100 growth),189.81449544404032
2022-07-18,282.41998291015625,QQQ,Invesco QQQ (Nasdaq-100 growth),188.20815460245072
2022-07-19,291.1053466796875,QQQ,Invesco QQQ (Nasdaq-100 growth),193.99618797838392
2022-07-20,295.7212219238281,QQQ,Invesco QQQ (Nasdaq-100 growth),197.0722640854036
2022-07-21,299.96630859375,QQQ,Invesco QQQ (Nasdaq-100 growth),199.90124212031702
2022-07-22,294.7063293457031,QQQ,Invesco QQQ (Nasdaq-100 growth),196.39592717297842
2022-07-25,293.0278015136719,QQQ,Invesco QQQ (Nasdaq-100 growth),195.27733555470772
2022-07-26,287.27008056640625,QQQ,Invesco QQQ (Nasdaq-100 growth),191.44031940934002
2022-07-27,299.41009521484375,QQQ,Invesco QQQ (Nasdaq-100 growth),199.53057467486775
2022-07-28,302.3377685546875,QQQ,Invesco QQQ (Nasdaq-100 growth),201.48161224272312
2022-07-29,307.8514404296875,QQQ,Invesco QQQ (Nasdaq-100 growth),205.15599108087815
2022-08-01,307.666015625,QQQ,Invesco QQQ (Nasdaq-100 growth),205.03242170753512
2022-08-02,306.7486877441406,QQQ,Invesco QQQ (Nasdaq-100 growth),204.42110311087322
2022-08-03,315.102294921875,QQQ,Invesco QQQ (Nasdaq-100 growth),209.98804980846342
2022-08-04,316.5758056640625,QQQ,Invesco QQQ (Nasdaq-100 growth),210.97001551328472
2022-08-05,313.9897766113281,QQQ,Invesco QQQ (Nasdaq-100 growth),209.24665390569518
2022-08-08,312.97479248046875,QQQ,Invesco QQQ (Nasdaq-100 growth),208.57025598140032
2022-08-09,309.43243408203125,QQQ,Invesco QQQ (Nasdaq-100 growth),206.20958472067545
2022-08-10,318.0689697265625,QQQ,Invesco QQQ (Nasdaq-100 growth),211.96507843279218
2022-08-11,316.2635803222656,QQQ,Invesco QQQ (Nasdaq-100 growth),210.76194470046832
2022-08-12,322.4214172363281,QQQ,Invesco QQQ (Nasdaq-100 growth),214.86560305352205
2022-08-15,325.0269775390625,QQQ,Invesco QQQ (Nasdaq-100 growth),216.6019805266382
2022-08-16,324.2657775878906,QQQ,Invesco QQQ (Nasdaq-100 growth),216.09470750502942
2022-08-17,320.5672607421875,QQQ,Invesco QQQ (Nasdaq-100 growth),213.62997033196152
2022-08-18,321.3382263183594,QQQ,Invesco QQQ (Nasdaq-100 growth),214.14375128633358
2022-08-19,315.0730285644531,QQQ,Invesco QQQ (Nasdaq-100 growth),209.96854634746342
2022-08-22,306.77801513671875,QQQ,Invesco QQQ (Nasdaq-100 growth),204.44064724645298
2022-08-23,306.5242919921875,QQQ,Invesco QQQ (Nasdaq-100 growth),204.27156301834668
2022-08-24,307.412353515625,QQQ,Invesco QQQ (Nasdaq-100 growth),204.86337815400861
2022-08-25,312.8480224609375,QQQ,Invesco QQQ (Nasdaq-100 growth),208.48577487921685
2022-08-26,300.0249328613281,QQQ,Invesco QQQ (Nasdaq-100 growth),199.94031005418668
2022-08-29,297.0679626464844,QQQ,Invesco QQQ (Nasdaq-100 growth),197.96974868804142
2022-08-30,293.7597351074219,QQQ,Invesco QQQ (Nasdaq-100 growth),195.7651051153165
2022-08-31,292.05194091796875,QQQ,Invesco QQQ (Nasdaq-100 growth),194.62701003604582
2022-09-01,292.1787414550781,QQQ,Invesco QQQ (Nasdaq-100 growth),194.7115114755192
2022-09-02,288.05084228515625,QQQ,Invesco QQQ (Nasdaq-100 growth),191.96062863376528
2022-09-06,285.9819641113281,QQQ,Invesco QQQ (Nasdaq-100 growth),190.58190274057185
2022-09-07,291.7591857910156,QQQ,Invesco QQQ (Nasdaq-100 growth),194.43191441417622
2022-09-08,293.27178955078125,QQQ,Invesco QQQ (Nasdaq-100 growth),195.43993218734062
2022-09-09,299.6833801269531,QQQ,Invesco QQQ (Nasdaq-100 growth),199.71269510579052
2022-09-12,303.2452697753906,QQQ,Invesco QQQ (Nasdaq-100 growth),202.08638223204196
2022-09-13,286.61627197265625,QQQ,Invesco QQQ (Nasdaq-100 growth),191.00461331083758
2022-09-14,288.8901062011719,QQQ,Invesco QQQ (Nasdaq-100 growth),192.51992444290062
2022-09-15,284.0790100097656,QQQ,Invesco QQQ (Nasdaq-100 growth),189.31375069248472
2022-09-16,282.3419494628906,QQQ,Invesco QQQ (Nasdaq-100 growth),188.15615215221405
2022-09-19,284.5406494140625,QQQ,Invesco QQQ (Nasdaq-100 growth),189.6213928765795
2022-09-20,282.2724914550781,QQQ,Invesco QQQ (Nasdaq-100 growth),188.1098644804351
2022-09-21,277.2181396484375,QQQ,Invesco QQQ (Nasdaq-100 growth),184.74158219234357
2022-09-22,273.80621337890625,QQQ,Invesco QQQ (Nasdaq-100 growth),182.46783250858843
2022-09-23,269.3482360839844,QQQ,Invesco QQQ (Nasdaq-100 growth),179.49698153943524
2022-09-26,268.2336730957031,QQQ,Invesco QQQ (Nasdaq-100 growth),178.75422303824467
2022-09-27,268.34124755859375,QQQ,Invesco QQQ (Nasdaq-100 growth),178.82591198509033
2022-09-28,273.6790771484375,QQQ,Invesco QQQ (Nasdaq-100 growth),182.3831073589263
2022-09-29,265.7895812988281,QQQ,Invesco QQQ (Nasdaq-100 growth),177.12545016591162
2022-09-30,261.28271484375,QQQ,Invesco QQQ (Nasdaq-100 growth),174.12201885836217
2022-10-03,267.4124450683594,QQQ,Invesco QQQ (Nasdaq-100 growth),178.20694656743154
2022-10-04,275.8200988769531,QQQ,Invesco QQQ (Nasdaq-100 growth),183.8099106054086
2022-10-05,275.67352294921875,QQQ,Invesco QQQ (Nasdaq-100 growth),183.71223060208953
2022-10-06,273.503173828125,QQQ,Invesco QQQ (Nasdaq-100 growth),182.26588322002752
2022-10-07,263.08154296875,QQQ,Invesco QQQ (Nasdaq-100 growth),175.32078007336068
2022-10-10,260.4517517089844,QQQ,Invesco QQQ (Nasdaq-100 growth),173.5682547920756
2022-10-11,256.87359619140625,QQQ,Invesco QQQ (Nasdaq-100 growth),171.1837278903153
2022-10-12,256.78564453125,QQQ,Invesco QQQ (Nasdaq-100 growth),171.1251158208659
2022-10-13,262.807861328125,QQQ,Invesco QQQ (Nasdaq-100 growth),175.1383952576694
2022-10-14,254.90850830078125,QQQ,Invesco QQQ (Nasdaq-100 growth),169.87416912002175
2022-10-17,263.3258972167969,QQQ,Invesco QQQ (Nasdaq-100 growth),175.4836207534722
2022-10-18,265.4083557128906,QQQ,Invesco QQQ (Nasdaq-100 growth),176.87139674066458
2022-10-19,264.4404602050781,QQQ,Invesco QQQ (Nasdaq-100 growth),176.22637925466273
2022-10-20,263.09130859375,QQQ,Invesco QQQ (Nasdaq-100 growth),175.32728800612398
2022-10-21,269.2602233886719,QQQ,Invesco QQQ (Nasdaq-100 growth),179.43832879540605
2022-10-24,272.2224426269531,QQQ,Invesco QQQ (Nasdaq-100 growth),181.41238817541156
2022-10-25,277.85357666015625,QQQ,Invesco QQQ (Nasdaq-100 growth),185.16504524233508
2022-10-26,271.7140808105469,QQQ,Invesco QQQ (Nasdaq-100 growth),181.0736096005024
2022-10-27,266.76727294921875,QQQ,Invesco QQQ (Nasdaq-100 growth),177.77699592196663
2022-10-28,274.9304504394531,QQQ,Invesco QQQ (Nasdaq-100 growth),183.21703793067263
2022-10-31,271.733642578125,QQQ,Invesco QQQ (Nasdaq-100 growth),181.08664580331887
2022-11-01,268.9571228027344,QQQ,Invesco QQQ (Nasdaq-100 growth),179.23633883226535
2022-11-02,259.7380065917969,QQQ,Invesco QQQ (Nasdaq-100 growth),173.09260625623847
2022-11-03,254.66415405273438,QQQ,Invesco QQQ (Nasdaq-100 growth),169.71132843991023
2022-11-04,258.7604675292969,QQQ,Invesco QQQ (Nasdaq-100 growth),172.44116218663288
2022-11-07,261.60528564453125,QQQ,Invesco QQQ (Nasdaq-100 growth),174.33698401244968
2022-11-08,263.51171875,QQQ,Invesco QQQ (Nasdaq-100 growth),175.6074545115837
2022-11-09,257.43084716796875,QQQ,Invesco QQQ (Nasdaq-100 growth),171.5550868036207
2022-11-10,276.4262390136719,QQQ,Invesco QQQ (Nasdaq-100 growth),184.2138498571102
2022-11-11,281.5197448730469,QQQ,Invesco QQQ (Nasdaq-100 growth),187.60822488812457
2022-11-14,279.05615234375,QQQ,Invesco QQQ (Nasdaq-100 growth),185.9664564875548
2022-11-15,282.91778564453125,QQQ,Invesco QQQ (Nasdaq-100 growth),188.53989647505958
2022-11-16,279.05615234375,QQQ,Invesco QQQ (Nasdaq-100 growth),185.9664564875548
2022-11-17,278.4401550292969,QQQ,Invesco QQQ (Nasdaq-100 growth),185.55594829122023
2022-11-18,278.4499816894531,QQQ,Invesco QQQ (Nasdaq-100 growth),185.5624968985633
2022-11-21,275.5855407714844,QQQ,Invesco QQQ (Nasdaq-100 growth),183.65359819535024
2022-11-22,279.55474853515625,QQQ,Invesco QQQ (Nasdaq-100 growth),186.29872712970067
2022-11-23,282.3605041503906,QQQ,Invesco QQQ (Nasdaq-100 growth),188.1685172244643
2022-11-25,280.5030212402344,QQQ,Invesco QQQ (Nasdaq-100 growth),186.93066773830625
2022-11-28,276.38720703125,QQQ,Invesco QQQ (Nasdaq-100 growth),184.1878384633469
2022-11-29,274.29498291015625,QQQ,Invesco QQQ (Nasdaq-100 growth),182.79355454339122
2022-11-30,286.79888916015625,QQQ,Invesco QQQ (Nasdaq-100 growth),191.12631165351115
2022-12-01,287.1509094238281,QQQ,Invesco QQQ (Nasdaq-100 growth),191.36090229233795
2022-12-02,286.0071105957031,QQQ,Invesco QQQ (Nasdaq-100 growth),190.59866066743731
2022-12-05,281.2069396972656,QQQ,Invesco QQQ (Nasdaq-100 growth),187.39976766680036
2022-12-06,275.3801574707031,QQQ,Invesco QQQ (Nasdaq-100 growth),183.51672823442226
2022-12-07,274.2558898925781,QQQ,Invesco QQQ (Nasdaq-100 growth),182.7675024750482
2022-12-08,277.5016784667969,QQQ,Invesco QQQ (Nasdaq-100 growth),184.9305359526678
2022-12-09,275.73211669921875,QQQ,Invesco QQQ (Nasdaq-100 growth),183.7512781986693
2022-12-12,279.1929626464844,QQQ,Invesco QQQ (Nasdaq-100 growth),186.05762855811057
2022-12-13,282.1943054199219,QQQ,Invesco QQQ (Nasdaq-100 growth),188.057760343749
2022-12-14,280.1022033691406,QQQ,Invesco QQQ (Nasdaq-100 growth),186.66355777295286
2022-12-15,270.6972961425781,QQQ,Invesco QQQ (Nasdaq-100 growth),180.39601177610433
2022-12-16,268.11639404296875,QQQ,Invesco QQQ (Nasdaq-100 growth),178.67606683321551
2022-12-19,264.3483581542969,QQQ,Invesco QQQ (Nasdaq-100 growth),176.16500131378893
2022-12-20,264.1425476074219,QQQ,Invesco QQQ (Nasdaq-100 growth),176.02784663080254
2022-12-21,267.9742431640625,QQQ,Invesco QQQ (Nasdaq-100 growth),178.58133573692984
2022-12-22,261.4183044433594,QQQ,Invesco QQQ (Nasdaq-100 growth),174.21237743732252
2022-12-23,262.0061950683594,QQQ,Invesco QQQ (Nasdaq-100 growth),174.60415498967274
2022-12-27,258.3018798828125,QQQ,Invesco QQQ (Nasdaq-100 growth),172.1355537315266
2022-12-28,254.89154052734375,QQQ,Invesco QQQ (Nasdaq-100 growth),169.86286158684553
2022-12-29,261.1046447753906,QQQ,Invesco QQQ (Nasdaq-100 growth),174.00335077188151
2022-12-30,260.9478454589844,QQQ,Invesco QQQ (Nasdaq-100 growth),173.89885777645088
2023-01-03,259.18389892578125,QQQ,Invesco QQQ (Nasdaq-100 growth),172.72334208379127
2023-01-04,260.4186096191406,QQQ,Invesco QQQ (Nasdaq-100 growth),173.5461684952602
2023-01-05,256.3420104980469,QQQ,Invesco QQQ (Nasdaq-100 growth),170.82947263780343
2023-01-06,263.4173278808594,QQQ,Invesco QQQ (Nasdaq-100 growth),175.54455127396852
2023-01-09,265.1225891113281,QQQ,Invesco QQQ (Nasdaq-100 growth),176.6809583581787
2023-01-10,267.3666687011719,QQQ,Invesco QQQ (Nasdaq-100 growth),178.1764406326036
2023-01-11,271.99212646484375,QQQ,Invesco QQQ (Nasdaq-100 growth),181.25890264864728
2023-01-12,273.46209716796875,QQQ,Invesco QQQ (Nasdaq-100 growth),182.23850922784192
2023-01-13,275.3436279296875,QQQ,Invesco QQQ (Nasdaq-100 growth),183.49238449842954
2023-01-17,275.90228271484375,QQQ,Invesco QQQ (Nasdaq-100 growth),183.86467892706966
2023-01-18,272.3155822753906,QQQ,Invesco QQQ (Nasdaq-100 growth),181.47445758414148
2023-01-19,269.6402282714844,QQQ,Invesco QQQ (Nasdaq-100 growth),179.69156872905768
2023-01-20,277.0194091796875,QQQ,Invesco QQQ (Nasdaq-100 growth),184.60914576061057
2023-01-23,283.1737060546875,QQQ,Invesco QQQ (Nasdaq-100 growth),188.7104449880376
2023-01-24,282.595458984375,QQQ,Invesco QQQ (Nasdaq-100 growth),188.32509401929113
2023-01-25,281.96832275390625,QQQ,Invesco QQQ (Nasdaq-100 growth),187.90716271214845
2023-01-26,287.4659423828125,QQQ,Invesco QQQ (Nasdaq-100 growth),191.57084413582382
2023-01-27,290.32757568359375,QQQ,Invesco QQQ (Nasdaq-100 growth),193.4778718083674
2023-01-30,284.45745849609375,QQQ,Invesco QQQ (Nasdaq-100 growth),189.5659534243522
2023-01-31,288.7203063964844,QQQ,Invesco QQQ (Nasdaq-100 growth),192.40676776197887
2023-02-01,294.8941955566406,QQQ,Invesco QQQ (Nasdaq-100 growth),196.52112352951227
2023-02-02,305.4779357910156,QQQ,Invesco QQQ (Nasdaq-100 growth),203.57425836004975
2023-02-03,300.04888916015625,QQQ,Invesco QQQ (Nasdaq-100 growth),199.95627482674664
2023-02-06,297.5107116699219,QQQ,Invesco QQQ (Nasdaq-100 growth),198.2648020896972
2023-02-07,303.6748352050781,QQQ,Invesco QQQ (Nasdaq-100 growth),202.3726499244673
2023-02-08,298.2750549316406,QQQ,Invesco QQQ (Nasdaq-100 growth),198.77416985216416
2023-02-09,295.6390380859375,QQQ,Invesco QQQ (Nasdaq-100 growth),197.01749576374252
2023-02-10,293.6986389160156,QQQ,Invesco QQQ (Nasdaq-100 growth),195.72438986096614
2023-02-13,298.402587890625,QQQ,Invesco QQQ (Nasdaq-100 growth),198.8591593865948
2023-02-14,300.60748291015625,QQQ,Invesco QQQ (Nasdaq-100 growth),200.32852858080696
2023-02-15,302.9104309082031,QQQ,Invesco QQQ (Nasdaq-100 growth),201.86324148742057
2023-02-16,297.2265319824219,QQQ,Invesco QQQ (Nasdaq-100 growth),198.0754212462854
2023-02-17,295.12939453125,QQQ,Invesco QQQ (Nasdaq-100 growth),196.6778630226582
2023-02-21,288.1422119140625,QQQ,Invesco QQQ (Nasdaq-100 growth),192.02151847968182
2023-02-22,288.3577880859375,QQQ,Invesco QQQ (Nasdaq-100 growth),192.1651810954315
2023-02-23,290.8763122558594,QQQ,Invesco QQQ (Nasdaq-100 growth),193.8435566177948
2023-02-24,286.005859375,QQQ,Invesco QQQ (Nasdaq-100 growth),190.597826838552
2023-02-27,288.0539855957031,QQQ,Invesco QQQ (Nasdaq-100 growth),191.96272337462347
2023-02-28,287.68157958984375,QQQ,Invesco QQQ (Nasdaq-100 growth),191.71454742615327
2023-03-01,285.3688659667969,QQQ,Invesco QQQ (Nasdaq-100 growth),190.17332658677637
2023-03-02,287.7305908203125,QQQ,Invesco QQQ (Nasdaq-100 growth),191.74720911370903
2023-03-03,293.6790771484375,QQQ,Invesco QQQ (Nasdaq-100 growth),195.71135365814968
2023-03-06,294.01220703125,QQQ,Invesco QQQ (Nasdaq-100 growth),195.9333555145375
2023-03-07,290.4059143066406,QQQ,Invesco QQQ (Nasdaq-100 growth),193.53007763150296
2023-03-08,291.8562927246094,QQQ,Invesco QQQ (Nasdaq-100 growth),194.4966276705912
2023-03-09,286.799560546875,QQQ,Invesco QQQ (Nasdaq-100 growth),191.12675907388862
2023-03-10,282.77191162109375,QQQ,Invesco QQQ (Nasdaq-100 growth),188.4426842294079
2023-03-13,284.86907958984375,QQQ,Invesco QQQ (Nasdaq-100 growth),189.84026279032497
2023-03-14,291.4153137207031,QQQ,Invesco QQQ (Nasdaq-100 growth),194.2027538317488
2023-03-15,292.9440002441406,QQQ,Invesco QQQ (Nasdaq-100 growth),195.22148935668272
2023-03-16,300.6662292480469,QQQ,Invesco QQQ (Nasdaq-100 growth),200.36767786383615
2023-03-17,299.2452697753906,QQQ,Invesco QQQ (Nasdaq-100 growth),199.4207329721973
2023-03-20,300.3072814941406,QQQ,Invesco QQQ (Nasdaq-100 growth),200.12847066020538
2023-03-21,304.5963439941406,QQQ,Invesco QQQ (Nasdaq-100 growth),202.9867547298435
2023-03-22,300.4544982910156,QQQ,Invesco QQQ (Nasdaq-100 growth),200.226577746612
2023-03-23,304.017333984375,QQQ,Invesco QQQ (Nasdaq-100 growth),202.6008953288499
2023-03-24,305.13623046875,QQQ,Invesco QQQ (Nasdaq-100 growth),203.34654172520416
2023-03-27,303.04559326171875,QQQ,Invesco QQQ (Nasdaq-100 growth),201.95331534432253
2023-03-28,301.4359436035156,QQQ,Invesco QQQ (Nasdaq-100 growth),200.8806249893229
2023-03-29,306.93231201171875,QQQ,Invesco QQQ (Nasdaq-100 growth),204.543472584113
2023-03-30,309.8376159667969,QQQ,Invesco QQQ (Nasdaq-100 growth),206.47960291848244
2023-03-31,314.9903869628906,QQQ,Invesco QQQ (Nasdaq-100 growth),209.91347296645404
2023-04-03,314.224853515625,QQQ,Invesco QQQ (Nasdaq-100 growth),209.40331204968155
2023-04-04,313.1648864746094,QQQ,Invesco QQQ (Nasdaq-100 growth),208.6969369600958
2023-04-05,310.0731506347656,QQQ,Invesco QQQ (Nasdaq-100 growth),206.6365661218171
2023-04-06,312.1637268066406,QQQ,Invesco QQQ (Nasdaq-100 growth),208.02975182811898
2023-04-10,311.9869689941406,QQQ,Invesco QQQ (Nasdaq-100 growth),207.9119582451034
2023-04-11,309.9847717285156,QQQ,Invesco QQQ (Nasdaq-100 growth),206.5776693303093
2023-04-12,307.2463684082031,QQQ,Invesco QQQ (Nasdaq-100 growth),204.75276363432252
2023-04-13,313.262939453125,QQQ,Invesco QQQ (Nasdaq-100 growth),208.76228067249724
2023-04-14,312.6741027832031,QQQ,Invesco QQQ (Nasdaq-100 growth),208.36987266416057
2023-04-17,312.93902587890625,QQQ,Invesco QQQ (Nasdaq-100 growth),208.54642067765477
2023-04-18,312.95867919921875,QQQ,Invesco QQQ (Nasdaq-100 growth),208.5595178923409
2023-04-19,312.8115234375,QQQ,Invesco QQQ (Nasdaq-100 growth),208.46145148051403
2023-04-20,310.4264221191406,QQQ,Invesco QQQ (Nasdaq-100 growth),206.87199058952922
2023-04-21,310.75030517578125,QQQ,Invesco QQQ (Nasdaq-100 growth),207.0878302470818
2023-04-24,310.1025695800781,QQQ,Invesco QQQ (Nasdaq-100 growth),206.65617126926654
2023-04-25,304.2528991699219,QQQ,Invesco QQQ (Nasdaq-100 growth),202.75787886947447
2023-04-26,306.0981140136719,QQQ,Invesco QQQ (Nasdaq-100 growth),203.9875527650986
2023-04-27,314.421142578125,QQQ,Invesco QQQ (Nasdaq-100 growth),209.53412149822375
2023-04-28,316.59027099609375,QQQ,Invesco QQQ (Nasdaq-100 growth),210.97965538869036
2023-05-01,316.22711181640625,QQQ,Invesco QQQ (Nasdaq-100 growth),210.7376416390554
2023-05-02,313.4691162109375,QQQ,Invesco QQQ (Nasdaq-100 growth),208.89967940296225
2023-05-03,311.41778564453125,QQQ,Invesco QQQ (Nasdaq-100 growth),207.53264745145285
2023-05-04,310.3184814453125,QQQ,Invesco QQQ (Nasdaq-100 growth),206.80005759520495
2023-05-05,316.9141540527344,QQQ,Invesco QQQ (Nasdaq-100 growth),211.19549504624294
2023-05-08,317.6993713378906,QQQ,Invesco QQQ (Nasdaq-100 growth),211.71877351499143
2023-05-09,315.6872863769531,QQQ,Invesco QQQ (Nasdaq-100 growth),210.3778953182745
2023-05-10,319.1224670410156,QQQ,Invesco QQQ (Nasdaq-100 growth),212.66714201692224
2023-05-11,320.162841796875,QQQ,Invesco QQQ (Nasdaq-100 growth),213.36046056640166
2023-05-12,319.0145568847656,QQQ,Invesco QQQ (Nasdaq-100 growth),212.59522935988787
2023-05-15,320.7419128417969,QQQ,Invesco QQQ (Nasdaq-100 growth),213.74636064197503
2023-05-16,321.1050720214844,QQQ,Invesco QQQ (Nasdaq-100 growth),213.98837439160997
2023-05-17,324.9917907714844,QQQ,Invesco QQQ (Nasdaq-100 growth),216.57853163140044
2023-05-18,331.0279846191406,QQQ,Invesco QQQ (Nasdaq-100 growth),220.60112554697142
2023-05-19,330.2820739746094,QQQ,Invesco QQQ (Nasdaq-100 growth),220.10404150759516
2023-05-22,331.3912353515625,QQQ,Invesco QQQ (Nasdaq-100 growth),220.843200308476
2023-05-23,327.19036865234375,QQQ,Invesco QQQ (Nasdaq-100 growth),218.04369100660637
2023-05-24,325.51202392578125,QQQ,Invesco QQQ (Nasdaq-100 growth),216.925221412075
2023-05-25,333.4326171875,QQQ,Invesco QQQ (Nasdaq-100 growth),222.2036023034828
2023-05-26,341.9519958496094,QQQ,Invesco QQQ (Nasdaq-100 growth),227.8810211597299
2023-05-30,343.5027770996094,QQQ,Invesco QQQ (Nasdaq-100 growth),228.91448088254077
2023-05-31,341.549560546875,QQQ,Invesco QQQ (Nasdaq-100 growth),227.61283331801258
2023-06-01,345.49517822265625,QQQ,Invesco QQQ (Nasdaq-100 growth),230.24224152728166
2023-06-02,348.0863037109375,QQQ,Invesco QQQ (Nasdaq-100 growth),231.96899946228206
2023-06-05,348.3316955566406,QQQ,Invesco QQQ (Nasdaq-100 growth),232.13253161024966
2023-06-06,348.27276611328125,QQQ,Invesco QQQ (Nasdaq-100 growth),232.09326030348117
2023-06-07,342.3642578125,QQQ,Invesco QQQ (Nasdaq-100 growth),228.15575760879025
2023-06-08,346.61407470703125,QQQ,Invesco QQQ (Nasdaq-100 growth),230.98788792363592
2023-06-09,347.9390869140625,QQQ,Invesco QQQ (Nasdaq-100 growth),231.87089237587543
2023-06-12,353.8182678222656,QQQ,Invesco QQQ (Nasdaq-100 growth),235.78885093498656
2023-06-13,356.5370178222656,QQQ,Invesco QQQ (Nasdaq-100 growth),237.60065941628724
2023-06-14,359.1281433105469,QQQ,Invesco QQQ (Nasdaq-100 growth),239.32741735128764
2023-06-15,363.407470703125,QQQ,Invesco QQQ (Nasdaq-100 growth),242.17921382545236
2023-06-16,361.1205749511719,QQQ,Invesco QQQ (Nasdaq-100 growth),240.65519833331842
2023-06-20,360.6036071777344,QQQ,Invesco QQQ (Nasdaq-100 growth),240.3106846426616
2023-06-21,355.6894226074219,QQQ,Invesco QQQ (Nasdaq-100 growth),237.0358115270132
2023-06-22,359.8861083984375,QQQ,Invesco QQQ (Nasdaq-100 growth),239.83253462016856
2023-06-23,356.31842041015625,QQQ,Invesco QQQ (Nasdaq-100 growth),237.4549834088389
2023-06-26,351.541748046875,QQQ,Invesco QQQ (Nasdaq-100 growth),234.27175012141362
2023-06-27,357.5862121582031,QQQ,Invesco QQQ (Nasdaq-100 growth),238.2998554425435
2023-06-28,358.2840881347656,QQQ,Invesco QQQ (Nasdaq-100 growth),238.7649285876403
2023-06-29,357.5665588378906,QQQ,Invesco QQQ (Nasdaq-100 growth),238.28675822785738
2023-06-30,363.080322265625,QQQ,Invesco QQQ (Nasdaq-100 growth),241.96119807788205
2023-07-03,363.9353942871094,QQQ,Invesco QQQ (Nasdaq-100 growth),242.531028603178
2023-07-05,363.92559814453125,QQQ,Invesco QQQ (Nasdaq-100 growth),242.52450033312482
2023-07-06,361.15399169921875,QQQ,Invesco QQQ (Nasdaq-100 growth),240.67746766574282
2023-07-07,359.95489501953125,QQQ,Invesco QQQ (Nasdaq-100 growth),239.87837487157
2023-07-10,360.0728759765625,QQQ,Invesco QQQ (Nasdaq-100 growth),239.95699883426656
2023-07-11,361.8518371582031,QQQ,Invesco QQQ (Nasdaq-100 growth),241.14252047354972
2023-07-12,366.4220275878906,QQQ,Invesco QQQ (Nasdaq-100 growth),244.18815165761114
2023-07-13,372.6434020996094,QQQ,Invesco QQQ (Nasdaq-100 growth),248.33415224820604
2023-07-14,372.56475830078125,QQQ,Invesco QQQ (Nasdaq-100 growth),248.28174305217166
2023-07-17,376.0440368652344,QQQ,Invesco QQQ (Nasdaq-100 growth),250.60037713470362
2023-07-18,379.1202697753906,QQQ,Invesco QQQ (Nasdaq-100 growth),252.65041662972058
2023-07-19,379.0317687988281,QQQ,Invesco QQQ (Nasdaq-100 growth),252.59143848905325
2023-07-20,370.2944030761719,QQQ,Invesco QQQ (Nasdaq-100 growth),246.76875037115553
2023-07-21,369.18377685546875,QQQ,Invesco QQQ (Nasdaq-100 growth),246.0286153803602
2023-07-24,369.7735290527344,QQQ,Invesco QQQ (Nasdaq-100 growth),246.4216335073934
2023-07-25,372.2796936035156,QQQ,Invesco QQQ (Nasdaq-100 growth),248.09177242735316
2023-07-26,371.04132080078125,QQQ,Invesco QQQ (Nasdaq-100 growth),247.266505541098
2023-07-27,370.1568298339844,QQQ,Invesco QQQ (Nasdaq-100 growth),246.67706986835265
2023-07-28,376.8990478515625,QQQ,Invesco QQQ (Nasdaq-100 growth),251.1701669854198
2023-07-31,377.09564208984375,QQQ,Invesco QQQ (Nasdaq-100 growth),251.30117980686083
2023-08-01,376.2209167480469,QQQ,Invesco QQQ (Nasdaq-100 growth),250.71825206687876
2023-08-02,367.9650573730469,QQQ,Invesco QQQ (Nasdaq-100 growth),245.21644570879116
2023-08-03,367.3753662109375,QQQ,Invesco QQQ (Nasdaq-100 growth),244.82346825633772
2023-08-04,365.6553955078125,QQQ,Invesco QQQ (Nasdaq-100 growth),243.6772585984028
2023-08-07,368.7513122558594,QQQ,Invesco QQQ (Nasdaq-100 growth),245.74041564539576
2023-08-08,365.6160583496094,QQQ,Invesco QQQ (Nasdaq-100 growth),243.65104383174065
2023-08-09,361.59625244140625,QQQ,Invesco QQQ (Nasdaq-100 growth),240.9721956707604
2023-08-10,362.26458740234375,QQQ,Invesco QQQ (Nasdaq-100 growth),241.41758231924828
2023-08-11,359.95489501953125,QQQ,Invesco QQQ (Nasdaq-100 growth),239.87837487157
2023-08-14,363.994384765625,QQQ,Invesco QQQ (Nasdaq-100 growth),242.57034058452626
2023-08-15,360.1318664550781,QQQ,Invesco QQQ (Nasdaq-100 growth),239.9963108156148
2023-08-16,356.31842041015625,QQQ,Invesco QQQ (Nasdaq-100 growth),237.4549834088389
2023-08-17,352.4263916015625,QQQ,Invesco QQQ (Nasdaq-100 growth),234.86128748060838
2023-08-18,351.9841003417969,QQQ,Invesco QQQ (Nasdaq-100 growth),234.5665391383009
2023-08-21,357.65509033203125,QQQ,Invesco QQQ (Nasdaq-100 growth),238.34575670581458
2023-08-22,357.14398193359375,QQQ,Invesco QQQ (Nasdaq-100 growth),238.00514777481575
2023-08-23,362.775634765625,QQQ,Invesco QQQ (Nasdaq-100 growth),241.75815057566732
2023-08-24,355.0210876464844,QQQ,Invesco QQQ (Nasdaq-100 growth),236.59042487852537
2023-08-25,357.7729797363281,QQQ,Invesco QQQ (Nasdaq-100 growth),238.42431965664147
2023-08-28,360.4659729003906,QQQ,Invesco QQQ (Nasdaq-100 growth),240.21896346527896
2023-08-29,368.3384704589844,QQQ,Invesco QQQ (Nasdaq-100 growth),245.46529278782756
2023-08-30,370.392578125,QQQ,Invesco QQQ (Nasdaq-100 growth),246.8341754327165
2023-08-31,371.5032958984375,QQQ,Invesco QQQ (Nasdaq-100 growth),247.57437143538152
2023-09-01,371.1101379394531,QQQ,Invesco QQQ (Nasdaq-100 growth),247.31236612978932
2023-09-05,371.5818786621094,QQQ,Invesco QQQ (Nasdaq-100 growth),247.62673995683613
2023-09-06,368.3091125488281,QQQ,Invesco QQQ (Nasdaq-100 growth),245.4457283149579
2023-09-07,365.675048828125,QQQ,Invesco QQQ (Nasdaq-100 growth),243.69035581308893
2023-09-08,366.18609619140625,QQQ,Invesco QQQ (Nasdaq-100 growth),244.030924069508
2023-09-11,370.5007629394531,QQQ,Invesco QQQ (Nasdaq-100 growth),246.90627112535986
2023-09-12,366.3925476074219,QQQ,Invesco QQQ (Nasdaq-100 growth),244.16850583558195
2023-09-13,367.7881774902344,QQQ,Invesco QQQ (Nasdaq-100 growth),245.09857077661601
2023-09-14,370.795654296875,QQQ,Invesco QQQ (Nasdaq-100 growth),247.10279035752143
2023-09-15,364.44647216796875,QQQ,Invesco QQQ (Nasdaq-100 growth),242.87161719688692
2023-09-18,364.8265075683594,QQQ,Invesco QQQ (Nasdaq-100 growth),243.12487746782844
2023-09-19,364.048828125,QQQ,Invesco QQQ (Nasdaq-100 growth),242.6066223096816
2023-09-20,358.802734375,QQQ,Invesco QQQ (Nasdaq-100 growth),239.1105608292408
2023-09-21,352.22784423828125,QQQ,Invesco QQQ (Nasdaq-100 growth),234.7289730726147
2023-09-22,352.2770690917969,QQQ,Invesco QQQ (Nasdaq-100 growth),234.76177712119969
2023-09-25,353.9503173828125,QQQ,Invesco QQQ (Nasdaq-100 growth),235.8768503883202
2023-09-26,348.63531494140625,QQQ,Invesco QQQ (Nasdaq-100 growth),232.3348673073184
2023-09-27,349.4522399902344,QQQ,Invesco QQQ (Nasdaq-100 growth),232.87927622025774
2023-09-28,352.3755187988281,QQQ,Invesco QQQ (Nasdaq-100 growth),234.8273852183696
2023-09-29,352.63140869140625,QQQ,Invesco QQQ (Nasdaq-100 growth),234.99791339405778
2023-10-02,355.5743713378906,QQQ,Invesco QQQ (Nasdaq-100 growth),236.95913994414568
2023-10-03,349.3341369628906,QQQ,Invesco QQQ (Nasdaq-100 growth),232.80057090840165
2023-10-04,354.08807373046875,QQQ,Invesco QQQ (Nasdaq-100 growth),235.96865291486242
2023-10-05,353.0447692871094,QQQ,Invesco QQQ (Nasdaq-100 growth),235.273381985554
2023-10-06,358.960205078125,QQQ,Invesco QQQ (Nasdaq-100 growth),239.2155012450489
2023-10-09,360.7909240722656,QQQ,Invesco QQQ (Nasdaq-100 growth),240.43551492797752
2023-10-10,362.7889404296875,QQQ,Invesco QQQ (Nasdaq-100 growth),241.7670176340573
2023-10-11,365.3775939941406,QQQ,Invesco QQQ (Nasdaq-100 growth),243.492128248577
2023-10-12,364.1078186035156,QQQ,Invesco QQQ (Nasdaq-100 growth),242.64593429102987
2023-10-13,359.53106689453125,QQQ,Invesco QQQ (Nasdaq-100 growth),239.5959305896431
2023-10-16,363.5960998535156,QQQ,Invesco QQQ (Nasdaq-100 growth),242.30491861423334
2023-10-17,362.4051513671875,QQQ,Invesco QQQ (Nasdaq-100 growth),241.5112558764599
2023-10-18,357.651123046875,QQQ,Invesco QQQ (Nasdaq-100 growth),238.3431128581295
2023-10-19,354.3046569824219,QQQ,Invesco QQQ (Nasdaq-100 growth),236.1129866611783
2023-10-20,349.01910400390625,QQQ,Invesco QQQ (Nasdaq-100 growth),232.59062906491582
2023-10-23,350.0723571777344,QQQ,Invesco QQQ (Nasdaq-100 growth),233.29252995072682
2023-10-24,353.4778747558594,QQQ,Invesco QQQ (Nasdaq-100 growth),235.56200880360603
2023-10-25,344.8262634277344,QQQ,Invesco QQQ (Nasdaq-100 growth),229.796468470286
2023-10-26,338.2513427734375,QQQ,Invesco QQQ (Nasdaq-100 growth),225.41486037637003
2023-10-27,339.8753967285156,QQQ,Invesco QQQ (Nasdaq-100 growth),226.49714993219547
2023-10-30,343.7041015625,QQQ,Invesco QQQ (Nasdaq-100 growth),229.048645983914
2023-10-31,345.3478698730469,QQQ,Invesco QQQ (Nasdaq-100 growth),230.14407342900537
2023-11-01,351.34197998046875,QQQ,Invesco QQQ (Nasdaq-100 growth),234.1386222218245
2023-11-02,357.72003173828125,QQQ,Invesco QQQ (Nasdaq-100 growth),238.3890344586905
2023-11-03,361.9228210449219,QQQ,Invesco QQQ (Nasdaq-100 growth),241.1898250098229
2023-11-06,363.3992004394531,QQQ,Invesco QQQ (Nasdaq-100 growth),242.17370241989346
2023-11-07,366.8343505859375,QQQ,Invesco QQQ (Nasdaq-100 growth),244.4629287812513
2023-11-08,367.07061767578125,QQQ,Invesco QQQ (Nasdaq-100 growth),244.6203800795432
2023-11-09,364.2457275390625,QQQ,Invesco QQQ (Nasdaq-100 growth),242.73783850402148
2023-11-10,372.434814453125,QQQ,Invesco QQQ (Nasdaq-100 growth),248.19514687184008
2023-11-13,371.2732849121094,QQQ,Invesco QQQ (Nasdaq-100 growth),247.4210892815161
2023-11-14,379.2654724121094,QQQ,Invesco QQQ (Nasdaq-100 growth),252.7471814549948
2023-11-15,379.5509338378906,QQQ,Invesco QQQ (Nasdaq-100 growth),252.9374164645818
2023-11-16,379.8757629394531,QQQ,Invesco QQQ (Nasdaq-100 growth),253.15388657812082
2023-11-17,379.96441650390625,QQQ,Invesco QQQ (Nasdaq-100 growth),253.21296640523758
2023-11-20,384.5903625488281,QQQ,Invesco QQQ (Nasdaq-100 growth),256.29575381791943
2023-11-21,382.3561096191406,QQQ,Invesco QQQ (Nasdaq-100 growth),254.8068201508376
2023-11-22,383.9210510253906,QQQ,Invesco QQQ (Nasdaq-100 growth),255.84971637615527
2023-11-24,383.3797302246094,QQQ,Invesco QQQ (Nasdaq-100 growth),255.48897352817
2023-11-27,383.04510498046875,QQQ,Invesco QQQ (Nasdaq-100 growth),255.2659751445778
2023-11-28,384.0490417480469,QQQ,Invesco QQQ (Nasdaq-100 growth),255.93501096993415
2023-11-29,383.675048828125,QQQ,Invesco QQQ (Nasdaq-100 growth),255.68577748238994
2023-11-30,382.7104797363281,QQQ,Invesco QQQ (Nasdaq-100 growth),255.0429767609856
2023-12-01,383.8029479980469,QQQ,Invesco QQQ (Nasdaq-100 growth),255.7710110642992
2023-12-04,380.2399597167969,QQQ,Invesco QQQ (Nasdaq-100 growth),253.39659179561187
2023-12-05,381.1947021484375,QQQ,Invesco QQQ (Nasdaq-100 growth),254.03284390967315
2023-12-06,378.9898986816406,QQQ,Invesco QQQ (Nasdaq-100 growth),252.56353572733065
2023-12-07,384.2853088378906,QQQ,Invesco QQQ (Nasdaq-100 growth),256.0924622682261
2023-12-08,385.9978332519531,QQQ,Invesco QQQ (Nasdaq-100 growth),257.233709627429
2023-12-11,389.2951965332031,QQQ,Invesco QQQ (Nasdaq-100 growth),259.4311131249548
2023-12-12,392.39556884765625,QQQ,Invesco QQQ (Nasdaq-100 growth),261.497239416271
2023-12-13,397.3857727050781,QQQ,Invesco QQQ (Nasdaq-100 growth),264.8227727210236
2023-12-14,397.041259765625,QQQ,Invesco QQQ (Nasdaq-100 growth),264.5931850555086
2023-12-15,398.9605407714844,QQQ,Invesco QQQ (Nasdaq-100 growth),265.8722175536843
2023-12-18,401.47344970703125,QQQ,Invesco QQQ (Nasdaq-100 growth),267.54685101470875
2023-12-19,403.5248718261719,QQQ,Invesco QQQ (Nasdaq-100 growth),268.9139439780878
2023-12-20,397.528564453125,QQQ,Invesco QQQ (Nasdaq-100 growth),264.9179309003969
2023-12-21,402.1540222167969,QQQ,Invesco QQQ (Nasdaq-100 growth),268.0003929164406
2023-12-22,402.7555847167969,QQQ,Invesco QQQ (Nasdaq-100 growth),268.40128157465944
2023-12-26,405.22119140625,QQQ,Invesco QQQ (Nasdaq-100 growth),270.0443922363616
2023-12-27,406.0461120605469,QQQ,Invesco QQQ (Nasdaq-100 growth),270.5941295192509
2023-12-28,405.8487243652344,QQQ,Invesco QQQ (Nasdaq-100 growth),270.4625879282728
2023-12-29,404.09234619140625,QQQ,Invesco QQQ (Nasdaq-100 growth),269.2921158835048
2024-01-02,397.2541809082031,QQQ,Invesco QQQ (Nasdaq-100 growth),264.73507832703825
2024-01-03,393.0506591796875,QQQ,Invesco QQQ (Nasdaq-100 growth),261.9337996809486
2024-01-04,391.0278625488281,QQQ,Invesco QQQ (Nasdaq-100 growth),260.58578309548193
2024-01-05,391.4915771484375,QQQ,Invesco QQQ (Nasdaq-100 growth),260.89480821528895
2024-01-08,399.58294677734375,QQQ,Invesco QQQ (Nasdaq-100 growth),266.2869965808948
2024-01-09,400.372314453125,QQQ,Invesco QQQ (Nasdaq-100 growth),266.81304092106774
2024-01-10,403.08587646484375,QQQ,Invesco QQQ (Nasdaq-100 growth),268.6213920630879
2024-01-11,403.92462158203125,QQQ,Invesco QQQ (Nasdaq-100 growth),269.1803421382952
2024-01-12,404.1318054199219,QQQ,Invesco QQQ (Nasdaq-100 growth),269.31841199932643
2024-01-16,404.09234619140625,QQQ,Invesco QQQ (Nasdaq-100 growth),269.2921158835048
2024-01-17,401.8129577636719,QQQ,Invesco QQQ (Nasdaq-100 growth),267.7731033646826
2024-01-18,407.5163879394531,QQQ,Invesco QQQ (Nasdaq-100 growth),271.5739394713444
2024-01-19,415.5977783203125,QQQ,Invesco QQQ (Nasdaq-100 growth),276.9594775431578
2024-01-22,416.1405334472656,QQQ,Invesco QQQ (Nasdaq-100 growth),277.32117624376764
2024-01-23,417.8673400878906,QQQ,Invesco QQQ (Nasdaq-100 growth),278.47194145463686
2024-01-24,420.1861572265625,QQQ,Invesco QQQ (Nasdaq-100 growth),280.01722975199084
2024-01-25,420.69927978515625,QQQ,Invesco QQQ (Nasdaq-100 growth),280.3591809441221
2024-01-26,418.1929016113281,QQQ,Invesco QQQ (Nasdaq-100 growth),278.68889966313316
2024-01-29,422.47540283203125,QQQ,Invesco QQQ (Nasdaq-100 growth),281.5428112154459
2024-01-30,419.6631774902344,QQQ,Invesco QQQ (Nasdaq-100 growth),279.6687096152266
2024-01-31,411.443603515625,QQQ,Invesco QQQ (Nasdaq-100 growth),274.1910842948126
2024-02-01,416.28851318359375,QQQ,Invesco QQQ (Nasdaq-100 growth),277.4197917624214
2024-02-02,423.3240051269531,QQQ,Invesco QQQ (Nasdaq-100 growth),282.1083302352862
2024-02-05,422.771484375,QQQ,Invesco QQQ (Nasdaq-100 growth),281.740123601913
2024-02-06,421.9228210449219,QQQ,Invesco QQQ (Nasdaq-100 growth),281.174563907493
2024-02-07,426.2644958496094,QQQ,Invesco QQQ (Nasdaq-100 growth),284.0679094648934
2024-02-08,427.0539855957031,QQQ,Invesco QQQ (Nasdaq-100 growth),284.5940351542258
2024-02-09,431.2574768066406,QQQ,Invesco QQQ (Nasdaq-100 growth),287.3952934630256
2024-02-12,429.5701599121094,QQQ,Invesco QQQ (Nasdaq-100 growth),286.2708447052679
2024-02-13,422.8701171875,QQQ,Invesco QQQ (Nasdaq-100 growth),281.80585372282223
2024-02-14,427.47821044921875,QQQ,Invesco QQQ (Nasdaq-100 growth),284.8767438209212
2024-02-15,428.7511291503906,QQQ,Invesco QQQ (Nasdaq-100 growth),285.72503251932653
2024-02-16,424.8634033203125,QQQ,Invesco QQQ (Nasdaq-100 growth),283.13420414896984
2024-02-20,421.65643310546875,QQQ,Invesco QQQ (Nasdaq-100 growth),280.9970397040843
2024-02-21,419.9690856933594,QQQ,Invesco QQQ (Nasdaq-100 growth),279.87257060903676
2024-02-22,432.2639465332031,QQQ,Invesco QQQ (Nasdaq-100 growth),288.0660172834424
2024-02-23,430.9911193847656,QQQ,Invesco QQQ (Nasdaq-100 growth),287.21778959690675
2024-02-26,430.7640686035156,QQQ,Invesco QQQ (Nasdaq-100 growth),287.0664801601602
2024-02-27,431.8002014160156,QQQ,Invesco QQQ (Nasdaq-100 growth),287.7569718263456
2024-02-28,429.5010681152344,QQQ,Invesco QQQ (Nasdaq-100 growth),286.2248010809676
2024-02-29,433.181640625,QQQ,Invesco QQQ (Nasdaq-100 growth),288.677579927583
2024-03-01,439.7039794921875,QQQ,Invesco QQQ (Nasdaq-100 growth),293.02414687102663
2024-03-04,438.1350402832031,QQQ,Invesco QQQ (Nasdaq-100 growth),291.978586460734
2024-03-05,430.27069091796875,QQQ,Invesco QQQ (Nasdaq-100 growth),286.73768719458474
2024-03-06,432.9743957519531,QQQ,Invesco QQQ (Nasdaq-100 growth),288.539469391972
2024-03-07,439.5461730957031,QQQ,Invesco QQQ (Nasdaq-100 growth),292.9189827450298
2024-03-08,433.2013244628906,QQQ,Invesco QQQ (Nasdaq-100 growth),288.690697479559
2024-03-11,431.59295654296875,QQQ,Invesco QQQ (Nasdaq-100 growth),287.61886129073457
2024-03-12,437.7798156738281,QQQ,Invesco QQQ (Nasdaq-100 growth),291.7418604064692
2024-03-13,434.4150390625,QQQ,Invesco QQQ (Nasdaq-100 growth),289.4995318355868
2024-03-14,433.3197937011719,QQQ,Invesco QQQ (Nasdaq-100 growth),288.76964683889366
2024-03-15,428.1689758300781,QQQ,Invesco QQQ (Nasdaq-100 growth),285.33707837747477
2024-03-18,432.2525939941406,QQQ,Invesco QQQ (Nasdaq-100 growth),288.0584518116051
2024-03-19,433.32952880859375,QQQ,Invesco QQQ (Nasdaq-100 growth),288.77613443436707
2024-03-20,438.4674377441406,QQQ,Invesco QQQ (Nasdaq-100 growth),292.20010022216456
2024-03-21,440.5423278808594,QQQ,Invesco QQQ (Nasdaq-100 growth),293.5828325614654
2024-03-22,441.0462646484375,QQQ,Invesco QQQ (Nasdaq-100 growth),293.9186622293412
2024-03-25,439.4455871582031,QQQ,Invesco QQQ (Nasdaq-100 growth),292.85195103756786
2024-03-26,438.0227966308594,QQQ,Invesco QQQ (Nasdaq-100 growth),291.9037859085359
2024-03-27,439.51470947265625,QQQ,Invesco QQQ (Nasdaq-100 growth),292.898014999158
2024-03-28,438.70458984375,QQQ,Invesco QQQ (Nasdaq-100 growth),292.35814130186316
2024-04-01,439.6333312988281,QQQ,Invesco QQQ (Nasdaq-100 growth),292.97706604494215
2024-04-02,435.8392028808594,QQQ,Invesco QQQ (Nasdaq-100 growth),290.44861214266365
2024-04-03,436.8173828125,QQQ,Invesco QQQ (Nasdaq-100 growth),291.1004832953568
2024-04-04,430.13812255859375,QQQ,Invesco QQQ (Nasdaq-100 growth),286.64934200732307
2024-04-05,435.20684814453125,QQQ,Invesco QQQ (Nasdaq-100 growth),290.02720315895056
2024-04-08,435.3352966308594,QQQ,Invesco QQQ (Nasdaq-100 growth),290.11280281207775
2024-04-09,436.94586181640625,QQQ,Invesco QQQ (Nasdaq-100 growth),291.1861032857739
2024-04-10,433.1319885253906,QQQ,Invesco QQQ (Nasdaq-100 growth),288.64449115693964
2024-04-11,440.04827880859375,QQQ,Invesco QQQ (Nasdaq-100 growth),293.25359217551244
2024-04-12,433.0331115722656,QQQ,Invesco QQQ (Nasdaq-100 growth),288.5785983377113
2024-04-15,425.9093017578125,QQQ,Invesco QQQ (Nasdaq-100 growth),283.8312037479185
2024-04-16,425.94879150390625,QQQ,Invesco QQQ (Nasdaq-100 growth),283.85752020103007
2024-04-17,420.7516174316406,QQQ,Invesco QQQ (Nasdaq-100 growth),280.39405939627534
2024-04-18,418.3506774902344,QQQ,Invesco QQQ (Nasdaq-100 growth),278.7940434518401
2024-04-19,409.6954345703125,QQQ,Invesco QQQ (Nasdaq-100 growth),273.0260829810237
2024-04-22,413.8155517578125,QQQ,Invesco QQQ (Nasdaq-100 growth),275.7717798138569
2024-04-23,419.9908752441406,QQQ,Invesco QQQ (Nasdaq-100 growth),279.88709143401485
2024-04-24,421.4136962890625,QQQ,Invesco QQQ (Nasdaq-100 growth),280.8352769003367
2024-04-25,419.3782653808594,QQQ,Invesco QQQ (Nasdaq-100 growth),279.47884067685754
2024-04-26,425.8499755859375,QQQ,Invesco QQQ (Nasdaq-100 growth),283.79166805638147
2024-04-29,427.5791320800781,QQQ,Invesco QQQ (Nasdaq-100 growth),284.94399923857185
2024-04-30,419.5166320800781,QQQ,Invesco QQQ (Nasdaq-100 growth),279.57104994919746
2024-05-01,416.4832458496094,QQQ,Invesco QQQ (Nasdaq-100 growth),277.54956400917945
2024-05-02,421.79901123046875,QQQ,Invesco QQQ (Nasdaq-100 growth),281.0920555224284
2024-05-03,430.2764587402344,QQQ,Invesco QQQ (Nasdaq-100 growth),286.74153094237306
2024-05-06,434.9894714355469,QQQ,Invesco QQQ (Nasdaq-100 growth),289.8823406430976
2024-05-07,435.05865478515625,QQQ,Invesco QQQ (Nasdaq-100 growth),289.9284452792676
2024-05-08,434.8017272949219,QQQ,Invesco QQQ (Nasdaq-100 growth),289.75722563572333
2024-05-09,435.7502746582031,QQQ,Invesco QQQ (Nasdaq-100 growth),290.3893492799379
2024-05-10,436.7779235839844,QQQ,Invesco QQQ (Nasdaq-100 growth),291.07418717953516
2024-05-13,437.78564453125,QQQ,Invesco QQQ (Nasdaq-100 growth),291.7457448288373
2024-05-14,440.60162353515625,QQQ,Invesco QQQ (Nasdaq-100 growth),293.6223479157125
2024-05-15,447.48834228515625,QQQ,Invesco QQQ (Nasdaq-100 growth),298.2117421003865
2024-05-16,446.5793762207031,QQQ,Invesco QQQ (Nasdaq-100 growth),297.6059959211531
2024-05-17,446.3619689941406,QQQ,Invesco QQQ (Nasdaq-100 growth),297.4611130680103
2024-05-20,449.47430419921875,QQQ,Invesco QQQ (Nasdaq-100 growth),299.5352115769616
2024-05-21,450.3536682128906,QQQ,Invesco QQQ (Nasdaq-100 growth),300.12123058500623
2024-05-22,450.2647399902344,QQQ,Invesco QQQ (Nasdaq-100 growth),300.0619677222805
2024-05-23,448.2392272949219,QQQ,Invesco QQQ (Nasdaq-100 growth),298.712141118014
2024-05-24,452.47796630859375,QQQ,Invesco QQQ (Nasdaq-100 growth),301.5368889966313
2024-05-28,454.1872863769531,QQQ,Invesco QQQ (Nasdaq-100 growth),302.6760009403963
2024-05-29,450.98602294921875,QQQ,Invesco QQQ (Nasdaq-100 growth),300.5426395687193
2024-05-30,446.1544494628906,QQQ,Invesco QQQ (Nasdaq-100 growth),297.3228194967904
2024-05-31,445.3244934082031,QQQ,Invesco QQQ (Nasdaq-100 growth),296.76972656107006
2024-06-03,447.7155456542969,QQQ,Invesco QQQ (Nasdaq-100 growth),298.36315322358246
2024-06-04,448.94073486328125,QQQ,Invesco QQQ (Nasdaq-100 growth),299.1796344006072
2024-06-05,457.9913024902344,QQQ,Invesco QQQ (Nasdaq-100 growth),305.2110441245976
2024-06-06,457.83319091796875,QQQ,Invesco QQQ (Nasdaq-100 growth),305.10567662570196
2024-06-07,457.4280700683594,QQQ,Invesco QQQ (Nasdaq-100 growth),304.83569910247473
2024-06-10,459.2757568359375,QQQ,Invesco QQQ (Nasdaq-100 growth),306.0670203185796
2024-06-11,462.42767333984375,QQQ,Invesco QQQ (Nasdaq-100 growth),308.16749629251206
2024-06-12,468.4844055175781,QQQ,Invesco QQQ (Nasdaq-100 growth),312.2037772041758
2024-06-13,471.0237121582031,QQQ,Invesco QQQ (Nasdaq-100 growth),313.896002420951
2024-06-14,473.4641418457031,QQQ,Invesco QQQ (Nasdaq-100 growth),315.5223348184978
2024-06-17,479.2640380859375,QQQ,Invesco QQQ (Nasdaq-100 growth),319.387457098487
2024-06-18,479.4122619628906,QQQ,Invesco QQQ (Nasdaq-100 growth),319.48623531545985
2024-06-20,475.7169189453125,QQQ,Invesco QQQ (Nasdaq-100 growth),317.02361322054
2024-06-21,474.4423522949219,QQQ,Invesco QQQ (Nasdaq-100 growth),316.1742263084809
2024-06-24,469.041015625,QQQ,Invesco QQQ (Nasdaq-100 growth),312.5747090343936
2024-06-25,474.40472412109375,QQQ,Invesco QQQ (Nasdaq-100 growth),316.1491504300523
2024-06-26,475.3844909667969,QQQ,Invesco QQQ (Nasdaq-100 growth),316.80207912181953
2024-06-27,476.6116027832031,QQQ,Invesco QQQ (Nasdaq-100 growth),317.61984154810705
2024-06-28,474.1375427246094,QQQ,Invesco QQQ (Nasdaq-100 growth),315.9710974571066
2024-07-01,476.91839599609375,QQQ,Invesco QQQ (Nasdaq-100 growth),317.82429232332385
2024-07-02,481.9259033203125,QQQ,Invesco QQQ (Nasdaq-100 growth),321.16135687144146
2024-07-03,485.94378662109375,QQQ,Invesco QQQ (Nasdaq-100 growth),323.8389237831589
2024-07-05,491.0106201171875,QQQ,Invesco QQQ (Nasdaq-100 growth),327.21552402281355
2024-07-08,492.17840576171875,QQQ,Invesco QQQ (Nasdaq-100 growth),327.99375075756404
2024-07-09,492.6038818359375,QQQ,Invesco QQQ (Nasdaq-100 growth),328.27729325314476
2024-07-10,497.7400207519531,QQQ,Invesco QQQ (Nasdaq-100 growth),331.7000794781289
2024-07-11,486.824462890625,QQQ,Invesco QQQ (Nasdaq-100 growth),324.4258172946686
2024-07-12,489.68450927734375,QQQ,Invesco QQQ (Nasdaq-100 growth),326.33178742813817
2024-07-15,491.0007019042969,QQQ,Invesco QQQ (Nasdaq-100 growth),327.20891440360083
2024-07-16,491.188720703125,QQQ,Invesco QQQ (Nasdaq-100 growth),327.3342124465841
2024-07-17,476.7699279785156,QQQ,Invesco QQQ (Nasdaq-100 growth),317.72535140803194
2024-07-18,474.5136413574219,QQQ,Invesco QQQ (Nasdaq-100 growth),316.2217342176529
2024-07-19,470.3077087402344,QQQ,Invesco QQQ (Nasdaq-100 growth),313.4188489256623
2024-07-22,477.314208984375,QQQ,Invesco QQQ (Nasdaq-100 growth),318.08806697313605
2024-07-23,475.6318664550781,QQQ,Invesco QQQ (Nasdaq-100 growth),316.9669331936297
2024-07-24,458.5708312988281,QQQ,Invesco QQQ (Nasdaq-100 growth),305.5972492595193
2024-07-25,453.5138244628906,QQQ,Invesco QQQ (Nasdaq-100 growth),302.2271976272077
2024-07-26,458.1650390625,QQQ,Invesco QQQ (Nasdaq-100 growth),305.32682431591456
2024-07-29,459.08538818359375,QQQ,Invesco QQQ (Nasdaq-100 growth),305.94015630427515
2024-07-30,452.78155517578125,QQQ,Invesco QQQ (Nasdaq-100 growth),301.7392043564102
2024-07-31,466.1810302734375,QQQ,Invesco QQQ (Nasdaq-100 growth),310.66877957550383
2024-08-01,454.889404296875,QQQ,Invesco QQQ (Nasdaq-100 growth),303.14390096878714
2024-08-02,444.0926513671875,QQQ,Invesco QQQ (Nasdaq-100 growth),295.9488118548503
2024-08-05,430.85150146484375,QQQ,Invesco QQQ (Nasdaq-100 growth),287.12474649568156
2024-08-06,434.9683532714844,QQQ,Invesco QQQ (Nasdaq-100 growth),289.868267238497
2024-08-07,430.25775146484375,QQQ,Invesco QQQ (Nasdaq-100 growth),286.72906418367336
2024-08-08,443.41973876953125,QQQ,Invesco QQQ (Nasdaq-100 growth),295.5003746128797
2024-08-09,445.7354736328125,QQQ,Invesco QQQ (Nasdaq-100 growth),297.0436088439552
2024-08-12,446.6953430175781,QQQ,Invesco QQQ (Nasdaq-100 growth),297.68327762271724
2024-08-13,457.7790832519531,QQQ,Invesco QQQ (Nasdaq-100 growth),305.06961861073535
2024-08-14,457.92755126953125,QQQ,Invesco QQQ (Nasdaq-100 growth),305.16855952602725
2024-08-15,469.49627685546875,QQQ,Invesco QQQ (Nasdaq-100 growth),312.87810072490237
2024-08-16,470.0999450683594,QQQ,Invesco QQQ (Nasdaq-100 growth),313.2803926561233
2024-08-19,476.2751159667969,QQQ,Invesco QQQ (Nasdaq-100 growth),317.39560258983187
2024-08-20,475.275634765625,QQQ,Invesco QQQ (Nasdaq-100 growth),316.72953600879873
2024-08-21,477.49237060546875,QQQ,Invesco QQQ (Nasdaq-100 growth),318.2067960714864
2024-08-22,469.9217834472656,QQQ,Invesco QQQ (Nasdaq-100 growth),313.16166355777295
2024-08-23,475.0183410644531,QQQ,Invesco QQQ (Nasdaq-100 growth),316.55807231777584
2024-08-26,470.40673828125,QQQ,Invesco QQQ (Nasdaq-100 growth),313.4848434313401
2024-08-27,471.81195068359375,QQQ,Invesco QQQ (Nasdaq-100 growth),314.4212942813981
2024-08-28,466.4580993652344,QQQ,Invesco QQQ (Nasdaq-100 growth),310.8534218303724
2024-08-29,465.7752990722656,QQQ,Invesco QQQ (Nasdaq-100 growth),310.3983953064789
2024-08-30,471.3270263671875,QQQ,Invesco QQQ (Nasdaq-100 growth),314.0981347451209
2024-09-03,457.01708984375,QQQ,Invesco QQQ (Nasdaq-100 growth),304.5618168195895
2024-09-04,455.8294982910156,QQQ,Invesco QQQ (Nasdaq-100 growth),303.7703911837035
2024-09-05,456.2551574707031,QQQ,Invesco QQQ (Nasdaq-100 growth),304.0540557030235
2024-09-06,444.0332336425781,QQQ,Invesco QQQ (Nasdaq-100 growth),295.9092151514437
2024-09-09,449.7433776855469,QQQ,Invesco QQQ (Nasdaq-100 growth),299.7145254618802
2024-09-10,453.8997802734375,QQQ,Invesco QQQ (Nasdaq-100 growth),302.484403332387
2024-09-11,463.7564392089844,QQQ,Invesco QQQ (Nasdaq-100 growth),309.05300223140745
2024-09-12,468.3086853027344,QQQ,Invesco QQQ (Nasdaq-100 growth),312.0866750890163
2024-09-13,470.40673828125,QQQ,Invesco QQQ (Nasdaq-100 growth),313.4848434313401
2024-09-16,468.3284606933594,QQQ,Invesco QQQ (Nasdaq-100 growth),312.099853652862
2024-09-17,468.57586669921875,QQQ,Invesco QQQ (Nasdaq-100 growth),312.26472806196205
2024-09-18,466.54718017578125,QQQ,Invesco QQQ (Nasdaq-100 growth),310.9127863795475
2024-09-19,478.3434753417969,QQQ,Invesco QQQ (Nasdaq-100 growth),318.77398274909723
2024-09-20,477.4329833984375,QQQ,Invesco QQQ (Nasdaq-100 growth),318.16721970536963
2024-09-23,478.69854736328125,QQQ,Invesco QQQ (Nasdaq-100 growth),319.0106071169126
2024-09-24,481.0075988769531,QQQ,Invesco QQQ (Nasdaq-100 growth),320.54938748150323
2024-09-25,481.45355224609375,QQQ,Invesco QQQ (Nasdaq-100 growth),320.846576298597
2024-09-26,485.0707092285156,QQQ,Invesco QQQ (Nasdaq-100 growth),323.25709425683067
2024-09-27,482.37518310546875,QQQ,Invesco QQQ (Nasdaq-100 growth),321.4607624531327
2024-09-30,483.6833190917969,QQQ,Invesco QQQ (Nasdaq-100 growth),322.3325203840657
2024-10-01,476.94439697265625,QQQ,Invesco QQQ (Nasdaq-100 growth),317.84161969430613
2024-10-02,477.6183166503906,QQQ,Invesco QQQ (Nasdaq-100 growth),318.290728066843
2024-10-03,477.2615661621094,QQQ,Invesco QQQ (Nasdaq-100 growth),318.05298514808396
2024-10-04,482.9400329589844,QQQ,Invesco QQQ (Nasdaq-100 growth),321.83718535161955
2024-10-07,477.7669677734375,QQQ,Invesco QQQ (Nasdaq-100 growth),318.3897910058742
2024-10-08,484.90228271484375,QQQ,Invesco QQQ (Nasdaq-100 growth),323.1448527539538
2024-10-09,488.7176208496094,QQQ,Invesco QQQ (Nasdaq-100 growth),325.68744107270254
2024-10-10,488.16265869140625,QQQ,Invesco QQQ (Nasdaq-100 growth),325.31760745613855
2024-10-11,488.92578125,QQQ,Invesco QQQ (Nasdaq-100 growth),325.8261617270101
2024-10-14,493.028564453125,QQQ,Invesco QQQ (Nasdaq-100 growth),328.56030697918845
2024-10-15,486.43829345703125,QQQ,Invesco QQQ (Nasdaq-100 growth),324.16846922846014
2024-10-16,486.4977722167969,QQQ,Invesco QQQ (Nasdaq-100 growth),324.2081066064466
2024-10-17,486.8347473144531,QQQ,Invesco QQQ (Nasdaq-100 growth),324.43267096136
2024-10-18,490.0257568359375,QQQ,Invesco QQQ (Nasdaq-100 growth),326.5591990036355
2024-10-21,490.96722412109375,QQQ,Invesco QQQ (Nasdaq-100 growth),327.1866043965967
2024-10-22,491.50238037109375,QQQ,Invesco QQQ (Nasdaq-100 growth),327.5432391120251
2024-10-23,483.97064208984375,QQQ,Invesco QQQ (Nasdaq-100 growth),322.52399596833567
2024-10-24,487.8951721191406,QQQ,Invesco QQQ (Nasdaq-100 growth),325.139351110294
2024-10-25,490.8681640625,QQQ,Invesco QQQ (Nasdaq-100 growth),327.12058955362903
2024-10-28,490.9474182128906,QQQ,Invesco QQQ (Nasdaq-100 growth),327.1734054954611
2024-10-29,495.6646423339844,QQQ,Invesco QQQ (Nasdaq-100 growth),330.31702174218987
2024-10-30,491.91864013671875,QQQ,Invesco QQQ (Nasdaq-100 growth),327.82063974606046
2024-10-31,479.5012512207031,QQQ,Invesco QQQ (Nasdaq-100 growth),319.54553885276533
2024-11-01,483.0490417480469,QQQ,Invesco QQQ (Nasdaq-100 growth),321.9098301510898
2024-11-04,481.641845703125,QQQ,Invesco QQQ (Nasdaq-100 growth),320.97205737718923
2024-11-05,487.7861022949219,QQQ,Invesco QQQ (Nasdaq-100 growth),325.06666563624395
2024-11-06,501.0359802246094,QQQ,Invesco QQQ (Nasdaq-100 growth),333.89654746031994
2024-11-07,508.9244079589844,QQQ,Invesco QQQ (Nasdaq-100 growth),339.15349284818865
2024-11-08,509.5190124511719,QQQ,Invesco QQQ (Nasdaq-100 growth),339.5497446043136
2024-11-11,509.22174072265625,QQQ,Invesco QQQ (Nasdaq-100 growth),339.35163906354103
2024-11-12,508.300048828125,QQQ,Invesco QQQ (Nasdaq-100 growth),338.7374122344255
2024-11-13,507.64599609375,QQQ,Invesco QQQ (Nasdaq-100 growth),338.301543437604
2024-11-14,504.11798095703125,QQQ,Invesco QQQ (Nasdaq-100 growth),335.95043070312516
2024-11-15,492.10693359375,QQQ,Invesco QQQ (Nasdaq-100 growth),327.9461208246527
2024-11-18,495.5259094238281,QQQ,Invesco QQQ (Nasdaq-100 growth),330.22456842237136
2024-11-19,498.93499755859375,QQQ,Invesco QQQ (Nasdaq-100 growth),332.49642673816714
2024-11-20,498.6476135253906,QQQ,Invesco QQQ (Nasdaq-100 growth),332.30491047931736
2024-11-21,500.44134521484375,QQQ,Invesco QQQ (Nasdaq-100 growth),333.50027536690504
2024-11-22,501.2440490722656,QQQ,Invesco QQQ (Nasdaq-100 growth),334.0352071027578
2024-11-25,502.036865234375,QQQ,Invesco QQQ (Nasdaq-100 growth),334.56354955668775
2024-11-26,504.73236083984375,QQQ,Invesco QQQ (Nasdaq-100 growth),336.35986102309585
2024-11-27,500.7584228515625,QQQ,Invesco QQQ (Nasdaq-100 growth),333.7115798088132
2024-11-29,505.15850830078125,QQQ,Invesco QQQ (Nasdaq-100 growth),336.643850939054
2024-12-02,510.65869140625,QQQ,Invesco QQQ (Nasdaq-100 growth),340.3092406950798
2024-12-03,512.2244262695312,QQQ,Invesco QQQ (Nasdaq-100 growth),341.35266568993444
2024-12-04,518.5570068359375,QQQ,Invesco QQQ (Nasdaq-100 growth),345.5727753648713
2024-12-05,517.1200561523438,QQQ,Invesco QQQ (Nasdaq-100 growth),344.6151737333326
2024-12-06,521.7481079101562,QQQ,Invesco QQQ (Nasdaq-100 growth),347.6993644190165
2024-12-09,517.6849365234375,QQQ,Invesco QQQ (Nasdaq-100 growth),344.99161696910926
2024-12-10,515.9209594726562,QQQ,Invesco QQQ (Nasdaq-100 growth),343.8160809391598
2024-12-11,525.1571044921875,QQQ,Invesco QQQ (Nasdaq-100 growth),349.97116172294267
2024-12-12,521.7678833007812,QQQ,Invesco QQQ (Nasdaq-100 growth),347.71254298286215
2024-12-13,525.7616577148438,QQQ,Invesco QQQ (Nasdaq-100 growth),350.37404343557023
2024-12-16,533.3330078125,QQQ,Invesco QQQ (Nasdaq-100 growth),355.41968438153083
2024-12-17,530.9842529296875,QQQ,Invesco QQQ (Nasdaq-100 growth),353.8544452027994
2024-12-18,511.8280944824219,QQQ,Invesco QQQ (Nasdaq-100 growth),341.0885453061942
2024-12-19,509.5487060546875,QQQ,Invesco QQQ (Nasdaq-100 growth),339.569532787372
2024-12-20,513.9983520507812,QQQ,Invesco QQQ (Nasdaq-100 growth),342.53483167638655
2024-12-23,519.0060424804688,QQQ,Invesco QQQ (Nasdaq-100 growth),345.8720182482435
2024-12-24,526.0437622070312,QQQ,Invesco QQQ (Nasdaq-100 growth),350.56204134326987
2024-12-26,525.686279296875,QQQ,Invesco QQQ (Nasdaq-100 growth),350.32381032955357
2024-12-27,518.6984252929688,QQQ,Invesco QQQ (Nasdaq-100 growth),345.6670183661997
2024-12-30,511.7996826171875,QQQ,Invesco QQQ (Nasdaq-100 growth),341.06961128931096
2024-12-31,507.4521179199219,QQQ,Invesco QQQ (Nasdaq-100 growth),338.1723406349627
2025-01-02,506.4595031738281,QQQ,Invesco QQQ (Nasdaq-100 growth),337.5108499441538
2025-01-03,514.747802734375,QQQ,Invesco QQQ (Nasdaq-100 growth),343.0342748413895
2025-01-06,520.6637573242188,QQQ,Invesco QQQ (Nasdaq-100 growth),346.9767398348124
2025-01-07,511.3728942871094,QQQ,Invesco QQQ (Nasdaq-100 growth),340.78519429026517
2025-01-08,511.4622802734375,QQQ,Invesco QQQ (Nasdaq-100 growth),340.8447622123392
2025-01-10,503.4419860839844,QQQ,Invesco QQQ (Nasdaq-100 growth),335.49993939487615
2025-01-13,501.82403564453125,QQQ,Invesco QQQ (Nasdaq-100 growth),334.4217172970277
2025-01-14,501.3475341796875,QQQ,Invesco QQQ (Nasdaq-100 growth),334.10417085275884
2025-01-15,512.8817749023438,QQQ,Invesco QQQ (Nasdaq-100 growth),341.79073091406354
2025-01-16,509.2884216308594,QQQ,Invesco QQQ (Nasdaq-100 growth),339.3960760419404
2025-01-17,517.8843994140625,QQQ,Invesco QQQ (Nasdaq-100 growth),345.1245414957995
2025-01-21,520.9218139648438,QQQ,Invesco QQQ (Nasdaq-100 growth),347.1487119580824
2025-01-22,527.582275390625,QQQ,Invesco QQQ (Nasdaq-100 growth),351.58732547554683
2025-01-23,528.7039794921875,QQQ,Invesco QQQ (Nasdaq-100 growth),352.33484290257053
2025-01-24,525.7161254882812,QQQ,Invesco QQQ (Nasdaq-100 growth),350.3437001990614
2025-01-27,510.41009521484375,QQQ,Invesco QQQ (Nasdaq-100 growth),340.1435731316742
2025-01-28,517.9539184570312,QQQ,Invesco QQQ (Nasdaq-100 growth),345.17086984215825
2025-01-29,516.981201171875,QQQ,Invesco QQQ (Nasdaq-100 growth),344.5226390643545
2025-01-30,519.1846923828125,QQQ,Invesco QQQ (Nasdaq-100 growth),345.99107274323194
2025-01-31,518.4303588867188,QQQ,Invesco QQQ (Nasdaq-100 growth),345.48837561184735
2025-02-03,514.28125,QQQ,Invesco QQQ (Nasdaq-100 growth),342.72335835362315
2025-02-04,520.59423828125,QQQ,Invesco QQQ (Nasdaq-100 growth),346.93041148845373
2025-02-05,522.9566040039062,QQQ,Invesco QQQ (Nasdaq-100 growth),348.50472109847396
2025-02-06,525.686279296875,QQQ,Invesco QQQ (Nasdaq-100 growth),350.32381032955357
2025-02-07,519.0557250976562,QQQ,Invesco QQQ (Nasdaq-100 growth),345.9051273561767
2025-02-10,525.3389282226562,QQQ,Invesco QQQ (Nasdaq-100 growth),350.09233129607924
2025-02-11,524.0882568359375,QQQ,Invesco QQQ (Nasdaq-100 growth),349.25886848200025
2025-02-12,524.3959350585938,QQQ,Invesco QQQ (Nasdaq-100 growth),349.46390903862374
2025-02-13,531.9398193359375,QQQ,Invesco QQQ (Nasdaq-100 growth),354.4912464236876
2025-02-14,534.1732177734375,QQQ,Invesco QQQ (Nasdaq-100 growth),355.9796106466526
2025-02-18,535.3840942382812,QQQ,Invesco QQQ (Nasdaq-100 growth),356.78655363472114
2025-02-19,535.5331420898438,QQQ,Invesco QQQ (Nasdaq-100 growth),356.8858809585209
2025-02-20,533.2599487304688,QQQ,Invesco QQQ (Nasdaq-100 growth),355.37099690954545
2025-02-21,522.1923828125,QQQ,Invesco QQQ (Nasdaq-100 growth),347.9954346851666
2025-02-24,516.0282592773438,QQQ,Invesco QQQ (Nasdaq-100 growth),343.8875868503965
2025-02-25,509.52667236328125,QQQ,Invesco QQQ (Nasdaq-100 growth),339.55484926407485
2025-02-26,510.7575378417969,QQQ,Invesco QQQ (Nasdaq-100 growth),340.3751131770182
2025-02-27,496.5730895996094,QQQ,Invesco QQQ (Nasdaq-100 growth),330.92242218749516
2025-02-28,504.41473388671875,QQQ,Invesco QQQ (Nasdaq-100 growth),336.14819050996977
2025-03-03,493.3768615722656,QQQ,Invesco QQQ (Nasdaq-100 growth),328.79241646864926
2025-03-04,491.8879699707031,QQQ,Invesco QQQ (Nasdaq-100 growth),327.80020076972573
2025-03-05,498.3002624511719,QQQ,Invesco QQQ (Nasdaq-100 growth),332.073431445843
2025-03-06,484.5923156738281,QQQ,Invesco QQQ (Nasdaq-100 growth),322.9382869005889
2025-03-07,488.15576171875,QQQ,Invesco QQQ (Nasdaq-100 growth),325.3130112286245
2025-03-10,469.2366638183594,QQQ,Invesco QQQ (Nasdaq-100 growth),312.7050913998482
2025-03-11,468.1149597167969,QQQ,Invesco QQQ (Nasdaq-100 growth),311.9575739728245
2025-03-12,473.3956604003906,QQQ,Invesco QQQ (Nasdaq-100 growth),315.47669793999523
2025-03-13,464.87908935546875,QQQ,Invesco QQQ (Nasdaq-100 growth),309.80115011441757
2025-03-14,476.11541748046875,QQQ,Invesco QQQ (Nasdaq-100 growth),317.2891775518621
2025-03-17,479.2024230957031,QQQ,Invesco QQQ (Nasdaq-100 growth),319.34639611020856
2025-03-18,471.03326416015625,QQQ,Invesco QQQ (Nasdaq-100 growth),313.9023679926851
2025-03-19,477.3363342285156,QQQ,Invesco QQQ (Nasdaq-100 growth),318.1028115083029
2025-03-20,475.7183837890625,QQQ,Invesco QQQ (Nasdaq-100 growth),317.0245894104545
2025-03-21,477.2867126464844,QQQ,Invesco QQQ (Nasdaq-100 growth),318.06974307494943
2025-03-24,487.7604675292969,QQQ,Invesco QQQ (Nasdaq-100 growth),325.0495823127403
2025-03-25,490.54388427734375,QQQ,Invesco QQQ (Nasdaq-100 growth),326.90448551130794
2025-03-26,481.5175476074219,QQQ,Invesco QQQ (Nasdaq-100 growth),320.88922359548644
2025-03-27,478.7738037109375,QQQ,Invesco QQQ (Nasdaq-100 growth),319.0607588737697
2025-03-28,466.1687927246094,QQQ,Invesco QQQ (Nasdaq-100 growth),310.6606243222598
2025-03-31,466.1488952636719,QQQ,Invesco QQQ (Nasdaq-100 growth),310.6473644092546
2025-04-01,469.90655517578125,QQQ,Invesco QQQ (Nasdaq-100 growth),313.1515152501202
2025-04-02,473.336181640625,QQQ,Invesco QQQ (Nasdaq-100 growth),315.4370605620088
2025-04-03,447.99676513671875,QQQ,Invesco QQQ (Nasdaq-100 growth),298.5505613498754
2025-04-04,420.1722412109375,QQQ,Invesco QQQ (Nasdaq-100 growth),280.0079559478031
2025-04-07,421.1861572265625,QQQ,Invesco QQQ (Nasdaq-100 growth),280.68364206695196
2025-04-08,413.60125732421875,QQQ,Invesco QQQ (Nasdaq-100 growth),275.62897136428234
2025-04-09,463.24615478515625,QQQ,Invesco QQQ (Nasdaq-100 growth),308.7129424072355
2025-04-10,443.54327392578125,QQQ,Invesco QQQ (Nasdaq-100 growth),295.5826999623353
2025-04-11,451.7147216796875,QQQ,Invesco QQQ (Nasdaq-100 growth),301.0282533766002
2025-04-14,454.7764892578125,QQQ,Invesco QQQ (Nasdaq-100 growth),303.0686529962116
2025-04-15,455.2834777832031,QQQ,Invesco QQQ (Nasdaq-100 growth),303.4065163930759
2025-04-16,441.5550842285156,QQQ,Invesco QQQ (Nasdaq-100 growth),294.2577458635986
2025-04-17,441.4755554199219,QQQ,Invesco QQQ (Nasdaq-100 growth),294.2047468861575
2025-04-21,430.55047607421875,QQQ,Invesco QQQ (Nasdaq-100 growth),286.9241394682531
2025-04-22,441.8533630371094,QQQ,Invesco QQQ (Nasdaq-100 growth),294.45652253493745
2025-04-23,451.8737487792969,QQQ,Invesco QQQ (Nasdaq-100 growth),301.1342309941925
2025-04-24,464.5881652832031,QQQ,Invesco QQQ (Nasdaq-100 growth),309.60727472994114
2025-04-25,469.76739501953125,QQQ,Invesco QQQ (Nasdaq-100 growth),313.05877720824327
2025-04-28,469.6182556152344,QQQ,Invesco QQQ (Nasdaq-100 growth),312.95938887257387
2025-04-29,472.7198181152344,QQQ,Invesco QQQ (Nasdaq-100 growth),315.0263083181956
2025-04-30,472.66015625,QQQ,Invesco QQQ (Nasdaq-100 growth),314.98654891646987
2025-05-01,478.8334655761719,QQQ,Invesco QQQ (Nasdaq-100 growth),319.10051827549546
2025-05-02,485.94122314453125,QQQ,Invesco QQQ (Nasdaq-100 growth),323.83721545080857
2025-05-05,483.058349609375,QQQ,Invesco QQQ (Nasdaq-100 growth),321.9160330245048
2025-05-06,478.5650939941406,QQQ,Invesco QQQ (Nasdaq-100 growth),318.9216721482442
2025-05-07,480.4438781738281,QQQ,Invesco QQQ (Nasdaq-100 growth),320.1737170627422
2025-05-08,485.4043884277344,QQQ,Invesco QQQ (Nasdaq-100 growth),323.47946218443644
2025-05-09,485.0863037109375,QQQ,Invesco QQQ (Nasdaq-100 growth),323.26748661196206
2025-05-12,504.84881591796875,QQQ,Invesco QQQ (Nasdaq-100 growth),336.4374681212981
2025-05-13,512.5431518554688,QQQ,Invesco QQQ (Nasdaq-100 growth),341.5650683454964
2025-05-14,515.61474609375,QQQ,Invesco QQQ (Nasdaq-100 growth),343.6120165724508
2025-05-15,516.1815185546875,QQQ,Invesco QQQ (Nasdaq-100 growth),343.98972072020035
2025-05-16,518.4281616210938,QQQ,Invesco QQQ (Nasdaq-100 growth),345.48691132697564
2025-05-19,518.9251708984375,QQQ,Invesco QQQ (Nasdaq-100 growth),345.8181244300475
2025-05-20,517.1954956054688,QQQ,Invesco QQQ (Nasdaq-100 growth),344.665447513929
2025-05-21,510.0081481933594,QQQ,Invesco QQQ (Nasdaq-100 growth),339.875710686595
2025-05-22,510.9624938964844,QQQ,Invesco QQQ (Nasdaq-100 growth),340.5116984158878
2025-05-23,506.2306213378906,QQQ,Invesco QQQ (Nasdaq-100 growth),337.35832027001413
2025-05-27,518.1397705078125,QQQ,Invesco QQQ (Nasdaq-100 growth),345.29472393755964
2025-05-28,515.8434448242188,QQQ,Invesco QQQ (Nasdaq-100 growth),343.7644242228511
2025-05-29,516.8574829101562,QQQ,Invesco QQQ (Nasdaq-100 growth),344.44019169115955
2025-05-30,516.042236328125,QQQ,Invesco QQQ (Nasdaq-100 growth),343.89690132916394
2025-06-02,520.1181030273438,QQQ,Invesco QQQ (Nasdaq-100 growth),346.61310909166343
2025-06-03,524.183837890625,QQQ,Invesco QQQ (Nasdaq-100 growth),349.322564873921
2025-06-04,525.6452026367188,QQQ,Invesco QQQ (Nasdaq-100 growth),350.296436337368
2025-06-05,521.688720703125,QQQ,Invesco QQQ (Nasdaq-100 growth),347.6597880528997
2025-06-06,526.788330078125,QQQ,Invesco QQQ (Nasdaq-100 growth),351.05823054189113
2025-06-09,527.5638427734375,QQQ,Invesco QQQ (Nasdaq-100 growth),351.5750417524561
2025-06-10,531.0530395507812,QQQ,Invesco QQQ (Nasdaq-100 growth),353.90028545420085
2025-06-11,529.263671875,QQQ,Invesco QQQ (Nasdaq-100 growth),352.70782879906676
2025-06-12,530.5062255859375,QQQ,Invesco QQQ (Nasdaq-100 growth),353.5358818940362
2025-06-13,523.845947265625,QQQ,Invesco QQQ (Nasdaq-100 growth),349.0973904003111
2025-06-16,531.132568359375,QQQ,Invesco QQQ (Nasdaq-100 growth),353.9532844316419
2025-06-17,525.9533081054688,QQQ,Invesco QQQ (Nasdaq-100 growth),350.50176161604986
2025-06-18,525.8638916015625,QQQ,Invesco QQQ (Nasdaq-100 growth),350.44217335668594
2025-06-20,523.7166748046875,QQQ,Invesco QQQ (Nasdaq-100 growth),349.011241640357
2025-06-23,529.1017456054688,QQQ,Invesco QQQ (Nasdaq-100 growth),352.59991913893543
2025-06-24,537.1928100585938,QQQ,Invesco QQQ (Nasdaq-100 growth),357.99190413164246
2025-06-25,538.5661010742188,QQQ,Invesco QQQ (Nasdaq-100 growth),358.9070821764805
2025-06-26,543.6018676757812,QQQ,Invesco QQQ (Nasdaq-100 growth),362.2629790550319
2025-06-27,545.4629516601562,QQQ,Invesco QQQ (Nasdaq-100 growth),363.5032283413964
2025-06-30,548.9959106445312,QQQ,Invesco QQQ (Nasdaq-100 growth),365.85763571683657
2025-07-01,544.3682250976562,QQQ,Invesco QQQ (Nasdaq-100 growth),362.77368907863126
2025-07-02,548.159912109375,QQQ,Invesco QQQ (Nasdaq-100 growth),365.30051599771895
2025-07-03,553.553955078125,QQQ,Invesco QQQ (Nasdaq-100 growth),368.89517265952367
2025-07-07,549.3840942382812,QQQ,Invesco QQQ (Nasdaq-100 growth),366.11632604417747
2025-07-08,549.6926879882812,QQQ,Invesco QQQ (Nasdaq-100 growth),366.3219767194975
2025-07-09,553.5838623046875,QQQ,Invesco QQQ (Nasdaq-100 growth),368.91510320361124
2025-07-10,552.7877197265625,QQQ,Invesco QQQ (Nasdaq-100 growth),368.38454398508384
2025-07-11,551.5435791015625,QQQ,Invesco QQQ (Nasdaq-100 growth),367.55543335104034
2025-07-14,553.5440063476562,QQQ,Invesco QQQ (Nasdaq-100 growth),368.8885427030211
2025-07-15,554.051513671875,QQQ,Invesco QQQ (Nasdaq-100 growth),369.2267518338134
2025-07-16,554.6188354492188,QQQ,Invesco QQQ (Nasdaq-100 growth),369.60482205278095
2025-07-17,559.107177734375,QQQ,Invesco QQQ (Nasdaq-100 growth),372.59590862537004
2025-07-18,558.56982421875,QQQ,Invesco QQQ (Nasdaq-100 growth),372.2378096250699
2025-07-21,561.4658813476562,QQQ,Invesco QQQ (Nasdaq-100 growth),374.16777776060405
2025-07-22,558.5598754882812,QQQ,Invesco QQQ (Nasdaq-100 growth),372.2311796685673
2025-07-23,561.1075439453125,QQQ,Invesco QQQ (Nasdaq-100 growth),373.928977302771
2025-07-24,562.3018798828125,QQQ,Invesco QQQ (Nasdaq-100 growth),374.7248974797217
2025-07-25,563.6553344726562,QQQ,Invesco QQQ (Nasdaq-100 growth),375.6268562861343
2025-07-28,565.4168090820312,QQQ,Invesco QQQ (Nasdaq-100 growth),376.8007246583132
2025-07-29,564.541015625,QQQ,Invesco QQQ (Nasdaq-100 growth),376.21708511318514
2025-07-30,565.2974853515625,QQQ,Invesco QQQ (Nasdaq-100 growth),376.7212058548617
2025-07-31,562.3018798828125,QQQ,Invesco QQQ (Nasdaq-100 growth),374.7248974797217
2025-08-01,551.2251586914062,QQQ,Invesco QQQ (Nasdaq-100 growth),367.3432340683772
2025-08-04,561.3961791992188,QQQ,Invesco QQQ (Nasdaq-100 growth),374.12132739050605
2025-08-05,557.5845336914062,QQQ,Invesco QQQ (Nasdaq-100 growth),371.5811998838334
2025-08-06,564.6007690429688,QQQ,Invesco QQQ (Nasdaq-100 growth),376.25690552678054
2025-08-07,566.5115356445312,QQQ,Invesco QQQ (Nasdaq-100 growth),377.5302639210783
2025-08-08,571.7960815429688,QQQ,Invesco QQQ (Nasdaq-100 growth),381.0519503867746
2025-08-11,570.1041870117188,QQQ,Invesco QQQ (Nasdaq-100 growth),379.9244510355341
2025-08-12,577.2697143554688,QQQ,Invesco QQQ (Nasdaq-100 growth),384.6996467006001
2025-08-13,577.558349609375,QQQ,Invesco QQQ (Nasdaq-100 growth),384.8919967883352
2025-08-14,577.1105346679688,QQQ,Invesco QQQ (Nasdaq-100 growth),384.59356739655846
2025-08-15,574.57275390625,QQQ,Invesco QQQ (Nasdaq-100 growth),382.90235904427755
2025-08-18,574.3438110351562,QQQ,Invesco QQQ (Nasdaq-100 growth),382.7497886955581
2025-08-19,566.5513916015625,QQQ,Invesco QQQ (Nasdaq-100 growth),377.55682442166847
2025-08-20,563.1876220703125,QQQ,Invesco QQQ (Nasdaq-100 growth),375.3151669813523
2025-08-21,560.5801391601562,QQQ,Invesco QQQ (Nasdaq-100 growth),373.5775082589734
2025-08-22,569.2284545898438,QQQ,Invesco QQQ (Nasdaq-100 growth),379.34085216498585
2025-08-25,567.5863647460938,QQQ,Invesco QQQ (Nasdaq-100 growth),378.2465432708382
2025-08-26,569.8654174804688,QQQ,Invesco QQQ (Nasdaq-100 growth),379.76533207947165
2025-08-27,570.7412109375,QQQ,Invesco QQQ (Nasdaq-100 growth),380.34897162459964
2025-08-28,574.31396484375,QQQ,Invesco QQQ (Nasdaq-100 growth),382.72989882605026
2025-08-29,567.666015625,QQQ,Invesco QQQ (Nasdaq-100 growth),378.2996235974388
2025-09-02,562.908935546875,QQQ,Invesco QQQ (Nasdaq-100 growth),375.12944685011985
2025-09-03,567.337646484375,QQQ,Invesco QQQ (Nasdaq-100 growth),378.08079435827307
2025-09-04,572.4728393554688,QQQ,Invesco QQQ (Nasdaq-100 growth),381.50295012727076
2025-09-05,573.298828125,QQQ,Invesco QQQ (Nasdaq-100 growth),382.053399215306
2025-09-08,576.0953369140625,QQQ,Invesco QQQ (Nasdaq-100 growth),383.9170271112344
2025-09-09,577.7276000976562,QQQ,Invesco QQQ (Nasdaq-100 growth),385.004787398039
2025-09-10,577.9166870117188,QQQ,Invesco QQQ (Nasdaq-100 growth),385.13079724616824
2025-09-11,581.2803955078125,QQQ,Invesco QQQ (Nasdaq-100 growth),387.37241401190465
2025-09-12,583.8480224609375,QQQ,Invesco QQQ (Nasdaq-100 growth),389.08351223369334
2025-09-15,588.843994140625,QQQ,Invesco QQQ (Nasdaq-100 growth),392.41288928623436
2025-09-16,588.346435546875,QQQ,Invesco QQQ (Nasdaq-100 growth),392.08131011194456
2025-09-17,587.1720581054688,QQQ,Invesco QQQ (Nasdaq-100 growth),391.29869052257885
2025-09-18,592.466552734375,QQQ,Invesco QQQ (Nasdaq-100 growth),394.82700694477774
2025-09-19,596.4771728515625,QQQ,Invesco QQQ (Nasdaq-100 growth),397.4997335815025
2025-09-22,600.0083618164062,QQQ,Invesco QQQ (Nasdaq-100 growth),399.85296139412935
2025-09-23,596.02294921875,QQQ,Invesco QQQ (Nasdaq-100 growth),397.19703335884986
2025-09-24,593.9305419921875,QQQ,Invesco QQQ (Nasdaq-100 growth),395.80262741515486
2025-09-25,591.3699340820312,QQQ,Invesco QQQ (Nasdaq-100 growth),394.09620677003977
2025-09-26,593.801025390625,QQQ,Invesco QQQ (Nasdaq-100 growth),395.7163159568817
2025-09-29,596.5509643554688,QQQ,Invesco QQQ (Nasdaq-100 growth),397.54890914844515
2025-09-30,598.18505859375,QQQ,Invesco QQQ (Nasdaq-100 growth),398.63788967264287
2025-10-01,601.0545043945312,QQQ,Invesco QQQ (Nasdaq-100 growth),400.55012369139706
2025-10-02,603.5254516601562,QQQ,Invesco QQQ (Nasdaq-100 growth),402.1967933788292
2025-10-03,600.9848022460938,QQQ,Invesco QQQ (Nasdaq-100 growth),400.50367332129906
2025-10-06,605.498291015625,QQQ,Invesco QQQ (Nasdaq-100 growth),403.5115178207536
2025-10-07,602.3099365234375,QQQ,Invesco QQQ (Nasdaq-100 growth),401.38675912269815
2025-10-08,609.2147827148438,QQQ,Invesco QQQ (Nasdaq-100 growth),405.98823365756397
2025-10-09,608.4774169921875,QQQ,Invesco QQQ (Nasdaq-100 growth),405.4968440593556
2025-10-10,587.3546142578125,QQQ,Invesco QQQ (Nasdaq-100 growth),391.42034819067266
2025-10-13,599.8190307617188,QQQ,Invesco QQQ (Nasdaq-100 growth),399.726788847681
2025-10-14,595.8236083984375,QQQ,Invesco QQQ (Nasdaq-100 growth),397.06419018131913
2025-10-15,600.0281982421875,QQQ,Invesco QQQ (Nasdaq-100 growth),399.8661806325548
2025-10-16,597.8063354492188,QQQ,Invesco QQQ (Nasdaq-100 growth),398.3855039051664
2025-10-17,601.7320556640625,QQQ,Invesco QQQ (Nasdaq-100 growth),401.00165220143026
2025-10-20,609.3142700195312,QQQ,Invesco QQQ (Nasdaq-100 growth),406.05453322259
2025-10-21,609.1549682617188,QQQ,Invesco QQQ (Nasdaq-100 growth),405.9483725693888
2025-10-22,603.286376953125,QQQ,Invesco QQQ (Nasdaq-100 growth),402.03747104986786
2025-10-23,608.3578491210938,QQQ,Invesco QQQ (Nasdaq-100 growth),405.417162557585
2025-10-24,614.8540649414062,QQQ,Invesco QQQ (Nasdaq-100 growth),409.74632078088683
2025-10-27,625.8041381835938,QQQ,Invesco QQQ (Nasdaq-100 growth),417.0435844392074
2025-10-28,630.6165771484375,QQQ,Invesco QQQ (Nasdaq-100 growth),420.2506530303782
2025-10-29,633.4562377929688,QQQ,Invesco QQQ (Nasdaq-100 growth),422.1430378542044
2025-10-30,623.7715454101562,QQQ,Invesco QQQ (Nasdaq-100 growth),415.68903958368753
2025-10-31,626.7805786132812,QQQ,Invesco QQQ (Nasdaq-100 growth),417.6942963663771
2025-11-03,629.7796020507812,QQQ,Invesco QQQ (Nasdaq-100 growth),419.6928825179843
2025-11-04,616.996337890625,QQQ,Invesco QQQ (Nasdaq-100 growth),411.1739578562544
2025-11-05,621.01171875,QQQ,Invesco QQQ (Nasdaq-100 growth),413.84985711020124
2025-11-06,609.4439086914062,QQQ,Invesco QQQ (Nasdaq-100 growth),406.14092603002274
2025-11-07,607.5209350585938,QQQ,Invesco QQQ (Nasdaq-100 growth),404.85943271977084
2025-11-10,620.9618530273438,QQQ,Invesco QQQ (Nasdaq-100 growth),413.8166259785287
2025-11-11,619.307861328125,QQQ,Invesco QQQ (Nasdaq-100 growth),412.7143855413258
2025-11-12,618.8196411132812,QQQ,Invesco QQQ (Nasdaq-100 growth),412.3890295777409
2025-11-13,606.1858520507812,QQQ,Invesco QQQ (Nasdaq-100 growth),403.9697169618692
2025-11-14,606.6441040039062,QQQ,Invesco QQQ (Nasdaq-100 growth),404.2751017067867
2025-11-17,601.4630737304688,QQQ,Invesco QQQ (Nasdaq-100 growth),400.8223993283813
2025-11-18,594.1397705078125,QQQ,Invesco QQQ (Nasdaq-100 growth),395.9420598746084
2025-11-19,597.6868896484375,QQQ,Invesco QQQ (Nasdaq-100 growth),398.30590375255537
2025-11-20,583.5385131835938,QQQ,Invesco QQQ (Nasdaq-100 growth),388.87725143967674
2025-11-21,587.9224853515625,QQQ,Invesco QQQ (Nasdaq-100 growth),391.79878448085816
2025-11-24,602.9575805664062,QQQ,Invesco QQQ (Nasdaq-100 growth),401.8183570886437
2025-11-25,606.6740112304688,QQQ,Invesco QQQ (Nasdaq-100 growth),404.2950322508743
2025-11-26,612.034423828125,QQQ,Invesco QQQ (Nasdaq-100 growth),407.8672772192254
2025-11-28,616.996337890625,QQQ,Invesco QQQ (Nasdaq-100 growth),411.1739578562544
2025-12-01,614.923828125,QQQ,Invesco QQQ (Nasdaq-100 growth),409.7928118255646
2025-12-02,619.736328125,QQQ,Invesco QQQ (Nasdaq-100 growth),412.99992109131523
2025-12-03,621.2507934570312,QQQ,Invesco QQQ (Nasdaq-100 growth),414.0091794391626
2025-12-04,620.6729125976562,QQQ,Invesco QQQ (Nasdaq-100 growth),413.6240725178948
2025-12-05,623.20361328125,QQQ,Invesco QQQ (Nasdaq-100 growth),415.3105626189223
2025-12-08,622.008056640625,QQQ,Invesco QQQ (Nasdaq-100 growth),414.5138289503762
2025-12-09,622.7752075195312,QQQ,Invesco QQQ (Nasdaq-100 growth),415.02506774351264
2025-12-10,625.3258666992188,QQQ,Invesco QQQ (Nasdaq-100 growth),416.72485843212513
2025-12-11,623.3032836914062,QQQ,Invesco QQQ (Nasdaq-100 growth),415.37698420768766
2025-12-12,611.3868408203125,QQQ,Invesco QQQ (Nasdaq-100 growth),407.43571992785957
2025-12-15,608.3179931640625,QQQ,Invesco QQQ (Nasdaq-100 growth),405.39060205699485
2025-12-16,609.5235595703125,QQQ,Invesco QQQ (Nasdaq-100 growth),406.19400635662333
2025-12-17,598.224853515625,QQQ,Invesco QQQ (Nasdaq-100 growth),398.66440949865324
2025-12-18,606.8932495117188,QQQ,Invesco QQQ (Nasdaq-100 growth),404.44113534141025
2025-12-19,614.8042602539062,QQQ,Invesco QQQ (Nasdaq-100 growth),409.7131303237941
2025-12-22,617.7513427734375,QQQ,Invesco QQQ (Nasdaq-100 growth),411.6771024080165
2025-12-23,620.6444702148438,QQQ,Invesco QQQ (Nasdaq-100 growth),413.60511816372167
2025-12-24,622.4602661132812,QQQ,Invesco QQQ (Nasdaq-100 growth),414.81518691189643
2025-12-26,622.4202880859375,QQQ,Invesco QQQ (Nasdaq-100 growth),414.7885450621467
2025-12-29,619.4074096679688,QQQ,Invesco QQQ (Nasdaq-100 growth),412.7807257809316
2025-12-30,617.9707641601562,QQQ,Invesco QQQ (Nasdaq-100 growth),411.8233275222917
2025-12-31,612.8628540039062,QQQ,Invesco QQQ (Nasdaq-100 growth),408.41935329045145
2026-01-02,611.6757202148438,QQQ,Invesco QQQ (Nasdaq-100 growth),407.6282327139137
2026-01-05,616.5341796875,QQQ,Invesco QQQ (Nasdaq-100 growth),410.86596993823156
2026-01-06,621.951416015625,QQQ,Invesco QQQ (Nasdaq-100 growth),414.4760829403491
2026-01-07,622.550048828125,QQQ,Invesco QQQ (Nasdaq-100 growth),414.87501921873894
2026-01-08,619.0083618164062,QQQ,Invesco QQQ (Nasdaq-100 growth),412.51479537839157
2026-01-09,625.173828125,QQQ,Invesco QQQ (Nasdaq-100 growth),416.6235380539166
2026-01-12,625.6925659179688,QQQ,Invesco QQQ (Nasdaq-100 growth),416.96923130738674
2026-01-13,624.7647705078125,QQQ,Invesco QQQ (Nasdaq-100 growth),416.35093702029417
2026-01-14,618.0905151367188,QQQ,Invesco QQQ (Nasdaq-100 growth),411.9031310478016
2026-01-15,620.3153076171875,QQQ,Invesco QQQ (Nasdaq-100 growth),413.38576015501894
2026-01-16,619.7965087890625,QQQ,Invesco QQQ (Nasdaq-100 growth),413.040026226969
2026-01-20,606.6276245117188,QQQ,Invesco QQQ (Nasdaq-100 growth),404.2641195702487
2026-01-21,614.8282470703125,QQQ,Invesco QQQ (Nasdaq-100 growth),409.72911543364387
2026-01-22,619.2976684570312,QQQ,Invesco QQQ (Nasdaq-100 growth),412.7075928865041
2026-01-23,621.2530517578125,QQQ,Invesco QQQ (Nasdaq-100 growth),414.01068439861416
2026-01-26,623.9866333007812,QQQ,Invesco QQQ (Nasdaq-100 growth),415.83237680279905
2026-01-27,629.6432495117188,QQQ,Invesco QQQ (Nasdaq-100 growth),419.6020155067768
2026-01-28,631.7283325195312,QQQ,Invesco QQQ (Nasdaq-100 growth),420.9915405008993
2026-01-29,627.947265625,QQQ,Invesco QQQ (Nasdaq-100 growth),418.4717909586917
2026-01-30,620.4050903320312,QQQ,Invesco QQQ (Nasdaq-100 growth),413.4455924618615
2026-02-02,624.6650390625,QQQ,Invesco QQQ (Nasdaq-100 growth),416.28447475694907
2026-02-03,615.0676879882812,QQQ,Invesco QQQ (Nasdaq-100 growth),409.8886818100839
2026-02-04,604.3230590820312,QQQ,Invesco QQQ (Nasdaq-100 growth),402.72832878727115
2026-02-05,595.6236572265625,QQQ,Invesco QQQ (Nasdaq-100 growth),396.9309402579907
2026-02-06,608.2138671875,QQQ,Invesco QQQ (Nasdaq-100 growth),405.32121122390623
2026-02-09,612.8728637695312,QQQ,Invesco QQQ (Nasdaq-100 growth),408.42602392153384
2026-02-10,610.029541015625,QQQ,Invesco QQQ (Nasdaq-100 growth),406.5311986229214
2026-02-11,611.6657104492188,QQQ,Invesco QQQ (Nasdaq-100 growth),407.62156208283136
2026-02-12,599.22509765625,QQQ,Invesco QQQ (Nasdaq-100 growth),399.33098451193354
2026-02-13,600.5020751953125,QQQ,Invesco QQQ (Nasdaq-100 growth),400.18197806989355
2026-02-17,599.8834838867188,QQQ,Invesco QQQ (Nasdaq-100 growth),399.7697412039187
2026-02-18,604.3629150390625,QQQ,Invesco QQQ (Nasdaq-100 growth),402.7548892878613
2026-02-19,602.0484008789062,QQQ,Invesco QQQ (Nasdaq-100 growth),401.2124685483812
2026-02-20,607.3758544921875,QQQ,Invesco QQQ (Nasdaq-100 growth),404.7627492436562
2026-02-23,599.9932250976562,QQQ,Invesco QQQ (Nasdaq-100 growth),399.8428740983463
2026-02-24,606.4380493164062,QQQ,Invesco QQQ (Nasdaq-100 growth),404.1377843254812
2026-02-25,615.227294921875,QQQ,Invesco QQQ (Nasdaq-100 growth),409.9950458361839
2026-02-26,607.8048095703125,QQQ,Invesco QQQ (Nasdaq-100 growth),405.0486101902838
2026-02-27,605.859375,QQQ,Invesco QQQ (Nasdaq-100 growth),403.75214863467636
2026-03-02,606.6575317382812,QQQ,Invesco QQQ (Nasdaq-100 growth),404.28405011433625
2026-03-03,600.1629028320312,QQQ,Invesco QQQ (Nasdaq-100 growth),399.9559494301085
2026-03-04,609.311279296875,QQQ,Invesco QQQ (Nasdaq-100 growth),406.0525401681812
2026-03-05,607.4755249023438,QQQ,Invesco QQQ (Nasdaq-100 growth),404.82917083242154
2026-03-06,598.337158203125,QQQ,Invesco QQQ (Nasdaq-100 growth),398.73925072543113
2026-03-09,606.3283081054688,QQQ,Invesco QQQ (Nasdaq-100 growth),404.06465143105373
2026-03-10,606.3383178710938,QQQ,Invesco QQQ (Nasdaq-100 growth),404.0713220621361
2026-03-11,606.2584838867188,QQQ,Invesco QQQ (Nasdaq-100 growth),404.0181197117962
2026-03-12,595.8530883789062,QQQ,Invesco QQQ (Nasdaq-100 growth),397.0838360033483
2026-03-13,592.3213500976562,QQQ,Invesco QQQ (Nasdaq-100 growth),394.73024211950354
2026-03-16,598.9656982421875,QQQ,Invesco QQQ (Nasdaq-100 growth),399.15811754790855
2026-03-17,601.8887939453125,QQQ,Invesco QQQ (Nasdaq-100 growth),401.1061045222811
2026-03-18,593.4986572265625,QQQ,Invesco QQQ (Nasdaq-100 growth),395.51481408869824
2026-03-19,591.623046875,QQQ,Invesco QQQ (Nasdaq-100 growth),394.26488425234834
2026-03-20,580.6888427734375,QQQ,Invesco QQQ (Nasdaq-100 growth),386.9781959847682
2026-03-23,587.3545532226562,QQQ,Invesco QQQ (Nasdaq-100 growth),391.4203075160929
2026-03-24,583.3389282226562,QQQ,Invesco QQQ (Nasdaq-100 growth),388.74424556382695
2026-03-25,587.1747436523438,QQQ,Invesco QQQ (Nasdaq-100 growth),391.3004802040888
2026-03-26,573.1600952148438,QQQ,Invesco QQQ (Nasdaq-100 growth),381.9609458954875
2026-03-27,561.9624633789062,QQQ,Invesco QQQ (Nasdaq-100 growth),374.4987061416175
2026-03-30,557.6671752929688,QQQ,Invesco QQQ (Nasdaq-100 growth),371.63627326484277
2026-03-31,576.54638671875,QQQ,Invesco QQQ (Nasdaq-100 growth),384.21761225573897
2026-04-01,583.6685791015625,QQQ,Invesco QQQ (Nasdaq-100 growth),388.96392896916785
2026-04-02,584.3378295898438,QQQ,Invesco QQQ (Nasdaq-100 growth),389.40992573635225
2026-04-06,587.85400390625,QQQ,Invesco QQQ (Nasdaq-100 growth),391.75314760235557
2026-04-07,587.9439086914062,QQQ,Invesco QQQ (Nasdaq-100 growth),391.8130612583576
2026-04-08,605.4246826171875,QQQ,Invesco QQQ (Nasdaq-100 growth),403.46246427755034
2026-04-09,609.5202026367188,QQQ,Invesco QQQ (Nasdaq-100 growth),406.19176925473596
2026-04-10,610.3992309570312,QQQ,Invesco QQQ (Nasdaq-100 growth),406.7775645525918
2026-04-13,616.7122802734375,QQQ,Invesco QQQ (Nasdaq-100 growth),410.9846583620021
2026-04-14,627.909912109375,QQQ,Invesco QQQ (Nasdaq-100 growth),418.4468981158721
2026-04-15,636.7003173828125,QQQ,Invesco QQQ (Nasdaq-100 growth),424.3049324435905
2026-04-16,639.7669067382812,QQQ,Invesco QQQ (Nasdaq-100 growth),426.34854535500364
2026-04-17,648.1376953125,QQQ,Invesco QQQ (Nasdaq-100 growth),431.9269419467993
2026-04-20,646.0799560546875,QQQ,Invesco QQQ (Nasdaq-100 growth),430.55563916441395
2026-04-21,643.6226806640625,QQQ,Invesco QQQ (Nasdaq-100 growth),428.91808058285045
2026-04-22,654.390869140625,QQQ,Invesco QQQ (Nasdaq-100 growth),436.09413399345465
2026-04-23,650.7048950195312,QQQ,Invesco QQQ (Nasdaq-100 growth),433.6377554465296
2026-04-24,663.1512451171875,QQQ,Invesco QQQ (Nasdaq-100 growth),441.93215642792586
2026-04-27,663.5008544921875,QQQ,Invesco QQQ (Nasdaq-100 growth),442.16514042085174
2026-04-28,656.8281860351562,QQQ,Invesco QQQ (Nasdaq-100 growth),437.71839198743317
2026-04-29,660.84375,QQQ,Invesco QQQ (Nasdaq-100 growth),440.39441326511934
2026-04-30,667.0069580078125,QQQ,Invesco QQQ (Nasdaq-100 growth),444.5016509811929
2026-05-01,673.4099731445312,QQQ,Invesco QQQ (Nasdaq-100 growth),448.768699121185
2026-05-04,672.141357421875,QQQ,Invesco QQQ (Nasdaq-100 growth),447.92327798065355
2026-05-05,680.8617553710938,QQQ,Invesco QQQ (Nasdaq-100 growth),453.734658565375
2026-05-06,695.0062255859375,QQQ,Invesco QQQ (Nasdaq-100 growth),463.16070770514835
2026-05-07,694.1771240234375,QQQ,Invesco QQQ (Nasdaq-100 growth),462.6081842135448
2026-05-08,710.44921875,QQQ,Invesco QQQ (Nasdaq-100 growth),473.45210852954074
2026-05-11,712.5069580078125,QQQ,Invesco QQQ (Nasdaq-100 growth),474.823411311926
2026-05-12,706.463623046875,QQQ,Invesco QQQ (Nasdaq-100 growth),470.7960584705219
2026-05-13,713.9254760742188,QQQ,Invesco QQQ (Nasdaq-100 growth),475.76872922037404
2026-05-14,718.9998168945312,QQQ,Invesco QQQ (Nasdaq-100 growth),479.15033243334045
2026-05-15,708.1517944335938,QQQ,Invesco QQQ (Nasdaq-100 growth),471.92107667239634
2026-05-18,705.1051025390625,QQQ,Invesco QQQ (Nasdaq-100 growth),469.89072367398836
2026-05-19,700.7599487304688,QQQ,Invesco QQQ (Nasdaq-100 growth),466.9950596655411
2026-05-20,712.3671875,QQQ,Invesco QQQ (Nasdaq-100 growth),474.7302665242514
2026-05-21,713.7256469726562,QQQ,Invesco QQQ (Nasdaq-100 growth),475.6355606462052
2026-05-22,716.7523193359375,QQQ,Invesco QQQ (Nasdaq-100 growth),477.65257238244845
2026-05-26,729.4783935546875,QQQ,Invesco QQQ (Nasdaq-100 growth),486.13338496293323
2026-05-27,728.6492919921875,QQQ,Invesco QQQ (Nasdaq-100 growth),485.5808614713297
2026-05-28,734.79248046875,QQQ,Invesco QQQ (Nasdaq-100 growth),489.6747579252385
2026-05-29,737.49951171875,QQQ,Invesco QQQ (Nasdaq-100 growth),491.4787568872232
2026-06-01,741.9246826171875,QQQ,Invesco QQQ (Nasdaq-100 growth),494.4277452697497
2026-06-02,745.3408813476562,QQQ,Invesco QQQ (Nasdaq-100 growth),496.7043421740888
2026-06-03,743.39306640625,QQQ,Invesco QQQ (Nasdaq-100 growth),495.40629430987036
2026-06-04,739.7969970703125,QQQ,Invesco QQQ (Nasdaq-100 growth),493.00982941894733
2026-06-05,704.2860107421875,QQQ,Invesco QQQ (Nasdaq-100 growth),469.3448708134672
2026-06-08,715.283935546875,QQQ,Invesco QQQ (Nasdaq-100 growth),476.6740233423278
2026-06-09,707.052978515625,QQQ,Invesco QQQ (Nasdaq-100 growth),471.1888122127866
2026-06-10,692.9285278320312,QQQ,Invesco QQQ (Nasdaq-100 growth),461.77610433517805
2026-06-11,716.332763671875,QQQ,Invesco QQQ (Nasdaq-100 growth),477.37297532110546
2026-06-12,720.5481567382812,QQQ,Invesco QQQ (Nasdaq-100 growth),480.18216517296054
2026-06-15,743.1832885742188,QQQ,Invesco QQQ (Nasdaq-100 growth),495.26649577919886
2026-06-16,729.0587768554688,QQQ,Invesco QQQ (Nasdaq-100 growth),485.8537472270105
2026-06-17,721.7168579101562,QQQ,Invesco QQQ (Nasdaq-100 growth),480.9610020264076
2026-06-18,739.8070068359375,QQQ,Invesco QQQ (Nasdaq-100 growth),493.0165000500297
2026-06-22,737.9500122070312,QQQ,Invesco QQQ (Nasdaq-100 growth),491.77897596050985
2026-06-23,713.6500244140625,QQQ,Invesco QQQ (Nasdaq-100 growth),475.5851648418694
2026-06-24,710.6199951171875,QQQ,Invesco QQQ (Nasdaq-100 growth),473.56591600373883
2026-06-25,716.3800048828125,QQQ,Invesco QQQ (Nasdaq-100 growth),477.4044574458479
2026-06-26,706.52001953125,QQQ,Invesco QQQ (Nasdaq-100 growth),470.8336417822299
2026-06-29,724.0800170898438,QQQ,Invesco QQQ (Nasdaq-100 growth),482.53584040596485
2026-06-30,736.4000244140625,QQQ,Invesco QQQ (Nasdaq-100 growth),490.74604500723603
2026-07-01,725.1699829101562,QQQ,Invesco QQQ (Nasdaq-100 growth),483.26220705150786
2026-07-02,712.5999755859375,QQQ,Invesco QQQ (Nasdaq-100 growth),474.8853993714964
2026-07-06,722.8200073242188,QQQ,Invesco QQQ (Nasdaq-100 growth),481.69615438118103
2026-07-07,709.4299926757812,QQQ,Invesco QQQ (Nasdaq-100 growth),472.7728837219518
2026-07-08,711.4400024414062,QQQ,Invesco QQQ (Nasdaq-100 growth),474.11237898295656
2026-07-09,723.280029296875,QQQ,Invesco QQQ (Nasdaq-100 growth),482.00271868891184
2026-07-10,725.510009765625,QQQ,Invesco QQQ (Nasdaq-100 growth),483.48880513540973
2026-07-13,711.739990234375,QQQ,Invesco QQQ (Nasdaq-100 growth),474.31229454252895
2026-07-14,719.6900024414062,QQQ,Invesco QQQ (Nasdaq-100 growth),479.6102805813862
2026-07-15,717.739990234375,QQQ,Invesco QQQ (Nasdaq-100 growth),478.31076843229596
2026-07-16,705.9400024414062,QQQ,Invesco QQQ (Nasdaq-100 growth),470.4471112506701
2026-07-17,695.3300170898438,QQQ,Invesco QQQ (Nasdaq-100 growth),463.37648635083127
2026-07-20,696.0599975585938,QQQ,Invesco QQQ (Nasdaq-100 growth),463.86295432488737
2026-07-21,708.969970703125,QQQ,Invesco QQQ (Nasdaq-100 growth),472.46631941422095
2026-07-22,705.3499755859375,QQQ,Invesco QQQ (Nasdaq-100 growth),470.0539100880279
2026-07-23,691.9600219726562,QQQ,Invesco QQQ (Nasdaq-100 growth),461.1306801033785
2026-07-24,684.22998046875,QQQ,Invesco QQQ (Nasdaq-100 growth),455.9792852500144
2026-07-27,682.1199951171875,QQQ,Invesco QQQ (Nasdaq-100 growth),454.5731650273455
2026-07-28,675.489990234375,QQQ,Invesco QQQ (Nasdaq-100 growth),450.1548481251866
2026-07-29,661.72998046875,QQQ,Invesco QQQ (Nasdaq-100 growth),440.98500816338816
