Date,close,ticker,name,category
2018-01-02,85.5160140991211,JPM,JPMorgan Chase,traditional_bank
2018-01-03,85.6031723022461,JPM,JPMorgan Chase,traditional_bank
2018-01-04,86.82949829101562,JPM,JPMorgan Chase,traditional_bank
2018-01-05,86.27204895019531,JPM,JPMorgan Chase,traditional_bank
2018-01-08,86.39949798583984,JPM,JPMorgan Chase,traditional_bank
2018-01-09,86.83745574951172,JPM,JPMorgan Chase,traditional_bank
2018-01-10,87.79301452636719,JPM,JPMorgan Chase,traditional_bank
2018-01-11,88.2628402709961,JPM,JPMorgan Chase,traditional_bank
2018-01-12,89.72008514404297,JPM,JPMorgan Chase,traditional_bank
2018-01-16,89.40157318115234,JPM,JPMorgan Chase,traditional_bank
2018-01-17,89.97491455078125,JPM,JPMorgan Chase,traditional_bank
2018-01-18,90.1899185180664,JPM,JPMorgan Chase,traditional_bank
2018-01-19,89.9908447265625,JPM,JPMorgan Chase,traditional_bank
2018-01-22,91.04196166992188,JPM,JPMorgan Chase,traditional_bank
2018-01-23,90.94641876220703,JPM,JPMorgan Chase,traditional_bank
2018-01-24,92.10901641845703,JPM,JPMorgan Chase,traditional_bank
2018-01-25,92.13288879394531,JPM,JPMorgan Chase,traditional_bank
2018-01-26,92.62659454345703,JPM,JPMorgan Chase,traditional_bank
2018-01-29,92.53106689453125,JPM,JPMorgan Chase,traditional_bank
2018-01-30,91.66307067871094,JPM,JPMorgan Chase,traditional_bank
2018-01-31,92.10901641845703,JPM,JPMorgan Chase,traditional_bank
2018-02-01,93.06459045410156,JPM,JPMorgan Chase,traditional_bank
2018-02-02,91.00214385986328,JPM,JPMorgan Chase,traditional_bank
2018-02-05,86.63837432861328,JPM,JPMorgan Chase,traditional_bank
2018-02-06,89.27418518066406,JPM,JPMorgan Chase,traditional_bank
2018-02-07,89.87937927246094,JPM,JPMorgan Chase,traditional_bank
2018-02-08,85.9057846069336,JPM,JPMorgan Chase,traditional_bank
2018-02-09,87.62580871582031,JPM,JPMorgan Chase,traditional_bank
2018-02-12,88.97952270507812,JPM,JPMorgan Chase,traditional_bank
2018-02-13,89.52898406982422,JPM,JPMorgan Chase,traditional_bank
2018-02-14,91.59938049316406,JPM,JPMorgan Chase,traditional_bank
2018-02-15,91.98162841796875,JPM,JPMorgan Chase,traditional_bank
2018-02-16,91.32067108154297,JPM,JPMorgan Chase,traditional_bank
2018-02-20,91.34454345703125,JPM,JPMorgan Chase,traditional_bank
2018-02-21,91.7267837524414,JPM,JPMorgan Chase,traditional_bank
2018-02-22,91.55956268310547,JPM,JPMorgan Chase,traditional_bank
2018-02-23,93.41497039794922,JPM,JPMorgan Chase,traditional_bank
2018-02-26,94.57757568359375,JPM,JPMorgan Chase,traditional_bank
2018-02-27,93.45477294921875,JPM,JPMorgan Chase,traditional_bank
2018-02-28,91.97364044189453,JPM,JPMorgan Chase,traditional_bank
2018-03-01,90.32526397705078,JPM,JPMorgan Chase,traditional_bank
2018-03-02,90.23770141601562,JPM,JPMorgan Chase,traditional_bank
2018-03-05,91.62328338623047,JPM,JPMorgan Chase,traditional_bank
2018-03-06,91.70291900634766,JPM,JPMorgan Chase,traditional_bank
2018-03-07,91.3604965209961,JPM,JPMorgan Chase,traditional_bank
2018-03-08,91.36843872070312,JPM,JPMorgan Chase,traditional_bank
2018-03-09,93.99628448486328,JPM,JPMorgan Chase,traditional_bank
2018-03-12,93.69365692138672,JPM,JPMorgan Chase,traditional_bank
2018-03-13,92.57088470458984,JPM,JPMorgan Chase,traditional_bank
2018-03-14,91.53568267822266,JPM,JPMorgan Chase,traditional_bank
2018-03-15,91.7666015625,JPM,JPMorgan Chase,traditional_bank
2018-03-16,91.92584991455078,JPM,JPMorgan Chase,traditional_bank
2018-03-19,91.20123291015625,JPM,JPMorgan Chase,traditional_bank
2018-03-20,91.288818359375,JPM,JPMorgan Chase,traditional_bank
2018-03-21,91.36843872070312,JPM,JPMorgan Chase,traditional_bank
2018-03-22,87.55415344238281,JPM,JPMorgan Chase,traditional_bank
2018-03-23,85.21298217773438,JPM,JPMorgan Chase,traditional_bank
2018-03-26,87.84080505371094,JPM,JPMorgan Chase,traditional_bank
2018-03-27,86.13670349121094,JPM,JPMorgan Chase,traditional_bank
2018-03-28,86.00131225585938,JPM,JPMorgan Chase,traditional_bank
2018-03-29,87.570068359375,JPM,JPMorgan Chase,traditional_bank
2018-04-02,85.88188171386719,JPM,JPMorgan Chase,traditional_bank
2018-04-03,87.06040954589844,JPM,JPMorgan Chase,traditional_bank
2018-04-04,88.38227844238281,JPM,JPMorgan Chase,traditional_bank
2018-04-05,89.54277801513672,JPM,JPMorgan Chase,traditional_bank
2018-04-06,87.30982971191406,JPM,JPMorgan Chase,traditional_bank
2018-04-09,88.3582992553711,JPM,JPMorgan Chase,traditional_bank
2018-04-10,90.0469970703125,JPM,JPMorgan Chase,traditional_bank
2018-04-11,88.53434753417969,JPM,JPMorgan Chase,traditional_bank
2018-04-12,90.73530578613281,JPM,JPMorgan Chase,traditional_bank
2018-04-13,88.27822875976562,JPM,JPMorgan Chase,traditional_bank
2018-04-16,88.20620727539062,JPM,JPMorgan Chase,traditional_bank
2018-04-17,88.20620727539062,JPM,JPMorgan Chase,traditional_bank
2018-04-18,87.4939193725586,JPM,JPMorgan Chase,traditional_bank
2018-04-19,89.41472625732422,JPM,JPMorgan Chase,traditional_bank
2018-04-20,89.21466827392578,JPM,JPMorgan Chase,traditional_bank
2018-04-23,88.78244018554688,JPM,JPMorgan Chase,traditional_bank
2018-04-24,88.36627197265625,JPM,JPMorgan Chase,traditional_bank
2018-04-25,88.03012084960938,JPM,JPMorgan Chase,traditional_bank
2018-04-26,88.11817932128906,JPM,JPMorgan Chase,traditional_bank
2018-04-27,87.55794525146484,JPM,JPMorgan Chase,traditional_bank
2018-04-30,87.06172943115234,JPM,JPMorgan Chase,traditional_bank
2018-05-01,87.06172943115234,JPM,JPMorgan Chase,traditional_bank
2018-05-02,86.37340545654297,JPM,JPMorgan Chase,traditional_bank
2018-05-03,85.82917785644531,JPM,JPMorgan Chase,traditional_bank
2018-05-04,86.78158569335938,JPM,JPMorgan Chase,traditional_bank
2018-05-07,87.53392028808594,JPM,JPMorgan Chase,traditional_bank
2018-05-08,88.83045959472656,JPM,JPMorgan Chase,traditional_bank
2018-05-09,90.767333984375,JPM,JPMorgan Chase,traditional_bank
2018-05-10,91.47164154052734,JPM,JPMorgan Chase,traditional_bank
2018-05-11,91.12747192382812,JPM,JPMorgan Chase,traditional_bank
2018-05-14,91.15949249267578,JPM,JPMorgan Chase,traditional_bank
2018-05-15,90.46318817138672,JPM,JPMorgan Chase,traditional_bank
2018-05-16,90.71128845214844,JPM,JPMorgan Chase,traditional_bank
2018-05-17,90.40718078613281,JPM,JPMorgan Chase,traditional_bank
2018-05-18,88.94253540039062,JPM,JPMorgan Chase,traditional_bank
2018-05-21,89.75890350341797,JPM,JPMorgan Chase,traditional_bank
2018-05-22,90.44718933105469,JPM,JPMorgan Chase,traditional_bank
2018-05-23,90.03099822998047,JPM,JPMorgan Chase,traditional_bank
2018-05-24,89.02256774902344,JPM,JPMorgan Chase,traditional_bank
2018-05-25,88.5663833618164,JPM,JPMorgan Chase,traditional_bank
2018-05-29,84.7807388305664,JPM,JPMorgan Chase,traditional_bank
2018-05-30,86.71757507324219,JPM,JPMorgan Chase,traditional_bank
2018-05-31,85.64509582519531,JPM,JPMorgan Chase,traditional_bank
2018-06-01,86.75758361816406,JPM,JPMorgan Chase,traditional_bank
2018-06-04,86.79761505126953,JPM,JPMorgan Chase,traditional_bank
2018-06-05,86.30940246582031,JPM,JPMorgan Chase,traditional_bank
2018-06-06,88.32626342773438,JPM,JPMorgan Chase,traditional_bank
2018-06-07,88.67842864990234,JPM,JPMorgan Chase,traditional_bank
2018-06-08,88.92652130126953,JPM,JPMorgan Chase,traditional_bank
2018-06-11,88.70243072509766,JPM,JPMorgan Chase,traditional_bank
2018-06-12,88.1902084350586,JPM,JPMorgan Chase,traditional_bank
2018-06-13,88.01415252685547,JPM,JPMorgan Chase,traditional_bank
2018-06-14,86.46146392822266,JPM,JPMorgan Chase,traditional_bank
2018-06-15,86.3573989868164,JPM,JPMorgan Chase,traditional_bank
2018-06-18,86.58150482177734,JPM,JPMorgan Chase,traditional_bank
2018-06-19,86.07730865478516,JPM,JPMorgan Chase,traditional_bank
2018-06-20,86.06929779052734,JPM,JPMorgan Chase,traditional_bank
2018-06-21,86.0452651977539,JPM,JPMorgan Chase,traditional_bank
2018-06-22,84.63666534423828,JPM,JPMorgan Chase,traditional_bank
2018-06-25,83.86834716796875,JPM,JPMorgan Chase,traditional_bank
2018-06-26,83.92436981201172,JPM,JPMorgan Chase,traditional_bank
2018-06-27,82.6278076171875,JPM,JPMorgan Chase,traditional_bank
2018-06-28,83.98037719726562,JPM,JPMorgan Chase,traditional_bank
2018-06-29,83.39613342285156,JPM,JPMorgan Chase,traditional_bank
2018-07-02,84.10042572021484,JPM,JPMorgan Chase,traditional_bank
2018-07-03,82.9239273071289,JPM,JPMorgan Chase,traditional_bank
2018-07-05,83.46307373046875,JPM,JPMorgan Chase,traditional_bank
2018-07-06,83.7366714477539,JPM,JPMorgan Chase,traditional_bank
2018-07-09,86.32779693603516,JPM,JPMorgan Chase,traditional_bank
2018-07-10,85.79667663574219,JPM,JPMorgan Chase,traditional_bank
2018-07-11,85.61162567138672,JPM,JPMorgan Chase,traditional_bank
2018-07-12,85.98175811767578,JPM,JPMorgan Chase,traditional_bank
2018-07-13,85.58745574951172,JPM,JPMorgan Chase,traditional_bank
2018-07-16,88.98326873779297,JPM,JPMorgan Chase,traditional_bank
2018-07-17,88.91891479492188,JPM,JPMorgan Chase,traditional_bank
2018-07-18,89.74773406982422,JPM,JPMorgan Chase,traditional_bank
2018-07-19,88.42807006835938,JPM,JPMorgan Chase,traditional_bank
2018-07-20,89.54656982421875,JPM,JPMorgan Chase,traditional_bank
2018-07-23,91.21228790283203,JPM,JPMorgan Chase,traditional_bank
2018-07-24,91.85604858398438,JPM,JPMorgan Chase,traditional_bank
2018-07-25,92.68492889404297,JPM,JPMorgan Chase,traditional_bank
2018-07-26,92.4193344116211,JPM,JPMorgan Chase,traditional_bank
2018-07-27,93.3688735961914,JPM,JPMorgan Chase,traditional_bank
2018-07-30,93.93215942382812,JPM,JPMorgan Chase,traditional_bank
2018-07-31,92.49980163574219,JPM,JPMorgan Chase,traditional_bank
2018-08-01,93.07115173339844,JPM,JPMorgan Chase,traditional_bank
2018-08-02,93.4654312133789,JPM,JPMorgan Chase,traditional_bank
2018-08-03,94.22184753417969,JPM,JPMorgan Chase,traditional_bank
2018-08-06,94.2459945678711,JPM,JPMorgan Chase,traditional_bank
2018-08-07,94.5920181274414,JPM,JPMorgan Chase,traditional_bank
2018-08-08,94.7851333618164,JPM,JPMorgan Chase,traditional_bank
2018-08-09,94.05287170410156,JPM,JPMorgan Chase,traditional_bank
2018-08-10,93.12745666503906,JPM,JPMorgan Chase,traditional_bank
2018-08-13,91.64681243896484,JPM,JPMorgan Chase,traditional_bank
2018-08-14,92.25838470458984,JPM,JPMorgan Chase,traditional_bank
2018-08-15,91.49394226074219,JPM,JPMorgan Chase,traditional_bank
2018-08-16,92.3549575805664,JPM,JPMorgan Chase,traditional_bank
2018-08-17,92.3549575805664,JPM,JPMorgan Chase,traditional_bank
2018-08-20,92.23424530029297,JPM,JPMorgan Chase,traditional_bank
2018-08-21,92.79756164550781,JPM,JPMorgan Chase,traditional_bank
2018-08-22,92.51591491699219,JPM,JPMorgan Chase,traditional_bank
2018-08-23,92.32275390625,JPM,JPMorgan Chase,traditional_bank
2018-08-24,92.28253173828125,JPM,JPMorgan Chase,traditional_bank
2018-08-27,93.91606140136719,JPM,JPMorgan Chase,traditional_bank
2018-08-28,93.45738220214844,JPM,JPMorgan Chase,traditional_bank
2018-08-29,93.151611328125,JPM,JPMorgan Chase,traditional_bank
2018-08-30,92.69296264648438,JPM,JPMorgan Chase,traditional_bank
2018-08-31,92.20207214355469,JPM,JPMorgan Chase,traditional_bank
2018-09-04,92.6607437133789,JPM,JPMorgan Chase,traditional_bank
2018-09-05,92.2101058959961,JPM,JPMorgan Chase,traditional_bank
2018-09-06,91.81583404541016,JPM,JPMorgan Chase,traditional_bank
2018-09-07,91.99285888671875,JPM,JPMorgan Chase,traditional_bank
2018-09-10,91.50196075439453,JPM,JPMorgan Chase,traditional_bank
2018-09-11,92.08139038085938,JPM,JPMorgan Chase,traditional_bank
2018-09-12,90.99503326416016,JPM,JPMorgan Chase,traditional_bank
2018-09-13,91.34909057617188,JPM,JPMorgan Chase,traditional_bank
2018-09-14,91.33301544189453,JPM,JPMorgan Chase,traditional_bank
2018-09-17,91.6065902709961,JPM,JPMorgan Chase,traditional_bank
2018-09-18,91.97676086425781,JPM,JPMorgan Chase,traditional_bank
2018-09-19,94.64835357666016,JPM,JPMorgan Chase,traditional_bank
2018-09-20,95.46107482910156,JPM,JPMorgan Chase,traditional_bank
2018-09-21,94.83341979980469,JPM,JPMorgan Chase,traditional_bank
2018-09-24,93.92410278320312,JPM,JPMorgan Chase,traditional_bank
2018-09-25,93.65857696533203,JPM,JPMorgan Chase,traditional_bank
2018-09-26,92.55614471435547,JPM,JPMorgan Chase,traditional_bank
2018-09-27,92.15380859375,JPM,JPMorgan Chase,traditional_bank
2018-09-28,90.80187225341797,JPM,JPMorgan Chase,traditional_bank
2018-10-01,91.33301544189453,JPM,JPMorgan Chase,traditional_bank
2018-10-02,91.71121215820312,JPM,JPMorgan Chase,traditional_bank
2018-10-03,92.5722427368164,JPM,JPMorgan Chase,traditional_bank
2018-10-04,93.40689086914062,JPM,JPMorgan Chase,traditional_bank
2018-10-05,92.880126953125,JPM,JPMorgan Chase,traditional_bank
2018-10-08,93.4473876953125,JPM,JPMorgan Chase,traditional_bank
2018-10-09,92.79911804199219,JPM,JPMorgan Chase,traditional_bank
2018-10-10,90.32759094238281,JPM,JPMorgan Chase,traditional_bank
2018-10-11,87.6211166381836,JPM,JPMorgan Chase,traditional_bank
2018-10-12,86.66490936279297,JPM,JPMorgan Chase,traditional_bank
2018-10-15,86.17060089111328,JPM,JPMorgan Chase,traditional_bank
2018-10-16,88.01817321777344,JPM,JPMorgan Chase,traditional_bank
2018-10-17,88.99866485595703,JPM,JPMorgan Chase,traditional_bank
2018-10-18,87.58867645263672,JPM,JPMorgan Chase,traditional_bank
2018-10-19,87.44281005859375,JPM,JPMorgan Chase,traditional_bank
2018-10-22,86.18680572509766,JPM,JPMorgan Chase,traditional_bank
2018-10-23,85.28734588623047,JPM,JPMorgan Chase,traditional_bank
2018-10-24,83.69908905029297,JPM,JPMorgan Chase,traditional_bank
2018-10-25,84.9713134765625,JPM,JPMorgan Chase,traditional_bank
2018-10-26,83.80445098876953,JPM,JPMorgan Chase,traditional_bank
2018-10-29,84.96319580078125,JPM,JPMorgan Chase,traditional_bank
2018-10-30,86.46232604980469,JPM,JPMorgan Chase,traditional_bank
2018-10-31,88.34230041503906,JPM,JPMorgan Chase,traditional_bank
2018-11-01,88.30989837646484,JPM,JPMorgan Chase,traditional_bank
2018-11-02,87.82366180419922,JPM,JPMorgan Chase,traditional_bank
2018-11-05,88.3990249633789,JPM,JPMorgan Chase,traditional_bank
2018-11-06,88.81228637695312,JPM,JPMorgan Chase,traditional_bank
2018-11-07,90.33570861816406,JPM,JPMorgan Chase,traditional_bank
2018-11-08,91.06501770019531,JPM,JPMorgan Chase,traditional_bank
2018-11-09,90.1817398071289,JPM,JPMorgan Chase,traditional_bank
2018-11-12,88.28556823730469,JPM,JPMorgan Chase,traditional_bank
2018-11-13,88.80418395996094,JPM,JPMorgan Chase,traditional_bank
2018-11-14,86.97283172607422,JPM,JPMorgan Chase,traditional_bank
2018-11-15,89.19315338134766,JPM,JPMorgan Chase,traditional_bank
2018-11-16,89.12834167480469,JPM,JPMorgan Chase,traditional_bank
2018-11-19,89.80900573730469,JPM,JPMorgan Chase,traditional_bank
2018-11-20,87.8803939819336,JPM,JPMorgan Chase,traditional_bank
2018-11-21,87.22404479980469,JPM,JPMorgan Chase,traditional_bank
2018-11-23,86.42180633544922,JPM,JPMorgan Chase,traditional_bank
2018-11-26,88.53677368164062,JPM,JPMorgan Chase,traditional_bank
2018-11-27,88.90953063964844,JPM,JPMorgan Chase,traditional_bank
2018-11-28,89.89812469482422,JPM,JPMorgan Chase,traditional_bank
2018-11-29,89.18504333496094,JPM,JPMorgan Chase,traditional_bank
2018-11-30,90.1007308959961,JPM,JPMorgan Chase,traditional_bank
2018-12-03,90.9515609741211,JPM,JPMorgan Chase,traditional_bank
2018-12-04,86.89180755615234,JPM,JPMorgan Chase,traditional_bank
2018-12-06,85.23873901367188,JPM,JPMorgan Chase,traditional_bank
2018-12-07,83.69908905029297,JPM,JPMorgan Chase,traditional_bank
2018-12-10,82.13516235351562,JPM,JPMorgan Chase,traditional_bank
2018-12-11,81.33293151855469,JPM,JPMorgan Chase,traditional_bank
2018-12-12,81.85965728759766,JPM,JPMorgan Chase,traditional_bank
2018-12-13,81.94068145751953,JPM,JPMorgan Chase,traditional_bank
2018-12-14,81.26811981201172,JPM,JPMorgan Chase,traditional_bank
2018-12-17,80.23087310791016,JPM,JPMorgan Chase,traditional_bank
2018-12-18,79.85000610351562,JPM,JPMorgan Chase,traditional_bank
2018-12-19,78.83711242675781,JPM,JPMorgan Chase,traditional_bank
2018-12-20,78.15641021728516,JPM,JPMorgan Chase,traditional_bank
2018-12-21,76.30889129638672,JPM,JPMorgan Chase,traditional_bank
2018-12-24,74.66388702392578,JPM,JPMorgan Chase,traditional_bank
2018-12-26,77.75936126708984,JPM,JPMorgan Chase,traditional_bank
2018-12-27,78.634521484375,JPM,JPMorgan Chase,traditional_bank
2018-12-28,78.46436309814453,JPM,JPMorgan Chase,traditional_bank
2018-12-31,79.1045150756836,JPM,JPMorgan Chase,traditional_bank
2019-01-02,80.47398376464844,JPM,JPMorgan Chase,traditional_bank
2019-01-03,79.33030700683594,JPM,JPMorgan Chase,traditional_bank
2019-01-04,82.25482940673828,JPM,JPMorgan Chase,traditional_bank
2019-01-07,82.3120346069336,JPM,JPMorgan Chase,traditional_bank
2019-01-08,82.1568374633789,JPM,JPMorgan Chase,traditional_bank
2019-01-09,82.01795959472656,JPM,JPMorgan Chase,traditional_bank
2019-01-10,82.009765625,JPM,JPMorgan Chase,traditional_bank
2019-01-11,81.61766815185547,JPM,JPMorgan Chase,traditional_bank
2019-01-14,82.45906829833984,JPM,JPMorgan Chase,traditional_bank
2019-01-15,83.06358337402344,JPM,JPMorgan Chase,traditional_bank
2019-01-16,83.73346710205078,JPM,JPMorgan Chase,traditional_bank
2019-01-17,84.07654571533203,JPM,JPMorgan Chase,traditional_bank
2019-01-18,85.4407958984375,JPM,JPMorgan Chase,traditional_bank
2019-01-22,84.09291076660156,JPM,JPMorgan Chase,traditional_bank
2019-01-23,83.8804931640625,JPM,JPMorgan Chase,traditional_bank
2019-01-24,83.92952728271484,JPM,JPMorgan Chase,traditional_bank
2019-01-25,84.46052551269531,JPM,JPMorgan Chase,traditional_bank
2019-01-28,84.86079406738281,JPM,JPMorgan Chase,traditional_bank
2019-01-29,85.09769439697266,JPM,JPMorgan Chase,traditional_bank
2019-01-30,85.29375457763672,JPM,JPMorgan Chase,traditional_bank
2019-01-31,84.55036163330078,JPM,JPMorgan Chase,traditional_bank
2019-02-01,84.86079406738281,JPM,JPMorgan Chase,traditional_bank
2019-02-04,85.16304779052734,JPM,JPMorgan Chase,traditional_bank
2019-02-05,84.78727722167969,JPM,JPMorgan Chase,traditional_bank
2019-02-06,84.74641418457031,JPM,JPMorgan Chase,traditional_bank
2019-02-07,83.63542175292969,JPM,JPMorgan Chase,traditional_bank
2019-02-08,82.80218505859375,JPM,JPMorgan Chase,traditional_bank
2019-02-11,82.4100570678711,JPM,JPMorgan Chase,traditional_bank
2019-02-12,83.81515502929688,JPM,JPMorgan Chase,traditional_bank
2019-02-13,84.21542358398438,JPM,JPMorgan Chase,traditional_bank
2019-02-14,83.6681137084961,JPM,JPMorgan Chase,traditional_bank
2019-02-15,86.22505187988281,JPM,JPMorgan Chase,traditional_bank
2019-02-19,85.92278289794922,JPM,JPMorgan Chase,traditional_bank
2019-02-20,86.33940124511719,JPM,JPMorgan Chase,traditional_bank
2019-02-21,86.15967559814453,JPM,JPMorgan Chase,traditional_bank
2019-02-22,85.77572631835938,JPM,JPMorgan Chase,traditional_bank
2019-02-25,86.67433166503906,JPM,JPMorgan Chase,traditional_bank
2019-02-26,86.01263427734375,JPM,JPMorgan Chase,traditional_bank
2019-02-27,85.90642547607422,JPM,JPMorgan Chase,traditional_bank
2019-02-28,85.25289154052734,JPM,JPMorgan Chase,traditional_bank
2019-03-01,85.31011199951172,JPM,JPMorgan Chase,traditional_bank
2019-03-04,85.11402893066406,JPM,JPMorgan Chase,traditional_bank
2019-03-05,85.04869842529297,JPM,JPMorgan Chase,traditional_bank
2019-03-06,84.73009490966797,JPM,JPMorgan Chase,traditional_bank
2019-03-07,84.11741638183594,JPM,JPMorgan Chase,traditional_bank
2019-03-08,84.15009307861328,JPM,JPMorgan Chase,traditional_bank
2019-03-11,85.24473571777344,JPM,JPMorgan Chase,traditional_bank
2019-03-12,84.99151611328125,JPM,JPMorgan Chase,traditional_bank
2019-03-13,85.27741241455078,JPM,JPMorgan Chase,traditional_bank
2019-03-14,86.0534896850586,JPM,JPMorgan Chase,traditional_bank
2019-03-15,87.04195404052734,JPM,JPMorgan Chase,traditional_bank
2019-03-18,87.56478118896484,JPM,JPMorgan Chase,traditional_bank
2019-03-19,87.24618530273438,JPM,JPMorgan Chase,traditional_bank
2019-03-20,85.38363647460938,JPM,JPMorgan Chase,traditional_bank
2019-03-21,84.03572082519531,JPM,JPMorgan Chase,traditional_bank
2019-03-22,81.49510192871094,JPM,JPMorgan Chase,traditional_bank
2019-03-25,80.81710052490234,JPM,JPMorgan Chase,traditional_bank
2019-03-26,81.62581634521484,JPM,JPMorgan Chase,traditional_bank
2019-03-27,81.34808349609375,JPM,JPMorgan Chase,traditional_bank
2019-03-28,82.27119445800781,JPM,JPMorgan Chase,traditional_bank
2019-03-29,82.69599914550781,JPM,JPMorgan Chase,traditional_bank
2019-04-01,85.48164367675781,JPM,JPMorgan Chase,traditional_bank
2019-04-02,85.8901138305664,JPM,JPMorgan Chase,traditional_bank
2019-04-03,86.0616455078125,JPM,JPMorgan Chase,traditional_bank
2019-04-04,86.89305114746094,JPM,JPMorgan Chase,traditional_bank
2019-04-05,86.687255859375,JPM,JPMorgan Chase,traditional_bank
2019-04-08,86.96713256835938,JPM,JPMorgan Chase,traditional_bank
2019-04-09,86.32508850097656,JPM,JPMorgan Chase,traditional_bank
2019-04-10,86.71195983886719,JPM,JPMorgan Chase,traditional_bank
2019-04-11,87.44454956054688,JPM,JPMorgan Chase,traditional_bank
2019-04-12,91.54393005371094,JPM,JPMorgan Chase,traditional_bank
2019-04-15,90.49850463867188,JPM,JPMorgan Chase,traditional_bank
2019-04-16,91.453369140625,JPM,JPMorgan Chase,traditional_bank
2019-04-17,94.0875015258789,JPM,JPMorgan Chase,traditional_bank
2019-04-18,93.39602661132812,JPM,JPMorgan Chase,traditional_bank
2019-04-22,93.51128387451172,JPM,JPMorgan Chase,traditional_bank
2019-04-23,93.62651824951172,JPM,JPMorgan Chase,traditional_bank
2019-04-24,93.47012329101562,JPM,JPMorgan Chase,traditional_bank
2019-04-25,93.5195083618164,JPM,JPMorgan Chase,traditional_bank
2019-04-26,94.22743225097656,JPM,JPMorgan Chase,traditional_bank
2019-04-29,95.58566284179688,JPM,JPMorgan Chase,traditional_bank
2019-04-30,95.52803039550781,JPM,JPMorgan Chase,traditional_bank
2019-05-01,94.79541015625,JPM,JPMorgan Chase,traditional_bank
2019-05-02,95.00121307373047,JPM,JPMorgan Chase,traditional_bank
2019-05-03,95.58566284179688,JPM,JPMorgan Chase,traditional_bank
2019-05-06,94.73779296875,JPM,JPMorgan Chase,traditional_bank
2019-05-07,93.19026184082031,JPM,JPMorgan Chase,traditional_bank
2019-05-08,92.69635009765625,JPM,JPMorgan Chase,traditional_bank
2019-05-09,92.62226104736328,JPM,JPMorgan Chase,traditional_bank
2019-05-10,92.61402893066406,JPM,JPMorgan Chase,traditional_bank
2019-05-13,90.09516906738281,JPM,JPMorgan Chase,traditional_bank
2019-05-14,90.81129455566406,JPM,JPMorgan Chase,traditional_bank
2019-05-15,90.465576171875,JPM,JPMorgan Chase,traditional_bank
2019-05-16,91.62622833251953,JPM,JPMorgan Chase,traditional_bank
2019-05-17,91.18173217773438,JPM,JPMorgan Chase,traditional_bank
2019-05-20,91.6591567993164,JPM,JPMorgan Chase,traditional_bank
2019-05-21,91.9719467163086,JPM,JPMorgan Chase,traditional_bank
2019-05-22,91.2228775024414,JPM,JPMorgan Chase,traditional_bank
2019-05-23,89.42839050292969,JPM,JPMorgan Chase,traditional_bank
2019-05-24,90.30918884277344,JPM,JPMorgan Chase,traditional_bank
2019-05-28,89.32962036132812,JPM,JPMorgan Chase,traditional_bank
2019-05-29,89.08267211914062,JPM,JPMorgan Chase,traditional_bank
2019-05-30,88.12779235839844,JPM,JPMorgan Chase,traditional_bank
2019-05-31,87.2223129272461,JPM,JPMorgan Chase,traditional_bank
2019-06-03,87.6338882446289,JPM,JPMorgan Chase,traditional_bank
2019-06-04,90.33385467529297,JPM,JPMorgan Chase,traditional_bank
2019-06-05,90.65492248535156,JPM,JPMorgan Chase,traditional_bank
2019-06-06,90.85247802734375,JPM,JPMorgan Chase,traditional_bank
2019-06-07,89.8564453125,JPM,JPMorgan Chase,traditional_bank
2019-06-10,90.82777404785156,JPM,JPMorgan Chase,traditional_bank
2019-06-11,91.1076431274414,JPM,JPMorgan Chase,traditional_bank
2019-06-12,89.94698333740234,JPM,JPMorgan Chase,traditional_bank
2019-06-13,90.16922760009766,JPM,JPMorgan Chase,traditional_bank
2019-06-14,90.39973449707031,JPM,JPMorgan Chase,traditional_bank
2019-06-17,89.90583801269531,JPM,JPMorgan Chase,traditional_bank
2019-06-18,91.13233947753906,JPM,JPMorgan Chase,traditional_bank
2019-06-19,90.47380828857422,JPM,JPMorgan Chase,traditional_bank
2019-06-20,90.70430755615234,JPM,JPMorgan Chase,traditional_bank
2019-06-21,90.08692932128906,JPM,JPMorgan Chase,traditional_bank
2019-06-24,89.4448471069336,JPM,JPMorgan Chase,traditional_bank
2019-06-25,88.70401763916016,JPM,JPMorgan Chase,traditional_bank
2019-06-26,89.29669189453125,JPM,JPMorgan Chase,traditional_bank
2019-06-27,89.59304809570312,JPM,JPMorgan Chase,traditional_bank
2019-06-28,92.02960205078125,JPM,JPMorgan Chase,traditional_bank
2019-07-01,93.5771255493164,JPM,JPMorgan Chase,traditional_bank
2019-07-02,93.6759033203125,JPM,JPMorgan Chase,traditional_bank
2019-07-03,93.52671813964844,JPM,JPMorgan Chase,traditional_bank
2019-07-05,94.08214569091797,JPM,JPMorgan Chase,traditional_bank
2019-07-08,93.56816864013672,JPM,JPMorgan Chase,traditional_bank
2019-07-09,93.96604919433594,JPM,JPMorgan Chase,traditional_bank
2019-07-10,93.69249725341797,JPM,JPMorgan Chase,traditional_bank
2019-07-11,94.58781433105469,JPM,JPMorgan Chase,traditional_bank
2019-07-12,95.58261108398438,JPM,JPMorgan Chase,traditional_bank
2019-07-15,94.42201232910156,JPM,JPMorgan Chase,traditional_bank
2019-07-16,95.43338012695312,JPM,JPMorgan Chase,traditional_bank
2019-07-17,94.49661254882812,JPM,JPMorgan Chase,traditional_bank
2019-07-18,95.06033325195312,JPM,JPMorgan Chase,traditional_bank
2019-07-19,94.12356567382812,JPM,JPMorgan Chase,traditional_bank
2019-07-22,94.72872161865234,JPM,JPMorgan Chase,traditional_bank
2019-07-23,96.46131134033203,JPM,JPMorgan Chase,traditional_bank
2019-07-24,96.85093688964844,JPM,JPMorgan Chase,traditional_bank
2019-07-25,95.92247772216797,JPM,JPMorgan Chase,traditional_bank
2019-07-26,96.34526824951172,JPM,JPMorgan Chase,traditional_bank
2019-07-29,96.03852081298828,JPM,JPMorgan Chase,traditional_bank
2019-07-30,95.82299041748047,JPM,JPMorgan Chase,traditional_bank
2019-07-31,96.16288757324219,JPM,JPMorgan Chase,traditional_bank
2019-08-01,93.62618255615234,JPM,JPMorgan Chase,traditional_bank
2019-08-02,93.61788940429688,JPM,JPMorgan Chase,traditional_bank
2019-08-05,90.83246612548828,JPM,JPMorgan Chase,traditional_bank
2019-08-06,91.54540252685547,JPM,JPMorgan Chase,traditional_bank
2019-08-07,89.5558090209961,JPM,JPMorgan Chase,traditional_bank
2019-08-08,91.07289123535156,JPM,JPMorgan Chase,traditional_bank
2019-08-09,90.97338104248047,JPM,JPMorgan Chase,traditional_bank
2019-08-12,89.26567840576172,JPM,JPMorgan Chase,traditional_bank
2019-08-13,90.64179992675781,JPM,JPMorgan Chase,traditional_bank
2019-08-14,86.8781967163086,JPM,JPMorgan Chase,traditional_bank
2019-08-15,87.20978546142578,JPM,JPMorgan Chase,traditional_bank
2019-08-16,89.29885864257812,JPM,JPMorgan Chase,traditional_bank
2019-08-19,90.10296630859375,JPM,JPMorgan Chase,traditional_bank
2019-08-20,88.9589614868164,JPM,JPMorgan Chase,traditional_bank
2019-08-21,89.20765686035156,JPM,JPMorgan Chase,traditional_bank
2019-08-22,90.12782287597656,JPM,JPMorgan Chase,traditional_bank
2019-08-23,87.8895492553711,JPM,JPMorgan Chase,traditional_bank
2019-08-26,88.59422302246094,JPM,JPMorgan Chase,traditional_bank
2019-08-27,87.6574478149414,JPM,JPMorgan Chase,traditional_bank
2019-08-28,88.53617095947266,JPM,JPMorgan Chase,traditional_bank
2019-08-29,90.54234313964844,JPM,JPMorgan Chase,traditional_bank
2019-08-30,91.07289123535156,JPM,JPMorgan Chase,traditional_bank
2019-09-03,89.99518585205078,JPM,JPMorgan Chase,traditional_bank
2019-09-04,91.08118438720703,JPM,JPMorgan Chase,traditional_bank
2019-09-05,93.15367126464844,JPM,JPMorgan Chase,traditional_bank
2019-09-06,93.35260009765625,JPM,JPMorgan Chase,traditional_bank
2019-09-09,95.6655044555664,JPM,JPMorgan Chase,traditional_bank
2019-09-10,96.88410186767578,JPM,JPMorgan Chase,traditional_bank
2019-09-11,97.1494140625,JPM,JPMorgan Chase,traditional_bank
2019-09-12,97.74624633789062,JPM,JPMorgan Chase,traditional_bank
2019-09-13,99.66950988769531,JPM,JPMorgan Chase,traditional_bank
2019-09-16,98.7824935913086,JPM,JPMorgan Chase,traditional_bank
2019-09-17,98.29340362548828,JPM,JPMorgan Chase,traditional_bank
2019-09-18,99.27987670898438,JPM,JPMorgan Chase,traditional_bank
2019-09-19,98.9648666381836,JPM,JPMorgan Chase,traditional_bank
2019-09-20,98.56697082519531,JPM,JPMorgan Chase,traditional_bank
2019-09-23,98.55038452148438,JPM,JPMorgan Chase,traditional_bank
2019-09-24,97.26545715332031,JPM,JPMorgan Chase,traditional_bank
2019-09-25,97.82087707519531,JPM,JPMorgan Chase,traditional_bank
2019-09-26,97.01675415039062,JPM,JPMorgan Chase,traditional_bank
2019-09-27,97.5887680053711,JPM,JPMorgan Chase,traditional_bank
2019-09-30,97.56388092041016,JPM,JPMorgan Chase,traditional_bank
2019-10-01,95.78984069824219,JPM,JPMorgan Chase,traditional_bank
2019-10-02,93.88317108154297,JPM,JPMorgan Chase,traditional_bank
2019-10-03,93.74946594238281,JPM,JPMorgan Chase,traditional_bank
2019-10-04,95.78004455566406,JPM,JPMorgan Chase,traditional_bank
2019-10-07,95.57115936279297,JPM,JPMorgan Chase,traditional_bank
2019-10-08,93.44027709960938,JPM,JPMorgan Chase,traditional_bank
2019-10-09,94.11714172363281,JPM,JPMorgan Chase,traditional_bank
2019-10-10,95.43745422363281,JPM,JPMorgan Chase,traditional_bank
2019-10-11,97.05020141601562,JPM,JPMorgan Chase,traditional_bank
2019-10-14,97.30924987792969,JPM,JPMorgan Chase,traditional_bank
2019-10-15,100.24232482910156,JPM,JPMorgan Chase,traditional_bank
2019-10-16,100.0083236694336,JPM,JPMorgan Chase,traditional_bank
2019-10-17,100.56819152832031,JPM,JPMorgan Chase,traditional_bank
2019-10-18,100.74369049072266,JPM,JPMorgan Chase,traditional_bank
2019-10-21,103.24224853515625,JPM,JPMorgan Chase,traditional_bank
2019-10-22,104.27839660644531,JPM,JPMorgan Chase,traditional_bank
2019-10-23,104.55416107177734,JPM,JPMorgan Chase,traditional_bank
2019-10-24,104.47896575927734,JPM,JPMorgan Chase,traditional_bank
2019-10-25,105.3145980834961,JPM,JPMorgan Chase,traditional_bank
2019-10-28,105.7156982421875,JPM,JPMorgan Chase,traditional_bank
2019-10-29,105.64884948730469,JPM,JPMorgan Chase,traditional_bank
2019-10-30,105.06391143798828,JPM,JPMorgan Chase,traditional_bank
2019-10-31,104.38705444335938,JPM,JPMorgan Chase,traditional_bank
2019-11-01,106.7936782836914,JPM,JPMorgan Chase,traditional_bank
2019-11-04,107.64602661132812,JPM,JPMorgan Chase,traditional_bank
2019-11-05,107.87999725341797,JPM,JPMorgan Chase,traditional_bank
2019-11-06,108.047119140625,JPM,JPMorgan Chase,traditional_bank
2019-11-07,108.63206481933594,JPM,JPMorgan Chase,traditional_bank
2019-11-08,108.9496078491211,JPM,JPMorgan Chase,traditional_bank
2019-11-11,108.56521606445312,JPM,JPMorgan Chase,traditional_bank
2019-11-12,107.93013000488281,JPM,JPMorgan Chase,traditional_bank
2019-11-13,107.36187744140625,JPM,JPMorgan Chase,traditional_bank
2019-11-14,107.46218872070312,JPM,JPMorgan Chase,traditional_bank
2019-11-15,108.23931121826172,JPM,JPMorgan Chase,traditional_bank
2019-11-18,109.15013885498047,JPM,JPMorgan Chase,traditional_bank
2019-11-19,109.11673736572266,JPM,JPMorgan Chase,traditional_bank
2019-11-20,108.3228759765625,JPM,JPMorgan Chase,traditional_bank
2019-11-21,108.57353210449219,JPM,JPMorgan Chase,traditional_bank
2019-11-22,109.29219818115234,JPM,JPMorgan Chase,traditional_bank
2019-11-25,109.87715911865234,JPM,JPMorgan Chase,traditional_bank
2019-11-26,110.02758026123047,JPM,JPMorgan Chase,traditional_bank
2019-11-27,110.35344696044922,JPM,JPMorgan Chase,traditional_bank
2019-11-29,110.10276794433594,JPM,JPMorgan Chase,traditional_bank
2019-12-02,109.86044311523438,JPM,JPMorgan Chase,traditional_bank
2019-12-03,108.44820404052734,JPM,JPMorgan Chase,traditional_bank
2019-12-04,110.58741760253906,JPM,JPMorgan Chase,traditional_bank
2019-12-05,111.18907928466797,JPM,JPMorgan Chase,traditional_bank
2019-12-06,112.8436279296875,JPM,JPMorgan Chase,traditional_bank
2019-12-09,112.31717681884766,JPM,JPMorgan Chase,traditional_bank
2019-12-10,112.39240264892578,JPM,JPMorgan Chase,traditional_bank
2019-12-11,112.12500762939453,JPM,JPMorgan Chase,traditional_bank
2019-12-12,115.33380889892578,JPM,JPMorgan Chase,traditional_bank
2019-12-13,114.32269287109375,JPM,JPMorgan Chase,traditional_bank
2019-12-16,114.7656021118164,JPM,JPMorgan Chase,traditional_bank
2019-12-17,115.46749114990234,JPM,JPMorgan Chase,traditional_bank
2019-12-18,115.35051727294922,JPM,JPMorgan Chase,traditional_bank
2019-12-19,114.77395629882812,JPM,JPMorgan Chase,traditional_bank
2019-12-20,114.68203735351562,JPM,JPMorgan Chase,traditional_bank
2019-12-23,114.64862060546875,JPM,JPMorgan Chase,traditional_bank
2019-12-24,114.96615600585938,JPM,JPMorgan Chase,traditional_bank
2019-12-26,116.1861343383789,JPM,JPMorgan Chase,traditional_bank
2019-12-27,116.2697525024414,JPM,JPMorgan Chase,traditional_bank
2019-12-30,115.84355926513672,JPM,JPMorgan Chase,traditional_bank
2019-12-31,116.48697662353516,JPM,JPMorgan Chase,traditional_bank
2020-01-02,117.89921569824219,JPM,JPMorgan Chase,traditional_bank
2020-01-03,116.34336853027344,JPM,JPMorgan Chase,traditional_bank
2020-01-06,116.25086975097656,JPM,JPMorgan Chase,traditional_bank
2020-01-07,114.27452087402344,JPM,JPMorgan Chase,traditional_bank
2020-01-08,115.16596984863281,JPM,JPMorgan Chase,traditional_bank
2020-01-09,115.58646392822266,JPM,JPMorgan Chase,traditional_bank
2020-01-10,114.43431854248047,JPM,JPMorgan Chase,traditional_bank
2020-01-13,115.38465118408203,JPM,JPMorgan Chase,traditional_bank
2020-01-14,116.730224609375,JPM,JPMorgan Chase,traditional_bank
2020-01-15,114.9809799194336,JPM,JPMorgan Chase,traditional_bank
2020-01-16,115.42668151855469,JPM,JPMorgan Chase,traditional_bank
2020-01-17,116.22562408447266,JPM,JPMorgan Chase,traditional_bank
2020-01-21,115.08183288574219,JPM,JPMorgan Chase,traditional_bank
2020-01-22,114.94731903076172,JPM,JPMorgan Chase,traditional_bank
2020-01-23,114.8295669555664,JPM,JPMorgan Chase,traditional_bank
2020-01-24,111.97859191894531,JPM,JPMorgan Chase,traditional_bank
2020-01-27,111.03668975830078,JPM,JPMorgan Chase,traditional_bank
2020-01-28,113.05506896972656,JPM,JPMorgan Chase,traditional_bank
2020-01-29,112.88684844970703,JPM,JPMorgan Chase,traditional_bank
2020-01-30,114.28291320800781,JPM,JPMorgan Chase,traditional_bank
2020-01-31,111.31421661376953,JPM,JPMorgan Chase,traditional_bank
2020-02-03,112.16361999511719,JPM,JPMorgan Chase,traditional_bank
2020-02-04,113.77832794189453,JPM,JPMorgan Chase,traditional_bank
2020-02-05,115.71259307861328,JPM,JPMorgan Chase,traditional_bank
2020-02-06,115.72943878173828,JPM,JPMorgan Chase,traditional_bank
2020-02-07,115.35938262939453,JPM,JPMorgan Chase,traditional_bank
2020-02-10,115.83877563476562,JPM,JPMorgan Chase,traditional_bank
2020-02-11,116.05741119384766,JPM,JPMorgan Chase,traditional_bank
2020-02-12,116.05741119384766,JPM,JPMorgan Chase,traditional_bank
2020-02-13,115.95647430419922,JPM,JPMorgan Chase,traditional_bank
2020-02-14,115.60326385498047,JPM,JPMorgan Chase,traditional_bank
2020-02-18,114.07269287109375,JPM,JPMorgan Chase,traditional_bank
2020-02-19,115.62852478027344,JPM,JPMorgan Chase,traditional_bank
2020-02-20,115.62852478027344,JPM,JPMorgan Chase,traditional_bank
2020-02-21,114.21565246582031,JPM,JPMorgan Chase,traditional_bank
2020-02-24,111.14600372314453,JPM,JPMorgan Chase,traditional_bank
2020-02-25,106.1841049194336,JPM,JPMorgan Chase,traditional_bank
2020-02-26,106.50370788574219,JPM,JPMorgan Chase,traditional_bank
2020-02-27,102.07166290283203,JPM,JPMorgan Chase,traditional_bank
2020-02-28,97.64801788330078,JPM,JPMorgan Chase,traditional_bank
2020-03-02,102.19782257080078,JPM,JPMorgan Chase,traditional_bank
2020-03-03,98.36286926269531,JPM,JPMorgan Chase,traditional_bank
2020-03-04,100.79332733154297,JPM,JPMorgan Chase,traditional_bank
2020-03-05,95.84830474853516,JPM,JPMorgan Chase,traditional_bank
2020-03-06,90.89483642578125,JPM,JPMorgan Chase,traditional_bank
2020-03-09,78.58263397216797,JPM,JPMorgan Chase,traditional_bank
2020-03-10,84.68827819824219,JPM,JPMorgan Chase,traditional_bank
2020-03-11,80.70198059082031,JPM,JPMorgan Chase,traditional_bank
2020-03-12,74.04969787597656,JPM,JPMorgan Chase,traditional_bank
2020-03-13,87.38788604736328,JPM,JPMorgan Chase,traditional_bank
2020-03-16,74.31037902832031,JPM,JPMorgan Chase,traditional_bank
2020-03-17,78.8517837524414,JPM,JPMorgan Chase,traditional_bank
2020-03-18,70.5511245727539,JPM,JPMorgan Chase,traditional_bank
2020-03-19,71.7369384765625,JPM,JPMorgan Chase,traditional_bank
2020-03-20,70.2231674194336,JPM,JPMorgan Chase,traditional_bank
2020-03-23,66.46391296386719,JPM,JPMorgan Chase,traditional_bank
2020-03-24,74.36925506591797,JPM,JPMorgan Chase,traditional_bank
2020-03-25,77.14453887939453,JPM,JPMorgan Chase,traditional_bank
2020-03-26,82.51850891113281,JPM,JPMorgan Chase,traditional_bank
2020-03-27,76.63994598388672,JPM,JPMorgan Chase,traditional_bank
2020-03-30,78.63310241699219,JPM,JPMorgan Chase,traditional_bank
2020-03-31,75.71484375,JPM,JPMorgan Chase,traditional_bank
2020-04-01,70.94642639160156,JPM,JPMorgan Chase,traditional_bank
2020-04-02,73.59555053710938,JPM,JPMorgan Chase,traditional_bank
2020-04-03,71.42022705078125,JPM,JPMorgan Chase,traditional_bank
2020-04-06,76.01728820800781,JPM,JPMorgan Chase,traditional_bank
2020-04-07,77.01997375488281,JPM,JPMorgan Chase,traditional_bank
2020-04-08,80.12999725341797,JPM,JPMorgan Chase,traditional_bank
2020-04-09,87.31877136230469,JPM,JPMorgan Chase,traditional_bank
2020-04-13,83.43548583984375,JPM,JPMorgan Chase,traditional_bank
2020-04-14,81.14968872070312,JPM,JPMorgan Chase,traditional_bank
2020-04-15,77.1474380493164,JPM,JPMorgan Chase,traditional_bank
2020-04-16,74.20735931396484,JPM,JPMorgan Chase,traditional_bank
2020-04-17,80.87776947021484,JPM,JPMorgan Chase,traditional_bank
2020-04-20,77.92919158935547,JPM,JPMorgan Chase,traditional_bank
2020-04-21,75.66889190673828,JPM,JPMorgan Chase,traditional_bank
2020-04-22,75.9153060913086,JPM,JPMorgan Chase,traditional_bank
2020-04-23,75.95780181884766,JPM,JPMorgan Chase,traditional_bank
2020-04-24,77.0794677734375,JPM,JPMorgan Chase,traditional_bank
2020-04-27,80.40193176269531,JPM,JPMorgan Chase,traditional_bank
2020-04-28,80.97123718261719,JPM,JPMorgan Chase,traditional_bank
2020-04-29,83.1550521850586,JPM,JPMorgan Chase,traditional_bank
2020-04-30,81.37062072753906,JPM,JPMorgan Chase,traditional_bank
2020-05-01,79.23777770996094,JPM,JPMorgan Chase,traditional_bank
2020-05-04,78.29458618164062,JPM,JPMorgan Chase,traditional_bank
2020-05-05,78.17564392089844,JPM,JPMorgan Chase,traditional_bank
2020-05-06,76.70555877685547,JPM,JPMorgan Chase,traditional_bank
2020-05-07,77.50431823730469,JPM,JPMorgan Chase,traditional_bank
2020-05-08,78.77043151855469,JPM,JPMorgan Chase,traditional_bank
2020-05-11,76.4506607055664,JPM,JPMorgan Chase,traditional_bank
2020-05-12,73.95242309570312,JPM,JPMorgan Chase,traditional_bank
2020-05-13,71.40323638916016,JPM,JPMorgan Chase,traditional_bank
2020-05-14,74.36880493164062,JPM,JPMorgan Chase,traditional_bank
2020-05-15,72.99223327636719,JPM,JPMorgan Chase,traditional_bank
2020-05-18,76.85851287841797,JPM,JPMorgan Chase,traditional_bank
2020-05-19,75.34600067138672,JPM,JPMorgan Chase,traditional_bank
2020-05-20,77.60628509521484,JPM,JPMorgan Chase,traditional_bank
2020-05-21,76.62057495117188,JPM,JPMorgan Chase,traditional_bank
2020-05-22,76.02579498291016,JPM,JPMorgan Chase,traditional_bank
2020-05-26,81.42158508300781,JPM,JPMorgan Chase,traditional_bank
2020-05-27,86.13764190673828,JPM,JPMorgan Chase,traditional_bank
2020-05-28,84.85453796386719,JPM,JPMorgan Chase,traditional_bank
2020-05-29,82.68769836425781,JPM,JPMorgan Chase,traditional_bank
2020-06-01,83.78385925292969,JPM,JPMorgan Chase,traditional_bank
2020-06-02,84.06428527832031,JPM,JPMorgan Chase,traditional_bank
2020-06-03,88.60185241699219,JPM,JPMorgan Chase,traditional_bank
2020-06-04,90.4457778930664,JPM,JPMorgan Chase,traditional_bank
2020-06-05,94.5160140991211,JPM,JPMorgan Chase,traditional_bank
2020-06-08,96.40242004394531,JPM,JPMorgan Chase,traditional_bank
2020-06-09,93.92969512939453,JPM,JPMorgan Chase,traditional_bank
2020-06-10,90.1229019165039,JPM,JPMorgan Chase,traditional_bank
2020-06-11,82.60275268554688,JPM,JPMorgan Chase,traditional_bank
2020-06-12,84.863037109375,JPM,JPMorgan Chase,traditional_bank
2020-06-15,86.03565979003906,JPM,JPMorgan Chase,traditional_bank
2020-06-16,86.72395324707031,JPM,JPMorgan Chase,traditional_bank
2020-06-17,84.53163146972656,JPM,JPMorgan Chase,traditional_bank
2020-06-18,84.07276916503906,JPM,JPMorgan Chase,traditional_bank
2020-06-19,83.11255645751953,JPM,JPMorgan Chase,traditional_bank
2020-06-22,82.21185302734375,JPM,JPMorgan Chase,traditional_bank
2020-06-23,83.21456146240234,JPM,JPMorgan Chase,traditional_bank
2020-06-24,80.43590545654297,JPM,JPMorgan Chase,traditional_bank
2020-06-25,83.24002838134766,JPM,JPMorgan Chase,traditional_bank
2020-06-26,78.67695617675781,JPM,JPMorgan Chase,traditional_bank
2020-06-29,79.02535247802734,JPM,JPMorgan Chase,traditional_bank
2020-06-30,79.92608642578125,JPM,JPMorgan Chase,traditional_bank
2020-07-01,79.24627685546875,JPM,JPMorgan Chase,traditional_bank
2020-07-02,79.50370025634766,JPM,JPMorgan Chase,traditional_bank
2020-07-06,81.51144409179688,JPM,JPMorgan Chase,traditional_bank
2020-07-07,79.21194458007812,JPM,JPMorgan Chase,traditional_bank
2020-07-08,80.05281066894531,JPM,JPMorgan Chase,traditional_bank
2020-07-09,78.31961822509766,JPM,JPMorgan Chase,traditional_bank
2020-07-10,82.60112762451172,JPM,JPMorgan Chase,traditional_bank
2020-07-13,83.7851791381836,JPM,JPMorgan Chase,traditional_bank
2020-07-14,84.26566314697266,JPM,JPMorgan Chase,traditional_bank
2020-07-15,85.5698471069336,JPM,JPMorgan Chase,traditional_bank
2020-07-16,85.81010437011719,JPM,JPMorgan Chase,traditional_bank
2020-07-17,84.22277069091797,JPM,JPMorgan Chase,traditional_bank
2020-07-20,83.4848861694336,JPM,JPMorgan Chase,traditional_bank
2020-07-21,85.2952651977539,JPM,JPMorgan Chase,traditional_bank
2020-07-22,84.67752838134766,JPM,JPMorgan Chase,traditional_bank
2020-07-23,84.92633819580078,JPM,JPMorgan Chase,traditional_bank
2020-07-24,84.32575225830078,JPM,JPMorgan Chase,traditional_bank
2020-07-27,83.14167022705078,JPM,JPMorgan Chase,traditional_bank
2020-07-28,83.50203704833984,JPM,JPMorgan Chase,traditional_bank
2020-07-29,85.52694702148438,JPM,JPMorgan Chase,traditional_bank
2020-07-30,83.24463653564453,JPM,JPMorgan Chase,traditional_bank
2020-07-31,82.91859436035156,JPM,JPMorgan Chase,traditional_bank
2020-08-03,82.45526123046875,JPM,JPMorgan Chase,traditional_bank
2020-08-04,81.98332977294922,JPM,JPMorgan Chase,traditional_bank
2020-08-05,83.40766906738281,JPM,JPMorgan Chase,traditional_bank
2020-08-06,83.43341064453125,JPM,JPMorgan Chase,traditional_bank
2020-08-07,85.26956176757812,JPM,JPMorgan Chase,traditional_bank
2020-08-10,86.35063171386719,JPM,JPMorgan Chase,traditional_bank
2020-08-11,89.0791244506836,JPM,JPMorgan Chase,traditional_bank
2020-08-12,88.3240966796875,JPM,JPMorgan Chase,traditional_bank
2020-08-13,87.83499908447266,JPM,JPMorgan Chase,traditional_bank
2020-08-14,87.86933135986328,JPM,JPMorgan Chase,traditional_bank
2020-08-17,85.55268096923828,JPM,JPMorgan Chase,traditional_bank
2020-08-18,84.36004638671875,JPM,JPMorgan Chase,traditional_bank
2020-08-19,84.55738830566406,JPM,JPMorgan Chase,traditional_bank
2020-08-20,83.54495239257812,JPM,JPMorgan Chase,traditional_bank
2020-08-21,83.50203704833984,JPM,JPMorgan Chase,traditional_bank
2020-08-24,85.85298919677734,JPM,JPMorgan Chase,traditional_bank
2020-08-25,86.23052215576172,JPM,JPMorgan Chase,traditional_bank
2020-08-26,85.02071380615234,JPM,JPMorgan Chase,traditional_bank
2020-08-27,87.81783294677734,JPM,JPMorgan Chase,traditional_bank
2020-08-28,88.17822265625,JPM,JPMorgan Chase,traditional_bank
2020-08-31,85.96455383300781,JPM,JPMorgan Chase,traditional_bank
2020-09-01,85.92163848876953,JPM,JPMorgan Chase,traditional_bank
2020-09-02,87.21725463867188,JPM,JPMorgan Chase,traditional_bank
2020-09-03,86.94268035888672,JPM,JPMorgan Chase,traditional_bank
2020-09-04,88.82172393798828,JPM,JPMorgan Chase,traditional_bank
2020-09-08,85.73287963867188,JPM,JPMorgan Chase,traditional_bank
2020-09-09,86.54798126220703,JPM,JPMorgan Chase,traditional_bank
2020-09-10,85.6556396484375,JPM,JPMorgan Chase,traditional_bank
2020-09-11,86.71958923339844,JPM,JPMorgan Chase,traditional_bank
2020-09-14,87.9207992553711,JPM,JPMorgan Chase,traditional_bank
2020-09-15,85.18375396728516,JPM,JPMorgan Chase,traditional_bank
2020-09-16,85.54410552978516,JPM,JPMorgan Chase,traditional_bank
2020-09-17,84.56595611572266,JPM,JPMorgan Chase,traditional_bank
2020-09-18,84.38579559326172,JPM,JPMorgan Chase,traditional_bank
2020-09-21,81.77742767333984,JPM,JPMorgan Chase,traditional_bank
2020-09-22,80.88508605957031,JPM,JPMorgan Chase,traditional_bank
2020-09-23,79.57232666015625,JPM,JPMorgan Chase,traditional_bank
2020-09-24,79.50370025634766,JPM,JPMorgan Chase,traditional_bank
2020-09-25,80.19868469238281,JPM,JPMorgan Chase,traditional_bank
2020-09-28,82.50674438476562,JPM,JPMorgan Chase,traditional_bank
2020-09-29,81.81175994873047,JPM,JPMorgan Chase,traditional_bank
2020-09-30,82.60112762451172,JPM,JPMorgan Chase,traditional_bank
2020-10-01,83.20174407958984,JPM,JPMorgan Chase,traditional_bank
2020-10-02,83.9911117553711,JPM,JPMorgan Chase,traditional_bank
2020-10-05,85.766357421875,JPM,JPMorgan Chase,traditional_bank
2020-10-06,84.88306427001953,JPM,JPMorgan Chase,traditional_bank
2020-10-07,86.36388397216797,JPM,JPMorgan Chase,traditional_bank
2020-10-08,88.13914489746094,JPM,JPMorgan Chase,traditional_bank
2020-10-09,87.63687133789062,JPM,JPMorgan Chase,traditional_bank
2020-10-12,88.71070098876953,JPM,JPMorgan Chase,traditional_bank
2020-10-13,87.27314758300781,JPM,JPMorgan Chase,traditional_bank
2020-10-14,86.78821563720703,JPM,JPMorgan Chase,traditional_bank
2020-10-15,88.08717346191406,JPM,JPMorgan Chase,traditional_bank
2020-10-16,87.90533447265625,JPM,JPMorgan Chase,traditional_bank
2020-10-19,86.42450714111328,JPM,JPMorgan Chase,traditional_bank
2020-10-20,86.9181137084961,JPM,JPMorgan Chase,traditional_bank
2020-10-21,86.05213928222656,JPM,JPMorgan Chase,traditional_bank
2020-10-22,89.09172058105469,JPM,JPMorgan Chase,traditional_bank
2020-10-23,89.8970718383789,JPM,JPMorgan Chase,traditional_bank
2020-10-26,87.67149353027344,JPM,JPMorgan Chase,traditional_bank
2020-10-27,86.01750946044922,JPM,JPMorgan Chase,traditional_bank
2020-10-28,83.60142517089844,JPM,JPMorgan Chase,traditional_bank
2020-10-29,84.1469955444336,JPM,JPMorgan Chase,traditional_bank
2020-10-30,84.90039825439453,JPM,JPMorgan Chase,traditional_bank
2020-11-02,86.81419372558594,JPM,JPMorgan Chase,traditional_bank
2020-11-03,89.55069732666016,JPM,JPMorgan Chase,traditional_bank
2020-11-04,86.81419372558594,JPM,JPMorgan Chase,traditional_bank
2020-11-05,90.36469268798828,JPM,JPMorgan Chase,traditional_bank
2020-11-06,89.1609878540039,JPM,JPMorgan Chase,traditional_bank
2020-11-09,101.23270416259766,JPM,JPMorgan Chase,traditional_bank
2020-11-10,100.90363311767578,JPM,JPMorgan Chase,traditional_bank
2020-11-11,99.39683532714844,JPM,JPMorgan Chase,traditional_bank
2020-11-12,98.17581939697266,JPM,JPMorgan Chase,traditional_bank
2020-11-13,98.79066467285156,JPM,JPMorgan Chase,traditional_bank
2020-11-16,101.5791015625,JPM,JPMorgan Chase,traditional_bank
2020-11-17,100.54859161376953,JPM,JPMorgan Chase,traditional_bank
2020-11-18,99.80384063720703,JPM,JPMorgan Chase,traditional_bank
2020-11-19,100.07231140136719,JPM,JPMorgan Chase,traditional_bank
2020-11-20,99.21500396728516,JPM,JPMorgan Chase,traditional_bank
2020-11-23,102.07270812988281,JPM,JPMorgan Chase,traditional_bank
2020-11-24,106.79228210449219,JPM,JPMorgan Chase,traditional_bank
2020-11-25,105.67517852783203,JPM,JPMorgan Chase,traditional_bank
2020-11-27,104.9737319946289,JPM,JPMorgan Chase,traditional_bank
2020-11-30,102.08139038085938,JPM,JPMorgan Chase,traditional_bank
2020-12-01,103.69208526611328,JPM,JPMorgan Chase,traditional_bank
2020-12-02,105.68385314941406,JPM,JPMorgan Chase,traditional_bank
2020-12-03,104.9910659790039,JPM,JPMorgan Chase,traditional_bank
2020-12-04,105.94361114501953,JPM,JPMorgan Chase,traditional_bank
2020-12-07,105.54527282714844,JPM,JPMorgan Chase,traditional_bank
2020-12-08,105.64920806884766,JPM,JPMorgan Chase,traditional_bank
2020-12-09,104.82652282714844,JPM,JPMorgan Chase,traditional_bank
2020-12-10,104.15103912353516,JPM,JPMorgan Chase,traditional_bank
2020-12-11,103.53620147705078,JPM,JPMorgan Chase,traditional_bank
2020-12-14,102.44508361816406,JPM,JPMorgan Chase,traditional_bank
2020-12-15,104.1943359375,JPM,JPMorgan Chase,traditional_bank
2020-12-16,104.49745178222656,JPM,JPMorgan Chase,traditional_bank
2020-12-17,103.63147735595703,JPM,JPMorgan Chase,traditional_bank
2020-12-18,103.12055206298828,JPM,JPMorgan Chase,traditional_bank
2020-12-21,106.991455078125,JPM,JPMorgan Chase,traditional_bank
2020-12-22,105.36341857910156,JPM,JPMorgan Chase,traditional_bank
2020-12-23,108.3077392578125,JPM,JPMorgan Chase,traditional_bank
2020-12-24,107.83148193359375,JPM,JPMorgan Chase,traditional_bank
2020-12-28,108.54154968261719,JPM,JPMorgan Chase,traditional_bank
2020-12-29,108.25577545166016,JPM,JPMorgan Chase,traditional_bank
2020-12-30,108.55886840820312,JPM,JPMorgan Chase,traditional_bank
2020-12-31,110.0396957397461,JPM,JPMorgan Chase,traditional_bank
2021-01-04,109.00054931640625,JPM,JPMorgan Chase,traditional_bank
2021-01-05,109.59362030029297,JPM,JPMorgan Chase,traditional_bank
2021-01-06,114.73968505859375,JPM,JPMorgan Chase,traditional_bank
2021-01-07,118.50765228271484,JPM,JPMorgan Chase,traditional_bank
2021-01-08,118.63845825195312,JPM,JPMorgan Chase,traditional_bank
2021-01-11,120.40910339355469,JPM,JPMorgan Chase,traditional_bank
2021-01-12,122.30176544189453,JPM,JPMorgan Chase,traditional_bank
2021-01-13,122.4151840209961,JPM,JPMorgan Chase,traditional_bank
2021-01-14,123.13036346435547,JPM,JPMorgan Chase,traditional_bank
2021-01-15,120.92365264892578,JPM,JPMorgan Chase,traditional_bank
2021-01-19,120.4003677368164,JPM,JPMorgan Chase,traditional_bank
2021-01-20,118.5948715209961,JPM,JPMorgan Chase,traditional_bank
2021-01-21,117.60055541992188,JPM,JPMorgan Chase,traditional_bank
2021-01-22,116.69347381591797,JPM,JPMorgan Chase,traditional_bank
2021-01-25,115.23686218261719,JPM,JPMorgan Chase,traditional_bank
2021-01-26,114.76585388183594,JPM,JPMorgan Chase,traditional_bank
2021-01-27,111.52123260498047,JPM,JPMorgan Chase,traditional_bank
2021-01-28,113.48369598388672,JPM,JPMorgan Chase,traditional_bank
2021-01-29,112.22772979736328,JPM,JPMorgan Chase,traditional_bank
2021-02-01,113.05631256103516,JPM,JPMorgan Chase,traditional_bank
2021-02-02,116.53643798828125,JPM,JPMorgan Chase,traditional_bank
2021-02-03,117.87095642089844,JPM,JPMorgan Chase,traditional_bank
2021-02-04,120.58355712890625,JPM,JPMorgan Chase,traditional_bank
2021-02-05,120.34803009033203,JPM,JPMorgan Chase,traditional_bank
2021-02-08,122.23200225830078,JPM,JPMorgan Chase,traditional_bank
2021-02-09,121.74359130859375,JPM,JPMorgan Chase,traditional_bank
2021-02-10,121.81334686279297,JPM,JPMorgan Chase,traditional_bank
2021-02-11,121.47317504882812,JPM,JPMorgan Chase,traditional_bank
2021-02-12,123.20018005371094,JPM,JPMorgan Chase,traditional_bank
2021-02-16,126.16568756103516,JPM,JPMorgan Chase,traditional_bank
2021-02-17,126.55816650390625,JPM,JPMorgan Chase,traditional_bank
2021-02-18,126.98556518554688,JPM,JPMorgan Chase,traditional_bank
2021-02-19,129.10504150390625,JPM,JPMorgan Chase,traditional_bank
2021-02-22,130.3174285888672,JPM,JPMorgan Chase,traditional_bank
2021-02-23,131.3640594482422,JPM,JPMorgan Chase,traditional_bank
2021-02-24,133.67543029785156,JPM,JPMorgan Chase,traditional_bank
2021-02-25,131.86123657226562,JPM,JPMorgan Chase,traditional_bank
2021-02-26,128.36363220214844,JPM,JPMorgan Chase,traditional_bank
2021-03-01,131.2681121826172,JPM,JPMorgan Chase,traditional_bank
2021-03-02,130.8407440185547,JPM,JPMorgan Chase,traditional_bank
2021-03-03,133.37013244628906,JPM,JPMorgan Chase,traditional_bank
2021-03-04,131.32046508789062,JPM,JPMorgan Chase,traditional_bank
2021-03-05,131.62574768066406,JPM,JPMorgan Chase,traditional_bank
2021-03-08,133.37013244628906,JPM,JPMorgan Chase,traditional_bank
2021-03-09,132.4281768798828,JPM,JPMorgan Chase,traditional_bank
2021-03-10,135.30650329589844,JPM,JPMorgan Chase,traditional_bank
2021-03-11,134.59999084472656,JPM,JPMorgan Chase,traditional_bank
2021-03-12,136.1961212158203,JPM,JPMorgan Chase,traditional_bank
2021-03-15,135.5158233642578,JPM,JPMorgan Chase,traditional_bank
2021-03-16,133.8935089111328,JPM,JPMorgan Chase,traditional_bank
2021-03-17,135.27159118652344,JPM,JPMorgan Chase,traditional_bank
2021-03-18,137.5044708251953,JPM,JPMorgan Chase,traditional_bank
2021-03-19,135.31520080566406,JPM,JPMorgan Chase,traditional_bank
2021-03-22,131.6780242919922,JPM,JPMorgan Chase,traditional_bank
2021-03-23,130.3610382080078,JPM,JPMorgan Chase,traditional_bank
2021-03-24,131.372802734375,JPM,JPMorgan Chase,traditional_bank
2021-03-25,133.05618286132812,JPM,JPMorgan Chase,traditional_bank
2021-03-26,135.27159118652344,JPM,JPMorgan Chase,traditional_bank
2021-03-29,133.1695556640625,JPM,JPMorgan Chase,traditional_bank
2021-03-30,134.739501953125,JPM,JPMorgan Chase,traditional_bank
2021-03-31,132.77706909179688,JPM,JPMorgan Chase,traditional_bank
2021-04-01,134.06797790527344,JPM,JPMorgan Chase,traditional_bank
2021-04-05,134.77859497070312,JPM,JPMorgan Chase,traditional_bank
2021-04-06,133.83102416992188,JPM,JPMorgan Chase,traditional_bank
2021-04-07,135.92791748046875,JPM,JPMorgan Chase,traditional_bank
2021-04-08,136.0946044921875,JPM,JPMorgan Chase,traditional_bank
2021-04-09,137.11236572265625,JPM,JPMorgan Chase,traditional_bank
2021-04-12,136.82284545898438,JPM,JPMorgan Chase,traditional_bank
2021-04-13,135.19094848632812,JPM,JPMorgan Chase,traditional_bank
2021-04-14,132.66421508789062,JPM,JPMorgan Chase,traditional_bank
2021-04-15,133.5064239501953,JPM,JPMorgan Chase,traditional_bank
2021-04-16,134.497802734375,JPM,JPMorgan Chase,traditional_bank
2021-04-19,133.9275665283203,JPM,JPMorgan Chase,traditional_bank
2021-04-20,130.96212768554688,JPM,JPMorgan Chase,traditional_bank
2021-04-21,132.0763397216797,JPM,JPMorgan Chase,traditional_bank
2021-04-22,129.29515075683594,JPM,JPMorgan Chase,traditional_bank
2021-04-23,131.769287109375,JPM,JPMorgan Chase,traditional_bank
2021-04-26,132.09390258789062,JPM,JPMorgan Chase,traditional_bank
2021-04-27,132.69932556152344,JPM,JPMorgan Chase,traditional_bank
2021-04-28,133.55908203125,JPM,JPMorgan Chase,traditional_bank
2021-04-29,136.1560516357422,JPM,JPMorgan Chase,traditional_bank
2021-04-30,134.94529724121094,JPM,JPMorgan Chase,traditional_bank
2021-05-03,134.5504913330078,JPM,JPMorgan Chase,traditional_bank
2021-05-04,136.41049194335938,JPM,JPMorgan Chase,traditional_bank
2021-05-05,138.20028686523438,JPM,JPMorgan Chase,traditional_bank
2021-05-06,140.9814910888672,JPM,JPMorgan Chase,traditional_bank
2021-05-07,141.46401977539062,JPM,JPMorgan Chase,traditional_bank
2021-05-10,141.4464569091797,JPM,JPMorgan Chase,traditional_bank
2021-05-11,139.09518432617188,JPM,JPMorgan Chase,traditional_bank
2021-05-12,138.1388397216797,JPM,JPMorgan Chase,traditional_bank
2021-05-13,141.69212341308594,JPM,JPMorgan Chase,traditional_bank
2021-05-14,143.8942413330078,JPM,JPMorgan Chase,traditional_bank
2021-05-17,144.4733123779297,JPM,JPMorgan Chase,traditional_bank
2021-05-18,142.43783569335938,JPM,JPMorgan Chase,traditional_bank
2021-05-19,141.34996032714844,JPM,JPMorgan Chase,traditional_bank
2021-05-20,141.1042938232422,JPM,JPMorgan Chase,traditional_bank
2021-05-21,142.70985412597656,JPM,JPMorgan Chase,traditional_bank
2021-05-24,143.48191833496094,JPM,JPMorgan Chase,traditional_bank
2021-05-25,141.99917602539062,JPM,JPMorgan Chase,traditional_bank
2021-05-26,141.98167419433594,JPM,JPMorgan Chase,traditional_bank
2021-05-27,144.19259643554688,JPM,JPMorgan Chase,traditional_bank
2021-05-28,144.09605407714844,JPM,JPMorgan Chase,traditional_bank
2021-06-01,145.68408203125,JPM,JPMorgan Chase,traditional_bank
2021-06-02,145.6928253173828,JPM,JPMorgan Chase,traditional_bank
2021-06-03,145.78933715820312,JPM,JPMorgan Chase,traditional_bank
2021-06-04,146.02621459960938,JPM,JPMorgan Chase,traditional_bank
2021-06-07,145.34188842773438,JPM,JPMorgan Chase,traditional_bank
2021-06-08,144.76284790039062,JPM,JPMorgan Chase,traditional_bank
2021-06-09,142.95550537109375,JPM,JPMorgan Chase,traditional_bank
2021-06-10,140.72698974609375,JPM,JPMorgan Chase,traditional_bank
2021-06-11,140.63052368164062,JPM,JPMorgan Chase,traditional_bank
2021-06-14,138.24417114257812,JPM,JPMorgan Chase,traditional_bank
2021-06-15,136.1472625732422,JPM,JPMorgan Chase,traditional_bank
2021-06-16,137.1035919189453,JPM,JPMorgan Chase,traditional_bank
2021-06-17,133.146728515625,JPM,JPMorgan Chase,traditional_bank
2021-06-18,129.77772521972656,JPM,JPMorgan Chase,traditional_bank
2021-06-21,131.97982788085938,JPM,JPMorgan Chase,traditional_bank
2021-06-22,131.7868194580078,JPM,JPMorgan Chase,traditional_bank
2021-06-23,132.58518981933594,JPM,JPMorgan Chase,traditional_bank
2021-06-24,133.80471801757812,JPM,JPMorgan Chase,traditional_bank
2021-06-25,135.1558837890625,JPM,JPMorgan Chase,traditional_bank
2021-06-28,135.40150451660156,JPM,JPMorgan Chase,traditional_bank
2021-06-29,135.2348175048828,JPM,JPMorgan Chase,traditional_bank
2021-06-30,136.46311950683594,JPM,JPMorgan Chase,traditional_bank
2021-07-01,137.8142547607422,JPM,JPMorgan Chase,traditional_bank
2021-07-02,137.681884765625,JPM,JPMorgan Chase,traditional_bank
2021-07-06,135.3699493408203,JPM,JPMorgan Chase,traditional_bank
2021-07-07,135.52879333496094,JPM,JPMorgan Chase,traditional_bank
2021-07-08,133.19039916992188,JPM,JPMorgan Chase,traditional_bank
2021-07-09,137.45245361328125,JPM,JPMorgan Chase,traditional_bank
2021-07-12,139.4202423095703,JPM,JPMorgan Chase,traditional_bank
2021-07-13,137.34654235839844,JPM,JPMorgan Chase,traditional_bank
2021-07-14,136.8788604736328,JPM,JPMorgan Chase,traditional_bank
2021-07-15,137.1788787841797,JPM,JPMorgan Chase,traditional_bank
2021-07-16,134.04635620117188,JPM,JPMorgan Chase,traditional_bank
2021-07-19,129.687255859375,JPM,JPMorgan Chase,traditional_bank
2021-07-20,132.10508728027344,JPM,JPMorgan Chase,traditional_bank
2021-07-21,134.8846435546875,JPM,JPMorgan Chase,traditional_bank
2021-07-22,133.18157958984375,JPM,JPMorgan Chase,traditional_bank
2021-07-23,132.9257049560547,JPM,JPMorgan Chase,traditional_bank
2021-07-26,133.8169403076172,JPM,JPMorgan Chase,traditional_bank
2021-07-27,133.64048767089844,JPM,JPMorgan Chase,traditional_bank
2021-07-28,133.86106872558594,JPM,JPMorgan Chase,traditional_bank
2021-07-29,135.0081787109375,JPM,JPMorgan Chase,traditional_bank
2021-07-30,133.93162536621094,JPM,JPMorgan Chase,traditional_bank
2021-08-02,133.39337158203125,JPM,JPMorgan Chase,traditional_bank
2021-08-03,134.91110229492188,JPM,JPMorgan Chase,traditional_bank
2021-08-04,133.4551544189453,JPM,JPMorgan Chase,traditional_bank
2021-08-05,135.14051818847656,JPM,JPMorgan Chase,traditional_bank
2021-08-06,138.97900390625,JPM,JPMorgan Chase,traditional_bank
2021-08-09,138.82896423339844,JPM,JPMorgan Chase,traditional_bank
2021-08-10,140.53204345703125,JPM,JPMorgan Chase,traditional_bank
2021-08-11,142.20858764648438,JPM,JPMorgan Chase,traditional_bank
2021-08-12,142.76449584960938,JPM,JPMorgan Chase,traditional_bank
2021-08-13,141.16737365722656,JPM,JPMorgan Chase,traditional_bank
2021-08-16,140.24085998535156,JPM,JPMorgan Chase,traditional_bank
2021-08-17,138.54661560058594,JPM,JPMorgan Chase,traditional_bank
2021-08-18,137.28477478027344,JPM,JPMorgan Chase,traditional_bank
2021-08-19,136.1376495361328,JPM,JPMorgan Chase,traditional_bank
2021-08-20,136.5259246826172,JPM,JPMorgan Chase,traditional_bank
2021-08-23,138.27310180664062,JPM,JPMorgan Chase,traditional_bank
2021-08-24,139.1289825439453,JPM,JPMorgan Chase,traditional_bank
2021-08-25,141.99684143066406,JPM,JPMorgan Chase,traditional_bank
2021-08-26,142.72923278808594,JPM,JPMorgan Chase,traditional_bank
2021-08-27,143.8763427734375,JPM,JPMorgan Chase,traditional_bank
2021-08-30,141.5732421875,JPM,JPMorgan Chase,traditional_bank
2021-08-31,141.14089965820312,JPM,JPMorgan Chase,traditional_bank
2021-09-01,140.93795776367188,JPM,JPMorgan Chase,traditional_bank
2021-09-02,141.5909423828125,JPM,JPMorgan Chase,traditional_bank
2021-09-03,140.73501586914062,JPM,JPMorgan Chase,traditional_bank
2021-09-07,140.48789978027344,JPM,JPMorgan Chase,traditional_bank
2021-09-08,139.8613739013672,JPM,JPMorgan Chase,traditional_bank
2021-09-09,140.4702606201172,JPM,JPMorgan Chase,traditional_bank
2021-09-10,138.85549926757812,JPM,JPMorgan Chase,traditional_bank
2021-09-13,141.06149291992188,JPM,JPMorgan Chase,traditional_bank
2021-09-14,138.59957885742188,JPM,JPMorgan Chase,traditional_bank
2021-09-15,139.56138610839844,JPM,JPMorgan Chase,traditional_bank
2021-09-16,139.49960327148438,JPM,JPMorgan Chase,traditional_bank
2021-09-17,139.13780212402344,JPM,JPMorgan Chase,traditional_bank
2021-09-20,134.97286987304688,JPM,JPMorgan Chase,traditional_bank
2021-09-21,134.99057006835938,JPM,JPMorgan Chase,traditional_bank
2021-09-22,137.57598876953125,JPM,JPMorgan Chase,traditional_bank
2021-09-23,142.2262420654297,JPM,JPMorgan Chase,traditional_bank
2021-09-24,143.86752319335938,JPM,JPMorgan Chase,traditional_bank
2021-09-27,147.34422302246094,JPM,JPMorgan Chase,traditional_bank
2021-09-28,146.550048828125,JPM,JPMorgan Chase,traditional_bank
2021-09-29,146.43531799316406,JPM,JPMorgan Chase,traditional_bank
2021-09-30,144.4410858154297,JPM,JPMorgan Chase,traditional_bank
2021-10-01,147.47659301757812,JPM,JPMorgan Chase,traditional_bank
2021-10-04,147.31773376464844,JPM,JPMorgan Chase,traditional_bank
2021-10-05,149.72348022460938,JPM,JPMorgan Chase,traditional_bank
2021-10-06,150.0430450439453,JPM,JPMorgan Chase,traditional_bank
2021-10-07,150.99288940429688,JPM,JPMorgan Chase,traditional_bank
2021-10-08,151.10830688476562,JPM,JPMorgan Chase,traditional_bank
2021-10-11,147.93028259277344,JPM,JPMorgan Chase,traditional_bank
2021-10-12,146.7939910888672,JPM,JPMorgan Chase,traditional_bank
2021-10-13,142.92347717285156,JPM,JPMorgan Chase,traditional_bank
2021-10-14,145.11619567871094,JPM,JPMorgan Chase,traditional_bank
2021-10-15,147.90362548828125,JPM,JPMorgan Chase,traditional_bank
2021-10-18,147.8503875732422,JPM,JPMorgan Chase,traditional_bank
2021-10-19,149.6436004638672,JPM,JPMorgan Chase,traditional_bank
2021-10-20,151.65870666503906,JPM,JPMorgan Chase,traditional_bank
2021-10-21,150.46917724609375,JPM,JPMorgan Chase,traditional_bank
2021-10-22,152.49319458007812,JPM,JPMorgan Chase,traditional_bank
2021-10-25,151.74749755859375,JPM,JPMorgan Chase,traditional_bank
2021-10-26,152.15582275390625,JPM,JPMorgan Chase,traditional_bank
2021-10-27,148.98666381835938,JPM,JPMorgan Chase,traditional_bank
2021-10-28,151.2325897216797,JPM,JPMorgan Chase,traditional_bank
2021-10-29,150.8153839111328,JPM,JPMorgan Chase,traditional_bank
2021-11-01,150.7354736328125,JPM,JPMorgan Chase,traditional_bank
2021-11-02,151.33026123046875,JPM,JPMorgan Chase,traditional_bank
2021-11-03,151.38351440429688,JPM,JPMorgan Chase,traditional_bank
2021-11-04,149.39500427246094,JPM,JPMorgan Chase,traditional_bank
2021-11-05,149.18194580078125,JPM,JPMorgan Chase,traditional_bank
2021-11-08,150.0785369873047,JPM,JPMorgan Chase,traditional_bank
2021-11-09,148.9423065185547,JPM,JPMorgan Chase,traditional_bank
2021-11-10,148.8002471923828,JPM,JPMorgan Chase,traditional_bank
2021-11-11,148.7913818359375,JPM,JPMorgan Chase,traditional_bank
2021-11-12,148.1255645751953,JPM,JPMorgan Chase,traditional_bank
2021-11-15,147.8592529296875,JPM,JPMorgan Chase,traditional_bank
2021-11-16,146.7939910888672,JPM,JPMorgan Chase,traditional_bank
2021-11-17,146.00392150878906,JPM,JPMorgan Chase,traditional_bank
2021-11-18,144.74331665039062,JPM,JPMorgan Chase,traditional_bank
2021-11-19,142.8524932861328,JPM,JPMorgan Chase,traditional_bank
2021-11-22,145.89739990234375,JPM,JPMorgan Chase,traditional_bank
2021-11-23,149.3861541748047,JPM,JPMorgan Chase,traditional_bank
2021-11-24,148.21434020996094,JPM,JPMorgan Chase,traditional_bank
2021-11-26,143.7490997314453,JPM,JPMorgan Chase,traditional_bank
2021-11-29,143.127685546875,JPM,JPMorgan Chase,traditional_bank
2021-11-30,140.99716186523438,JPM,JPMorgan Chase,traditional_bank
2021-12-01,140.16270446777344,JPM,JPMorgan Chase,traditional_bank
2021-12-02,143.10992431640625,JPM,JPMorgan Chase,traditional_bank
2021-12-03,140.5177764892578,JPM,JPMorgan Chase,traditional_bank
2021-12-06,142.17779541015625,JPM,JPMorgan Chase,traditional_bank
2021-12-07,144.31723022460938,JPM,JPMorgan Chase,traditional_bank
2021-12-08,142.6660919189453,JPM,JPMorgan Chase,traditional_bank
2021-12-09,142.4441375732422,JPM,JPMorgan Chase,traditional_bank
2021-12-10,141.87599182128906,JPM,JPMorgan Chase,traditional_bank
2021-12-13,140.1893310546875,JPM,JPMorgan Chase,traditional_bank
2021-12-14,141.26344299316406,JPM,JPMorgan Chase,traditional_bank
2021-12-15,140.20709228515625,JPM,JPMorgan Chase,traditional_bank
2021-12-16,142.39976501464844,JPM,JPMorgan Chase,traditional_bank
2021-12-17,139.15956115722656,JPM,JPMorgan Chase,traditional_bank
2021-12-20,136.65618896484375,JPM,JPMorgan Chase,traditional_bank
2021-12-21,138.56475830078125,JPM,JPMorgan Chase,traditional_bank
2021-12-22,139.10629272460938,JPM,JPMorgan Chase,traditional_bank
2021-12-23,139.60342407226562,JPM,JPMorgan Chase,traditional_bank
2021-12-27,140.4023895263672,JPM,JPMorgan Chase,traditional_bank
2021-12-28,140.82847595214844,JPM,JPMorgan Chase,traditional_bank
2021-12-29,140.75746154785156,JPM,JPMorgan Chase,traditional_bank
2021-12-30,140.6864471435547,JPM,JPMorgan Chase,traditional_bank
2021-12-31,140.571044921875,JPM,JPMorgan Chase,traditional_bank
2022-01-03,143.54486083984375,JPM,JPMorgan Chase,traditional_bank
2022-01-04,148.98666381835938,JPM,JPMorgan Chase,traditional_bank
2022-01-05,146.26290893554688,JPM,JPMorgan Chase,traditional_bank
2022-01-06,147.81678771972656,JPM,JPMorgan Chase,traditional_bank
2022-01-07,149.28138732910156,JPM,JPMorgan Chase,traditional_bank
2022-01-10,149.42425537109375,JPM,JPMorgan Chase,traditional_bank
2022-01-11,149.5760955810547,JPM,JPMorgan Chase,traditional_bank
2022-01-12,150.4244384765625,JPM,JPMorgan Chase,traditional_bank
2022-01-13,150.2369384765625,JPM,JPMorgan Chase,traditional_bank
2022-01-14,141.00283813476562,JPM,JPMorgan Chase,traditional_bank
2022-01-18,135.09088134765625,JPM,JPMorgan Chase,traditional_bank
2022-01-19,133.00115966796875,JPM,JPMorgan Chase,traditional_bank
2022-01-20,131.86703491210938,JPM,JPMorgan Chase,traditional_bank
2022-01-21,129.5629425048828,JPM,JPMorgan Chase,traditional_bank
2022-01-24,129.4468536376953,JPM,JPMorgan Chase,traditional_bank
2022-01-25,130.8578338623047,JPM,JPMorgan Chase,traditional_bank
2022-01-26,132.0991973876953,JPM,JPMorgan Chase,traditional_bank
2022-01-27,129.76834106445312,JPM,JPMorgan Chase,traditional_bank
2022-01-28,130.9293212890625,JPM,JPMorgan Chase,traditional_bank
2022-01-31,132.70648193359375,JPM,JPMorgan Chase,traditional_bank
2022-02-01,134.9837188720703,JPM,JPMorgan Chase,traditional_bank
2022-02-02,133.90316772460938,JPM,JPMorgan Chase,traditional_bank
2022-02-03,132.7957305908203,JPM,JPMorgan Chase,traditional_bank
2022-02-04,136.24290466308594,JPM,JPMorgan Chase,traditional_bank
2022-02-07,136.6983642578125,JPM,JPMorgan Chase,traditional_bank
2022-02-08,139.27032470703125,JPM,JPMorgan Chase,traditional_bank
2022-02-09,139.85081481933594,JPM,JPMorgan Chase,traditional_bank
2022-02-10,139.27032470703125,JPM,JPMorgan Chase,traditional_bank
2022-02-11,137.4574432373047,JPM,JPMorgan Chase,traditional_bank
2022-02-14,136.18040466308594,JPM,JPMorgan Chase,traditional_bank
2022-02-15,138.17190551757812,JPM,JPMorgan Chase,traditional_bank
2022-02-16,138.42193603515625,JPM,JPMorgan Chase,traditional_bank
2022-02-17,135.23379516601562,JPM,JPMorgan Chase,traditional_bank
2022-02-18,135.8678436279297,JPM,JPMorgan Chase,traditional_bank
2022-02-22,135.626708984375,JPM,JPMorgan Chase,traditional_bank
2022-02-23,132.78683471679688,JPM,JPMorgan Chase,traditional_bank
2022-02-24,129.0896453857422,JPM,JPMorgan Chase,traditional_bank
2022-02-25,132.14382934570312,JPM,JPMorgan Chase,traditional_bank
2022-02-28,126.63373565673828,JPM,JPMorgan Chase,traditional_bank
2022-03-01,121.8559799194336,JPM,JPMorgan Chase,traditional_bank
2022-03-02,124.38327026367188,JPM,JPMorgan Chase,traditional_bank
2022-03-03,123.49918365478516,JPM,JPMorgan Chase,traditional_bank
2022-03-04,120.02523040771484,JPM,JPMorgan Chase,traditional_bank
2022-03-07,115.39032745361328,JPM,JPMorgan Chase,traditional_bank
2022-03-08,114.57765197753906,JPM,JPMorgan Chase,traditional_bank
2022-03-09,119.16788482666016,JPM,JPMorgan Chase,traditional_bank
2022-03-10,117.75689697265625,JPM,JPMorgan Chase,traditional_bank
2022-03-11,115.10454559326172,JPM,JPMorgan Chase,traditional_bank
2022-03-14,116.24765014648438,JPM,JPMorgan Chase,traditional_bank
2022-03-15,118.3105697631836,JPM,JPMorgan Chase,traditional_bank
2022-03-16,123.59737396240234,JPM,JPMorgan Chase,traditional_bank
2022-03-17,125.16023254394531,JPM,JPMorgan Chase,traditional_bank
2022-03-18,125.11556243896484,JPM,JPMorgan Chase,traditional_bank
2022-03-21,124.71367645263672,JPM,JPMorgan Chase,traditional_bank
2022-03-22,127.36600494384766,JPM,JPMorgan Chase,traditional_bank
2022-03-23,124.82982635498047,JPM,JPMorgan Chase,traditional_bank
2022-03-24,125.64250183105469,JPM,JPMorgan Chase,traditional_bank
2022-03-25,126.74088287353516,JPM,JPMorgan Chase,traditional_bank
2022-03-28,125.80321502685547,JPM,JPMorgan Chase,traditional_bank
2022-03-29,126.08004760742188,JPM,JPMorgan Chase,traditional_bank
2022-03-30,125.50852966308594,JPM,JPMorgan Chase,traditional_bank
2022-03-31,121.73987579345703,JPM,JPMorgan Chase,traditional_bank
2022-04-01,120.83790588378906,JPM,JPMorgan Chase,traditional_bank
2022-04-04,121.37372589111328,JPM,JPMorgan Chase,traditional_bank
2022-04-05,119.96122741699219,JPM,JPMorgan Chase,traditional_bank
2022-04-06,118.29689025878906,JPM,JPMorgan Chase,traditional_bank
2022-04-07,117.93700408935547,JPM,JPMorgan Chase,traditional_bank
2022-04-08,120.0962142944336,JPM,JPMorgan Chase,traditional_bank
2022-04-11,119.6553726196289,JPM,JPMorgan Chase,traditional_bank
2022-04-12,118.34184265136719,JPM,JPMorgan Chase,traditional_bank
2022-04-13,114.52728271484375,JPM,JPMorgan Chase,traditional_bank
2022-04-14,113.46569061279297,JPM,JPMorgan Chase,traditional_bank
2022-04-18,115.57089233398438,JPM,JPMorgan Chase,traditional_bank
2022-04-19,117.96399688720703,JPM,JPMorgan Chase,traditional_bank
2022-04-20,118.3778305053711,JPM,JPMorgan Chase,traditional_bank
2022-04-21,117.46019744873047,JPM,JPMorgan Chase,traditional_bank
2022-04-22,114.0864486694336,JPM,JPMorgan Chase,traditional_bank
2022-04-25,114.05046081542969,JPM,JPMorgan Chase,traditional_bank
2022-04-26,110.67670440673828,JPM,JPMorgan Chase,traditional_bank
2022-04-27,109.23725891113281,JPM,JPMorgan Chase,traditional_bank
2022-04-28,110.964599609375,JPM,JPMorgan Chase,traditional_bank
2022-04-29,107.38394165039062,JPM,JPMorgan Chase,traditional_bank
2022-05-02,108.36457061767578,JPM,JPMorgan Chase,traditional_bank
2022-05-03,110.68571472167969,JPM,JPMorgan Chase,traditional_bank
2022-05-04,114.34734344482422,JPM,JPMorgan Chase,traditional_bank
2022-05-05,111.48641204833984,JPM,JPMorgan Chase,traditional_bank
2022-05-06,111.30647277832031,JPM,JPMorgan Chase,traditional_bank
2022-05-09,109.63310241699219,JPM,JPMorgan Chase,traditional_bank
2022-05-10,106.96111297607422,JPM,JPMorgan Chase,traditional_bank
2022-05-11,106.28634643554688,JPM,JPMorgan Chase,traditional_bank
2022-05-12,106.1963882446289,JPM,JPMorgan Chase,traditional_bank
2022-05-13,107.14102935791016,JPM,JPMorgan Chase,traditional_bank
2022-05-16,106.3943099975586,JPM,JPMorgan Chase,traditional_bank
2022-05-17,109.9209976196289,JPM,JPMorgan Chase,traditional_bank
2022-05-18,108.04071044921875,JPM,JPMorgan Chase,traditional_bank
2022-05-19,106.43929290771484,JPM,JPMorgan Chase,traditional_bank
2022-05-20,105.56661224365234,JPM,JPMorgan Chase,traditional_bank
2022-05-23,112.09818267822266,JPM,JPMorgan Chase,traditional_bank
2022-05-24,113.68158721923828,JPM,JPMorgan Chase,traditional_bank
2022-05-25,114.4732894897461,JPM,JPMorgan Chase,traditional_bank
2022-05-26,116.45256805419922,JPM,JPMorgan Chase,traditional_bank
2022-05-27,118.09896087646484,JPM,JPMorgan Chase,traditional_bank
2022-05-31,118.9626235961914,JPM,JPMorgan Chase,traditional_bank
2022-06-01,116.87541198730469,JPM,JPMorgan Chase,traditional_bank
2022-06-02,118.7557144165039,JPM,JPMorgan Chase,traditional_bank
2022-06-03,117.1003189086914,JPM,JPMorgan Chase,traditional_bank
2022-06-06,116.71345520019531,JPM,JPMorgan Chase,traditional_bank
2022-06-07,117.01936340332031,JPM,JPMorgan Chase,traditional_bank
2022-06-08,115.15705108642578,JPM,JPMorgan Chase,traditional_bank
2022-06-09,112.73693084716797,JPM,JPMorgan Chase,traditional_bank
2022-06-10,107.55488586425781,JPM,JPMorgan Chase,traditional_bank
2022-06-13,104.3520736694336,JPM,JPMorgan Chase,traditional_bank
2022-06-14,102.61573791503906,JPM,JPMorgan Chase,traditional_bank
2022-06-15,103.83027648925781,JPM,JPMorgan Chase,traditional_bank
2022-06-16,102.04893493652344,JPM,JPMorgan Chase,traditional_bank
2022-06-17,101.68907165527344,JPM,JPMorgan Chase,traditional_bank
2022-06-21,104.20812225341797,JPM,JPMorgan Chase,traditional_bank
2022-06-22,103.62335205078125,JPM,JPMorgan Chase,traditional_bank
2022-06-23,102.48976135253906,JPM,JPMorgan Chase,traditional_bank
2022-06-24,105.54862976074219,JPM,JPMorgan Chase,traditional_bank
2022-06-27,104.70293426513672,JPM,JPMorgan Chase,traditional_bank
2022-06-28,104.19913482666016,JPM,JPMorgan Chase,traditional_bank
2022-06-29,103.73130798339844,JPM,JPMorgan Chase,traditional_bank
2022-06-30,101.31119537353516,JPM,JPMorgan Chase,traditional_bank
2022-07-01,102.60673522949219,JPM,JPMorgan Chase,traditional_bank
2022-07-05,102.2164535522461,JPM,JPMorgan Chase,traditional_bank
2022-07-06,101.55388641357422,JPM,JPMorgan Chase,traditional_bank
2022-07-07,104.1224594116211,JPM,JPMorgan Chase,traditional_bank
2022-07-08,103.79571533203125,JPM,JPMorgan Chase,traditional_bank
2022-07-11,102.43426513671875,JPM,JPMorgan Chase,traditional_bank
2022-07-12,102.53411865234375,JPM,JPMorgan Chase,traditional_bank
2022-07-13,101.57203674316406,JPM,JPMorgan Chase,traditional_bank
2022-07-14,98.02323150634766,JPM,JPMorgan Chase,traditional_bank
2022-07-15,102.51595306396484,JPM,JPMorgan Chase,traditional_bank
2022-07-18,101.46312713623047,JPM,JPMorgan Chase,traditional_bank
2022-07-19,103.97721862792969,JPM,JPMorgan Chase,traditional_bank
2022-07-20,103.95909118652344,JPM,JPMorgan Chase,traditional_bank
2022-07-21,104.66702270507812,JPM,JPMorgan Chase,traditional_bank
2022-07-22,104.15875244140625,JPM,JPMorgan Chase,traditional_bank
2022-07-25,104.5762710571289,JPM,JPMorgan Chase,traditional_bank
2022-07-26,102.94252014160156,JPM,JPMorgan Chase,traditional_bank
2022-07-27,104.59440612792969,JPM,JPMorgan Chase,traditional_bank
2022-07-28,104.20413970947266,JPM,JPMorgan Chase,traditional_bank
2022-07-29,104.70333862304688,JPM,JPMorgan Chase,traditional_bank
2022-08-01,103.6595687866211,JPM,JPMorgan Chase,traditional_bank
2022-08-02,102.04400634765625,JPM,JPMorgan Chase,traditional_bank
2022-08-03,103.114990234375,JPM,JPMorgan Chase,traditional_bank
2022-08-04,101.98046112060547,JPM,JPMorgan Chase,traditional_bank
2022-08-05,105.06639862060547,JPM,JPMorgan Chase,traditional_bank
2022-08-08,103.78662872314453,JPM,JPMorgan Chase,traditional_bank
2022-08-09,104.72148895263672,JPM,JPMorgan Chase,traditional_bank
2022-08-10,107.45342254638672,JPM,JPMorgan Chase,traditional_bank
2022-08-11,109.04176330566406,JPM,JPMorgan Chase,traditional_bank
2022-08-12,110.84793853759766,JPM,JPMorgan Chase,traditional_bank
2022-08-15,111.14744567871094,JPM,JPMorgan Chase,traditional_bank
2022-08-16,112.20935821533203,JPM,JPMorgan Chase,traditional_bank
2022-08-17,111.26543426513672,JPM,JPMorgan Chase,traditional_bank
2022-08-18,110.40319061279297,JPM,JPMorgan Chase,traditional_bank
2022-08-19,107.6712417602539,JPM,JPMorgan Chase,traditional_bank
2022-08-22,105.89232635498047,JPM,JPMorgan Chase,traditional_bank
2022-08-23,104.84854888916016,JPM,JPMorgan Chase,traditional_bank
2022-08-24,105.10269165039062,JPM,JPMorgan Chase,traditional_bank
2022-08-25,107.59866333007812,JPM,JPMorgan Chase,traditional_bank
2022-08-26,104.07706451416016,JPM,JPMorgan Chase,traditional_bank
2022-08-29,103.82293701171875,JPM,JPMorgan Chase,traditional_bank
2022-08-30,103.84111785888672,JPM,JPMorgan Chase,traditional_bank
2022-08-31,103.22391510009766,JPM,JPMorgan Chase,traditional_bank
2022-09-01,103.9318618774414,JPM,JPMorgan Chase,traditional_bank
2022-09-02,103.20575714111328,JPM,JPMorgan Chase,traditional_bank
2022-09-06,103.23297882080078,JPM,JPMorgan Chase,traditional_bank
2022-09-07,105.19345092773438,JPM,JPMorgan Chase,traditional_bank
2022-09-08,107.64403533935547,JPM,JPMorgan Chase,traditional_bank
2022-09-09,108.16136932373047,JPM,JPMorgan Chase,traditional_bank
2022-09-12,109.44112396240234,JPM,JPMorgan Chase,traditional_bank
2022-09-13,105.63818359375,JPM,JPMorgan Chase,traditional_bank
2022-09-14,105.39312744140625,JPM,JPMorgan Chase,traditional_bank
2022-09-15,106.98147583007812,JPM,JPMorgan Chase,traditional_bank
2022-09-16,106.26445007324219,JPM,JPMorgan Chase,traditional_bank
2022-09-19,107.24467468261719,JPM,JPMorgan Chase,traditional_bank
2022-09-20,105.12989807128906,JPM,JPMorgan Chase,traditional_bank
2022-09-21,102.09845733642578,JPM,JPMorgan Chase,traditional_bank
2022-09-22,100.93669128417969,JPM,JPMorgan Chase,traditional_bank
2022-09-23,99.05792236328125,JPM,JPMorgan Chase,traditional_bank
2022-09-26,96.92501068115234,JPM,JPMorgan Chase,traditional_bank
2022-09-27,96.07183837890625,JPM,JPMorgan Chase,traditional_bank
2022-09-28,98.01415252685547,JPM,JPMorgan Chase,traditional_bank
2022-09-29,96.35321807861328,JPM,JPMorgan Chase,traditional_bank
2022-09-30,94.84656524658203,JPM,JPMorgan Chase,traditional_bank
2022-10-03,97.77816772460938,JPM,JPMorgan Chase,traditional_bank
2022-10-04,102.35257720947266,JPM,JPMorgan Chase,traditional_bank
2022-10-05,101.0888671875,JPM,JPMorgan Chase,traditional_bank
2022-10-06,99.0284423828125,JPM,JPMorgan Chase,traditional_bank
2022-10-07,97.0504379272461,JPM,JPMorgan Chase,traditional_bank
2022-10-10,96.14385223388672,JPM,JPMorgan Chase,traditional_bank
2022-10-11,93.36915588378906,JPM,JPMorgan Chase,traditional_bank
2022-10-12,94.880126953125,JPM,JPMorgan Chase,traditional_bank
2022-10-13,100.15483093261719,JPM,JPMorgan Chase,traditional_bank
2022-10-14,101.82147216796875,JPM,JPMorgan Chase,traditional_bank
2022-10-17,106.09797668457031,JPM,JPMorgan Chase,traditional_bank
2022-10-18,108.82689666748047,JPM,JPMorgan Chase,traditional_bank
2022-10-19,106.69320678710938,JPM,JPMorgan Chase,traditional_bank
2022-10-20,106.34522247314453,JPM,JPMorgan Chase,traditional_bank
2022-10-21,111.93126678466797,JPM,JPMorgan Chase,traditional_bank
2022-10-24,112.06864166259766,JPM,JPMorgan Chase,traditional_bank
2022-10-25,112.36165618896484,JPM,JPMorgan Chase,traditional_bank
2022-10-26,113.65287017822266,JPM,JPMorgan Chase,traditional_bank
2022-10-27,114.10157012939453,JPM,JPMorgan Chase,traditional_bank
2022-10-28,115.45687103271484,JPM,JPMorgan Chase,traditional_bank
2022-10-31,115.27372741699219,JPM,JPMorgan Chase,traditional_bank
2022-11-01,117.35245513916016,JPM,JPMorgan Chase,traditional_bank
2022-11-02,116.27188873291016,JPM,JPMorgan Chase,traditional_bank
2022-11-03,116.48250579833984,JPM,JPMorgan Chase,traditional_bank
2022-11-04,119.66927337646484,JPM,JPMorgan Chase,traditional_bank
2022-11-07,120.30115509033203,JPM,JPMorgan Chase,traditional_bank
2022-11-08,120.37442016601562,JPM,JPMorgan Chase,traditional_bank
2022-11-09,118.80850982666016,JPM,JPMorgan Chase,traditional_bank
2022-11-10,123.69855499267578,JPM,JPMorgan Chase,traditional_bank
2022-11-11,123.90000915527344,JPM,JPMorgan Chase,traditional_bank
2022-11-14,122.62714385986328,JPM,JPMorgan Chase,traditional_bank
2022-11-15,121.73887634277344,JPM,JPMorgan Chase,traditional_bank
2022-11-16,121.90370178222656,JPM,JPMorgan Chase,traditional_bank
2022-11-17,121.37257385253906,JPM,JPMorgan Chase,traditional_bank
2022-11-18,122.56302642822266,JPM,JPMorgan Chase,traditional_bank
2022-11-21,121.83961486816406,JPM,JPMorgan Chase,traditional_bank
2022-11-22,123.66189575195312,JPM,JPMorgan Chase,traditional_bank
2022-11-23,124.9805908203125,JPM,JPMorgan Chase,traditional_bank
2022-11-25,125.21869659423828,JPM,JPMorgan Chase,traditional_bank
2022-11-28,123.03005981445312,JPM,JPMorgan Chase,traditional_bank
2022-11-29,125.05384826660156,JPM,JPMorgan Chase,traditional_bank
2022-11-30,126.5373764038086,JPM,JPMorgan Chase,traditional_bank
2022-12-01,124.76080322265625,JPM,JPMorgan Chase,traditional_bank
2022-12-02,123.7718505859375,JPM,JPMorgan Chase,traditional_bank
2022-12-05,120.30115509033203,JPM,JPMorgan Chase,traditional_bank
2022-12-06,120.50262451171875,JPM,JPMorgan Chase,traditional_bank
2022-12-07,120.42019653320312,JPM,JPMorgan Chase,traditional_bank
2022-12-08,121.68394470214844,JPM,JPMorgan Chase,traditional_bank
2022-12-09,121.02459716796875,JPM,JPMorgan Chase,traditional_bank
2022-12-12,122.90186309814453,JPM,JPMorgan Chase,traditional_bank
2022-12-13,122.78282165527344,JPM,JPMorgan Chase,traditional_bank
2022-12-14,122.16926574707031,JPM,JPMorgan Chase,traditional_bank
2022-12-15,119.1381607055664,JPM,JPMorgan Chase,traditional_bank
2022-12-16,118.39639282226562,JPM,JPMorgan Chase,traditional_bank
2022-12-19,119.10152435302734,JPM,JPMorgan Chase,traditional_bank
2022-12-20,119.6784439086914,JPM,JPMorgan Chase,traditional_bank
2022-12-21,121.02459716796875,JPM,JPMorgan Chase,traditional_bank
2022-12-22,119.65097045898438,JPM,JPMorgan Chase,traditional_bank
2022-12-23,120.21873474121094,JPM,JPMorgan Chase,traditional_bank
2022-12-27,120.63998413085938,JPM,JPMorgan Chase,traditional_bank
2022-12-28,121.29931640625,JPM,JPMorgan Chase,traditional_bank
2022-12-29,121.99529266357422,JPM,JPMorgan Chase,traditional_bank
2022-12-30,122.8011245727539,JPM,JPMorgan Chase,traditional_bank
2023-01-03,123.73519897460938,JPM,JPMorgan Chase,traditional_bank
2023-01-04,124.88904571533203,JPM,JPMorgan Chase,traditional_bank
2023-01-05,124.86135864257812,JPM,JPMorgan Chase,traditional_bank
2023-01-06,127.25066375732422,JPM,JPMorgan Chase,traditional_bank
2023-01-09,126.72480010986328,JPM,JPMorgan Chase,traditional_bank
2023-01-10,127.85952758789062,JPM,JPMorgan Chase,traditional_bank
2023-01-11,128.80967712402344,JPM,JPMorgan Chase,traditional_bank
2023-01-12,128.6805419921875,JPM,JPMorgan Chase,traditional_bank
2023-01-13,131.92774963378906,JPM,JPMorgan Chase,traditional_bank
2023-01-17,129.88902282714844,JPM,JPMorgan Chase,traditional_bank
2023-01-18,125.98680877685547,JPM,JPMorgan Chase,traditional_bank
2023-01-19,124.30785369873047,JPM,JPMorgan Chase,traditional_bank
2023-01-20,124.61225891113281,JPM,JPMorgan Chase,traditional_bank
2023-01-23,126.63257598876953,JPM,JPMorgan Chase,traditional_bank
2023-01-24,127.72113037109375,JPM,JPMorgan Chase,traditional_bank
2023-01-25,128.33921813964844,JPM,JPMorgan Chase,traditional_bank
2023-01-26,129.13253784179688,JPM,JPMorgan Chase,traditional_bank
2023-01-27,129.4462432861328,JPM,JPMorgan Chase,traditional_bank
2023-01-30,128.3484649658203,JPM,JPMorgan Chase,traditional_bank
2023-01-31,129.11410522460938,JPM,JPMorgan Chase,traditional_bank
2023-02-01,128.77276611328125,JPM,JPMorgan Chase,traditional_bank
2023-02-02,128.1731414794922,JPM,JPMorgan Chase,traditional_bank
2023-02-03,130.1565399169922,JPM,JPMorgan Chase,traditional_bank
2023-02-06,130.92221069335938,JPM,JPMorgan Chase,traditional_bank
2023-02-07,132.51815795898438,JPM,JPMorgan Chase,traditional_bank
2023-02-08,131.58645629882812,JPM,JPMorgan Chase,traditional_bank
2023-02-09,129.53846740722656,JPM,JPMorgan Chase,traditional_bank
2023-02-10,130.1104278564453,JPM,JPMorgan Chase,traditional_bank
2023-02-13,131.52183532714844,JPM,JPMorgan Chase,traditional_bank
2023-02-14,132.10302734375,JPM,JPMorgan Chase,traditional_bank
2023-02-15,132.65652465820312,JPM,JPMorgan Chase,traditional_bank
2023-02-16,130.82997131347656,JPM,JPMorgan Chase,traditional_bank
2023-02-17,131.21742248535156,JPM,JPMorgan Chase,traditional_bank
2023-02-21,128.80967712402344,JPM,JPMorgan Chase,traditional_bank
2023-02-22,127.82261657714844,JPM,JPMorgan Chase,traditional_bank
2023-02-23,128.84658813476562,JPM,JPMorgan Chase,traditional_bank
2023-02-24,130.0089569091797,JPM,JPMorgan Chase,traditional_bank
2023-02-27,131.1436309814453,JPM,JPMorgan Chase,traditional_bank
2023-02-28,132.2414093017578,JPM,JPMorgan Chase,traditional_bank
2023-03-01,131.50340270996094,JPM,JPMorgan Chase,traditional_bank
2023-03-02,130.1381072998047,JPM,JPMorgan Chase,traditional_bank
2023-03-03,132.5273895263672,JPM,JPMorgan Chase,traditional_bank
2023-03-06,131.75247192382812,JPM,JPMorgan Chase,traditional_bank
2023-03-07,127.87794494628906,JPM,JPMorgan Chase,traditional_bank
2023-03-08,127.12150573730469,JPM,JPMorgan Chase,traditional_bank
2023-03-09,120.23959350585938,JPM,JPMorgan Chase,traditional_bank
2023-03-10,123.29308319091797,JPM,JPMorgan Chase,traditional_bank
2023-03-13,121.07908630371094,JPM,JPMorgan Chase,traditional_bank
2023-03-14,124.18791198730469,JPM,JPMorgan Chase,traditional_bank
2023-03-15,118.32077026367188,JPM,JPMorgan Chase,traditional_bank
2023-03-16,120.61781311035156,JPM,JPMorgan Chase,traditional_bank
2023-03-17,116.06063079833984,JPM,JPMorgan Chase,traditional_bank
2023-03-20,117.28755187988281,JPM,JPMorgan Chase,traditional_bank
2023-03-21,120.4333267211914,JPM,JPMorgan Chase,traditional_bank
2023-03-22,117.324462890625,JPM,JPMorgan Chase,traditional_bank
2023-03-23,117.01081085205078,JPM,JPMorgan Chase,traditional_bank
2023-03-24,115.23038482666016,JPM,JPMorgan Chase,traditional_bank
2023-03-27,118.53295135498047,JPM,JPMorgan Chase,traditional_bank
2023-03-28,118.89274597167969,JPM,JPMorgan Chase,traditional_bank
2023-03-29,119.13258361816406,JPM,JPMorgan Chase,traditional_bank
2023-03-30,118.77278137207031,JPM,JPMorgan Chase,traditional_bank
2023-03-31,120.2119140625,JPM,JPMorgan Chase,traditional_bank
2023-04-03,120.07352447509766,JPM,JPMorgan Chase,traditional_bank
2023-04-04,118.46837615966797,JPM,JPMorgan Chase,traditional_bank
2023-04-05,118.64501953125,JPM,JPMorgan Chase,traditional_bank
2023-04-06,118.5148696899414,JPM,JPMorgan Chase,traditional_bank
2023-04-10,118.90534973144531,JPM,JPMorgan Chase,traditional_bank
2023-04-11,119.4911117553711,JPM,JPMorgan Chase,traditional_bank
2023-04-12,119.47250366210938,JPM,JPMorgan Chase,traditional_bank
2023-04-13,119.92808532714844,JPM,JPMorgan Chase,traditional_bank
2023-04-14,128.98379516601562,JPM,JPMorgan Chase,traditional_bank
2023-04-17,130.00656127929688,JPM,JPMorgan Chase,traditional_bank
2023-04-18,131.46624755859375,JPM,JPMorgan Chase,traditional_bank
2023-04-19,131.2988739013672,JPM,JPMorgan Chase,traditional_bank
2023-04-20,130.91766357421875,JPM,JPMorgan Chase,traditional_bank
2023-04-21,130.6666717529297,JPM,JPMorgan Chase,traditional_bank
2023-04-24,130.84329223632812,JPM,JPMorgan Chase,traditional_bank
2023-04-25,127.99827575683594,JPM,JPMorgan Chase,traditional_bank
2023-04-26,125.72969818115234,JPM,JPMorgan Chase,traditional_bank
2023-04-27,127.42183685302734,JPM,JPMorgan Chase,traditional_bank
2023-04-28,128.5282440185547,JPM,JPMorgan Chase,traditional_bank
2023-05-01,131.28028869628906,JPM,JPMorgan Chase,traditional_bank
2023-05-02,129.16046142578125,JPM,JPMorgan Chase,traditional_bank
2023-05-03,126.427001953125,JPM,JPMorgan Chase,traditional_bank
2023-05-04,124.69767761230469,JPM,JPMorgan Chase,traditional_bank
2023-05-05,127.13362121582031,JPM,JPMorgan Chase,traditional_bank
2023-05-08,127.44043731689453,JPM,JPMorgan Chase,traditional_bank
2023-05-09,126.82677459716797,JPM,JPMorgan Chase,traditional_bank
2023-05-10,126.8918685913086,JPM,JPMorgan Chase,traditional_bank
2023-05-11,126.49209594726562,JPM,JPMorgan Chase,traditional_bank
2023-05-12,124.6790771484375,JPM,JPMorgan Chase,traditional_bank
2023-05-15,125.72969818115234,JPM,JPMorgan Chase,traditional_bank
2023-05-16,124.8836441040039,JPM,JPMorgan Chase,traditional_bank
2023-05-17,128.72349548339844,JPM,JPMorgan Chase,traditional_bank
2023-05-18,129.69972229003906,JPM,JPMorgan Chase,traditional_bank
2023-05-19,129.40216064453125,JPM,JPMorgan Chase,traditional_bank
2023-05-22,128.33299255371094,JPM,JPMorgan Chase,traditional_bank
2023-05-23,126.99417114257812,JPM,JPMorgan Chase,traditional_bank
2023-05-24,125.83197784423828,JPM,JPMorgan Chase,traditional_bank
2023-05-25,126.13876342773438,JPM,JPMorgan Chase,traditional_bank
2023-05-26,127.319580078125,JPM,JPMorgan Chase,traditional_bank
2023-05-30,127.80304718017578,JPM,JPMorgan Chase,traditional_bank
2023-05-31,126.17597961425781,JPM,JPMorgan Chase,traditional_bank
2023-06-01,127.91461944580078,JPM,JPMorgan Chase,traditional_bank
2023-06-02,130.6015625,JPM,JPMorgan Chase,traditional_bank
2023-06-05,129.31851196289062,JPM,JPMorgan Chase,traditional_bank
2023-06-06,129.5509490966797,JPM,JPMorgan Chase,traditional_bank
2023-06-07,130.80612182617188,JPM,JPMorgan Chase,traditional_bank
2023-06-08,130.84329223632812,JPM,JPMorgan Chase,traditional_bank
2023-06-09,131.10360717773438,JPM,JPMorgan Chase,traditional_bank
2023-06-12,131.09434509277344,JPM,JPMorgan Chase,traditional_bank
2023-06-13,132.0426788330078,JPM,JPMorgan Chase,traditional_bank
2023-06-14,131.54989624023438,JPM,JPMorgan Chase,traditional_bank
2023-06-15,133.03749084472656,JPM,JPMorgan Chase,traditional_bank
2023-06-16,133.19557189941406,JPM,JPMorgan Chase,traditional_bank
2023-06-20,132.516845703125,JPM,JPMorgan Chase,traditional_bank
2023-06-21,132.3216094970703,JPM,JPMorgan Chase,traditional_bank
2023-06-22,129.7740936279297,JPM,JPMorgan Chase,traditional_bank
2023-06-23,129.0953826904297,JPM,JPMorgan Chase,traditional_bank
2023-06-26,129.41146850585938,JPM,JPMorgan Chase,traditional_bank
2023-06-27,129.42079162597656,JPM,JPMorgan Chase,traditional_bank
2023-06-28,128.85362243652344,JPM,JPMorgan Chase,traditional_bank
2023-06-29,133.35360717773438,JPM,JPMorgan Chase,traditional_bank
2023-06-30,135.22244262695312,JPM,JPMorgan Chase,traditional_bank
2023-07-03,136.31019592285156,JPM,JPMorgan Chase,traditional_bank
2023-07-05,135.40219116210938,JPM,JPMorgan Chase,traditional_bank
2023-07-06,134.06350708007812,JPM,JPMorgan Chase,traditional_bank
2023-07-07,135.12130737304688,JPM,JPMorgan Chase,traditional_bank
2023-07-10,135.87960815429688,JPM,JPMorgan Chase,traditional_bank
2023-07-11,138.00462341308594,JPM,JPMorgan Chase,traditional_bank
2023-07-12,138.68797302246094,JPM,JPMorgan Chase,traditional_bank
2023-07-13,139.36199951171875,JPM,JPMorgan Chase,traditional_bank
2023-07-14,140.20452880859375,JPM,JPMorgan Chase,traditional_bank
2023-07-17,143.58396911621094,JPM,JPMorgan Chase,traditional_bank
2023-07-18,143.8460693359375,JPM,JPMorgan Chase,traditional_bank
2023-07-19,144.39842224121094,JPM,JPMorgan Chase,traditional_bank
2023-07-20,146.1770477294922,JPM,JPMorgan Chase,traditional_bank
2023-07-21,145.05369567871094,JPM,JPMorgan Chase,traditional_bank
2023-07-24,147.9088897705078,JPM,JPMorgan Chase,traditional_bank
2023-07-25,146.80429077148438,JPM,JPMorgan Chase,traditional_bank
2023-07-26,147.68421936035156,JPM,JPMorgan Chase,traditional_bank
2023-07-27,146.0553436279297,JPM,JPMorgan Chase,traditional_bank
2023-07-28,146.88848876953125,JPM,JPMorgan Chase,traditional_bank
2023-07-31,147.87144470214844,JPM,JPMorgan Chase,traditional_bank
2023-08-01,147.14126586914062,JPM,JPMorgan Chase,traditional_bank
2023-08-02,145.47494506835938,JPM,JPMorgan Chase,traditional_bank
2023-08-03,146.36427307128906,JPM,JPMorgan Chase,traditional_bank
2023-08-04,146.0553436279297,JPM,JPMorgan Chase,traditional_bank
2023-08-07,146.7480926513672,JPM,JPMorgan Chase,traditional_bank
2023-08-08,145.92430114746094,JPM,JPMorgan Chase,traditional_bank
2023-08-09,143.96778869628906,JPM,JPMorgan Chase,traditional_bank
2023-08-10,143.7524871826172,JPM,JPMorgan Chase,traditional_bank
2023-08-11,144.5856170654297,JPM,JPMorgan Chase,traditional_bank
2023-08-14,144.88519287109375,JPM,JPMorgan Chase,traditional_bank
2023-08-15,141.1968231201172,JPM,JPMorgan Chase,traditional_bank
2023-08-16,140.5977020263672,JPM,JPMorgan Chase,traditional_bank
2023-08-17,139.13731384277344,JPM,JPMorgan Chase,traditional_bank
2023-08-18,139.4556121826172,JPM,JPMorgan Chase,traditional_bank
2023-08-21,139.9330596923828,JPM,JPMorgan Chase,traditional_bank
2023-08-22,137.0310516357422,JPM,JPMorgan Chase,traditional_bank
2023-08-23,137.95779418945312,JPM,JPMorgan Chase,traditional_bank
2023-08-24,137.82676696777344,JPM,JPMorgan Chase,traditional_bank
2023-08-25,137.6582794189453,JPM,JPMorgan Chase,traditional_bank
2023-08-28,138.13571166992188,JPM,JPMorgan Chase,traditional_bank
2023-08-29,139.25904846191406,JPM,JPMorgan Chase,traditional_bank
2023-08-30,138.6973419189453,JPM,JPMorgan Chase,traditional_bank
2023-08-31,136.98423767089844,JPM,JPMorgan Chase,traditional_bank
2023-09-01,137.4429473876953,JPM,JPMorgan Chase,traditional_bank
2023-09-05,135.92640686035156,JPM,JPMorgan Chase,traditional_bank
2023-09-06,135.7017364501953,JPM,JPMorgan Chase,traditional_bank
2023-09-07,134.54095458984375,JPM,JPMorgan Chase,traditional_bank
2023-09-08,134.6439208984375,JPM,JPMorgan Chase,traditional_bank
2023-09-11,135.23365783691406,JPM,JPMorgan Chase,traditional_bank
2023-09-12,136.99359130859375,JPM,JPMorgan Chase,traditional_bank
2023-09-13,137.0591278076172,JPM,JPMorgan Chase,traditional_bank
2023-09-14,139.71774291992188,JPM,JPMorgan Chase,traditional_bank
2023-09-15,139.3058319091797,JPM,JPMorgan Chase,traditional_bank
2023-09-18,139.59603881835938,JPM,JPMorgan Chase,traditional_bank
2023-09-19,139.4181671142578,JPM,JPMorgan Chase,traditional_bank
2023-09-20,138.8284149169922,JPM,JPMorgan Chase,traditional_bank
2023-09-21,137.74252319335938,JPM,JPMorgan Chase,traditional_bank
2023-09-22,136.42254638671875,JPM,JPMorgan Chase,traditional_bank
2023-09-25,137.09657287597656,JPM,JPMorgan Chase,traditional_bank
2023-09-26,135.67364501953125,JPM,JPMorgan Chase,traditional_bank
2023-09-27,136.4693603515625,JPM,JPMorgan Chase,traditional_bank
2023-09-28,138.1637420654297,JPM,JPMorgan Chase,traditional_bank
2023-09-29,135.75790405273438,JPM,JPMorgan Chase,traditional_bank
2023-10-02,134.5877227783203,JPM,JPMorgan Chase,traditional_bank
2023-10-03,133.5954132080078,JPM,JPMorgan Chase,traditional_bank
2023-10-04,134.19456481933594,JPM,JPMorgan Chase,traditional_bank
2023-10-05,134.7603759765625,JPM,JPMorgan Chase,traditional_bank
2023-10-06,136.83506774902344,JPM,JPMorgan Chase,traditional_bank
2023-10-09,136.52386474609375,JPM,JPMorgan Chase,traditional_bank
2023-10-10,137.35372924804688,JPM,JPMorgan Chase,traditional_bank
2023-10-11,137.82528686523438,JPM,JPMorgan Chase,traditional_bank
2023-10-12,137.504638671875,JPM,JPMorgan Chase,traditional_bank
2023-10-13,139.5698699951172,JPM,JPMorgan Chase,traditional_bank
2023-10-16,139.42845153808594,JPM,JPMorgan Chase,traditional_bank
2023-10-17,139.12664794921875,JPM,JPMorgan Chase,traditional_bank
2023-10-18,137.59893798828125,JPM,JPMorgan Chase,traditional_bank
2023-10-19,137.01425170898438,JPM,JPMorgan Chase,traditional_bank
2023-10-20,134.8075408935547,JPM,JPMorgan Chase,traditional_bank
2023-10-23,132.96859741210938,JPM,JPMorgan Chase,traditional_bank
2023-10-24,133.12890625,JPM,JPMorgan Chase,traditional_bank
2023-10-25,132.40280151367188,JPM,JPMorgan Chase,traditional_bank
2023-10-26,132.74227905273438,JPM,JPMorgan Chase,traditional_bank
2023-10-27,127.96105194091797,JPM,JPMorgan Chase,traditional_bank
2023-10-30,129.59251403808594,JPM,JPMorgan Chase,traditional_bank
2023-10-31,131.1391143798828,JPM,JPMorgan Chase,traditional_bank
2023-11-01,131.02598571777344,JPM,JPMorgan Chase,traditional_bank
2023-11-02,133.36468505859375,JPM,JPMorgan Chase,traditional_bank
2023-11-03,134.85467529296875,JPM,JPMorgan Chase,traditional_bank
2023-11-06,135.87318420410156,JPM,JPMorgan Chase,traditional_bank
2023-11-07,135.80712890625,JPM,JPMorgan Chase,traditional_bank
2023-11-08,136.47671508789062,JPM,JPMorgan Chase,traditional_bank
2023-11-09,136.0712127685547,JPM,JPMorgan Chase,traditional_bank
2023-11-10,138.08929443359375,JPM,JPMorgan Chase,traditional_bank
2023-11-13,137.47633361816406,JPM,JPMorgan Chase,traditional_bank
2023-11-14,139.98484802246094,JPM,JPMorgan Chase,traditional_bank
2023-11-15,141.21078491210938,JPM,JPMorgan Chase,traditional_bank
2023-11-16,142.82337951660156,JPM,JPMorgan Chase,traditional_bank
2023-11-17,144.1153564453125,JPM,JPMorgan Chase,traditional_bank
2023-11-20,144.5585479736328,JPM,JPMorgan Chase,traditional_bank
2023-11-21,144.2567901611328,JPM,JPMorgan Chase,traditional_bank
2023-11-22,144.59629821777344,JPM,JPMorgan Chase,traditional_bank
2023-11-24,144.79434204101562,JPM,JPMorgan Chase,traditional_bank
2023-11-27,144.46424865722656,JPM,JPMorgan Chase,traditional_bank
2023-11-28,144.79434204101562,JPM,JPMorgan Chase,traditional_bank
2023-11-29,145.5299072265625,JPM,JPMorgan Chase,traditional_bank
2023-11-30,147.1896514892578,JPM,JPMorgan Chase,traditional_bank
2023-12-01,147.90634155273438,JPM,JPMorgan Chase,traditional_bank
2023-12-04,148.9908447265625,JPM,JPMorgan Chase,traditional_bank
2023-12-05,148.9720001220703,JPM,JPMorgan Chase,traditional_bank
2023-12-06,147.40658569335938,JPM,JPMorgan Chase,traditional_bank
2023-12-07,147.8592071533203,JPM,JPMorgan Chase,traditional_bank
2023-12-08,149.4906463623047,JPM,JPMorgan Chase,traditional_bank
2023-12-11,150.0376434326172,JPM,JPMorgan Chase,traditional_bank
2023-12-12,151.37673950195312,JPM,JPMorgan Chase,traditional_bank
2023-12-13,151.88600158691406,JPM,JPMorgan Chase,traditional_bank
2023-12-14,154.6490936279297,JPM,JPMorgan Chase,traditional_bank
2023-12-15,155.81846618652344,JPM,JPMorgan Chase,traditional_bank
2023-12-18,156.76150512695312,JPM,JPMorgan Chase,traditional_bank
2023-12-19,158.85504150390625,JPM,JPMorgan Chase,traditional_bank
2023-12-20,157.06329345703125,JPM,JPMorgan Chase,traditional_bank
2023-12-21,157.95913696289062,JPM,JPMorgan Chase,traditional_bank
2023-12-22,157.8648681640625,JPM,JPMorgan Chase,traditional_bank
2023-12-26,158.79849243164062,JPM,JPMorgan Chase,traditional_bank
2023-12-27,159.7509307861328,JPM,JPMorgan Chase,traditional_bank
2023-12-28,160.59967041015625,JPM,JPMorgan Chase,traditional_bank
2023-12-29,160.4110565185547,JPM,JPMorgan Chase,traditional_bank
2024-01-02,162.27830505371094,JPM,JPMorgan Chase,traditional_bank
2024-01-03,161.57101440429688,JPM,JPMorgan Chase,traditional_bank
2024-01-04,162.64321899414062,JPM,JPMorgan Chase,traditional_bank
2024-01-05,163.459228515625,JPM,JPMorgan Chase,traditional_bank
2024-01-08,163.2220001220703,JPM,JPMorgan Chase,traditional_bank
2024-01-09,161.9315948486328,JPM,JPMorgan Chase,traditional_bank
2024-01-10,162.27316284179688,JPM,JPMorgan Chase,traditional_bank
2024-01-11,161.58998107910156,JPM,JPMorgan Chase,traditional_bank
2024-01-12,160.40391540527344,JPM,JPMorgan Chase,traditional_bank
2024-01-16,159.39813232421875,JPM,JPMorgan Chase,traditional_bank
2024-01-17,158.54415893554688,JPM,JPMorgan Chase,traditional_bank
2024-01-18,158.8572998046875,JPM,JPMorgan Chase,traditional_bank
2024-01-19,161.59947204589844,JPM,JPMorgan Chase,traditional_bank
2024-01-22,161.40969848632812,JPM,JPMorgan Chase,traditional_bank
2024-01-23,160.34698486328125,JPM,JPMorgan Chase,traditional_bank
2024-01-24,161.77976989746094,JPM,JPMorgan Chase,traditional_bank
2024-01-25,164.09495544433594,JPM,JPMorgan Chase,traditional_bank
2024-01-26,163.46868896484375,JPM,JPMorgan Chase,traditional_bank
2024-01-29,163.89569091796875,JPM,JPMorgan Chase,traditional_bank
2024-01-30,167.25466918945312,JPM,JPMorgan Chase,traditional_bank
2024-01-31,165.44232177734375,JPM,JPMorgan Chase,traditional_bank
2024-02-01,164.8445587158203,JPM,JPMorgan Chase,traditional_bank
2024-02-02,165.7934112548828,JPM,JPMorgan Chase,traditional_bank
2024-02-05,165.5751953125,JPM,JPMorgan Chase,traditional_bank
2024-02-06,166.1444854736328,JPM,JPMorgan Chase,traditional_bank
2024-02-07,166.45761108398438,JPM,JPMorgan Chase,traditional_bank
2024-02-08,165.85983276367188,JPM,JPMorgan Chase,traditional_bank
2024-02-09,166.05908203125,JPM,JPMorgan Chase,traditional_bank
2024-02-12,166.79917907714844,JPM,JPMorgan Chase,traditional_bank
2024-02-13,165.34744262695312,JPM,JPMorgan Chase,traditional_bank
2024-02-14,167.0269317626953,JPM,JPMorgan Chase,traditional_bank
2024-02-15,170.6705322265625,JPM,JPMorgan Chase,traditional_bank
2024-02-16,169.87347412109375,JPM,JPMorgan Chase,traditional_bank
2024-02-20,170.53765869140625,JPM,JPMorgan Chase,traditional_bank
2024-02-21,171.6478271484375,JPM,JPMorgan Chase,traditional_bank
2024-02-22,173.70684814453125,JPM,JPMorgan Chase,traditional_bank
2024-02-23,174.57981872558594,JPM,JPMorgan Chase,traditional_bank
2024-02-26,173.9820556640625,JPM,JPMorgan Chase,traditional_bank
2024-02-27,174.06744384765625,JPM,JPMorgan Chase,traditional_bank
2024-02-28,174.9498748779297,JPM,JPMorgan Chase,traditional_bank
2024-02-29,176.54391479492188,JPM,JPMorgan Chase,traditional_bank
2024-03-01,175.81332397460938,JPM,JPMorgan Chase,traditional_bank
2024-03-04,177.1322479248047,JPM,JPMorgan Chase,traditional_bank
2024-03-05,178.9066162109375,JPM,JPMorgan Chase,traditional_bank
2024-03-06,179.8364715576172,JPM,JPMorgan Chase,traditional_bank
2024-03-07,178.26136779785156,JPM,JPMorgan Chase,traditional_bank
2024-03-08,178.5934600830078,JPM,JPMorgan Chase,traditional_bank
2024-03-11,178.6598663330078,JPM,JPMorgan Chase,traditional_bank
2024-03-12,180.13059997558594,JPM,JPMorgan Chase,traditional_bank
2024-03-13,181.5918731689453,JPM,JPMorgan Chase,traditional_bank
2024-03-14,178.35623168945312,JPM,JPMorgan Chase,traditional_bank
2024-03-15,180.56707763671875,JPM,JPMorgan Chase,traditional_bank
2024-03-18,182.80636596679688,JPM,JPMorgan Chase,traditional_bank
2024-03-19,183.87860107421875,JPM,JPMorgan Chase,traditional_bank
2024-03-20,186.28866577148438,JPM,JPMorgan Chase,traditional_bank
2024-03-21,188.87904357910156,JPM,JPMorgan Chase,traditional_bank
2024-03-22,186.5638427734375,JPM,JPMorgan Chase,traditional_bank
2024-03-25,184.85589599609375,JPM,JPMorgan Chase,traditional_bank
2024-03-26,185.7193603515625,JPM,JPMorgan Chase,traditional_bank
2024-03-27,189.31553649902344,JPM,JPMorgan Chase,traditional_bank
2024-03-28,190.05563354492188,JPM,JPMorgan Chase,traditional_bank
2024-04-01,188.76519775390625,JPM,JPMorgan Chase,traditional_bank
2024-04-02,188.68927001953125,JPM,JPMorgan Chase,traditional_bank
2024-04-03,188.15789794921875,JPM,JPMorgan Chase,traditional_bank
2024-04-04,186.726318359375,JPM,JPMorgan Chase,traditional_bank
2024-04-05,188.44422912597656,JPM,JPMorgan Chase,traditional_bank
2024-04-08,189.42727661132812,JPM,JPMorgan Chase,traditional_bank
2024-04-09,188.1579132080078,JPM,JPMorgan Chase,traditional_bank
2024-04-10,186.55455017089844,JPM,JPMorgan Chase,traditional_bank
2024-04-11,186.516357421875,JPM,JPMorgan Chase,traditional_bank
2024-04-12,174.452880859375,JPM,JPMorgan Chase,traditional_bank
2024-04-15,174.54830932617188,JPM,JPMorgan Chase,traditional_bank
2024-04-16,172.5536651611328,JPM,JPMorgan Chase,traditional_bank
2024-04-17,171.86647033691406,JPM,JPMorgan Chase,traditional_bank
2024-04-18,172.98312377929688,JPM,JPMorgan Chase,traditional_bank
2024-04-19,177.3256072998047,JPM,JPMorgan Chase,traditional_bank
2024-04-22,180.7709503173828,JPM,JPMorgan Chase,traditional_bank
2024-04-23,183.37644958496094,JPM,JPMorgan Chase,traditional_bank
2024-04-24,184.27357482910156,JPM,JPMorgan Chase,traditional_bank
2024-04-25,184.55030822753906,JPM,JPMorgan Chase,traditional_bank
2024-04-26,184.6648712158203,JPM,JPMorgan Chase,traditional_bank
2024-04-29,184.4644317626953,JPM,JPMorgan Chase,traditional_bank
2024-04-30,182.9946746826172,JPM,JPMorgan Chase,traditional_bank
2024-05-01,183.1092071533203,JPM,JPMorgan Chase,traditional_bank
2024-05-02,182.91831970214844,JPM,JPMorgan Chase,traditional_bank
2024-05-03,181.82078552246094,JPM,JPMorgan Chase,traditional_bank
2024-05-06,183.2427978515625,JPM,JPMorgan Chase,traditional_bank
2024-05-07,183.00421142578125,JPM,JPMorgan Chase,traditional_bank
2024-05-08,186.726318359375,JPM,JPMorgan Chase,traditional_bank
2024-05-09,188.49197387695312,JPM,JPMorgan Chase,traditional_bank
2024-05-10,189.70404052734375,JPM,JPMorgan Chase,traditional_bank
2024-05-13,189.66586303710938,JPM,JPMorgan Chase,traditional_bank
2024-05-14,192.31906127929688,JPM,JPMorgan Chase,traditional_bank
2024-05-15,192.89170837402344,JPM,JPMorgan Chase,traditional_bank
2024-05-16,193.2352752685547,JPM,JPMorgan Chase,traditional_bank
2024-05-17,195.449462890625,JPM,JPMorgan Chase,traditional_bank
2024-05-20,186.65953063964844,JPM,JPMorgan Chase,traditional_bank
2024-05-21,190.41983032226562,JPM,JPMorgan Chase,traditional_bank
2024-05-22,189.2650146484375,JPM,JPMorgan Chase,traditional_bank
2024-05-23,187.9384002685547,JPM,JPMorgan Chase,traditional_bank
2024-05-24,191.55552673339844,JPM,JPMorgan Chase,traditional_bank
2024-05-28,190.40072631835938,JPM,JPMorgan Chase,traditional_bank
2024-05-29,189.07412719726562,JPM,JPMorgan Chase,traditional_bank
2024-05-30,190.2384796142578,JPM,JPMorgan Chase,traditional_bank
2024-05-31,193.3879852294922,JPM,JPMorgan Chase,traditional_bank
2024-06-03,192.6149139404297,JPM,JPMorgan Chase,traditional_bank
2024-06-04,190.0762481689453,JPM,JPMorgan Chase,traditional_bank
2024-06-05,188.2628936767578,JPM,JPMorgan Chase,traditional_bank
2024-06-06,187.9288787841797,JPM,JPMorgan Chase,traditional_bank
2024-06-07,190.8302001953125,JPM,JPMorgan Chase,traditional_bank
2024-06-10,190.5057373046875,JPM,JPMorgan Chase,traditional_bank
2024-06-11,185.49517822265625,JPM,JPMorgan Chase,traditional_bank
2024-06-12,182.79425048828125,JPM,JPMorgan Chase,traditional_bank
2024-06-13,184.82711791992188,JPM,JPMorgan Chase,traditional_bank
2024-06-14,184.94163513183594,JPM,JPMorgan Chase,traditional_bank
2024-06-17,186.08692932128906,JPM,JPMorgan Chase,traditional_bank
2024-06-18,188.0147705078125,JPM,JPMorgan Chase,traditional_bank
2024-06-20,189.6085968017578,JPM,JPMorgan Chase,traditional_bank
2024-06-21,187.34669494628906,JPM,JPMorgan Chase,traditional_bank
2024-06-24,189.8090057373047,JPM,JPMorgan Chase,traditional_bank
2024-06-25,189.03594970703125,JPM,JPMorgan Chase,traditional_bank
2024-06-26,188.42515563964844,JPM,JPMorgan Chase,traditional_bank
2024-06-27,190.08578491210938,JPM,JPMorgan Chase,traditional_bank
2024-06-28,193.03485107421875,JPM,JPMorgan Chase,traditional_bank
2024-07-01,196.07936096191406,JPM,JPMorgan Chase,traditional_bank
2024-07-02,199.30519104003906,JPM,JPMorgan Chase,traditional_bank
2024-07-03,199.1715850830078,JPM,JPMorgan Chase,traditional_bank
2024-07-05,196.532470703125,JPM,JPMorgan Chase,traditional_bank
2024-07-08,196.8971405029297,JPM,JPMorgan Chase,traditional_bank
2024-07-09,199.25796508789062,JPM,JPMorgan Chase,traditional_bank
2024-07-10,199.42111206054688,JPM,JPMorgan Chase,traditional_bank
2024-07-11,199.085205078125,JPM,JPMorgan Chase,traditional_bank
2024-07-12,196.67640686035156,JPM,JPMorgan Chase,traditional_bank
2024-07-15,201.58038330078125,JPM,JPMorgan Chase,traditional_bank
2024-07-16,205.00640869140625,JPM,JPMorgan Chase,traditional_bank
2024-07-17,208.12538146972656,JPM,JPMorgan Chase,traditional_bank
2024-07-18,201.51318359375,JPM,JPMorgan Chase,traditional_bank
2024-07-19,201.32125854492188,JPM,JPMorgan Chase,traditional_bank
2024-07-22,201.80108642578125,JPM,JPMorgan Chase,traditional_bank
2024-07-23,201.8490753173828,JPM,JPMorgan Chase,traditional_bank
2024-07-24,200.17922973632812,JPM,JPMorgan Chase,traditional_bank
2024-07-25,200.25604248046875,JPM,JPMorgan Chase,traditional_bank
2024-07-26,203.68206787109375,JPM,JPMorgan Chase,traditional_bank
2024-07-29,202.34812927246094,JPM,JPMorgan Chase,traditional_bank
2024-07-30,206.5131072998047,JPM,JPMorgan Chase,traditional_bank
2024-07-31,204.21949768066406,JPM,JPMorgan Chase,traditional_bank
2024-08-01,199.57467651367188,JPM,JPMorgan Chase,traditional_bank
2024-08-02,191.11029052734375,JPM,JPMorgan Chase,traditional_bank
2024-08-05,187.04122924804688,JPM,JPMorgan Chase,traditional_bank
2024-08-06,192.26190185546875,JPM,JPMorgan Chase,traditional_bank
2024-08-07,192.3194580078125,JPM,JPMorgan Chase,traditional_bank
2024-08-08,195.83189392089844,JPM,JPMorgan Chase,traditional_bank
2024-08-09,197.5017547607422,JPM,JPMorgan Chase,traditional_bank
2024-08-12,197.8760223388672,JPM,JPMorgan Chase,traditional_bank
2024-08-13,199.5554656982422,JPM,JPMorgan Chase,traditional_bank
2024-08-14,201.7627410888672,JPM,JPMorgan Chase,traditional_bank
2024-08-15,203.0198974609375,JPM,JPMorgan Chase,traditional_bank
2024-08-16,205.34231567382812,JPM,JPMorgan Chase,traditional_bank
2024-08-19,206.76263427734375,JPM,JPMorgan Chase,traditional_bank
2024-08-20,205.87014770507812,JPM,JPMorgan Chase,traditional_bank
2024-08-21,205.9468994140625,JPM,JPMorgan Chase,traditional_bank
2024-08-22,207.89505004882812,JPM,JPMorgan Chase,traditional_bank
2024-08-23,209.50730895996094,JPM,JPMorgan Chase,traditional_bank
2024-08-26,210.3326416015625,JPM,JPMorgan Chase,traditional_bank
2024-08-27,211.30189514160156,JPM,JPMorgan Chase,traditional_bank
2024-08-28,212.36715698242188,JPM,JPMorgan Chase,traditional_bank
2024-08-29,213.25006103515625,JPM,JPMorgan Chase,traditional_bank
2024-08-30,215.73562622070312,JPM,JPMorgan Chase,traditional_bank
2024-09-03,211.4170684814453,JPM,JPMorgan Chase,traditional_bank
2024-09-04,210.48619079589844,JPM,JPMorgan Chase,traditional_bank
2024-09-05,208.854736328125,JPM,JPMorgan Chase,traditional_bank
2024-09-06,203.8931884765625,JPM,JPMorgan Chase,traditional_bank
2024-09-09,208.06777954101562,JPM,JPMorgan Chase,traditional_bank
2024-09-10,197.2714080810547,JPM,JPMorgan Chase,traditional_bank
2024-09-11,198.8740692138672,JPM,JPMorgan Chase,traditional_bank
2024-09-12,198.2694854736328,JPM,JPMorgan Chase,traditional_bank
2024-09-13,196.08140563964844,JPM,JPMorgan Chase,traditional_bank
2024-09-16,199.47865295410156,JPM,JPMorgan Chase,traditional_bank
2024-09-17,200.8126220703125,JPM,JPMorgan Chase,traditional_bank
2024-09-18,199.1619873046875,JPM,JPMorgan Chase,traditional_bank
2024-09-19,201.99302673339844,JPM,JPMorgan Chase,traditional_bank
2024-09-20,202.5784454345703,JPM,JPMorgan Chase,traditional_bank
2024-09-23,202.91433715820312,JPM,JPMorgan Chase,traditional_bank
2024-09-24,203.05825805664062,JPM,JPMorgan Chase,traditional_bank
2024-09-25,201.7147216796875,JPM,JPMorgan Chase,traditional_bank
2024-09-26,201.32125854492188,JPM,JPMorgan Chase,traditional_bank
2024-09-27,202.01223754882812,JPM,JPMorgan Chase,traditional_bank
2024-09-30,202.35772705078125,JPM,JPMorgan Chase,traditional_bank
2024-10-01,198.6917266845703,JPM,JPMorgan Chase,traditional_bank
2024-10-02,198.93167114257812,JPM,JPMorgan Chase,traditional_bank
2024-10-03,196.95472717285156,JPM,JPMorgan Chase,traditional_bank
2024-10-04,203.9453582763672,JPM,JPMorgan Chase,traditional_bank
2024-10-07,203.6653594970703,JPM,JPMorgan Chase,traditional_bank
2024-10-08,203.49156188964844,JPM,JPMorgan Chase,traditional_bank
2024-10-09,206.06959533691406,JPM,JPMorgan Chase,traditional_bank
2024-10-10,205.50958251953125,JPM,JPMorgan Chase,traditional_bank
2024-10-11,214.63409423828125,JPM,JPMorgan Chase,traditional_bank
2024-10-14,213.85202026367188,JPM,JPMorgan Chase,traditional_bank
2024-10-15,214.73065185546875,JPM,JPMorgan Chase,traditional_bank
2024-10-16,215.93759155273438,JPM,JPMorgan Chase,traditional_bank
2024-10-17,216.69073486328125,JPM,JPMorgan Chase,traditional_bank
2024-10-18,217.6080322265625,JPM,JPMorgan Chase,traditional_bank
2024-10-21,215.3196563720703,JPM,JPMorgan Chase,traditional_bank
2024-10-22,216.40109252929688,JPM,JPMorgan Chase,traditional_bank
2024-10-23,215.7155303955078,JPM,JPMorgan Chase,traditional_bank
2024-10-24,217.23147583007812,JPM,JPMorgan Chase,traditional_bank
2024-10-25,214.65341186523438,JPM,JPMorgan Chase,traditional_bank
2024-10-28,217.73355102539062,JPM,JPMorgan Chase,traditional_bank
2024-10-29,215.22308349609375,JPM,JPMorgan Chase,traditional_bank
2024-10-30,216.68109130859375,JPM,JPMorgan Chase,traditional_bank
2024-10-31,214.27685546875,JPM,JPMorgan Chase,traditional_bank
2024-11-01,215.26170349121094,JPM,JPMorgan Chase,traditional_bank
2024-11-04,212.21055603027344,JPM,JPMorgan Chase,traditional_bank
2024-11-05,213.86166381835938,JPM,JPMorgan Chase,traditional_bank
2024-11-06,238.55101013183594,JPM,JPMorgan Chase,traditional_bank
2024-11-07,228.2388458251953,JPM,JPMorgan Chase,traditional_bank
2024-11-08,228.81814575195312,JPM,JPMorgan Chase,traditional_bank
2024-11-11,231.04861450195312,JPM,JPMorgan Chase,traditional_bank
2024-11-12,231.30931091308594,JPM,JPMorgan Chase,traditional_bank
2024-11-13,232.85418701171875,JPM,JPMorgan Chase,traditional_bank
2024-11-14,233.53973388671875,JPM,JPMorgan Chase,traditional_bank
2024-11-15,236.86126708984375,JPM,JPMorgan Chase,traditional_bank
2024-11-18,236.5908966064453,JPM,JPMorgan Chase,traditional_bank
2024-11-19,234.71771240234375,JPM,JPMorgan Chase,traditional_bank
2024-11-20,232.48731994628906,JPM,JPMorgan Chase,traditional_bank
2024-11-21,236.33021545410156,JPM,JPMorgan Chase,traditional_bank
2024-11-22,239.98968505859375,JPM,JPMorgan Chase,traditional_bank
2024-11-25,241.66973876953125,JPM,JPMorgan Chase,traditional_bank
2024-11-26,241.3607940673828,JPM,JPMorgan Chase,traditional_bank
2024-11-27,241.1869659423828,JPM,JPMorgan Chase,traditional_bank
2024-11-29,241.119384765625,JPM,JPMorgan Chase,traditional_bank
2024-12-02,237.76889038085938,JPM,JPMorgan Chase,traditional_bank
2024-12-03,236.3881378173828,JPM,JPMorgan Chase,traditional_bank
2024-12-04,235.01705932617188,JPM,JPMorgan Chase,traditional_bank
2024-12-05,237.02542114257812,JPM,JPMorgan Chase,traditional_bank
2024-12-06,238.84068298339844,JPM,JPMorgan Chase,traditional_bank
2024-12-09,235.4129180908203,JPM,JPMorgan Chase,traditional_bank
2024-12-10,234.49566650390625,JPM,JPMorgan Chase,traditional_bank
2024-12-11,235.142578125,JPM,JPMorgan Chase,traditional_bank
2024-12-12,233.21144104003906,JPM,JPMorgan Chase,traditional_bank
2024-12-13,231.6762237548828,JPM,JPMorgan Chase,traditional_bank
2024-12-16,231.32862854003906,JPM,JPMorgan Chase,traditional_bank
2024-12-17,230.15065002441406,JPM,JPMorgan Chase,traditional_bank
2024-12-18,222.43582153320312,JPM,JPMorgan Chase,traditional_bank
2024-12-19,224.93663024902344,JPM,JPMorgan Chase,traditional_bank
2024-12-20,229.41680908203125,JPM,JPMorgan Chase,traditional_bank
2024-12-23,230.17958068847656,JPM,JPMorgan Chase,traditional_bank
2024-12-24,233.964599609375,JPM,JPMorgan Chase,traditional_bank
2024-12-26,234.76602172851562,JPM,JPMorgan Chase,traditional_bank
2024-12-27,232.86386108398438,JPM,JPMorgan Chase,traditional_bank
2024-12-30,231.0775909423828,JPM,JPMorgan Chase,traditional_bank
2024-12-31,231.45416259765625,JPM,JPMorgan Chase,traditional_bank
2025-01-02,231.7341766357422,JPM,JPMorgan Chase,traditional_bank
2025-01-03,234.90118408203125,JPM,JPMorgan Chase,traditional_bank
2025-01-06,233.7559356689453,JPM,JPMorgan Chase,traditional_bank
2025-01-07,236.00759887695312,JPM,JPMorgan Chase,traditional_bank
2025-01-08,235.96878051757812,JPM,JPMorgan Chase,traditional_bank
2025-01-10,232.8048095703125,JPM,JPMorgan Chase,traditional_bank
2025-01-13,237.01698303222656,JPM,JPMorgan Chase,traditional_bank
2025-01-14,240.18093872070312,JPM,JPMorgan Chase,traditional_bank
2025-01-15,244.91720581054688,JPM,JPMorgan Chase,traditional_bank
2025-01-16,246.78065490722656,JPM,JPMorgan Chase,traditional_bank
2025-01-17,251.52664184570312,JPM,JPMorgan Chase,traditional_bank
2025-01-21,255.28265380859375,JPM,JPMorgan Chase,traditional_bank
2025-01-22,255.0982666015625,JPM,JPMorgan Chase,traditional_bank
2025-01-23,258.1166687011719,JPM,JPMorgan Chase,traditional_bank
2025-01-24,257.03936767578125,JPM,JPMorgan Chase,traditional_bank
2025-01-27,258.01959228515625,JPM,JPMorgan Chase,traditional_bank
2025-01-28,259.2716369628906,JPM,JPMorgan Chase,traditional_bank
2025-01-29,258.72808837890625,JPM,JPMorgan Chase,traditional_bank
2025-01-30,260.3294677734375,JPM,JPMorgan Chase,traditional_bank
2025-01-31,259.4268493652344,JPM,JPMorgan Chase,traditional_bank
2025-02-03,258.9512939453125,JPM,JPMorgan Chase,traditional_bank
2025-02-04,260.04803466796875,JPM,JPMorgan Chase,traditional_bank
2025-02-05,262.4646911621094,JPM,JPMorgan Chase,traditional_bank
2025-02-06,268.7441101074219,JPM,JPMorgan Chase,traditional_bank
2025-02-07,267.676513671875,JPM,JPMorgan Chase,traditional_bank
2025-02-10,263.0567321777344,JPM,JPMorgan Chase,traditional_bank
2025-02-11,266.890380859375,JPM,JPMorgan Chase,traditional_bank
2025-02-12,267.33685302734375,JPM,JPMorgan Chase,traditional_bank
2025-02-13,268.18121337890625,JPM,JPMorgan Chase,traditional_bank
2025-02-14,268.4432067871094,JPM,JPMorgan Chase,traditional_bank
2025-02-18,271.70428466796875,JPM,JPMorgan Chase,traditional_bank
2025-02-19,271.0248718261719,JPM,JPMorgan Chase,traditional_bank
2025-02-20,258.94158935546875,JPM,JPMorgan Chase,traditional_bank
2025-02-21,256.4570007324219,JPM,JPMorgan Chase,traditional_bank
2025-02-24,253.6424102783203,JPM,JPMorgan Chase,traditional_bank
2025-02-25,249.81846618652344,JPM,JPMorgan Chase,traditional_bank
2025-02-26,251.1675262451172,JPM,JPMorgan Chase,traditional_bank
2025-02-27,251.4198455810547,JPM,JPMorgan Chase,traditional_bank
2025-02-28,256.85491943359375,JPM,JPMorgan Chase,traditional_bank
2025-03-03,252.94361877441406,JPM,JPMorgan Chase,traditional_bank
2025-03-04,242.87908935546875,JPM,JPMorgan Chase,traditional_bank
2025-03-05,244.12136840820312,JPM,JPMorgan Chase,traditional_bank
2025-03-06,239.27835083007812,JPM,JPMorgan Chase,traditional_bank
2025-03-07,235.14382934570312,JPM,JPMorgan Chase,traditional_bank
2025-03-10,225.380126953125,JPM,JPMorgan Chase,traditional_bank
2025-03-11,222.390869140625,JPM,JPMorgan Chase,traditional_bank
2025-03-12,221.1873779296875,JPM,JPMorgan Chase,traditional_bank
2025-03-13,218.55718994140625,JPM,JPMorgan Chase,traditional_bank
2025-03-14,225.59365844726562,JPM,JPMorgan Chase,traditional_bank
2025-03-17,227.0397491455078,JPM,JPMorgan Chase,traditional_bank
2025-03-18,228.04913330078125,JPM,JPMorgan Chase,traditional_bank
2025-03-19,232.06719970703125,JPM,JPMorgan Chase,traditional_bank
2025-03-20,231.97012329101562,JPM,JPMorgan Chase,traditional_bank
2025-03-21,234.51296997070312,JPM,JPMorgan Chase,traditional_bank
2025-03-24,240.75357055664062,JPM,JPMorgan Chase,traditional_bank
2025-03-25,243.733154296875,JPM,JPMorgan Chase,traditional_bank
2025-03-26,243.6361083984375,JPM,JPMorgan Chase,traditional_bank
2025-03-27,240.81179809570312,JPM,JPMorgan Chase,traditional_bank
2025-03-28,235.69703674316406,JPM,JPMorgan Chase,traditional_bank
2025-03-31,238.07485961914062,JPM,JPMorgan Chase,traditional_bank
2025-04-01,236.48318481445312,JPM,JPMorgan Chase,traditional_bank
2025-04-02,238.57955932617188,JPM,JPMorgan Chase,traditional_bank
2025-04-03,221.95411682128906,JPM,JPMorgan Chase,traditional_bank
2025-04-04,205.3434295654297,JPM,JPMorgan Chase,traditional_bank
2025-04-07,209.40577697753906,JPM,JPMorgan Chase,traditional_bank
2025-04-08,211.7787322998047,JPM,JPMorgan Chase,traditional_bank
2025-04-09,228.83859252929688,JPM,JPMorgan Chase,traditional_bank
2025-04-10,221.77833557128906,JPM,JPMorgan Chase,traditional_bank
2025-04-11,230.65493774414062,JPM,JPMorgan Chase,traditional_bank
2025-04-14,229.2096710205078,JPM,JPMorgan Chase,traditional_bank
2025-04-15,227.65699768066406,JPM,JPMorgan Chase,traditional_bank
2025-04-16,224.2196502685547,JPM,JPMorgan Chase,traditional_bank
2025-04-17,226.5144805908203,JPM,JPMorgan Chase,traditional_bank
2025-04-21,223.61419677734375,JPM,JPMorgan Chase,traditional_bank
2025-04-22,230.0592498779297,JPM,JPMorgan Chase,traditional_bank
2025-04-23,235.22506713867188,JPM,JPMorgan Chase,traditional_bank
2025-04-24,238.89678955078125,JPM,JPMorgan Chase,traditional_bank
2025-04-25,237.83238220214844,JPM,JPMorgan Chase,traditional_bank
2025-04-28,237.51011657714844,JPM,JPMorgan Chase,traditional_bank
2025-04-29,238.87725830078125,JPM,JPMorgan Chase,traditional_bank
2025-04-30,238.87725830078125,JPM,JPMorgan Chase,traditional_bank
2025-05-01,241.09397888183594,JPM,JPMorgan Chase,traditional_bank
2025-05-02,246.58203125,JPM,JPMorgan Chase,traditional_bank
2025-05-05,246.63084411621094,JPM,JPMorgan Chase,traditional_bank
2025-05-06,243.3985595703125,JPM,JPMorgan Chase,traditional_bank
2025-05-07,243.5352783203125,JPM,JPMorgan Chase,traditional_bank
2025-05-08,247.51950073242188,JPM,JPMorgan Chase,traditional_bank
2025-05-09,247.13865661621094,JPM,JPMorgan Chase,traditional_bank
2025-05-12,253.94500732421875,JPM,JPMorgan Chase,traditional_bank
2025-05-13,256.8355407714844,JPM,JPMorgan Chase,traditional_bank
2025-05-14,259.4038391113281,JPM,JPMorgan Chase,traditional_bank
2025-05-15,261.2103271484375,JPM,JPMorgan Chase,traditional_bank
2025-05-16,261.27874755859375,JPM,JPMorgan Chase,traditional_bank
2025-05-19,258.6616516113281,JPM,JPMorgan Chase,traditional_bank
2025-05-20,259.44287109375,JPM,JPMorgan Chase,traditional_bank
2025-05-21,254.9117889404297,JPM,JPMorgan Chase,traditional_bank
2025-05-22,254.5504913330078,JPM,JPMorgan Chase,traditional_bank
2025-05-23,254.58949279785156,JPM,JPMorgan Chase,traditional_bank
2025-05-27,259.06201171875,JPM,JPMorgan Chase,traditional_bank
2025-05-28,257.30426025390625,JPM,JPMorgan Chase,traditional_bank
2025-05-29,258.16363525390625,JPM,JPMorgan Chase,traditional_bank
2025-05-30,257.80230712890625,JPM,JPMorgan Chase,traditional_bank
2025-06-02,258.4468078613281,JPM,JPMorgan Chase,traditional_bank
2025-06-03,260.01898193359375,JPM,JPMorgan Chase,traditional_bank
2025-06-04,258.0171203613281,JPM,JPMorgan Chase,traditional_bank
2025-06-05,255.80043029785156,JPM,JPMorgan Chase,traditional_bank
2025-06-06,259.49169921875,JPM,JPMorgan Chase,traditional_bank
2025-06-09,260.4779968261719,JPM,JPMorgan Chase,traditional_bank
2025-06-10,262.2943115234375,JPM,JPMorgan Chase,traditional_bank
2025-06-11,261.8548583984375,JPM,JPMorgan Chase,traditional_bank
2025-06-12,261.9427490234375,JPM,JPMorgan Chase,traditional_bank
2025-06-13,258.7300109863281,JPM,JPMorgan Chase,traditional_bank
2025-06-16,264.0129699707031,JPM,JPMorgan Chase,traditional_bank
2025-06-17,263.19268798828125,JPM,JPMorgan Chase,traditional_bank
2025-06-18,267.5284729003906,JPM,JPMorgan Chase,traditional_bank
2025-06-20,268.5440368652344,JPM,JPMorgan Chase,traditional_bank
2025-06-23,271.7372741699219,JPM,JPMorgan Chase,traditional_bank
2025-06-24,274.6571044921875,JPM,JPMorgan Chase,traditional_bank
2025-06-25,277.391357421875,JPM,JPMorgan Chase,traditional_bank
2025-06-26,281.9712219238281,JPM,JPMorgan Chase,traditional_bank
2025-06-27,280.3697509765625,JPM,JPMorgan Chase,traditional_bank
2025-06-30,283.1040344238281,JPM,JPMorgan Chase,traditional_bank
2025-07-01,283.59228515625,JPM,JPMorgan Chase,traditional_bank
2025-07-02,285.14495849609375,JPM,JPMorgan Chase,traditional_bank
2025-07-03,290.443603515625,JPM,JPMorgan Chase,traditional_bank
2025-07-07,286.4892272949219,JPM,JPMorgan Chase,traditional_bank
2025-07-08,277.47174072265625,JPM,JPMorgan Chase,traditional_bank
2025-07-09,277.8446350097656,JPM,JPMorgan Chase,traditional_bank
2025-07-10,282.7801818847656,JPM,JPMorgan Chase,traditional_bank
2025-07-11,281.4751281738281,JPM,JPMorgan Chase,traditional_bank
2025-07-14,283.2806396484375,JPM,JPMorgan Chase,traditional_bank
2025-07-15,281.1709899902344,JPM,JPMorgan Chase,traditional_bank
2025-07-16,280.4547119140625,JPM,JPMorgan Chase,traditional_bank
2025-07-17,284.4580993652344,JPM,JPMorgan Chase,traditional_bank
2025-07-18,285.8023986816406,JPM,JPMorgan Chase,traditional_bank
2025-07-21,285.50799560546875,JPM,JPMorgan Chase,traditional_bank
2025-07-22,285.95941162109375,JPM,JPMorgan Chase,traditional_bank
2025-07-23,291.1893310546875,JPM,JPMorgan Chase,traditional_bank
2025-07-24,290.9832763671875,JPM,JPMorgan Chase,traditional_bank
2025-07-25,293.0144348144531,JPM,JPMorgan Chase,traditional_bank
2025-07-28,292.6807861328125,JPM,JPMorgan Chase,traditional_bank
2025-07-29,291.4640808105469,JPM,JPMorgan Chase,traditional_bank
2025-07-30,294.0054626464844,JPM,JPMorgan Chase,traditional_bank
2025-07-31,290.6790771484375,JPM,JPMorgan Chase,traditional_bank
2025-08-01,283.93804931640625,JPM,JPMorgan Chase,traditional_bank
2025-08-04,288.73626708984375,JPM,JPMorgan Chase,traditional_bank
2025-08-05,285.9004821777344,JPM,JPMorgan Chase,traditional_bank
2025-08-06,285.880859375,JPM,JPMorgan Chase,traditional_bank
2025-08-07,281.5536804199219,JPM,JPMorgan Chase,traditional_bank
2025-08-08,283.33953857421875,JPM,JPMorgan Chase,traditional_bank
2025-08-11,284.1244812011719,JPM,JPMorgan Chase,traditional_bank
2025-08-12,287.3527526855469,JPM,JPMorgan Chase,traditional_bank
2025-08-13,285.0762939453125,JPM,JPMorgan Chase,traditional_bank
2025-08-14,288.6381530761719,JPM,JPMorgan Chase,traditional_bank
2025-08-15,285.0370178222656,JPM,JPMorgan Chase,traditional_bank
2025-08-18,286.0574951171875,JPM,JPMorgan Chase,traditional_bank
2025-08-19,285.203857421875,JPM,JPMorgan Chase,traditional_bank
2025-08-20,286.754150390625,JPM,JPMorgan Chase,traditional_bank
2025-08-21,285.9986267089844,JPM,JPMorgan Chase,traditional_bank
2025-08-22,290.6790771484375,JPM,JPMorgan Chase,traditional_bank
2025-08-25,289.3642578125,JPM,JPMorgan Chase,traditional_bank
2025-08-26,292.96533203125,JPM,JPMorgan Chase,traditional_bank
2025-08-27,293.6620178222656,JPM,JPMorgan Chase,traditional_bank
2025-08-28,295.4184265136719,JPM,JPMorgan Chase,traditional_bank
2025-08-29,295.7618713378906,JPM,JPMorgan Chase,traditional_bank
2025-09-02,294.07415771484375,JPM,JPMorgan Chase,traditional_bank
2025-09-03,293.8877258300781,JPM,JPMorgan Chase,traditional_bank
2025-09-04,298.1168212890625,JPM,JPMorgan Chase,traditional_bank
2025-09-05,288.85400390625,JPM,JPMorgan Chase,traditional_bank
2025-09-08,287.4115905761719,JPM,JPMorgan Chase,traditional_bank
2025-09-09,292.2589111328125,JPM,JPMorgan Chase,traditional_bank
2025-09-10,294.89837646484375,JPM,JPMorgan Chase,traditional_bank
2025-09-11,299.82415771484375,JPM,JPMorgan Chase,traditional_bank
2025-09-12,301.1488037109375,JPM,JPMorgan Chase,traditional_bank
2025-09-15,303.1014099121094,JPM,JPMorgan Chase,traditional_bank
2025-09-16,303.385986328125,JPM,JPMorgan Chase,traditional_bank
2025-09-17,305.89794921875,JPM,JPMorgan Chase,traditional_bank
2025-09-18,307.3501892089844,JPM,JPMorgan Chase,traditional_bank
2025-09-19,308.8710632324219,JPM,JPMorgan Chase,traditional_bank
2025-09-22,306.5749816894531,JPM,JPMorgan Chase,traditional_bank
2025-09-23,306.8693542480469,JPM,JPMorgan Chase,traditional_bank
2025-09-24,307.53662109375,JPM,JPMorgan Chase,traditional_bank
2025-09-25,307.5660705566406,JPM,JPMorgan Chase,traditional_bank
2025-09-26,310.12701416015625,JPM,JPMorgan Chase,traditional_bank
2025-09-29,309.7640075683594,JPM,JPMorgan Chase,traditional_bank
2025-09-30,309.50885009765625,JPM,JPMorgan Chase,traditional_bank
2025-10-01,304.8774719238281,JPM,JPMorgan Chase,traditional_bank
2025-10-02,301.77679443359375,JPM,JPMorgan Chase,traditional_bank
2025-10-03,304.2102355957031,JPM,JPMorgan Chase,traditional_bank
2025-10-06,304.85113525390625,JPM,JPMorgan Chase,traditional_bank
2025-10-07,303.3819885253906,JPM,JPMorgan Chase,traditional_bank
2025-10-08,299.7732238769531,JPM,JPMorgan Chase,traditional_bank
2025-10-09,301.2522277832031,JPM,JPMorgan Chase,traditional_bank
2025-10-10,296.6772155761719,JPM,JPMorgan Chase,traditional_bank
2025-10-13,303.6580810546875,JPM,JPMorgan Chase,traditional_bank
2025-10-14,297.85052490234375,JPM,JPMorgan Chase,traditional_bank
2025-10-15,301.4100036621094,JPM,JPMorgan Chase,traditional_bank
2025-10-16,294.3600769042969,JPM,JPMorgan Chase,traditional_bank
2025-10-17,293.3938293457031,JPM,JPMorgan Chase,traditional_bank
2025-10-20,298.1265869140625,JPM,JPMorgan Chase,traditional_bank
2025-10-21,292.9303894042969,JPM,JPMorgan Chase,traditional_bank
2025-10-22,289.9920959472656,JPM,JPMorgan Chase,traditional_bank
2025-10-23,290.4161376953125,JPM,JPMorgan Chase,traditional_bank
2025-10-24,296.2335205078125,JPM,JPMorgan Chase,traditional_bank
2025-10-27,299.89154052734375,JPM,JPMorgan Chase,traditional_bank
2025-10-28,301.0845947265625,JPM,JPMorgan Chase,traditional_bank
2025-10-29,301.2325134277344,JPM,JPMorgan Chase,traditional_bank
2025-10-30,305.1075134277344,JPM,JPMorgan Chase,traditional_bank
2025-10-31,306.7639465332031,JPM,JPMorgan Chase,traditional_bank
2025-11-03,305.0187683105469,JPM,JPMorgan Chase,traditional_bank
2025-11-04,304.920166015625,JPM,JPMorgan Chase,traditional_bank
2025-11-05,307.3161315917969,JPM,JPMorgan Chase,traditional_bank
2025-11-06,309.03179931640625,JPM,JPMorgan Chase,traditional_bank
2025-11-07,309.8106994628906,JPM,JPMorgan Chase,traditional_bank
2025-11-10,312.45318603515625,JPM,JPMorgan Chase,traditional_bank
2025-11-11,311.200927734375,JPM,JPMorgan Chase,traditional_bank
2025-11-12,315.92388916015625,JPM,JPMorgan Chase,traditional_bank
2025-11-13,305.1469421386719,JPM,JPMorgan Chase,traditional_bank
2025-11-14,299.35906982421875,JPM,JPMorgan Chase,traditional_bank
2025-11-17,296.1644592285156,JPM,JPMorgan Chase,traditional_bank
2025-11-18,295.2179260253906,JPM,JPMorgan Chase,traditional_bank
2025-11-19,299.02386474609375,JPM,JPMorgan Chase,traditional_bank
2025-11-20,294.2023620605469,JPM,JPMorgan Chase,traditional_bank
2025-11-21,293.8473815917969,JPM,JPMorgan Chase,traditional_bank
2025-11-24,293.8276672363281,JPM,JPMorgan Chase,traditional_bank
2025-11-25,298.75762939453125,JPM,JPMorgan Chase,traditional_bank
2025-11-26,303.33270263671875,JPM,JPMorgan Chase,traditional_bank
2025-11-28,308.6965026855469,JPM,JPMorgan Chase,traditional_bank
2025-12-01,304.59478759765625,JPM,JPMorgan Chase,traditional_bank
2025-12-02,303.5693359375,JPM,JPMorgan Chase,traditional_bank
2025-12-03,307.75982666015625,JPM,JPMorgan Chase,traditional_bank
2025-12-04,311.6742858886719,JPM,JPMorgan Chase,traditional_bank
2025-12-05,310.6291198730469,JPM,JPMorgan Chase,traditional_bank
2025-12-08,310.79669189453125,JPM,JPMorgan Chase,traditional_bank
2025-12-09,296.30255126953125,JPM,JPMorgan Chase,traditional_bank
2025-12-10,305.76806640625,JPM,JPMorgan Chase,traditional_bank
2025-12-11,312.9363098144531,JPM,JPMorgan Chase,traditional_bank
2025-12-12,314.06036376953125,JPM,JPMorgan Chase,traditional_bank
2025-12-15,315.5393371582031,JPM,JPMorgan Chase,traditional_bank
2025-12-16,311.1319580078125,JPM,JPMorgan Chase,traditional_bank
2025-12-17,310.5699462890625,JPM,JPMorgan Chase,traditional_bank
2025-12-18,308.6176452636719,JPM,JPMorgan Chase,traditional_bank
2025-12-19,312.7686767578125,JPM,JPMorgan Chase,traditional_bank
2025-12-22,318.5663757324219,JPM,JPMorgan Chase,traditional_bank
2025-12-23,321.3666076660156,JPM,JPMorgan Chase,traditional_bank
2025-12-24,324.5612487792969,JPM,JPMorgan Chase,traditional_bank
2025-12-26,323.31890869140625,JPM,JPMorgan Chase,traditional_bank
2025-12-29,319.2171325683594,JPM,JPMorgan Chase,traditional_bank
2025-12-30,318.89178466796875,JPM,JPMorgan Chase,traditional_bank
2025-12-31,317.70855712890625,JPM,JPMorgan Chase,traditional_bank
2026-01-02,320.92291259765625,JPM,JPMorgan Chase,traditional_bank
2026-01-05,329.3630676269531,JPM,JPMorgan Chase,traditional_bank
2026-01-06,331.41326904296875,JPM,JPMorgan Chase,traditional_bank
2026-01-07,323.8660888671875,JPM,JPMorgan Chase,traditional_bank
2026-01-08,326.63934326171875,JPM,JPMorgan Chase,traditional_bank
2026-01-09,326.0450744628906,JPM,JPMorgan Chase,traditional_bank
2026-01-12,321.38995361328125,JPM,JPMorgan Chase,traditional_bank
2026-01-13,307.9297790527344,JPM,JPMorgan Chase,traditional_bank
2026-01-14,304.9287414550781,JPM,JPMorgan Chase,traditional_bank
2026-01-15,306.30548095703125,JPM,JPMorgan Chase,traditional_bank
2026-01-16,309.48480224609375,JPM,JPMorgan Chase,traditional_bank
2026-01-20,299.8477478027344,JPM,JPMorgan Chase,traditional_bank
2026-01-21,299.15447998046875,JPM,JPMorgan Chase,traditional_bank
2026-01-22,300.729248046875,JPM,JPMorgan Chase,traditional_bank
2026-01-23,294.8757019042969,JPM,JPMorgan Chase,traditional_bank
2026-01-26,298.16400146484375,JPM,JPMorgan Chase,traditional_bank
2026-01-27,297.44097900390625,JPM,JPMorgan Chase,traditional_bank
2026-01-28,297.89654541015625,JPM,JPMorgan Chase,traditional_bank
2026-01-29,303.49261474609375,JPM,JPMorgan Chase,traditional_bank
2026-01-30,302.9676818847656,JPM,JPMorgan Chase,traditional_bank
2026-02-02,305.1961975097656,JPM,JPMorgan Chase,traditional_bank
2026-02-03,311.8420715332031,JPM,JPMorgan Chase,traditional_bank
2026-02-04,314.2389221191406,JPM,JPMorgan Chase,traditional_bank
2026-02-05,307.1968688964844,JPM,JPMorgan Chase,traditional_bank
2026-02-06,319.3199462890625,JPM,JPMorgan Chase,traditional_bank
2026-02-09,319.0228271484375,JPM,JPMorgan Chase,traditional_bank
2026-02-10,315.2392883300781,JPM,JPMorgan Chase,traditional_bank
2026-02-11,307.8505859375,JPM,JPMorgan Chase,traditional_bank
2026-02-12,299.74871826171875,JPM,JPMorgan Chase,traditional_bank
2026-02-13,299.6595458984375,JPM,JPMorgan Chase,traditional_bank
2026-02-17,304.19580078125,JPM,JPMorgan Chase,traditional_bank
2026-02-18,305.8300476074219,JPM,JPMorgan Chase,traditional_bank
2026-02-19,305.1070251464844,JPM,JPMorgan Chase,traditional_bank
2026-02-20,307.82086181640625,JPM,JPMorgan Chase,traditional_bank
2026-02-23,294.82623291015625,JPM,JPMorgan Chase,traditional_bank
2026-02-24,294.459716796875,JPM,JPMorgan Chase,traditional_bank
2026-02-25,300.4023742675781,JPM,JPMorgan Chase,traditional_bank
2026-02-26,303.20538330078125,JPM,JPMorgan Chase,traditional_bank
2026-02-27,297.4310607910156,JPM,JPMorgan Chase,traditional_bank
2026-03-02,294.7172546386719,JPM,JPMorgan Chase,traditional_bank
2026-03-03,297.3914489746094,JPM,JPMorgan Chase,traditional_bank
2026-03-04,296.52978515625,JPM,JPMorgan Chase,traditional_bank
2026-03-05,290.74554443359375,JPM,JPMorgan Chase,traditional_bank
2026-03-06,286.7144470214844,JPM,JPMorgan Chase,traditional_bank
2026-03-09,287.1502685546875,JPM,JPMorgan Chase,traditional_bank
2026-03-10,285.97161865234375,JPM,JPMorgan Chase,traditional_bank
2026-03-11,284.7731628417969,JPM,JPMorgan Chase,traditional_bank
2026-03-12,280.18743896484375,JPM,JPMorgan Chase,traditional_bank
2026-03-13,280.7321472167969,JPM,JPMorgan Chase,traditional_bank
2026-03-16,283.4261474609375,JPM,JPMorgan Chase,traditional_bank
2026-03-17,284.1492004394531,JPM,JPMorgan Chase,traditional_bank
2026-03-18,284.99102783203125,JPM,JPMorgan Chase,traditional_bank
2026-03-19,285.2188720703125,JPM,JPMorgan Chase,traditional_bank
2026-03-20,283.82232666015625,JPM,JPMorgan Chase,traditional_bank
2026-03-23,287.14031982421875,JPM,JPMorgan Chase,traditional_bank
2026-03-24,289.6065368652344,JPM,JPMorgan Chase,traditional_bank
2026-03-25,292.59771728515625,JPM,JPMorgan Chase,traditional_bank
2026-03-26,288.87359619140625,JPM,JPMorgan Chase,traditional_bank
2026-03-27,280.13787841796875,JPM,JPMorgan Chase,traditional_bank
2026-03-30,281.0589904785156,JPM,JPMorgan Chase,traditional_bank
2026-03-31,291.3497314453125,JPM,JPMorgan Chase,traditional_bank
2026-04-01,292.5580749511719,JPM,JPMorgan Chase,traditional_bank
2026-04-02,291.7855224609375,JPM,JPMorgan Chase,traditional_bank
2026-04-06,294.125,JPM,JPMorgan Chase,traditional_bank
2026-04-07,296.0662536621094,JPM,JPMorgan Chase,traditional_bank
2026-04-08,306.5888366699219,JPM,JPMorgan Chase,traditional_bank
2026-04-09,308.938232421875,JPM,JPMorgan Chase,traditional_bank
2026-04-10,308.4803161621094,JPM,JPMorgan Chase,traditional_bank
2026-04-13,312.2732238769531,JPM,JPMorgan Chase,traditional_bank
2026-04-14,309.7247009277344,JPM,JPMorgan Chase,traditional_bank
2026-04-15,304.5579833984375,JPM,JPMorgan Chase,traditional_bank
2026-04-16,308.5599670410156,JPM,JPMorgan Chase,traditional_bank
2026-04-17,308.8984375,JPM,JPMorgan Chase,traditional_bank
2026-04-20,315.5683898925781,JPM,JPMorgan Chase,traditional_bank
2026-04-21,311.5962829589844,JPM,JPMorgan Chase,traditional_bank
2026-04-22,311.6161804199219,JPM,JPMorgan Chase,traditional_bank
2026-04-23,310.29217529296875,JPM,JPMorgan Chase,traditional_bank
2026-04-24,306.8974609375,JPM,JPMorgan Chase,traditional_bank
2026-04-27,310.232421875,JPM,JPMorgan Chase,traditional_bank
2026-04-28,310.0532531738281,JPM,JPMorgan Chase,traditional_bank
2026-04-29,307.86309814453125,JPM,JPMorgan Chase,traditional_bank
2026-04-30,311.82525634765625,JPM,JPMorgan Chase,traditional_bank
2026-05-01,311.06866455078125,JPM,JPMorgan Chase,traditional_bank
2026-05-04,306.270263671875,JPM,JPMorgan Chase,traditional_bank
2026-05-05,308.0124206542969,JPM,JPMorgan Chase,traditional_bank
2026-05-06,313.4877624511719,JPM,JPMorgan Chase,traditional_bank
2026-05-07,304.8964538574219,JPM,JPMorgan Chase,traditional_bank
2026-05-08,300.74517822265625,JPM,JPMorgan Chase,traditional_bank
2026-05-11,298.6545715332031,JPM,JPMorgan Chase,traditional_bank
2026-05-12,303.5126953125,JPM,JPMorgan Chase,traditional_bank
2026-05-13,298.9034729003906,JPM,JPMorgan Chase,traditional_bank
2026-05-14,298.56500244140625,JPM,JPMorgan Chase,traditional_bank
2026-05-15,296.4743957519531,JPM,JPMorgan Chase,traditional_bank
2026-05-18,299.3813171386719,JPM,JPMorgan Chase,traditional_bank
2026-05-19,294.3738708496094,JPM,JPMorgan Chase,traditional_bank
2026-05-20,300.625732421875,JPM,JPMorgan Chase,traditional_bank
2026-05-21,301.6411437988281,JPM,JPMorgan Chase,traditional_bank
2026-05-22,305.0059814453125,JPM,JPMorgan Chase,traditional_bank
2026-05-26,305.3643493652344,JPM,JPMorgan Chase,traditional_bank
2026-05-27,297.93780517578125,JPM,JPMorgan Chase,traditional_bank
2026-05-28,295.3992614746094,JPM,JPMorgan Chase,traditional_bank
2026-05-29,297.9676818847656,JPM,JPMorgan Chase,traditional_bank
2026-06-01,295.2499084472656,JPM,JPMorgan Chase,traditional_bank
2026-06-02,299.6102600097656,JPM,JPMorgan Chase,traditional_bank
2026-06-03,299.50079345703125,JPM,JPMorgan Chase,traditional_bank
2026-06-04,309.4957580566406,JPM,JPMorgan Chase,traditional_bank
2026-06-05,310.9691162109375,JPM,JPMorgan Chase,traditional_bank
2026-06-08,309.7147521972656,JPM,JPMorgan Chase,traditional_bank
2026-06-09,311.2976379394531,JPM,JPMorgan Chase,traditional_bank
2026-06-10,307.75360107421875,JPM,JPMorgan Chase,traditional_bank
2026-06-11,312.0840759277344,JPM,JPMorgan Chase,traditional_bank
2026-06-12,319.28167724609375,JPM,JPMorgan Chase,traditional_bank
2026-06-15,317.96759033203125,JPM,JPMorgan Chase,traditional_bank
2026-06-16,329.6549377441406,JPM,JPMorgan Chase,traditional_bank
2026-06-17,331.9645080566406,JPM,JPMorgan Chase,traditional_bank
2026-06-18,323.761474609375,JPM,JPMorgan Chase,traditional_bank
2026-06-22,329.993408203125,JPM,JPMorgan Chase,traditional_bank
2026-06-23,332.6414794921875,JPM,JPMorgan Chase,traditional_bank
2026-06-24,331.95458984375,JPM,JPMorgan Chase,traditional_bank
2026-06-25,333.6170654296875,JPM,JPMorgan Chase,traditional_bank
2026-06-26,327.57427978515625,JPM,JPMorgan Chase,traditional_bank
2026-06-29,327.91278076171875,JPM,JPMorgan Chase,traditional_bank
2026-06-30,325.86199951171875,JPM,JPMorgan Chase,traditional_bank
2026-07-01,332.5718078613281,JPM,JPMorgan Chase,traditional_bank
2026-07-02,332.9700012207031,JPM,JPMorgan Chase,traditional_bank
2026-07-06,337.7200012207031,JPM,JPMorgan Chase,traditional_bank
2026-07-07,339.2200012207031,JPM,JPMorgan Chase,traditional_bank
2026-07-08,330.6199951171875,JPM,JPMorgan Chase,traditional_bank
2026-07-09,335.4700012207031,JPM,JPMorgan Chase,traditional_bank
2026-07-10,336.4700012207031,JPM,JPMorgan Chase,traditional_bank
2026-07-13,334.5299987792969,JPM,JPMorgan Chase,traditional_bank
2026-07-14,342.8900146484375,JPM,JPMorgan Chase,traditional_bank
2026-07-15,346.9100036621094,JPM,JPMorgan Chase,traditional_bank
2026-07-16,343.1499938964844,JPM,JPMorgan Chase,traditional_bank
2026-07-17,341.1000061035156,JPM,JPMorgan Chase,traditional_bank
2026-07-20,338.8699951171875,JPM,JPMorgan Chase,traditional_bank
2026-07-21,345.2300109863281,JPM,JPMorgan Chase,traditional_bank
2026-07-22,348.2099914550781,JPM,JPMorgan Chase,traditional_bank
2026-07-23,349.8999938964844,JPM,JPMorgan Chase,traditional_bank
2026-07-24,353.2099914550781,JPM,JPMorgan Chase,traditional_bank
2026-07-27,356.20001220703125,JPM,JPMorgan Chase,traditional_bank
2026-07-28,357.30999755859375,JPM,JPMorgan Chase,traditional_bank
2026-07-29,344.7099914550781,JPM,JPMorgan Chase,traditional_bank
2026-07-30,350.8500061035156,JPM,JPMorgan Chase,traditional_bank
2026-07-31,351.7900085449219,JPM,JPMorgan Chase,traditional_bank
2018-01-02,32.396766662597656,HSBC,HSBC,traditional_bank
2018-01-03,32.23604965209961,HSBC,HSBC,traditional_bank
2018-01-04,32.30405044555664,HSBC,HSBC,traditional_bank
2018-01-05,32.248409271240234,HSBC,HSBC,traditional_bank
2018-01-08,31.98879623413086,HSBC,HSBC,traditional_bank
2018-01-09,32.23604965209961,HSBC,HSBC,traditional_bank
2018-01-10,33.33016586303711,HSBC,HSBC,traditional_bank
2018-01-11,33.56505584716797,HSBC,HSBC,traditional_bank
2018-01-12,33.89266586303711,HSBC,HSBC,traditional_bank
2018-01-16,33.935935974121094,HSBC,HSBC,traditional_bank
2018-01-17,34.38099670410156,HSBC,HSBC,traditional_bank
2018-01-18,34.23881912231445,HSBC,HSBC,traditional_bank
2018-01-19,34.220279693603516,HSBC,HSBC,traditional_bank
2018-01-22,34.28828811645508,HSBC,HSBC,traditional_bank
2018-01-23,34.282100677490234,HSBC,HSBC,traditional_bank
2018-01-24,34.36863708496094,HSBC,HSBC,traditional_bank
2018-01-25,34.07194137573242,HSBC,HSBC,traditional_bank
2018-01-26,34.25736618041992,HSBC,HSBC,traditional_bank
2018-01-29,33.8370361328125,HSBC,HSBC,traditional_bank
2018-01-30,33.503231048583984,HSBC,HSBC,traditional_bank
2018-01-31,33.32398223876953,HSBC,HSBC,traditional_bank
2018-02-01,33.45996856689453,HSBC,HSBC,traditional_bank
2018-02-02,32.94073486328125,HSBC,HSBC,traditional_bank
2018-02-05,31.88371467590332,HSBC,HSBC,traditional_bank
2018-02-06,32.35968017578125,HSBC,HSBC,traditional_bank
2018-02-07,31.98261260986328,HSBC,HSBC,traditional_bank
2018-02-08,31.432464599609375,HSBC,HSBC,traditional_bank
2018-02-09,31.766267776489258,HSBC,HSBC,traditional_bank
2018-02-12,31.760072708129883,HSBC,HSBC,traditional_bank
2018-02-13,31.945524215698242,HSBC,HSBC,traditional_bank
2018-02-14,32.88509750366211,HSBC,HSBC,traditional_bank
2018-02-15,33.22507095336914,HSBC,HSBC,traditional_bank
2018-02-16,33.27452850341797,HSBC,HSBC,traditional_bank
2018-02-20,32.15568923950195,HSBC,HSBC,traditional_bank
2018-02-21,32.25459289550781,HSBC,HSBC,traditional_bank
2018-02-22,32.19782257080078,HSBC,HSBC,traditional_bank
2018-02-23,32.31767654418945,HSBC,HSBC,traditional_bank
2018-02-26,32.27350997924805,HSBC,HSBC,traditional_bank
2018-02-27,31.64268684387207,HSBC,HSBC,traditional_bank
2018-02-28,31.3083438873291,HSBC,HSBC,traditional_bank
2018-03-01,31.289419174194336,HSBC,HSBC,traditional_bank
2018-03-02,31.213720321655273,HSBC,HSBC,traditional_bank
2018-03-05,31.10647201538086,HSBC,HSBC,traditional_bank
2018-03-06,31.150634765625,HSBC,HSBC,traditional_bank
2018-03-07,31.062313079833984,HSBC,HSBC,traditional_bank
2018-03-08,30.96769905090332,HSBC,HSBC,traditional_bank
2018-03-09,31.25787925720215,HSBC,HSBC,traditional_bank
2018-03-12,31.156938552856445,HSBC,HSBC,traditional_bank
2018-03-13,30.9361572265625,HSBC,HSBC,traditional_bank
2018-03-14,30.7405948638916,HSBC,HSBC,traditional_bank
2018-03-15,31.068628311157227,HSBC,HSBC,traditional_bank
2018-03-16,31.28310775756836,HSBC,HSBC,traditional_bank
2018-03-19,31.182180404663086,HSBC,HSBC,traditional_bank
2018-03-20,31.1884822845459,HSBC,HSBC,traditional_bank
2018-03-21,31.12540626525879,HSBC,HSBC,traditional_bank
2018-03-22,30.299009323120117,HSBC,HSBC,traditional_bank
2018-03-23,29.838497161865234,HSBC,HSBC,traditional_bank
2018-03-26,30.431482315063477,HSBC,HSBC,traditional_bank
2018-03-27,30.034055709838867,HSBC,HSBC,traditional_bank
2018-03-28,30.109758377075195,HSBC,HSBC,traditional_bank
2018-03-29,30.0719051361084,HSBC,HSBC,traditional_bank
2018-04-02,29.863731384277344,HSBC,HSBC,traditional_bank
2018-04-03,29.933122634887695,HSBC,HSBC,traditional_bank
2018-04-04,30.027748107910156,HSBC,HSBC,traditional_bank
2018-04-05,30.116064071655273,HSBC,HSBC,traditional_bank
2018-04-06,29.756484985351562,HSBC,HSBC,traditional_bank
2018-04-09,30.109758377075195,HSBC,HSBC,traditional_bank
2018-04-10,30.444093704223633,HSBC,HSBC,traditional_bank
2018-04-11,30.532411575317383,HSBC,HSBC,traditional_bank
2018-04-12,30.97399139404297,HSBC,HSBC,traditional_bank
2018-04-13,30.99292755126953,HSBC,HSBC,traditional_bank
2018-04-16,30.746898651123047,HSBC,HSBC,traditional_bank
2018-04-17,30.809993743896484,HSBC,HSBC,traditional_bank
2018-04-18,30.63965606689453,HSBC,HSBC,traditional_bank
2018-04-19,31.1695556640625,HSBC,HSBC,traditional_bank
2018-04-20,31.302034378051758,HSBC,HSBC,traditional_bank
2018-04-23,31.510210037231445,HSBC,HSBC,traditional_bank
2018-04-24,31.529138565063477,HSBC,HSBC,traditional_bank
2018-04-25,31.617450714111328,HSBC,HSBC,traditional_bank
2018-04-26,31.51651382446289,HSBC,HSBC,traditional_bank
2018-04-27,31.686847686767578,HSBC,HSBC,traditional_bank
2018-04-30,31.705760955810547,HSBC,HSBC,traditional_bank
2018-05-01,31.623769760131836,HSBC,HSBC,traditional_bank
2018-05-02,31.51651382446289,HSBC,HSBC,traditional_bank
2018-05-03,31.440814971923828,HSBC,HSBC,traditional_bank
2018-05-04,30.89830780029297,HSBC,HSBC,traditional_bank
2018-05-07,30.778438568115234,HSBC,HSBC,traditional_bank
2018-05-08,30.677509307861328,HSBC,HSBC,traditional_bank
2018-05-09,31.25156593322754,HSBC,HSBC,traditional_bank
2018-05-10,31.49759292602539,HSBC,HSBC,traditional_bank
2018-05-11,31.65530014038086,HSBC,HSBC,traditional_bank
2018-05-14,31.680532455444336,HSBC,HSBC,traditional_bank
2018-05-15,31.661619186401367,HSBC,HSBC,traditional_bank
2018-05-16,31.7373104095459,HSBC,HSBC,traditional_bank
2018-05-17,31.62900161743164,HSBC,HSBC,traditional_bank
2018-05-18,31.718196868896484,HSBC,HSBC,traditional_bank
2018-05-21,31.839256286621094,HSBC,HSBC,traditional_bank
2018-05-22,32.183326721191406,HSBC,HSBC,traditional_bank
2018-05-23,31.7054443359375,HSBC,HSBC,traditional_bank
2018-05-24,31.431474685668945,HSBC,HSBC,traditional_bank
2018-05-25,31.310413360595703,HSBC,HSBC,traditional_bank
2018-05-29,30.68598175048828,HSBC,HSBC,traditional_bank
2018-05-30,30.9918270111084,HSBC,HSBC,traditional_bank
2018-05-31,30.826152801513672,HSBC,HSBC,traditional_bank
2018-06-01,31.074655532836914,HSBC,HSBC,traditional_bank
2018-06-04,31.272178649902344,HSBC,HSBC,traditional_bank
2018-06-05,31.042800903320312,HSBC,HSBC,traditional_bank
2018-06-06,31.444211959838867,HSBC,HSBC,traditional_bank
2018-06-07,31.425100326538086,HSBC,HSBC,traditional_bank
2018-06-08,31.463327407836914,HSBC,HSBC,traditional_bank
2018-06-11,31.405986785888672,HSBC,HSBC,traditional_bank
2018-06-12,31.38686752319336,HSBC,HSBC,traditional_bank
2018-06-13,31.412349700927734,HSBC,HSBC,traditional_bank
2018-06-14,31.323152542114258,HSBC,HSBC,traditional_bank
2018-06-15,30.908994674682617,HSBC,HSBC,traditional_bank
2018-06-18,30.908994674682617,HSBC,HSBC,traditional_bank
2018-06-19,30.641387939453125,HSBC,HSBC,traditional_bank
2018-06-20,30.743328094482422,HSBC,HSBC,traditional_bank
2018-06-21,30.2144775390625,HSBC,HSBC,traditional_bank
2018-06-22,30.552183151245117,HSBC,HSBC,traditional_bank
2018-06-25,30.048812866210938,HSBC,HSBC,traditional_bank
2018-06-26,30.265457153320312,HSBC,HSBC,traditional_bank
2018-06-27,29.67288589477539,HSBC,HSBC,traditional_bank
2018-06-28,29.90864372253418,HSBC,HSBC,traditional_bank
2018-06-29,30.036073684692383,HSBC,HSBC,traditional_bank
2018-07-02,29.641029357910156,HSBC,HSBC,traditional_bank
2018-07-03,29.774837493896484,HSBC,HSBC,traditional_bank
2018-07-05,30.01696014404297,HSBC,HSBC,traditional_bank
2018-07-06,30.036073684692383,HSBC,HSBC,traditional_bank
2018-07-09,30.48846435546875,HSBC,HSBC,traditional_bank
2018-07-10,30.233591079711914,HSBC,HSBC,traditional_bank
2018-07-11,29.80031967163086,HSBC,HSBC,traditional_bank
2018-07-12,30.29730796813965,HSBC,HSBC,traditional_bank
2018-07-13,30.227224349975586,HSBC,HSBC,traditional_bank
2018-07-16,30.265457153320312,HSBC,HSBC,traditional_bank
2018-07-17,29.97235679626465,HSBC,HSBC,traditional_bank
2018-07-18,30.22085952758789,HSBC,HSBC,traditional_bank
2018-07-19,30.036073684692383,HSBC,HSBC,traditional_bank
2018-07-20,30.188989639282227,HSBC,HSBC,traditional_bank
2018-07-23,30.450239181518555,HSBC,HSBC,traditional_bank
2018-07-24,30.84527587890625,HSBC,HSBC,traditional_bank
2018-07-25,30.90261459350586,HSBC,HSBC,traditional_bank
2018-07-26,30.60952377319336,HSBC,HSBC,traditional_bank
2018-07-27,30.717838287353516,HSBC,HSBC,traditional_bank
2018-07-30,30.692350387573242,HSBC,HSBC,traditional_bank
2018-07-31,30.85164451599121,HSBC,HSBC,traditional_bank
2018-08-01,30.208110809326172,HSBC,HSBC,traditional_bank
2018-08-02,29.6983642578125,HSBC,HSBC,traditional_bank
2018-08-03,30.067934036254883,HSBC,HSBC,traditional_bank
2018-08-06,29.57731056213379,HSBC,HSBC,traditional_bank
2018-08-07,29.781206130981445,HSBC,HSBC,traditional_bank
2018-08-08,30.042448043823242,HSBC,HSBC,traditional_bank
2018-08-09,29.927753448486328,HSBC,HSBC,traditional_bank
2018-08-10,29.558197021484375,HSBC,HSBC,traditional_bank
2018-08-13,29.303329467773438,HSBC,HSBC,traditional_bank
2018-08-14,29.32244110107422,HSBC,HSBC,traditional_bank
2018-08-15,28.844573974609375,HSBC,HSBC,traditional_bank
2018-08-16,29.04430389404297,HSBC,HSBC,traditional_bank
2018-08-17,28.941213607788086,HSBC,HSBC,traditional_bank
2018-08-20,29.024965286254883,HSBC,HSBC,traditional_bank
2018-08-21,29.05074119567871,HSBC,HSBC,traditional_bank
2018-08-22,29.11516761779785,HSBC,HSBC,traditional_bank
2018-08-23,28.657726287841797,HSBC,HSBC,traditional_bank
2018-08-24,28.683502197265625,HSBC,HSBC,traditional_bank
2018-08-27,29.205366134643555,HSBC,HSBC,traditional_bank
2018-08-28,28.934768676757812,HSBC,HSBC,traditional_bank
2018-08-29,29.05074119567871,HSBC,HSBC,traditional_bank
2018-08-30,28.567527770996094,HSBC,HSBC,traditional_bank
2018-08-31,28.354917526245117,HSBC,HSBC,traditional_bank
2018-09-04,28.412899017333984,HSBC,HSBC,traditional_bank
2018-09-05,28.206722259521484,HSBC,HSBC,traditional_bank
2018-09-06,27.897470474243164,HSBC,HSBC,traditional_bank
2018-09-07,27.588224411010742,HSBC,HSBC,traditional_bank
2018-09-10,27.646203994750977,HSBC,HSBC,traditional_bank
2018-09-11,27.581775665283203,HSBC,HSBC,traditional_bank
2018-09-12,27.659082412719727,HSBC,HSBC,traditional_bank
2018-09-13,28.097200393676758,HSBC,HSBC,traditional_bank
2018-09-14,28.058536529541016,HSBC,HSBC,traditional_bank
2018-09-17,28.045656204223633,HSBC,HSBC,traditional_bank
2018-09-18,27.89102554321289,HSBC,HSBC,traditional_bank
2018-09-19,28.470890045166016,HSBC,HSBC,traditional_bank
2018-09-20,28.857454299926758,HSBC,HSBC,traditional_bank
2018-09-21,28.941213607788086,HSBC,HSBC,traditional_bank
2018-09-24,28.767250061035156,HSBC,HSBC,traditional_bank
2018-09-25,28.8381290435791,HSBC,HSBC,traditional_bank
2018-09-26,28.92833137512207,HSBC,HSBC,traditional_bank
2018-09-27,28.915437698364258,HSBC,HSBC,traditional_bank
2018-09-28,28.34203338623047,HSBC,HSBC,traditional_bank
2018-10-01,28.419343948364258,HSBC,HSBC,traditional_bank
2018-10-02,28.09075927734375,HSBC,HSBC,traditional_bank
2018-10-03,28.451555252075195,HSBC,HSBC,traditional_bank
2018-10-04,28.47732925415039,HSBC,HSBC,traditional_bank
2018-10-05,28.232505798339844,HSBC,HSBC,traditional_bank
2018-10-08,28.06498908996582,HSBC,HSBC,traditional_bank
2018-10-09,28.026325225830078,HSBC,HSBC,traditional_bank
2018-10-10,27.81371307373047,HSBC,HSBC,traditional_bank
2018-10-11,27.233591079711914,HSBC,HSBC,traditional_bank
2018-10-12,27.36395263671875,HSBC,HSBC,traditional_bank
2018-10-15,27.220548629760742,HSBC,HSBC,traditional_bank
2018-10-16,27.200990676879883,HSBC,HSBC,traditional_bank
2018-10-17,27.070627212524414,HSBC,HSBC,traditional_bank
2018-10-18,26.171091079711914,HSBC,HSBC,traditional_bank
2018-10-19,26.373165130615234,HSBC,HSBC,traditional_bank
2018-10-22,26.301467895507812,HSBC,HSBC,traditional_bank
2018-10-23,25.682222366333008,HSBC,HSBC,traditional_bank
2018-10-24,25.141199111938477,HSBC,HSBC,traditional_bank
2018-10-25,25.512746810913086,HSBC,HSBC,traditional_bank
2018-10-26,25.199865341186523,HSBC,HSBC,traditional_bank
2018-10-29,26.190658569335938,HSBC,HSBC,traditional_bank
2018-10-30,26.510047912597656,HSBC,HSBC,traditional_bank
2018-10-31,26.7838191986084,HSBC,HSBC,traditional_bank
2018-11-01,27.090185165405273,HSBC,HSBC,traditional_bank
2018-11-02,27.350915908813477,HSBC,HSBC,traditional_bank
2018-11-05,27.181438446044922,HSBC,HSBC,traditional_bank
2018-11-06,27.2401123046875,HSBC,HSBC,traditional_bank
2018-11-07,27.55950164794922,HSBC,HSBC,traditional_bank
2018-11-08,27.331361770629883,HSBC,HSBC,traditional_bank
2018-11-09,26.87508201599121,HSBC,HSBC,traditional_bank
2018-11-12,26.646936416625977,HSBC,HSBC,traditional_bank
2018-11-13,27.2401123046875,HSBC,HSBC,traditional_bank
2018-11-14,27.22707748413086,HSBC,HSBC,traditional_bank
2018-11-15,27.637720108032227,HSBC,HSBC,traditional_bank
2018-11-16,27.533430099487305,HSBC,HSBC,traditional_bank
2018-11-19,27.318321228027344,HSBC,HSBC,traditional_bank
2018-11-20,26.757749557495117,HSBC,HSBC,traditional_bank
2018-11-21,27.29224967956543,HSBC,HSBC,traditional_bank
2018-11-23,27.207515716552734,HSBC,HSBC,traditional_bank
2018-11-26,28.139638900756836,HSBC,HSBC,traditional_bank
2018-11-27,27.931041717529297,HSBC,HSBC,traditional_bank
2018-11-28,28.204818725585938,HSBC,HSBC,traditional_bank
2018-11-29,27.90497398376465,HSBC,HSBC,traditional_bank
2018-11-30,27.72897720336914,HSBC,HSBC,traditional_bank
2018-12-03,28.335186004638672,HSBC,HSBC,traditional_bank
2018-12-04,27.73550033569336,HSBC,HSBC,traditional_bank
2018-12-06,26.731674194335938,HSBC,HSBC,traditional_bank
2018-12-07,26.627376556396484,HSBC,HSBC,traditional_bank
2018-12-10,26.340574264526367,HSBC,HSBC,traditional_bank
2018-12-11,26.242794036865234,HSBC,HSBC,traditional_bank
2018-12-12,26.95329475402832,HSBC,HSBC,traditional_bank
2018-12-13,26.933746337890625,HSBC,HSBC,traditional_bank
2018-12-14,26.659975051879883,HSBC,HSBC,traditional_bank
2018-12-17,26.529603958129883,HSBC,HSBC,traditional_bank
2018-12-18,26.58827018737793,HSBC,HSBC,traditional_bank
2018-12-19,26.294946670532227,HSBC,HSBC,traditional_bank
2018-12-20,26.712116241455078,HSBC,HSBC,traditional_bank
2018-12-21,26.4383487701416,HSBC,HSBC,traditional_bank
2018-12-24,26.31450653076172,HSBC,HSBC,traditional_bank
2018-12-26,26.87508201599121,HSBC,HSBC,traditional_bank
2018-12-27,26.529603958129883,HSBC,HSBC,traditional_bank
2018-12-28,26.770780563354492,HSBC,HSBC,traditional_bank
2018-12-31,26.796855926513672,HSBC,HSBC,traditional_bank
2019-01-02,26.646936416625977,HSBC,HSBC,traditional_bank
2019-01-03,26.353607177734375,HSBC,HSBC,traditional_bank
2019-01-04,27.122774124145508,HSBC,HSBC,traditional_bank
2019-01-07,26.757749557495117,HSBC,HSBC,traditional_bank
2019-01-08,26.829448699951172,HSBC,HSBC,traditional_bank
2019-01-09,27.01197052001953,HSBC,HSBC,traditional_bank
2019-01-10,27.070627212524414,HSBC,HSBC,traditional_bank
2019-01-11,26.998924255371094,HSBC,HSBC,traditional_bank
2019-01-14,26.712116241455078,HSBC,HSBC,traditional_bank
2019-01-15,26.868562698364258,HSBC,HSBC,traditional_bank
2019-01-16,27.0771484375,HSBC,HSBC,traditional_bank
2019-01-17,27.0445613861084,HSBC,HSBC,traditional_bank
2019-01-18,27.32483673095703,HSBC,HSBC,traditional_bank
2019-01-22,26.972854614257812,HSBC,HSBC,traditional_bank
2019-01-23,27.142330169677734,HSBC,HSBC,traditional_bank
2019-01-24,26.992406845092773,HSBC,HSBC,traditional_bank
2019-01-25,27.285730361938477,HSBC,HSBC,traditional_bank
2019-01-28,27.129297256469727,HSBC,HSBC,traditional_bank
2019-01-29,27.429140090942383,HSBC,HSBC,traditional_bank
2019-01-30,27.689868927001953,HSBC,HSBC,traditional_bank
2019-01-31,27.46172332763672,HSBC,HSBC,traditional_bank
2019-02-01,27.187959671020508,HSBC,HSBC,traditional_bank
2019-02-04,27.357431411743164,HSBC,HSBC,traditional_bank
2019-02-05,27.598609924316406,HSBC,HSBC,traditional_bank
2019-02-06,27.442171096801758,HSBC,HSBC,traditional_bank
2019-02-07,27.259658813476562,HSBC,HSBC,traditional_bank
2019-02-08,27.214040756225586,HSBC,HSBC,traditional_bank
2019-02-11,27.16840171813965,HSBC,HSBC,traditional_bank
2019-02-12,27.442171096801758,HSBC,HSBC,traditional_bank
2019-02-13,27.592086791992188,HSBC,HSBC,traditional_bank
2019-02-14,27.6181697845459,HSBC,HSBC,traditional_bank
2019-02-15,27.898452758789062,HSBC,HSBC,traditional_bank
2019-02-19,27.064115524291992,HSBC,HSBC,traditional_bank
2019-02-20,27.46172332763672,HSBC,HSBC,traditional_bank
2019-02-21,27.281234741210938,HSBC,HSBC,traditional_bank
2019-02-22,27.21438217163086,HSBC,HSBC,traditional_bank
2019-02-25,27.13416290283203,HSBC,HSBC,traditional_bank
2019-02-26,27.247812271118164,HSBC,HSBC,traditional_bank
2019-02-27,27.49515151977539,HSBC,HSBC,traditional_bank
2019-02-28,27.294599533081055,HSBC,HSBC,traditional_bank
2019-03-01,27.147537231445312,HSBC,HSBC,traditional_bank
2019-03-04,27.194332122802734,HSBC,HSBC,traditional_bank
2019-03-05,27.408254623413086,HSBC,HSBC,traditional_bank
2019-03-06,27.388195037841797,HSBC,HSBC,traditional_bank
2019-03-07,27.32134246826172,HSBC,HSBC,traditional_bank
2019-03-08,27.32134246826172,HSBC,HSBC,traditional_bank
2019-03-11,27.414934158325195,HSBC,HSBC,traditional_bank
2019-03-12,27.45503807067871,HSBC,HSBC,traditional_bank
2019-03-13,27.488466262817383,HSBC,HSBC,traditional_bank
2019-03-14,27.501829147338867,HSBC,HSBC,traditional_bank
2019-03-15,27.682329177856445,HSBC,HSBC,traditional_bank
2019-03-18,27.762548446655273,HSBC,HSBC,traditional_bank
2019-03-19,27.662277221679688,HSBC,HSBC,traditional_bank
2019-03-20,27.54863166809082,HSBC,HSBC,traditional_bank
2019-03-21,27.45503807067871,HSBC,HSBC,traditional_bank
2019-03-22,27.020517349243164,HSBC,HSBC,traditional_bank
2019-03-25,27.027202606201172,HSBC,HSBC,traditional_bank
2019-03-26,27.127485275268555,HSBC,HSBC,traditional_bank
2019-03-27,27.174274444580078,HSBC,HSBC,traditional_bank
2019-03-28,27.080686569213867,HSBC,HSBC,traditional_bank
2019-03-29,27.127485275268555,HSBC,HSBC,traditional_bank
2019-04-01,27.916303634643555,HSBC,HSBC,traditional_bank
2019-04-02,28.177013397216797,HSBC,HSBC,traditional_bank
2019-04-03,28.444416046142578,HSBC,HSBC,traditional_bank
2019-04-04,28.27728843688965,HSBC,HSBC,traditional_bank
2019-04-05,28.397619247436523,HSBC,HSBC,traditional_bank
2019-04-08,28.451099395751953,HSBC,HSBC,traditional_bank
2019-04-09,28.497894287109375,HSBC,HSBC,traditional_bank
2019-04-10,28.437725067138672,HSBC,HSBC,traditional_bank
2019-04-11,28.47115135192871,HSBC,HSBC,traditional_bank
2019-04-12,28.771976470947266,HSBC,HSBC,traditional_bank
2019-04-15,28.671703338623047,HSBC,HSBC,traditional_bank
2019-04-16,28.965839385986328,HSBC,HSBC,traditional_bank
2019-04-17,29.052745819091797,HSBC,HSBC,traditional_bank
2019-04-18,28.91236114501953,HSBC,HSBC,traditional_bank
2019-04-22,28.892301559448242,HSBC,HSBC,traditional_bank
2019-04-23,28.84551239013672,HSBC,HSBC,traditional_bank
2019-04-24,28.631591796875,HSBC,HSBC,traditional_bank
2019-04-25,28.58479881286621,HSBC,HSBC,traditional_bank
2019-04-26,28.792028427124023,HSBC,HSBC,traditional_bank
2019-04-29,28.945781707763672,HSBC,HSBC,traditional_bank
2019-04-30,29.12627410888672,HSBC,HSBC,traditional_bank
2019-05-01,28.878938674926758,HSBC,HSBC,traditional_bank
2019-05-02,29.059429168701172,HSBC,HSBC,traditional_bank
2019-05-03,29.881668090820312,HSBC,HSBC,traditional_bank
2019-05-06,29.273344039916992,HSBC,HSBC,traditional_bank
2019-05-07,28.84551239013672,HSBC,HSBC,traditional_bank
2019-05-08,28.638280868530273,HSBC,HSBC,traditional_bank
2019-05-09,28.598167419433594,HSBC,HSBC,traditional_bank
2019-05-10,28.651641845703125,HSBC,HSBC,traditional_bank
2019-05-13,28.123537063598633,HSBC,HSBC,traditional_bank
2019-05-14,28.177013397216797,HSBC,HSBC,traditional_bank
2019-05-15,28.451099395751953,HSBC,HSBC,traditional_bank
2019-05-16,28.566089630126953,HSBC,HSBC,traditional_bank
2019-05-17,28.146699905395508,HSBC,HSBC,traditional_bank
2019-05-20,28.018173217773438,HSBC,HSBC,traditional_bank
2019-05-21,28.19405174255371,HSBC,HSBC,traditional_bank
2019-05-22,28.207578659057617,HSBC,HSBC,traditional_bank
2019-05-23,28.281993865966797,HSBC,HSBC,traditional_bank
2019-05-24,28.4105167388916,HSBC,HSBC,traditional_bank
2019-05-28,28.11288070678711,HSBC,HSBC,traditional_bank
2019-05-29,28.11288070678711,HSBC,HSBC,traditional_bank
2019-05-30,27.93023681640625,HSBC,HSBC,traditional_bank
2019-05-31,27.578489303588867,HSBC,HSBC,traditional_bank
2019-06-03,27.625837326049805,HSBC,HSBC,traditional_bank
2019-06-04,27.862594604492188,HSBC,HSBC,traditional_bank
2019-06-05,27.828765869140625,HSBC,HSBC,traditional_bank
2019-06-06,27.8558292388916,HSBC,HSBC,traditional_bank
2019-06-07,28.04524040222168,HSBC,HSBC,traditional_bank
2019-06-10,28.166994094848633,HSBC,HSBC,traditional_bank
2019-06-11,28.241411209106445,HSBC,HSBC,traditional_bank
2019-06-12,27.882892608642578,HSBC,HSBC,traditional_bank
2019-06-13,27.767894744873047,HSBC,HSBC,traditional_bank
2019-06-14,27.571727752685547,HSBC,HSBC,traditional_bank
2019-06-17,27.490554809570312,HSBC,HSBC,traditional_bank
2019-06-18,27.896413803100586,HSBC,HSBC,traditional_bank
2019-06-19,28.018173217773438,HSBC,HSBC,traditional_bank
2019-06-20,28.173763275146484,HSBC,HSBC,traditional_bank
2019-06-21,27.801713943481445,HSBC,HSBC,traditional_bank
2019-06-24,27.774656295776367,HSBC,HSBC,traditional_bank
2019-06-25,27.720539093017578,HSBC,HSBC,traditional_bank
2019-06-26,27.842300415039062,HSBC,HSBC,traditional_bank
2019-06-27,28.011411666870117,HSBC,HSBC,traditional_bank
2019-06-28,28.23464012145996,HSBC,HSBC,traditional_bank
2019-07-01,28.322572708129883,HSBC,HSBC,traditional_bank
2019-07-02,28.464632034301758,HSBC,HSBC,traditional_bank
2019-07-03,28.4781551361084,HSBC,HSBC,traditional_bank
2019-07-05,28.464632034301758,HSBC,HSBC,traditional_bank
2019-07-08,28.281993865966797,HSBC,HSBC,traditional_bank
2019-07-09,28.30228042602539,HSBC,HSBC,traditional_bank
2019-07-10,28.173763275146484,HSBC,HSBC,traditional_bank
2019-07-11,28.207578659057617,HSBC,HSBC,traditional_bank
2019-07-12,28.16023063659668,HSBC,HSBC,traditional_bank
2019-07-15,28.207578659057617,HSBC,HSBC,traditional_bank
2019-07-16,28.072298049926758,HSBC,HSBC,traditional_bank
2019-07-17,27.88965606689453,HSBC,HSBC,traditional_bank
2019-07-18,28.02494239807129,HSBC,HSBC,traditional_bank
2019-07-19,27.964065551757812,HSBC,HSBC,traditional_bank
2019-07-22,28.02494239807129,HSBC,HSBC,traditional_bank
2019-07-23,28.173763275146484,HSBC,HSBC,traditional_bank
2019-07-24,27.794950485229492,HSBC,HSBC,traditional_bank
2019-07-25,27.673192977905273,HSBC,HSBC,traditional_bank
2019-07-26,27.767894744873047,HSBC,HSBC,traditional_bank
2019-07-29,27.4634952545166,HSBC,HSBC,traditional_bank
2019-07-30,27.32144546508789,HSBC,HSBC,traditional_bank
2019-07-31,27.165864944458008,HSBC,HSBC,traditional_bank
2019-08-01,26.86822509765625,HSBC,HSBC,traditional_bank
2019-08-02,26.624711990356445,HSBC,HSBC,traditional_bank
2019-08-05,25.69798469543457,HSBC,HSBC,traditional_bank
2019-08-06,25.92120361328125,HSBC,HSBC,traditional_bank
2019-08-07,25.887388229370117,HSBC,HSBC,traditional_bank
2019-08-08,25.941495895385742,HSBC,HSBC,traditional_bank
2019-08-09,25.555932998657227,HSBC,HSBC,traditional_bank
2019-08-12,24.886260986328125,HSBC,HSBC,traditional_bank
2019-08-13,25.035072326660156,HSBC,HSBC,traditional_bank
2019-08-14,24.351869583129883,HSBC,HSBC,traditional_bank
2019-08-15,24.447906494140625,HSBC,HSBC,traditional_bank
2019-08-16,24.77716636657715,HSBC,HSBC,traditional_bank
2019-08-19,25.078994750976562,HSBC,HSBC,traditional_bank
2019-08-20,24.811464309692383,HSBC,HSBC,traditional_bank
2019-08-21,24.873207092285156,HSBC,HSBC,traditional_bank
2019-08-22,24.832048416137695,HSBC,HSBC,traditional_bank
2019-08-23,24.44104766845703,HSBC,HSBC,traditional_bank
2019-08-26,24.420461654663086,HSBC,HSBC,traditional_bank
2019-08-27,24.39302635192871,HSBC,HSBC,traditional_bank
2019-08-28,24.3724422454834,HSBC,HSBC,traditional_bank
2019-08-29,24.667415618896484,HSBC,HSBC,traditional_bank
2019-08-30,24.62625503540039,HSBC,HSBC,traditional_bank
2019-09-03,24.61253547668457,HSBC,HSBC,traditional_bank
2019-09-04,25.188751220703125,HSBC,HSBC,traditional_bank
2019-09-05,25.24362564086914,HSBC,HSBC,traditional_bank
2019-09-06,25.312225341796875,HSBC,HSBC,traditional_bank
2019-09-09,25.689504623413086,HSBC,HSBC,traditional_bank
2019-09-10,26.149105072021484,HSBC,HSBC,traditional_bank
2019-09-11,26.478364944458008,HSBC,HSBC,traditional_bank
2019-09-12,26.574399948120117,HSBC,HSBC,traditional_bank
2019-09-13,26.848787307739258,HSBC,HSBC,traditional_bank
2019-09-16,26.334312438964844,HSBC,HSBC,traditional_bank
2019-09-17,26.272579193115234,HSBC,HSBC,traditional_bank
2019-09-18,26.203983306884766,HSBC,HSBC,traditional_bank
2019-09-19,26.22456169128418,HSBC,HSBC,traditional_bank
2019-09-20,26.17654037475586,HSBC,HSBC,traditional_bank
2019-09-23,26.14224624633789,HSBC,HSBC,traditional_bank
2019-09-24,26.005050659179688,HSBC,HSBC,traditional_bank
2019-09-25,26.053064346313477,HSBC,HSBC,traditional_bank
2019-09-26,26.1353816986084,HSBC,HSBC,traditional_bank
2019-09-27,26.16281509399414,HSBC,HSBC,traditional_bank
2019-09-30,26.251998901367188,HSBC,HSBC,traditional_bank
2019-10-01,25.970752716064453,HSBC,HSBC,traditional_bank
2019-10-02,25.46999740600586,HSBC,HSBC,traditional_bank
2019-10-03,25.620908737182617,HSBC,HSBC,traditional_bank
2019-10-04,25.524873733520508,HSBC,HSBC,traditional_bank
2019-10-07,25.490577697753906,HSBC,HSBC,traditional_bank
2019-10-08,25.161314010620117,HSBC,HSBC,traditional_bank
2019-10-09,25.33280372619629,HSBC,HSBC,traditional_bank
2019-10-10,25.65963363647461,HSBC,HSBC,traditional_bank
2019-10-11,26.56363296508789,HSBC,HSBC,traditional_bank
2019-10-14,26.591449737548828,HSBC,HSBC,traditional_bank
2019-10-15,26.841779708862305,HSBC,HSBC,traditional_bank
2019-10-16,26.883508682250977,HSBC,HSBC,traditional_bank
2019-10-17,27.029531478881836,HSBC,HSBC,traditional_bank
2019-10-18,26.93217658996582,HSBC,HSBC,traditional_bank
2019-10-21,27.224241256713867,HSBC,HSBC,traditional_bank
2019-10-22,27.265966415405273,HSBC,HSBC,traditional_bank
2019-10-23,27.37027359008789,HSBC,HSBC,traditional_bank
2019-10-24,27.439809799194336,HSBC,HSBC,traditional_bank
2019-10-25,27.481534957885742,HSBC,HSBC,traditional_bank
2019-10-28,26.487136840820312,HSBC,HSBC,traditional_bank
2019-10-29,26.403690338134766,HSBC,HSBC,traditional_bank
2019-10-30,26.37587547302246,HSBC,HSBC,traditional_bank
2019-10-31,26.278526306152344,HSBC,HSBC,traditional_bank
2019-11-01,26.473230361938477,HSBC,HSBC,traditional_bank
2019-11-04,26.786149978637695,HSBC,HSBC,traditional_bank
2019-11-05,26.723567962646484,HSBC,HSBC,traditional_bank
2019-11-06,26.772245407104492,HSBC,HSBC,traditional_bank
2019-11-07,26.730518341064453,HSBC,HSBC,traditional_bank
2019-11-08,26.591449737548828,HSBC,HSBC,traditional_bank
2019-11-11,26.2228946685791,HSBC,HSBC,traditional_bank
2019-11-12,26.20203399658203,HSBC,HSBC,traditional_bank
2019-11-13,25.65963363647461,HSBC,HSBC,traditional_bank
2019-11-14,25.597049713134766,HSBC,HSBC,traditional_bank
2019-11-15,25.736120223999023,HSBC,HSBC,traditional_bank
2019-11-18,25.896059036254883,HSBC,HSBC,traditional_bank
2019-11-19,26.035140991210938,HSBC,HSBC,traditional_bank
2019-11-20,25.7987117767334,HSBC,HSBC,traditional_bank
2019-11-21,25.617908477783203,HSBC,HSBC,traditional_bank
2019-11-22,25.86128807067871,HSBC,HSBC,traditional_bank
2019-11-25,26.139446258544922,HSBC,HSBC,traditional_bank
2019-11-26,26.097726821899414,HSBC,HSBC,traditional_bank
2019-11-27,26.16030502319336,HSBC,HSBC,traditional_bank
2019-11-29,25.909971237182617,HSBC,HSBC,traditional_bank
2019-12-02,25.597049713134766,HSBC,HSBC,traditional_bank
2019-12-03,25.26326560974121,HSBC,HSBC,traditional_bank
2019-12-04,25.36061668395996,HSBC,HSBC,traditional_bank
2019-12-05,25.291086196899414,HSBC,HSBC,traditional_bank
2019-12-06,25.63876724243164,HSBC,HSBC,traditional_bank
2019-12-09,25.610960006713867,HSBC,HSBC,traditional_bank
2019-12-10,25.527511596679688,HSBC,HSBC,traditional_bank
2019-12-11,25.84043312072754,HSBC,HSBC,traditional_bank
2019-12-12,26.37587547302246,HSBC,HSBC,traditional_bank
2019-12-13,26.723567962646484,HSBC,HSBC,traditional_bank
2019-12-16,27.064308166503906,HSBC,HSBC,traditional_bank
2019-12-17,27.05735206604004,HSBC,HSBC,traditional_bank
2019-12-18,27.14080238342285,HSBC,HSBC,traditional_bank
2019-12-19,27.03649139404297,HSBC,HSBC,traditional_bank
2019-12-20,27.043439865112305,HSBC,HSBC,traditional_bank
2019-12-23,26.966957092285156,HSBC,HSBC,traditional_bank
2019-12-24,26.904369354248047,HSBC,HSBC,traditional_bank
2019-12-26,27.064308166503906,HSBC,HSBC,traditional_bank
2019-12-27,27.119932174682617,HSBC,HSBC,traditional_bank
2019-12-30,27.106027603149414,HSBC,HSBC,traditional_bank
2019-12-31,27.182523727416992,HSBC,HSBC,traditional_bank
2020-01-02,27.377229690551758,HSBC,HSBC,traditional_bank
2020-01-03,26.95304298400879,HSBC,HSBC,traditional_bank
2020-01-06,26.86264419555664,HSBC,HSBC,traditional_bank
2020-01-07,26.660982131958008,HSBC,HSBC,traditional_bank
2020-01-08,26.59840202331543,HSBC,HSBC,traditional_bank
2020-01-09,26.772245407104492,HSBC,HSBC,traditional_bank
2020-01-10,26.52189826965332,HSBC,HSBC,traditional_bank
2020-01-13,26.786149978637695,HSBC,HSBC,traditional_bank
2020-01-14,26.68879508972168,HSBC,HSBC,traditional_bank
2020-01-15,26.66793441772461,HSBC,HSBC,traditional_bank
2020-01-16,26.855684280395508,HSBC,HSBC,traditional_bank
2020-01-17,26.959999084472656,HSBC,HSBC,traditional_bank
2020-01-21,26.37587547302246,HSBC,HSBC,traditional_bank
2020-01-22,26.473230361938477,HSBC,HSBC,traditional_bank
2020-01-23,26.229843139648438,HSBC,HSBC,traditional_bank
2020-01-24,26.090774536132812,HSBC,HSBC,traditional_bank
2020-01-27,25.388429641723633,HSBC,HSBC,traditional_bank
2020-01-28,25.541414260864258,HSBC,HSBC,traditional_bank
2020-01-29,25.52055549621582,HSBC,HSBC,traditional_bank
2020-01-30,25.756990432739258,HSBC,HSBC,traditional_bank
2020-01-31,25.235445022583008,HSBC,HSBC,traditional_bank
2020-02-03,25.07550621032715,HSBC,HSBC,traditional_bank
2020-02-04,25.409297943115234,HSBC,HSBC,traditional_bank
2020-02-05,25.715267181396484,HSBC,HSBC,traditional_bank
2020-02-06,25.7987117767334,HSBC,HSBC,traditional_bank
2020-02-07,25.93778419494629,HSBC,HSBC,traditional_bank
2020-02-10,26.035140991210938,HSBC,HSBC,traditional_bank
2020-02-11,26.59840202331543,HSBC,HSBC,traditional_bank
2020-02-12,26.841779708862305,HSBC,HSBC,traditional_bank
2020-02-13,26.57058334350586,HSBC,HSBC,traditional_bank
2020-02-14,26.382823944091797,HSBC,HSBC,traditional_bank
2020-02-18,24.908620834350586,HSBC,HSBC,traditional_bank
2020-02-19,25.1937313079834,HSBC,HSBC,traditional_bank
2020-02-20,25.152000427246094,HSBC,HSBC,traditional_bank
2020-02-21,25.35365867614746,HSBC,HSBC,traditional_bank
2020-02-24,24.68609619140625,HSBC,HSBC,traditional_bank
2020-02-25,24.21323585510254,HSBC,HSBC,traditional_bank
2020-02-26,24.80430793762207,HSBC,HSBC,traditional_bank
2020-02-27,24.23113250732422,HSBC,HSBC,traditional_bank
2020-02-28,24.05201530456543,HSBC,HSBC,traditional_bank
2020-03-02,24.195308685302734,HSBC,HSBC,traditional_bank
2020-03-03,23.335540771484375,HSBC,HSBC,traditional_bank
2020-03-04,23.80841064453125,HSBC,HSBC,traditional_bank
2020-03-05,23.450176239013672,HSBC,HSBC,traditional_bank
2020-03-06,23.11343002319336,HSBC,HSBC,traditional_bank
2020-03-09,21.816619873046875,HSBC,HSBC,traditional_bank
2020-03-10,22.69071388244629,HSBC,HSBC,traditional_bank
2020-03-11,22.146196365356445,HSBC,HSBC,traditional_bank
2020-03-12,20.4553165435791,HSBC,HSBC,traditional_bank
2020-03-13,21.422555923461914,HSBC,HSBC,traditional_bank
2020-03-16,20.161561965942383,HSBC,HSBC,traditional_bank
2020-03-17,21.27926254272461,HSBC,HSBC,traditional_bank
2020-03-18,20.49114418029785,HSBC,HSBC,traditional_bank
2020-03-19,20.835050582885742,HSBC,HSBC,traditional_bank
2020-03-20,20.641599655151367,HSBC,HSBC,traditional_bank
2020-03-23,20.15439796447754,HSBC,HSBC,traditional_bank
2020-03-24,21.200450897216797,HSBC,HSBC,traditional_bank
2020-03-25,21.27926254272461,HSBC,HSBC,traditional_bank
2020-03-26,21.58734893798828,HSBC,HSBC,traditional_bank
2020-03-27,20.68459129333496,HSBC,HSBC,traditional_bank
2020-03-30,20.67742156982422,HSBC,HSBC,traditional_bank
2020-03-31,20.068422317504883,HSBC,HSBC,traditional_bank
2020-04-01,18.012142181396484,HSBC,HSBC,traditional_bank
2020-04-02,17.57509994506836,HSBC,HSBC,traditional_bank
2020-04-03,17.431800842285156,HSBC,HSBC,traditional_bank
2020-04-06,18.219921112060547,HSBC,HSBC,traditional_bank
2020-04-07,18.341720581054688,HSBC,HSBC,traditional_bank
2020-04-08,18.635475158691406,HSBC,HSBC,traditional_bank
2020-04-09,19.172828674316406,HSBC,HSBC,traditional_bank
2020-04-13,18.943559646606445,HSBC,HSBC,traditional_bank
2020-04-14,19.237314224243164,HSBC,HSBC,traditional_bank
2020-04-15,18.234251022338867,HSBC,HSBC,traditional_bank
2020-04-16,18.098121643066406,HSBC,HSBC,traditional_bank
2020-04-17,18.599651336669922,HSBC,HSBC,traditional_bank
2020-04-20,18.28440284729004,HSBC,HSBC,traditional_bank
2020-04-21,17.68256950378418,HSBC,HSBC,traditional_bank
2020-04-22,17.890344619750977,HSBC,HSBC,traditional_bank
2020-04-23,17.91900062561035,HSBC,HSBC,traditional_bank
2020-04-24,17.89750862121582,HSBC,HSBC,traditional_bank
2020-04-27,18.499347686767578,HSBC,HSBC,traditional_bank
2020-04-28,18.54233169555664,HSBC,HSBC,traditional_bank
2020-04-29,19.043865203857422,HSBC,HSBC,traditional_bank
2020-04-30,18.434860229492188,HSBC,HSBC,traditional_bank
2020-05-01,18.11244773864746,HSBC,HSBC,traditional_bank
2020-05-04,17.739885330200195,HSBC,HSBC,traditional_bank
2020-05-05,17.833024978637695,HSBC,HSBC,traditional_bank
2020-05-06,17.782873153686523,HSBC,HSBC,traditional_bank
2020-05-07,18.062294006347656,HSBC,HSBC,traditional_bank
2020-05-08,18.363210678100586,HSBC,HSBC,traditional_bank
2020-05-11,18.262910842895508,HSBC,HSBC,traditional_bank
2020-05-12,17.933330535888672,HSBC,HSBC,traditional_bank
2020-05-13,17.696895599365234,HSBC,HSBC,traditional_bank
2020-05-14,17.58226203918457,HSBC,HSBC,traditional_bank
2020-05-15,17.431800842285156,HSBC,HSBC,traditional_bank
2020-05-18,18.098121643066406,HSBC,HSBC,traditional_bank
2020-05-19,17.840187072753906,HSBC,HSBC,traditional_bank
2020-05-20,18.00497817993164,HSBC,HSBC,traditional_bank
2020-05-21,17.481952667236328,HSBC,HSBC,traditional_bank
2020-05-22,16.457393646240234,HSBC,HSBC,traditional_bank
2020-05-26,17.059234619140625,HSBC,HSBC,traditional_bank
2020-05-27,17.317169189453125,HSBC,HSBC,traditional_bank
2020-05-28,16.901609420776367,HSBC,HSBC,traditional_bank
2020-05-29,16.51471519470215,HSBC,HSBC,traditional_bank
2020-06-01,17.066396713256836,HSBC,HSBC,traditional_bank
2020-06-02,17.302833557128906,HSBC,HSBC,traditional_bank
2020-06-03,18.098121643066406,HSBC,HSBC,traditional_bank
2020-06-04,18.019304275512695,HSBC,HSBC,traditional_bank
2020-06-05,19.022369384765625,HSBC,HSBC,traditional_bank
2020-06-08,19.108348846435547,HSBC,HSBC,traditional_bank
2020-06-09,18.449190139770508,HSBC,HSBC,traditional_bank
2020-06-10,18.11961555480957,HSBC,HSBC,traditional_bank
2020-06-11,16.851455688476562,HSBC,HSBC,traditional_bank
2020-06-12,17.181032180786133,HSBC,HSBC,traditional_bank
2020-06-15,17.066396713256836,HSBC,HSBC,traditional_bank
2020-06-16,17.295671463012695,HSBC,HSBC,traditional_bank
2020-06-17,17.130882263183594,HSBC,HSBC,traditional_bank
2020-06-18,16.98042106628418,HSBC,HSBC,traditional_bank
2020-06-19,17.238351821899414,HSBC,HSBC,traditional_bank
2020-06-22,16.96609115600586,HSBC,HSBC,traditional_bank
2020-06-23,17.295671463012695,HSBC,HSBC,traditional_bank
2020-06-24,16.851455688476562,HSBC,HSBC,traditional_bank
2020-06-25,17.238351821899414,HSBC,HSBC,traditional_bank
2020-06-26,16.736820220947266,HSBC,HSBC,traditional_bank
2020-06-29,16.901609420776367,HSBC,HSBC,traditional_bank
2020-06-30,16.715328216552734,HSBC,HSBC,traditional_bank
2020-07-01,16.62218475341797,HSBC,HSBC,traditional_bank
2020-07-02,17.38164710998535,HSBC,HSBC,traditional_bank
2020-07-06,18.370380401611328,HSBC,HSBC,traditional_bank
2020-07-07,17.6252498626709,HSBC,HSBC,traditional_bank
2020-07-08,17.25984764099121,HSBC,HSBC,traditional_bank
2020-07-09,16.851455688476562,HSBC,HSBC,traditional_bank
2020-07-10,17.109390258789062,HSBC,HSBC,traditional_bank
2020-07-13,17.116548538208008,HSBC,HSBC,traditional_bank
2020-07-14,17.159543991088867,HSBC,HSBC,traditional_bank
2020-07-15,17.388813018798828,HSBC,HSBC,traditional_bank
2020-07-16,17.274173736572266,HSBC,HSBC,traditional_bank
2020-07-17,16.91594123840332,HSBC,HSBC,traditional_bank
2020-07-20,16.930267333984375,HSBC,HSBC,traditional_bank
2020-07-21,17.309995651245117,HSBC,HSBC,traditional_bank
2020-07-22,16.88011360168457,HSBC,HSBC,traditional_bank
2020-07-23,16.72965431213379,HSBC,HSBC,traditional_bank
2020-07-24,16.65084457397461,HSBC,HSBC,traditional_bank
2020-07-27,16.24245262145996,HSBC,HSBC,traditional_bank
2020-07-28,16.29977035522461,HSBC,HSBC,traditional_bank
2020-07-29,16.887279510498047,HSBC,HSBC,traditional_bank
2020-07-30,16.30693817138672,HSBC,HSBC,traditional_bank
2020-07-31,16.228124618530273,HSBC,HSBC,traditional_bank
2020-08-03,15.461498260498047,HSBC,HSBC,traditional_bank
2020-08-04,15.6979341506958,HSBC,HSBC,traditional_bank
2020-08-05,15.633448600769043,HSBC,HSBC,traditional_bank
2020-08-06,15.31820297241211,HSBC,HSBC,traditional_bank
2020-08-07,15.289541244506836,HSBC,HSBC,traditional_bank
2020-08-10,15.540311813354492,HSBC,HSBC,traditional_bank
2020-08-11,16.113489151000977,HSBC,HSBC,traditional_bank
2020-08-12,16.56486701965332,HSBC,HSBC,traditional_bank
2020-08-13,16.00602149963379,HSBC,HSBC,traditional_bank
2020-08-14,15.963027954101562,HSBC,HSBC,traditional_bank
2020-08-17,15.90571403503418,HSBC,HSBC,traditional_bank
2020-08-18,15.68360424041748,HSBC,HSBC,traditional_bank
2020-08-19,15.726593017578125,HSBC,HSBC,traditional_bank
2020-08-20,15.561803817749023,HSBC,HSBC,traditional_bank
2020-08-21,15.504486083984375,HSBC,HSBC,traditional_bank
2020-08-24,15.941537857055664,HSBC,HSBC,traditional_bank
2020-08-25,15.805403709411621,HSBC,HSBC,traditional_bank
2020-08-26,15.633448600769043,HSBC,HSBC,traditional_bank
2020-08-27,15.511648178100586,HSBC,HSBC,traditional_bank
2020-08-28,15.79107666015625,HSBC,HSBC,traditional_bank
2020-08-31,15.497321128845215,HSBC,HSBC,traditional_bank
2020-09-01,15.217897415161133,HSBC,HSBC,traditional_bank
2020-09-02,15.354026794433594,HSBC,HSBC,traditional_bank
2020-09-03,15.08892822265625,HSBC,HSBC,traditional_bank
2020-09-04,15.31103801727295,HSBC,HSBC,traditional_bank
2020-09-08,14.952800750732422,HSBC,HSBC,traditional_bank
2020-09-09,15.196399688720703,HSBC,HSBC,traditional_bank
2020-09-10,14.838163375854492,HSBC,HSBC,traditional_bank
2020-09-11,14.80950927734375,HSBC,HSBC,traditional_bank
2020-09-14,14.788009643554688,HSBC,HSBC,traditional_bank
2020-09-15,14.838163375854492,HSBC,HSBC,traditional_bank
2020-09-16,14.608894348144531,HSBC,HSBC,traditional_bank
2020-09-17,14.42977237701416,HSBC,HSBC,traditional_bank
2020-09-18,14.13602066040039,HSBC,HSBC,traditional_bank
2020-09-21,13.35506534576416,HSBC,HSBC,traditional_bank
2020-09-22,13.147287368774414,HSBC,HSBC,traditional_bank
2020-09-23,13.197441101074219,HSBC,HSBC,traditional_bank
2020-09-24,13.175949096679688,HSBC,HSBC,traditional_bank
2020-09-25,12.975336074829102,HSBC,HSBC,traditional_bank
2020-09-28,14.300813674926758,HSBC,HSBC,traditional_bank
2020-09-29,13.899585723876953,HSBC,HSBC,traditional_bank
2020-09-30,14.028546333312988,HSBC,HSBC,traditional_bank
2020-10-01,13.978398323059082,HSBC,HSBC,traditional_bank
2020-10-02,14.236329078674316,HSBC,HSBC,traditional_bank
2020-10-05,14.300813674926758,HSBC,HSBC,traditional_bank
2020-10-06,14.322305679321289,HSBC,HSBC,traditional_bank
2020-10-07,14.594564437866211,HSBC,HSBC,traditional_bank
2020-10-08,14.55874252319336,HSBC,HSBC,traditional_bank
2020-10-09,14.422608375549316,HSBC,HSBC,traditional_bank
2020-10-12,14.508587837219238,HSBC,HSBC,traditional_bank
2020-10-13,14.164681434631348,HSBC,HSBC,traditional_bank
2020-10-14,13.77778434753418,HSBC,HSBC,traditional_bank
2020-10-15,13.899585723876953,HSBC,HSBC,traditional_bank
2020-10-16,14.121692657470703,HSBC,HSBC,traditional_bank
2020-10-19,14.214834213256836,HSBC,HSBC,traditional_bank
2020-10-20,14.26498794555664,HSBC,HSBC,traditional_bank
2020-10-21,14.243492126464844,HSBC,HSBC,traditional_bank
2020-10-22,14.451272010803223,HSBC,HSBC,traditional_bank
2020-10-23,14.959964752197266,HSBC,HSBC,traditional_bank
2020-10-26,14.852499008178711,HSBC,HSBC,traditional_bank
2020-10-27,15.418509483337402,HSBC,HSBC,traditional_bank
2020-10-28,14.694869041442871,HSBC,HSBC,traditional_bank
2020-10-29,15.153411865234375,HSBC,HSBC,traditional_bank
2020-10-30,15.03161334991455,HSBC,HSBC,traditional_bank
2020-11-02,15.33969497680664,HSBC,HSBC,traditional_bank
2020-11-03,16.149316787719727,HSBC,HSBC,traditional_bank
2020-11-04,15.382684707641602,HSBC,HSBC,traditional_bank
2020-11-05,15.776744842529297,HSBC,HSBC,traditional_bank
2020-11-06,15.963027954101562,HSBC,HSBC,traditional_bank
2020-11-09,17.618085861206055,HSBC,HSBC,traditional_bank
2020-11-10,17.524944305419922,HSBC,HSBC,traditional_bank
2020-11-11,18.13394546508789,HSBC,HSBC,traditional_bank
2020-11-12,17.38164710998535,HSBC,HSBC,traditional_bank
2020-11-13,17.57509994506836,HSBC,HSBC,traditional_bank
2020-11-16,18.25574493408203,HSBC,HSBC,traditional_bank
2020-11-17,17.847352981567383,HSBC,HSBC,traditional_bank
2020-11-18,18.083789825439453,HSBC,HSBC,traditional_bank
2020-11-19,18.18409538269043,HSBC,HSBC,traditional_bank
2020-11-20,18.10528564453125,HSBC,HSBC,traditional_bank
2020-11-23,18.348886489868164,HSBC,HSBC,traditional_bank
2020-11-24,19.101184844970703,HSBC,HSBC,traditional_bank
2020-11-25,19.16566276550293,HSBC,HSBC,traditional_bank
2020-11-27,19.265972137451172,HSBC,HSBC,traditional_bank
2020-11-30,18.549495697021484,HSBC,HSBC,traditional_bank
2020-12-01,19.552560806274414,HSBC,HSBC,traditional_bank
2020-12-02,19.90363121032715,HSBC,HSBC,traditional_bank
2020-12-03,20.17588996887207,HSBC,HSBC,traditional_bank
2020-12-04,20.326351165771484,HSBC,HSBC,traditional_bank
2020-12-07,19.57405662536621,HSBC,HSBC,traditional_bank
2020-12-08,19.072528839111328,HSBC,HSBC,traditional_bank
2020-12-09,19.280302047729492,HSBC,HSBC,traditional_bank
2020-12-10,19.18716049194336,HSBC,HSBC,traditional_bank
2020-12-11,19.022369384765625,HSBC,HSBC,traditional_bank
2020-12-14,19.11551284790039,HSBC,HSBC,traditional_bank
2020-12-15,19.30179214477539,HSBC,HSBC,traditional_bank
2020-12-16,19.101184844970703,HSBC,HSBC,traditional_bank
2020-12-17,19.1226806640625,HSBC,HSBC,traditional_bank
2020-12-18,18.7716064453125,HSBC,HSBC,traditional_bank
2020-12-21,18.327388763427734,HSBC,HSBC,traditional_bank
2020-12-22,18.291568756103516,HSBC,HSBC,traditional_bank
2020-12-23,18.64980697631836,HSBC,HSBC,traditional_bank
2020-12-24,18.664133071899414,HSBC,HSBC,traditional_bank
2020-12-28,18.520843505859375,HSBC,HSBC,traditional_bank
2020-12-29,18.499347686767578,HSBC,HSBC,traditional_bank
2020-12-30,18.585323333740234,HSBC,HSBC,traditional_bank
2020-12-31,18.563825607299805,HSBC,HSBC,traditional_bank
2021-01-04,18.442028045654297,HSBC,HSBC,traditional_bank
2021-01-05,18.578153610229492,HSBC,HSBC,traditional_bank
2021-01-06,20.211719512939453,HSBC,HSBC,traditional_bank
2021-01-07,20.11141014099121,HSBC,HSBC,traditional_bank
2021-01-08,19.968114852905273,HSBC,HSBC,traditional_bank
2021-01-11,19.69585418701172,HSBC,HSBC,traditional_bank
2021-01-12,20.068422317504883,HSBC,HSBC,traditional_bank
2021-01-13,19.645706176757812,HSBC,HSBC,traditional_bank
2021-01-14,19.910797119140625,HSBC,HSBC,traditional_bank
2021-01-15,19.595550537109375,HSBC,HSBC,traditional_bank
2021-01-19,20.068422317504883,HSBC,HSBC,traditional_bank
2021-01-20,19.925127029418945,HSBC,HSBC,traditional_bank
2021-01-21,20.3836727142334,HSBC,HSBC,traditional_bank
2021-01-22,19.932292938232422,HSBC,HSBC,traditional_bank
2021-01-25,19.559724807739258,HSBC,HSBC,traditional_bank
2021-01-26,19.703018188476562,HSBC,HSBC,traditional_bank
2021-01-27,19.552560806274414,HSBC,HSBC,traditional_bank
2021-01-28,19.423593521118164,HSBC,HSBC,traditional_bank
2021-01-29,18.735782623291016,HSBC,HSBC,traditional_bank
2021-02-01,18.843257904052734,HSBC,HSBC,traditional_bank
2021-02-02,19.0510311126709,HSBC,HSBC,traditional_bank
2021-02-03,18.979379653930664,HSBC,HSBC,traditional_bank
2021-02-04,19.316123962402344,HSBC,HSBC,traditional_bank
2021-02-05,19.15850257873535,HSBC,HSBC,traditional_bank
2021-02-08,19.222984313964844,HSBC,HSBC,traditional_bank
2021-02-09,19.559724807739258,HSBC,HSBC,traditional_bank
2021-02-10,19.731679916381836,HSBC,HSBC,traditional_bank
2021-02-11,19.581218719482422,HSBC,HSBC,traditional_bank
2021-02-12,19.917959213256836,HSBC,HSBC,traditional_bank
2021-02-16,21.329416275024414,HSBC,HSBC,traditional_bank
2021-02-17,21.42972183227539,HSBC,HSBC,traditional_bank
2021-02-18,21.06431770324707,HSBC,HSBC,traditional_bank
2021-02-19,21.178955078125,HSBC,HSBC,traditional_bank
2021-02-22,21.479873657226562,HSBC,HSBC,traditional_bank
2021-02-23,21.386730194091797,HSBC,HSBC,traditional_bank
2021-02-24,21.752134323120117,HSBC,HSBC,traditional_bank
2021-02-25,21.6231689453125,HSBC,HSBC,traditional_bank
2021-02-26,21.286426544189453,HSBC,HSBC,traditional_bank
2021-03-01,21.042827606201172,HSBC,HSBC,traditional_bank
2021-03-02,21.22194480895996,HSBC,HSBC,traditional_bank
2021-03-03,21.51569938659668,HSBC,HSBC,traditional_bank
2021-03-04,21.272092819213867,HSBC,HSBC,traditional_bank
2021-03-05,21.952749252319336,HSBC,HSBC,traditional_bank
2021-03-08,22.5115966796875,HSBC,HSBC,traditional_bank
2021-03-09,22.146196365356445,HSBC,HSBC,traditional_bank
2021-03-10,22.267995834350586,HSBC,HSBC,traditional_bank
2021-03-11,21.717350006103516,HSBC,HSBC,traditional_bank
2021-03-12,21.83482551574707,HSBC,HSBC,traditional_bank
2021-03-15,21.717350006103516,HSBC,HSBC,traditional_bank
2021-03-16,21.577857971191406,HSBC,HSBC,traditional_bank
2021-03-17,21.908246994018555,HSBC,HSBC,traditional_bank
2021-03-18,22.31938934326172,HSBC,HSBC,traditional_bank
2021-03-19,21.98166275024414,HSBC,HSBC,traditional_bank
2021-03-22,21.541152954101562,HSBC,HSBC,traditional_bank
2021-03-23,21.30620765686035,HSBC,HSBC,traditional_bank
2021-03-24,21.107975006103516,HSBC,HSBC,traditional_bank
2021-03-25,21.31355094909668,HSBC,HSBC,traditional_bank
2021-03-26,21.408994674682617,HSBC,HSBC,traditional_bank
2021-03-29,21.276836395263672,HSBC,HSBC,traditional_bank
2021-03-30,21.61457061767578,HSBC,HSBC,traditional_bank
2021-03-31,21.394306182861328,HSBC,HSBC,traditional_bank
2021-04-01,21.4824161529541,HSBC,HSBC,traditional_bank
2021-04-05,21.636592864990234,HSBC,HSBC,traditional_bank
2021-04-06,21.548492431640625,HSBC,HSBC,traditional_bank
2021-04-07,21.83482551574707,HSBC,HSBC,traditional_bank
2021-04-08,22.238630294799805,HSBC,HSBC,traditional_bank
2021-04-09,21.952295303344727,HSBC,HSBC,traditional_bank
2021-04-12,21.83482551574707,HSBC,HSBC,traditional_bank
2021-04-13,21.475069046020508,HSBC,HSBC,traditional_bank
2021-04-14,21.643936157226562,HSBC,HSBC,traditional_bank
2021-04-15,21.489755630493164,HSBC,HSBC,traditional_bank
2021-04-16,21.72469711303711,HSBC,HSBC,traditional_bank
2021-04-19,21.856849670410156,HSBC,HSBC,traditional_bank
2021-04-20,21.335575103759766,HSBC,HSBC,traditional_bank
2021-04-21,21.431018829345703,HSBC,HSBC,traditional_bank
2021-04-22,21.01253318786621,HSBC,HSBC,traditional_bank
2021-04-23,21.31355094909668,HSBC,HSBC,traditional_bank
2021-04-26,21.53380584716797,HSBC,HSBC,traditional_bank
2021-04-27,22.554330825805664,HSBC,HSBC,traditional_bank
2021-04-28,22.635093688964844,HSBC,HSBC,traditional_bank
2021-04-29,23.28852081298828,HSBC,HSBC,traditional_bank
2021-04-30,22.921424865722656,HSBC,HSBC,traditional_bank
2021-05-03,22.502939224243164,HSBC,HSBC,traditional_bank
2021-05-04,22.5469913482666,HSBC,HSBC,traditional_bank
2021-05-05,23.134336471557617,HSBC,HSBC,traditional_bank
2021-05-06,23.215103149414062,HSBC,HSBC,traditional_bank
2021-05-07,23.200414657592773,HSBC,HSBC,traditional_bank
2021-05-10,23.354595184326172,HSBC,HSBC,traditional_bank
2021-05-11,22.892061233520508,HSBC,HSBC,traditional_bank
2021-05-12,22.620407104492188,HSBC,HSBC,traditional_bank
2021-05-13,22.87737274169922,HSBC,HSBC,traditional_bank
2021-05-14,23.295860290527344,HSBC,HSBC,traditional_bank
2021-05-17,23.053577423095703,HSBC,HSBC,traditional_bank
2021-05-18,23.075607299804688,HSBC,HSBC,traditional_bank
2021-05-19,23.134336471557617,HSBC,HSBC,traditional_bank
2021-05-20,23.11965560913086,HSBC,HSBC,traditional_bank
2021-05-21,23.075607299804688,HSBC,HSBC,traditional_bank
2021-05-24,23.17839241027832,HSBC,HSBC,traditional_bank
2021-05-25,23.134336471557617,HSBC,HSBC,traditional_bank
2021-05-26,23.149024963378906,HSBC,HSBC,traditional_bank
2021-05-27,23.464723587036133,HSBC,HSBC,traditional_bank
2021-05-28,23.77309226989746,HSBC,HSBC,traditional_bank
2021-06-01,23.237125396728516,HSBC,HSBC,traditional_bank
2021-06-02,23.538148880004883,HSBC,HSBC,traditional_bank
2021-06-03,23.1563663482666,HSBC,HSBC,traditional_bank
2021-06-04,23.126998901367188,HSBC,HSBC,traditional_bank
2021-06-07,23.149024963378906,HSBC,HSBC,traditional_bank
2021-06-08,23.016870498657227,HSBC,HSBC,traditional_bank
2021-06-09,22.65711784362793,HSBC,HSBC,traditional_bank
2021-06-10,22.539648056030273,HSBC,HSBC,traditional_bank
2021-06-11,22.649778366088867,HSBC,HSBC,traditional_bank
2021-06-14,22.737878799438477,HSBC,HSBC,traditional_bank
2021-06-15,22.635093688964844,HSBC,HSBC,traditional_bank
2021-06-16,22.686485290527344,HSBC,HSBC,traditional_bank
2021-06-17,22.45154571533203,HSBC,HSBC,traditional_bank
2021-06-18,21.70267105102539,HSBC,HSBC,traditional_bank
2021-06-21,21.83482551574707,HSBC,HSBC,traditional_bank
2021-06-22,21.607227325439453,HSBC,HSBC,traditional_bank
2021-06-23,21.592540740966797,HSBC,HSBC,traditional_bank
2021-06-24,21.72469711303711,HSBC,HSBC,traditional_bank
2021-06-25,21.86419105529785,HSBC,HSBC,traditional_bank
2021-06-28,21.519119262695312,HSBC,HSBC,traditional_bank
2021-06-29,21.269495010375977,HSBC,HSBC,traditional_bank
2021-06-30,21.1813907623291,HSBC,HSBC,traditional_bank
2021-07-01,21.42367935180664,HSBC,HSBC,traditional_bank
2021-07-02,21.174049377441406,HSBC,HSBC,traditional_bank
2021-07-06,21.078603744506836,HSBC,HSBC,traditional_bank
2021-07-07,21.144685745239258,HSBC,HSBC,traditional_bank
2021-07-08,20.682146072387695,HSBC,HSBC,traditional_bank
2021-07-09,21.085948944091797,HSBC,HSBC,traditional_bank
2021-07-12,21.019872665405273,HSBC,HSBC,traditional_bank
2021-07-13,21.034555435180664,HSBC,HSBC,traditional_bank
2021-07-14,20.961135864257812,HSBC,HSBC,traditional_bank
2021-07-15,20.79227066040039,HSBC,HSBC,traditional_bank
2021-07-16,20.337074279785156,HSBC,HSBC,traditional_bank
2021-07-19,19.668960571289062,HSBC,HSBC,traditional_bank
2021-07-20,19.852508544921875,HSBC,HSBC,traditional_bank
2021-07-21,20.307706832885742,HSBC,HSBC,traditional_bank
2021-07-22,20.204923629760742,HSBC,HSBC,traditional_bank
2021-07-23,20.2710018157959,HSBC,HSBC,traditional_bank
2021-07-26,20.417837142944336,HSBC,HSBC,traditional_bank
2021-07-27,20.520626068115234,HSBC,HSBC,traditional_bank
2021-07-28,20.34441566467285,HSBC,HSBC,traditional_bank
2021-07-29,20.42517852783203,HSBC,HSBC,traditional_bank
2021-07-30,20.241626739501953,HSBC,HSBC,traditional_bank
2021-08-02,20.138843536376953,HSBC,HSBC,traditional_bank
2021-08-03,20.454545974731445,HSBC,HSBC,traditional_bank
2021-08-04,20.417837142944336,HSBC,HSBC,traditional_bank
2021-08-05,20.638090133666992,HSBC,HSBC,traditional_bank
2021-08-06,20.85835075378418,HSBC,HSBC,traditional_bank
2021-08-09,20.843666076660156,HSBC,HSBC,traditional_bank
2021-08-10,20.806957244873047,HSBC,HSBC,traditional_bank
2021-08-11,21.019872665405273,HSBC,HSBC,traditional_bank
2021-08-12,20.90239906311035,HSBC,HSBC,traditional_bank
2021-08-13,20.8803768157959,HSBC,HSBC,traditional_bank
2021-08-16,20.689485549926758,HSBC,HSBC,traditional_bank
2021-08-17,20.47657012939453,HSBC,HSBC,traditional_bank
2021-08-18,20.395811080932617,HSBC,HSBC,traditional_bank
2021-08-19,20.046335220336914,HSBC,HSBC,traditional_bank
2021-08-20,20.18761444091797,HSBC,HSBC,traditional_bank
2021-08-23,20.202484130859375,HSBC,HSBC,traditional_bank
2021-08-24,19.986852645874023,HSBC,HSBC,traditional_bank
2021-08-25,20.366069793701172,HSBC,HSBC,traditional_bank
2021-08-26,20.05377197265625,HSBC,HSBC,traditional_bank
2021-08-27,20.18761444091797,HSBC,HSBC,traditional_bank
2021-08-30,19.83814239501953,HSBC,HSBC,traditional_bank
2021-08-31,19.659687042236328,HSBC,HSBC,traditional_bank
2021-09-01,19.830707550048828,HSBC,HSBC,traditional_bank
2021-09-02,19.793529510498047,HSBC,HSBC,traditional_bank
2021-09-03,19.78609275817871,HSBC,HSBC,traditional_bank
2021-09-07,19.51841163635254,HSBC,HSBC,traditional_bank
2021-09-08,19.39944076538086,HSBC,HSBC,traditional_bank
2021-09-09,19.325088500976562,HSBC,HSBC,traditional_bank
2021-09-10,19.317649841308594,HSBC,HSBC,traditional_bank
2021-09-13,19.57789421081543,HSBC,HSBC,traditional_bank
2021-09-14,19.064842224121094,HSBC,HSBC,traditional_bank
2021-09-15,19.14663314819336,HSBC,HSBC,traditional_bank
2021-09-16,18.953304290771484,HSBC,HSBC,traditional_bank
2021-09-17,19.14663314819336,HSBC,HSBC,traditional_bank
2021-09-20,18.298974990844727,HSBC,HSBC,traditional_bank
2021-09-21,18.239492416381836,HSBC,HSBC,traditional_bank
2021-09-22,18.86408042907715,HSBC,HSBC,traditional_bank
2021-09-23,19.21354866027832,HSBC,HSBC,traditional_bank
2021-09-24,19.154067993164062,HSBC,HSBC,traditional_bank
2021-09-27,19.704299926757812,HSBC,HSBC,traditional_bank
2021-09-28,19.302778244018555,HSBC,HSBC,traditional_bank
2021-09-29,19.585330963134766,HSBC,HSBC,traditional_bank
2021-09-30,19.444055557250977,HSBC,HSBC,traditional_bank
2021-10-01,19.61507225036621,HSBC,HSBC,traditional_bank
2021-10-04,19.406875610351562,HSBC,HSBC,traditional_bank
2021-10-05,19.986852645874023,HSBC,HSBC,traditional_bank
2021-10-06,20.604005813598633,HSBC,HSBC,traditional_bank
2021-10-07,20.95347785949707,HSBC,HSBC,traditional_bank
2021-10-08,21.169109344482422,HSBC,HSBC,traditional_bank
2021-10-11,21.414485931396484,HSBC,HSBC,traditional_bank
2021-10-12,21.585508346557617,HSBC,HSBC,traditional_bank
2021-10-13,21.57806968688965,HSBC,HSBC,traditional_bank
2021-10-14,21.704471588134766,HSBC,HSBC,traditional_bank
2021-10-15,22.284452438354492,HSBC,HSBC,traditional_bank
2021-10-18,22.053945541381836,HSBC,HSBC,traditional_bank
2021-10-19,22.20265769958496,HSBC,HSBC,traditional_bank
2021-10-20,22.262144088745117,HSBC,HSBC,traditional_bank
2021-10-21,22.3067569732666,HSBC,HSBC,traditional_bank
2021-10-22,22.321630477905273,HSBC,HSBC,traditional_bank
2021-10-25,22.678537368774414,HSBC,HSBC,traditional_bank
2021-10-26,22.842119216918945,HSBC,HSBC,traditional_bank
2021-10-27,22.619050979614258,HSBC,HSBC,traditional_bank
2021-10-28,22.611614227294922,HSBC,HSBC,traditional_bank
2021-10-29,22.358802795410156,HSBC,HSBC,traditional_bank
2021-11-01,22.7231502532959,HSBC,HSBC,traditional_bank
2021-11-02,22.45546531677246,HSBC,HSBC,traditional_bank
2021-11-03,22.52982521057129,HSBC,HSBC,traditional_bank
2021-11-04,21.74908447265625,HSBC,HSBC,traditional_bank
2021-11-05,21.80113410949707,HSBC,HSBC,traditional_bank
2021-11-08,21.74908447265625,HSBC,HSBC,traditional_bank
2021-11-09,21.585508346557617,HSBC,HSBC,traditional_bank
2021-11-10,21.488842010498047,HSBC,HSBC,traditional_bank
2021-11-11,21.555761337280273,HSBC,HSBC,traditional_bank
2021-11-12,21.563194274902344,HSBC,HSBC,traditional_bank
2021-11-15,21.771392822265625,HSBC,HSBC,traditional_bank
2021-11-16,21.927539825439453,HSBC,HSBC,traditional_bank
2021-11-17,21.972152709960938,HSBC,HSBC,traditional_bank
2021-11-18,21.964717864990234,HSBC,HSBC,traditional_bank
2021-11-19,21.637554168701172,HSBC,HSBC,traditional_bank
2021-11-22,21.637554168701172,HSBC,HSBC,traditional_bank
2021-11-23,22.02420425415039,HSBC,HSBC,traditional_bank
2021-11-24,22.01677131652832,HSBC,HSBC,traditional_bank
2021-11-26,20.648622512817383,HSBC,HSBC,traditional_bank
2021-11-29,20.700666427612305,HSBC,HSBC,traditional_bank
2021-11-30,20.581703186035156,HSBC,HSBC,traditional_bank
2021-12-01,20.70810317993164,HSBC,HSBC,traditional_bank
2021-12-02,21.310386657714844,HSBC,HSBC,traditional_bank
2021-12-03,21.131935119628906,HSBC,HSBC,traditional_bank
2021-12-06,21.436796188354492,HSBC,HSBC,traditional_bank
2021-12-07,21.793697357177734,HSBC,HSBC,traditional_bank
2021-12-08,21.60037612915039,HSBC,HSBC,traditional_bank
2021-12-09,21.622684478759766,HSBC,HSBC,traditional_bank
2021-12-10,21.6301212310791,HSBC,HSBC,traditional_bank
2021-12-13,21.124500274658203,HSBC,HSBC,traditional_bank
2021-12-14,21.362436294555664,HSBC,HSBC,traditional_bank
2021-12-15,21.399614334106445,HSBC,HSBC,traditional_bank
2021-12-16,22.061378479003906,HSBC,HSBC,traditional_bank
2021-12-17,21.78626823425293,HSBC,HSBC,traditional_bank
2021-12-20,21.778827667236328,HSBC,HSBC,traditional_bank
2021-12-21,21.830881118774414,HSBC,HSBC,traditional_bank
2021-12-22,22.00933074951172,HSBC,HSBC,traditional_bank
2021-12-23,22.210094451904297,HSBC,HSBC,traditional_bank
2021-12-27,22.358802795410156,HSBC,HSBC,traditional_bank
2021-12-28,22.418292999267578,HSBC,HSBC,traditional_bank
2021-12-29,22.470338821411133,HSBC,HSBC,traditional_bank
2021-12-30,22.433162689208984,HSBC,HSBC,traditional_bank
2021-12-31,22.418292999267578,HSBC,HSBC,traditional_bank
2022-01-03,22.641361236572266,HSBC,HSBC,traditional_bank
2022-01-04,23.6600284576416,HSBC,HSBC,traditional_bank
2022-01-05,23.459270477294922,HSBC,HSBC,traditional_bank
2022-01-06,24.128475189208984,HSBC,HSBC,traditional_bank
2022-01-07,24.34410858154297,HSBC,HSBC,traditional_bank
2022-01-10,24.78281021118164,HSBC,HSBC,traditional_bank
2022-01-11,25.080232620239258,HSBC,HSBC,traditional_bank
2022-01-12,25.48918342590332,HSBC,HSBC,traditional_bank
2022-01-13,26.024551391601562,HSBC,HSBC,traditional_bank
2022-01-14,26.2847957611084,HSBC,HSBC,traditional_bank
2022-01-18,26.04685401916504,HSBC,HSBC,traditional_bank
2022-01-19,25.853527069091797,HSBC,HSBC,traditional_bank
2022-01-20,25.511493682861328,HSBC,HSBC,traditional_bank
2022-01-21,25.184329986572266,HSBC,HSBC,traditional_bank
2022-01-24,24.931516647338867,HSBC,HSBC,traditional_bank
2022-01-25,25.652767181396484,HSBC,HSBC,traditional_bank
2022-01-26,26.06916618347168,HSBC,HSBC,traditional_bank
2022-01-27,26.58222007751465,HSBC,HSBC,traditional_bank
2022-01-28,26.359149932861328,HSBC,HSBC,traditional_bank
2022-01-31,26.448375701904297,HSBC,HSBC,traditional_bank
2022-02-01,27.422443389892578,HSBC,HSBC,traditional_bank
2022-02-02,27.68268394470215,HSBC,HSBC,traditional_bank
2022-02-03,27.467052459716797,HSBC,HSBC,traditional_bank
2022-02-04,27.58601951599121,HSBC,HSBC,traditional_bank
2022-02-07,27.920621871948242,HSBC,HSBC,traditional_bank
2022-02-08,28.441116333007812,HSBC,HSBC,traditional_bank
2022-02-09,28.106510162353516,HSBC,HSBC,traditional_bank
2022-02-10,28.151119232177734,HSBC,HSBC,traditional_bank
2022-02-11,28.113948822021484,HSBC,HSBC,traditional_bank
2022-02-14,27.905746459960938,HSBC,HSBC,traditional_bank
2022-02-15,27.823965072631836,HSBC,HSBC,traditional_bank
2022-02-16,27.630638122558594,HSBC,HSBC,traditional_bank
2022-02-17,27.13987922668457,HSBC,HSBC,traditional_bank
2022-02-18,27.370393753051758,HSBC,HSBC,traditional_bank
2022-02-22,27.578588485717773,HSBC,HSBC,traditional_bank
2022-02-23,27.474489212036133,HSBC,HSBC,traditional_bank
2022-02-24,25.9427547454834,HSBC,HSBC,traditional_bank
2022-02-25,26.9688720703125,HSBC,HSBC,traditional_bank
2022-02-28,25.68251609802246,HSBC,HSBC,traditional_bank
2022-03-01,24.656400680541992,HSBC,HSBC,traditional_bank
2022-03-02,25.31816864013672,HSBC,HSBC,traditional_bank
2022-03-03,24.723318099975586,HSBC,HSBC,traditional_bank
2022-03-04,23.221330642700195,HSBC,HSBC,traditional_bank
2022-03-07,22.745454788208008,HSBC,HSBC,traditional_bank
2022-03-08,23.32543182373047,HSBC,HSBC,traditional_bank
2022-03-09,23.927715301513672,HSBC,HSBC,traditional_bank
2022-03-10,23.92006492614746,HSBC,HSBC,traditional_bank
2022-03-11,23.805316925048828,HSBC,HSBC,traditional_bank
2022-03-14,24.348440170288086,HSBC,HSBC,traditional_bank
2022-03-15,24.13425064086914,HSBC,HSBC,traditional_bank
2022-03-16,24.998645782470703,HSBC,HSBC,traditional_bank
2022-03-17,25.404071807861328,HSBC,HSBC,traditional_bank
2022-03-18,25.396425247192383,HSBC,HSBC,traditional_bank
2022-03-21,25.24343490600586,HSBC,HSBC,traditional_bank
2022-03-22,26.092527389526367,HSBC,HSBC,traditional_bank
2022-03-23,25.64885711669922,HSBC,HSBC,traditional_bank
2022-03-24,26.077232360839844,HSBC,HSBC,traditional_bank
2022-03-25,26.169021606445312,HSBC,HSBC,traditional_bank
2022-03-28,26.008386611938477,HSBC,HSBC,traditional_bank
2022-03-29,26.344959259033203,HSBC,HSBC,traditional_bank
2022-03-30,26.375564575195312,HSBC,HSBC,traditional_bank
2022-03-31,26.176673889160156,HSBC,HSBC,traditional_bank
2022-04-01,26.49795150756836,HSBC,HSBC,traditional_bank
2022-04-04,26.383207321166992,HSBC,HSBC,traditional_bank
2022-04-05,26.2761173248291,HSBC,HSBC,traditional_bank
2022-04-06,26.176673889160156,HSBC,HSBC,traditional_bank
2022-04-07,26.29141616821289,HSBC,HSBC,traditional_bank
2022-04-08,26.41380500793457,HSBC,HSBC,traditional_bank
2022-04-11,26.48265266418457,HSBC,HSBC,traditional_bank
2022-04-12,25.633556365966797,HSBC,HSBC,traditional_bank
2022-04-13,25.977787017822266,HSBC,HSBC,traditional_bank
2022-04-14,25.96248435974121,HSBC,HSBC,traditional_bank
2022-04-18,25.924240112304688,HSBC,HSBC,traditional_bank
2022-04-19,26.28376579284668,HSBC,HSBC,traditional_bank
2022-04-20,26.750389099121094,HSBC,HSBC,traditional_bank
2022-04-21,26.398508071899414,HSBC,HSBC,traditional_bank
2022-04-22,25.58001136779785,HSBC,HSBC,traditional_bank
2022-04-25,24.769161224365234,HSBC,HSBC,traditional_bank
2022-04-26,22.826181411743164,HSBC,HSBC,traditional_bank
2022-04-27,23.285154342651367,HSBC,HSBC,traditional_bank
2022-04-28,23.713529586791992,HSBC,HSBC,traditional_bank
2022-04-29,23.721176147460938,HSBC,HSBC,traditional_bank
2022-05-02,23.62938117980957,HSBC,HSBC,traditional_bank
2022-05-03,24.616172790527344,HSBC,HSBC,traditional_bank
2022-05-04,25.205184936523438,HSBC,HSBC,traditional_bank
2022-05-05,24.05010986328125,HSBC,HSBC,traditional_bank
2022-05-06,23.904766082763672,HSBC,HSBC,traditional_bank
2022-05-09,23.277507781982422,HSBC,HSBC,traditional_bank
2022-05-10,23.522289276123047,HSBC,HSBC,traditional_bank
2022-05-11,23.162763595581055,HSBC,HSBC,traditional_bank
2022-05-12,22.60434341430664,HSBC,HSBC,traditional_bank
2022-05-13,23.4916934967041,HSBC,HSBC,traditional_bank
2022-05-16,23.54524040222168,HSBC,HSBC,traditional_bank
2022-05-17,24.02715492248535,HSBC,HSBC,traditional_bank
2022-05-18,23.384597778320312,HSBC,HSBC,traditional_bank
2022-05-19,23.346351623535156,HSBC,HSBC,traditional_bank
2022-05-20,23.522289276123047,HSBC,HSBC,traditional_bank
2022-05-23,24.019506454467773,HSBC,HSBC,traditional_bank
2022-05-24,25.029251098632812,HSBC,HSBC,traditional_bank
2022-05-25,25.105737686157227,HSBC,HSBC,traditional_bank
2022-05-26,25.251081466674805,HSBC,HSBC,traditional_bank
2022-05-27,25.771249771118164,HSBC,HSBC,traditional_bank
2022-05-31,25.595306396484375,HSBC,HSBC,traditional_bank
2022-06-01,25.350522994995117,HSBC,HSBC,traditional_bank
2022-06-02,25.526460647583008,HSBC,HSBC,traditional_bank
2022-06-03,25.220483779907227,HSBC,HSBC,traditional_bank
2022-06-06,25.53411293029785,HSBC,HSBC,traditional_bank
2022-06-07,25.595306396484375,HSBC,HSBC,traditional_bank
2022-06-08,24.860958099365234,HSBC,HSBC,traditional_bank
2022-06-09,24.310190200805664,HSBC,HSBC,traditional_bank
2022-06-10,23.56818389892578,HSBC,HSBC,traditional_bank
2022-06-13,23.461091995239258,HSBC,HSBC,traditional_bank
2022-06-14,23.820619583129883,HSBC,HSBC,traditional_bank
2022-06-15,24.60087013244629,HSBC,HSBC,traditional_bank
2022-06-16,24.195446014404297,HSBC,HSBC,traditional_bank
2022-06-17,23.690576553344727,HSBC,HSBC,traditional_bank
2022-06-21,25.34288215637207,HSBC,HSBC,traditional_bank
2022-06-22,24.97570037841797,HSBC,HSBC,traditional_bank
2022-06-23,24.738563537597656,HSBC,HSBC,traditional_bank
2022-06-24,25.266380310058594,HSBC,HSBC,traditional_bank
2022-06-27,25.182231903076172,HSBC,HSBC,traditional_bank
2022-06-28,25.24343490600586,HSBC,HSBC,traditional_bank
2022-06-29,25.54176139831543,HSBC,HSBC,traditional_bank
2022-06-30,24.990995407104492,HSBC,HSBC,traditional_bank
2022-07-01,24.998645782470703,HSBC,HSBC,traditional_bank
2022-07-05,24.18014907836914,HSBC,HSBC,traditional_bank
2022-07-06,23.82826805114746,HSBC,HSBC,traditional_bank
2022-07-07,24.52437973022461,HSBC,HSBC,traditional_bank
2022-07-08,24.15719985961914,HSBC,HSBC,traditional_bank
2022-07-11,24.019506454467773,HSBC,HSBC,traditional_bank
2022-07-12,23.98126220703125,HSBC,HSBC,traditional_bank
2022-07-13,23.996562957763672,HSBC,HSBC,traditional_bank
2022-07-14,23.223960876464844,HSBC,HSBC,traditional_bank
2022-07-15,23.44579315185547,HSBC,HSBC,traditional_bank
2022-07-18,23.721176147460938,HSBC,HSBC,traditional_bank
2022-07-19,24.14954948425293,HSBC,HSBC,traditional_bank
2022-07-20,23.667633056640625,HSBC,HSBC,traditional_bank
2022-07-21,23.965959548950195,HSBC,HSBC,traditional_bank
2022-07-22,23.652328491210938,HSBC,HSBC,traditional_bank
2022-07-25,24.348440170288086,HSBC,HSBC,traditional_bank
2022-07-26,24.019506454467773,HSBC,HSBC,traditional_bank
2022-07-27,24.44023323059082,HSBC,HSBC,traditional_bank
2022-07-28,24.011857986450195,HSBC,HSBC,traditional_bank
2022-07-29,24.019506454467773,HSBC,HSBC,traditional_bank
2022-08-01,25.58001136779785,HSBC,HSBC,traditional_bank
2022-08-02,24.822710037231445,HSBC,HSBC,traditional_bank
2022-08-03,25.128686904907227,HSBC,HSBC,traditional_bank
2022-08-04,25.021595001220703,HSBC,HSBC,traditional_bank
2022-08-05,25.098093032836914,HSBC,HSBC,traditional_bank
2022-08-08,25.197532653808594,HSBC,HSBC,traditional_bank
2022-08-09,25.587663650512695,HSBC,HSBC,traditional_bank
2022-08-10,25.465269088745117,HSBC,HSBC,traditional_bank
2022-08-11,25.625905990600586,HSBC,HSBC,traditional_bank
2022-08-12,25.710052490234375,HSBC,HSBC,traditional_bank
2022-08-15,25.358177185058594,HSBC,HSBC,traditional_bank
2022-08-16,25.54941177368164,HSBC,HSBC,traditional_bank
2022-08-17,25.274032592773438,HSBC,HSBC,traditional_bank
2022-08-18,25.134437561035156,HSBC,HSBC,traditional_bank
2022-08-19,24.66912841796875,HSBC,HSBC,traditional_bank
2022-08-22,24.59933090209961,HSBC,HSBC,traditional_bank
2022-08-23,24.358919143676758,HSBC,HSBC,traditional_bank
2022-08-24,23.924633026123047,HSBC,HSBC,traditional_bank
2022-08-25,24.172800064086914,HSBC,HSBC,traditional_bank
2022-08-26,23.932390213012695,HSBC,HSBC,traditional_bank
2022-08-29,24.149532318115234,HSBC,HSBC,traditional_bank
2022-08-30,23.978918075561523,HSBC,HSBC,traditional_bank
2022-08-31,23.909122467041016,HSBC,HSBC,traditional_bank
2022-09-01,23.56014060974121,HSBC,HSBC,traditional_bank
2022-09-02,23.722999572753906,HSBC,HSBC,traditional_bank
2022-09-06,23.854839324951172,HSBC,HSBC,traditional_bank
2022-09-07,23.56014060974121,HSBC,HSBC,traditional_bank
2022-09-08,23.707490921020508,HSBC,HSBC,traditional_bank
2022-09-09,23.963409423828125,HSBC,HSBC,traditional_bank
2022-09-12,24.40545082092285,HSBC,HSBC,traditional_bank
2022-09-13,23.637691497802734,HSBC,HSBC,traditional_bank
2022-09-14,23.5213680267334,HSBC,HSBC,traditional_bank
2022-09-15,23.785043716430664,HSBC,HSBC,traditional_bank
2022-09-16,23.622182846069336,HSBC,HSBC,traditional_bank
2022-09-19,23.684219360351562,HSBC,HSBC,traditional_bank
2022-09-20,23.567893981933594,HSBC,HSBC,traditional_bank
2022-09-21,22.846670150756836,HSBC,HSBC,traditional_bank
2022-09-22,22.660541534423828,HSBC,HSBC,traditional_bank
2022-09-23,21.838497161865234,HSBC,HSBC,traditional_bank
2022-09-26,20.969924926757812,HSBC,HSBC,traditional_bank
2022-09-27,20.69074058532715,HSBC,HSBC,traditional_bank
2022-09-28,20.61318588256836,HSBC,HSBC,traditional_bank
2022-09-29,20.186655044555664,HSBC,HSBC,traditional_bank
2022-09-30,20.21767234802246,HSBC,HSBC,traditional_bank
2022-10-03,20.38828468322754,HSBC,HSBC,traditional_bank
2022-10-04,21.51278305053711,HSBC,HSBC,traditional_bank
2022-10-05,20.9466552734375,HSBC,HSBC,traditional_bank
2022-10-06,20.465837478637695,HSBC,HSBC,traditional_bank
2022-10-07,20.27971649169922,HSBC,HSBC,traditional_bank
2022-10-10,19.961753845214844,HSBC,HSBC,traditional_bank
2022-10-11,19.46542739868164,HSBC,HSBC,traditional_bank
2022-10-12,19.395626068115234,HSBC,HSBC,traditional_bank
2022-10-13,20.411550521850586,HSBC,HSBC,traditional_bank
2022-10-14,20.02379608154297,HSBC,HSBC,traditional_bank
2022-10-17,20.799306869506836,HSBC,HSBC,traditional_bank
2022-10-18,20.70625114440918,HSBC,HSBC,traditional_bank
2022-10-19,20.65971565246582,HSBC,HSBC,traditional_bank
2022-10-20,20.644208908081055,HSBC,HSBC,traditional_bank
2022-10-21,21.109514236450195,HSBC,HSBC,traditional_bank
2022-10-24,20.89236831665039,HSBC,HSBC,traditional_bank
2022-10-25,19.922977447509766,HSBC,HSBC,traditional_bank
2022-10-26,20.093585968017578,HSBC,HSBC,traditional_bank
2022-10-27,20.194406509399414,HSBC,HSBC,traditional_bank
2022-10-28,20.109100341796875,HSBC,HSBC,traditional_bank
2022-10-31,20.093585968017578,HSBC,HSBC,traditional_bank
2022-11-01,20.504613876342773,HSBC,HSBC,traditional_bank
2022-11-02,20.240938186645508,HSBC,HSBC,traditional_bank
2022-11-03,20.078079223632812,HSBC,HSBC,traditional_bank
2022-11-04,21.838497161865234,HSBC,HSBC,traditional_bank
2022-11-07,21.388702392578125,HSBC,HSBC,traditional_bank
2022-11-08,21.50502586364746,HSBC,HSBC,traditional_bank
2022-11-09,21.04747200012207,HSBC,HSBC,traditional_bank
2022-11-10,21.59809112548828,HSBC,HSBC,traditional_bank
2022-11-11,21.75319480895996,HSBC,HSBC,traditional_bank
2022-11-14,21.861766815185547,HSBC,HSBC,traditional_bank
2022-11-15,21.908294677734375,HSBC,HSBC,traditional_bank
2022-11-16,21.92380714416504,HSBC,HSBC,traditional_bank
2022-11-17,22.164215087890625,HSBC,HSBC,traditional_bank
2022-11-18,22.140945434570312,HSBC,HSBC,traditional_bank
2022-11-21,22.296052932739258,HSBC,HSBC,traditional_bank
2022-11-22,22.45115852355957,HSBC,HSBC,traditional_bank
2022-11-23,22.85442543029785,HSBC,HSBC,traditional_bank
2022-11-25,23.048303604125977,HSBC,HSBC,traditional_bank
2022-11-28,22.707075119018555,HSBC,HSBC,traditional_bank
2022-11-29,23.637691497802734,HSBC,HSBC,traditional_bank
2022-11-30,23.932390213012695,HSBC,HSBC,traditional_bank
2022-12-01,23.691974639892578,HSBC,HSBC,traditional_bank
2022-12-02,23.715242385864258,HSBC,HSBC,traditional_bank
2022-12-05,23.575651168823242,HSBC,HSBC,traditional_bank
2022-12-06,23.552387237548828,HSBC,HSBC,traditional_bank
2022-12-07,23.319732666015625,HSBC,HSBC,traditional_bank
2022-12-08,23.44381332397461,HSBC,HSBC,traditional_bank
2022-12-09,23.544631958007812,HSBC,HSBC,traditional_bank
2022-12-12,23.622182846069336,HSBC,HSBC,traditional_bank
2022-12-13,23.924633026123047,HSBC,HSBC,traditional_bank
2022-12-14,23.746265411376953,HSBC,HSBC,traditional_bank
2022-12-15,23.242177963256836,HSBC,HSBC,traditional_bank
2022-12-16,23.172382354736328,HSBC,HSBC,traditional_bank
2022-12-19,23.234420776367188,HSBC,HSBC,traditional_bank
2022-12-20,23.622182846069336,HSBC,HSBC,traditional_bank
2022-12-21,23.924633026123047,HSBC,HSBC,traditional_bank
2022-12-22,23.870346069335938,HSBC,HSBC,traditional_bank
2022-12-23,23.99443244934082,HSBC,HSBC,traditional_bank
2022-12-27,24.095245361328125,HSBC,HSBC,traditional_bank
2022-12-28,24.064226150512695,HSBC,HSBC,traditional_bank
2022-12-29,24.203819274902344,HSBC,HSBC,traditional_bank
2022-12-30,24.1650447845459,HSBC,HSBC,traditional_bank
2023-01-03,24.529537200927734,HSBC,HSBC,traditional_bank
2023-01-04,25.343822479248047,HSBC,HSBC,traditional_bank
2023-01-05,26.181379318237305,HSBC,HSBC,traditional_bank
2023-01-06,26.60791778564453,HSBC,HSBC,traditional_bank
2023-01-09,26.49159049987793,HSBC,HSBC,traditional_bank
2023-01-10,26.669954299926758,HSBC,HSBC,traditional_bank
2023-01-11,26.832809448242188,HSBC,HSBC,traditional_bank
2023-01-12,27.46873664855957,HSBC,HSBC,traditional_bank
2023-01-13,28.03486442565918,HSBC,HSBC,traditional_bank
2023-01-17,28.15118980407715,HSBC,HSBC,traditional_bank
2023-01-18,28.058124542236328,HSBC,HSBC,traditional_bank
2023-01-19,28.22098731994629,HSBC,HSBC,traditional_bank
2023-01-20,28.569971084594727,HSBC,HSBC,traditional_bank
2023-01-23,28.554460525512695,HSBC,HSBC,traditional_bank
2023-01-24,28.453643798828125,HSBC,HSBC,traditional_bank
2023-01-25,28.75609016418457,HSBC,HSBC,traditional_bank
2023-01-26,29.066295623779297,HSBC,HSBC,traditional_bank
2023-01-27,28.810380935668945,HSBC,HSBC,traditional_bank
2023-01-30,28.74057960510254,HSBC,HSBC,traditional_bank
2023-01-31,28.647518157958984,HSBC,HSBC,traditional_bank
2023-02-01,28.647518157958984,HSBC,HSBC,traditional_bank
2023-02-02,28.096906661987305,HSBC,HSBC,traditional_bank
2023-02-03,27.91078758239746,HSBC,HSBC,traditional_bank
2023-02-06,27.85649299621582,HSBC,HSBC,traditional_bank
2023-02-07,28.29077911376953,HSBC,HSBC,traditional_bank
2023-02-08,28.577722549438477,HSBC,HSBC,traditional_bank
2023-02-09,28.87241554260254,HSBC,HSBC,traditional_bank
2023-02-10,28.577722549438477,HSBC,HSBC,traditional_bank
2023-02-13,28.9034366607666,HSBC,HSBC,traditional_bank
2023-02-14,28.86467170715332,HSBC,HSBC,traditional_bank
2023-02-15,28.600990295410156,HSBC,HSBC,traditional_bank
2023-02-16,28.771604537963867,HSBC,HSBC,traditional_bank
2023-02-17,28.957725524902344,HSBC,HSBC,traditional_bank
2023-02-21,30.27610206604004,HSBC,HSBC,traditional_bank
2023-02-22,29.678956985473633,HSBC,HSBC,traditional_bank
2023-02-23,29.45405387878418,HSBC,HSBC,traditional_bank
2023-02-24,29.485071182250977,HSBC,HSBC,traditional_bank
2023-02-27,29.45405387878418,HSBC,HSBC,traditional_bank
2023-02-28,29.709978103637695,HSBC,HSBC,traditional_bank
2023-03-01,29.740995407104492,HSBC,HSBC,traditional_bank
2023-03-02,29.557109832763672,HSBC,HSBC,traditional_bank
2023-03-03,29.77297592163086,HSBC,HSBC,traditional_bank
2023-03-06,29.740995407104492,HSBC,HSBC,traditional_bank
2023-03-07,29.589088439941406,HSBC,HSBC,traditional_bank
2023-03-08,29.852924346923828,HSBC,HSBC,traditional_bank
2023-03-09,29.35724449157715,HSBC,HSBC,traditional_bank
2023-03-10,28.229961395263672,HSBC,HSBC,traditional_bank
2023-03-13,27.66231918334961,HSBC,HSBC,traditional_bank
2023-03-14,28.086057662963867,HSBC,HSBC,traditional_bank
2023-03-15,27.014739990234375,HSBC,HSBC,traditional_bank
2023-03-16,27.574378967285156,HSBC,HSBC,traditional_bank
2023-03-17,26.447101593017578,HSBC,HSBC,traditional_bank
2023-03-20,26.583011627197266,HSBC,HSBC,traditional_bank
2023-03-21,27.126665115356445,HSBC,HSBC,traditional_bank
2023-03-22,27.42247772216797,HSBC,HSBC,traditional_bank
2023-03-23,26.76689338684082,HSBC,HSBC,traditional_bank
2023-03-24,26.447101593017578,HSBC,HSBC,traditional_bank
2023-03-27,26.894811630249023,HSBC,HSBC,traditional_bank
2023-03-28,26.750904083251953,HSBC,HSBC,traditional_bank
2023-03-29,27.358516693115234,HSBC,HSBC,traditional_bank
2023-03-30,27.414485931396484,HSBC,HSBC,traditional_bank
2023-03-31,27.286563873291016,HSBC,HSBC,traditional_bank
2023-04-03,27.758268356323242,HSBC,HSBC,traditional_bank
2023-04-04,27.702301025390625,HSBC,HSBC,traditional_bank
2023-04-05,27.734277725219727,HSBC,HSBC,traditional_bank
2023-04-06,28.126028060913086,HSBC,HSBC,traditional_bank
2023-04-10,28.086057662963867,HSBC,HSBC,traditional_bank
2023-04-11,27.974123001098633,HSBC,HSBC,traditional_bank
2023-04-12,28.054075241088867,HSBC,HSBC,traditional_bank
2023-04-13,28.517778396606445,HSBC,HSBC,traditional_bank
2023-04-14,29.053430557250977,HSBC,HSBC,traditional_bank
2023-04-17,28.8455753326416,HSBC,HSBC,traditional_bank
2023-04-18,28.6217041015625,HSBC,HSBC,traditional_bank
2023-04-19,28.67767333984375,HSBC,HSBC,traditional_bank
2023-04-20,28.725645065307617,HSBC,HSBC,traditional_bank
2023-04-21,28.533769607543945,HSBC,HSBC,traditional_bank
2023-04-24,28.661684036254883,HSBC,HSBC,traditional_bank
2023-04-25,27.9261531829834,HSBC,HSBC,traditional_bank
2023-04-26,28.421838760375977,HSBC,HSBC,traditional_bank
2023-04-27,28.96549415588379,HSBC,HSBC,traditional_bank
2023-04-28,28.82158088684082,HSBC,HSBC,traditional_bank
2023-05-01,28.64569664001465,HSBC,HSBC,traditional_bank
2023-05-02,29.637067794799805,HSBC,HSBC,traditional_bank
2023-05-03,29.629066467285156,HSBC,HSBC,traditional_bank
2023-05-04,29.613079071044922,HSBC,HSBC,traditional_bank
2023-05-05,30.54048728942871,HSBC,HSBC,traditional_bank
2023-05-08,30.532493591308594,HSBC,HSBC,traditional_bank
2023-05-09,30.364595413208008,HSBC,HSBC,traditional_bank
2023-05-10,30.468530654907227,HSBC,HSBC,traditional_bank
2023-05-11,30.338912963867188,HSBC,HSBC,traditional_bank
2023-05-12,30.379419326782227,HSBC,HSBC,traditional_bank
2023-05-15,31.14092445373535,HSBC,HSBC,traditional_bank
2023-05-16,30.654857635498047,HSBC,HSBC,traditional_bank
2023-05-17,30.760181427001953,HSBC,HSBC,traditional_bank
2023-05-18,30.987010955810547,HSBC,HSBC,traditional_bank
2023-05-19,31.04371452331543,HSBC,HSBC,traditional_bank
2023-05-22,31.213838577270508,HSBC,HSBC,traditional_bank
2023-05-23,30.914094924926758,HSBC,HSBC,traditional_bank
2023-05-24,30.136383056640625,HSBC,HSBC,traditional_bank
2023-05-25,30.444229125976562,HSBC,HSBC,traditional_bank
2023-05-26,30.638660430908203,HSBC,HSBC,traditional_bank
2023-05-30,30.314605712890625,HSBC,HSBC,traditional_bank
2023-05-31,29.82853889465332,HSBC,HSBC,traditional_bank
2023-06-01,30.314605712890625,HSBC,HSBC,traditional_bank
2023-06-02,30.638660430908203,HSBC,HSBC,traditional_bank
2023-06-05,30.565746307373047,HSBC,HSBC,traditional_bank
2023-06-06,30.946502685546875,HSBC,HSBC,traditional_bank
2023-06-07,31.092329025268555,HSBC,HSBC,traditional_bank
2023-06-08,31.149030685424805,HSBC,HSBC,traditional_bank
2023-06-09,31.149030685424805,HSBC,HSBC,traditional_bank
2023-06-12,30.85739517211914,HSBC,HSBC,traditional_bank
2023-06-13,31.157127380371094,HSBC,HSBC,traditional_bank
2023-06-14,31.311065673828125,HSBC,HSBC,traditional_bank
2023-06-15,31.63509750366211,HSBC,HSBC,traditional_bank
2023-06-16,31.740419387817383,HSBC,HSBC,traditional_bank
2023-06-20,31.894338607788086,HSBC,HSBC,traditional_bank
2023-06-21,31.934843063354492,HSBC,HSBC,traditional_bank
2023-06-22,31.351558685302734,HSBC,HSBC,traditional_bank
2023-06-23,30.97080421447754,HSBC,HSBC,traditional_bank
2023-06-26,31.16522979736328,HSBC,HSBC,traditional_bank
2023-06-27,31.602691650390625,HSBC,HSBC,traditional_bank
2023-06-28,31.51358413696289,HSBC,HSBC,traditional_bank
2023-06-29,31.772817611694336,HSBC,HSBC,traditional_bank
2023-06-30,32.09687042236328,HSBC,HSBC,traditional_bank
2023-07-03,32.364200592041016,HSBC,HSBC,traditional_bank
2023-07-05,32.056358337402344,HSBC,HSBC,traditional_bank
2023-07-06,31.59459686279297,HSBC,HSBC,traditional_bank
2023-07-07,31.813322067260742,HSBC,HSBC,traditional_bank
2023-07-10,31.66750717163086,HSBC,HSBC,traditional_bank
2023-07-11,31.63509750366211,HSBC,HSBC,traditional_bank
2023-07-12,32.477622985839844,HSBC,HSBC,traditional_bank
2023-07-13,32.850276947021484,HSBC,HSBC,traditional_bank
2023-07-14,32.69635772705078,HSBC,HSBC,traditional_bank
2023-07-17,32.9961051940918,HSBC,HSBC,traditional_bank
2023-07-18,33.18242263793945,HSBC,HSBC,traditional_bank
2023-07-19,33.04470443725586,HSBC,HSBC,traditional_bank
2023-07-20,33.53887939453125,HSBC,HSBC,traditional_bank
2023-07-21,33.51457214355469,HSBC,HSBC,traditional_bank
2023-07-24,33.51457214355469,HSBC,HSBC,traditional_bank
2023-07-25,33.65229034423828,HSBC,HSBC,traditional_bank
2023-07-26,33.9520378112793,HSBC,HSBC,traditional_bank
2023-07-27,33.39305877685547,HSBC,HSBC,traditional_bank
2023-07-28,33.806217193603516,HSBC,HSBC,traditional_bank
2023-07-31,33.84672546386719,HSBC,HSBC,traditional_bank
2023-08-01,34.19507598876953,HSBC,HSBC,traditional_bank
2023-08-02,32.93939208984375,HSBC,HSBC,traditional_bank
2023-08-03,33.206729888916016,HSBC,HSBC,traditional_bank
2023-08-04,33.04470443725586,HSBC,HSBC,traditional_bank
2023-08-07,33.63608932495117,HSBC,HSBC,traditional_bank
2023-08-08,33.14192199707031,HSBC,HSBC,traditional_bank
2023-08-09,33.04470443725586,HSBC,HSBC,traditional_bank
2023-08-10,33.11852264404297,HSBC,HSBC,traditional_bank
2023-08-11,32.897071838378906,HSBC,HSBC,traditional_bank
2023-08-14,32.62642288208008,HSBC,HSBC,traditional_bank
2023-08-15,31.675020217895508,HSBC,HSBC,traditional_bank
2023-08-16,31.158313751220703,HSBC,HSBC,traditional_bank
2023-08-17,31.109098434448242,HSBC,HSBC,traditional_bank
2023-08-18,30.887659072875977,HSBC,HSBC,traditional_bank
2023-08-21,30.96147346496582,HSBC,HSBC,traditional_bank
2023-08-22,30.658004760742188,HSBC,HSBC,traditional_bank
2023-08-23,30.846649169921875,HSBC,HSBC,traditional_bank
2023-08-24,30.797439575195312,HSBC,HSBC,traditional_bank
2023-08-25,30.764633178710938,HSBC,HSBC,traditional_bank
2023-08-28,31.133712768554688,HSBC,HSBC,traditional_bank
2023-08-29,31.3387508392334,HSBC,HSBC,traditional_bank
2023-08-30,31.174713134765625,HSBC,HSBC,traditional_bank
2023-08-31,30.60879898071289,HSBC,HSBC,traditional_bank
2023-09-01,30.797439575195312,HSBC,HSBC,traditional_bank
2023-09-05,30.52678108215332,HSBC,HSBC,traditional_bank
2023-09-06,30.329946517944336,HSBC,HSBC,traditional_bank
2023-09-07,30.23971939086914,HSBC,HSBC,traditional_bank
2023-09-08,30.321739196777344,HSBC,HSBC,traditional_bank
2023-09-11,30.73182487487793,HSBC,HSBC,traditional_bank
2023-09-12,31.084497451782227,HSBC,HSBC,traditional_bank
2023-09-13,31.609403610229492,HSBC,HSBC,traditional_bank
2023-09-14,32.29014587402344,HSBC,HSBC,traditional_bank
2023-09-15,32.2081298828125,HSBC,HSBC,traditional_bank
2023-09-18,32.00308609008789,HSBC,HSBC,traditional_bank
2023-09-19,32.35576248168945,HSBC,HSBC,traditional_bank
2023-09-20,32.076900482177734,HSBC,HSBC,traditional_bank
2023-09-21,32.199928283691406,HSBC,HSBC,traditional_bank
2023-09-22,32.42958450317383,HSBC,HSBC,traditional_bank
2023-09-25,32.33115005493164,HSBC,HSBC,traditional_bank
2023-09-26,31.96208381652832,HSBC,HSBC,traditional_bank
2023-09-27,32.11791229248047,HSBC,HSBC,traditional_bank
2023-09-28,32.544403076171875,HSBC,HSBC,traditional_bank
2023-09-29,32.36396026611328,HSBC,HSBC,traditional_bank
2023-10-02,32.00308609008789,HSBC,HSBC,traditional_bank
2023-10-03,32.249141693115234,HSBC,HSBC,traditional_bank
2023-10-04,32.240936279296875,HSBC,HSBC,traditional_bank
2023-10-05,32.62642288208008,HSBC,HSBC,traditional_bank
2023-10-06,33.20054626464844,HSBC,HSBC,traditional_bank
2023-10-09,32.61001205444336,HSBC,HSBC,traditional_bank
2023-10-10,33.241546630859375,HSBC,HSBC,traditional_bank
2023-10-11,33.48760223388672,HSBC,HSBC,traditional_bank
2023-10-12,33.052913665771484,HSBC,HSBC,traditional_bank
2023-10-13,32.6018180847168,HSBC,HSBC,traditional_bank
2023-10-16,32.88067626953125,HSBC,HSBC,traditional_bank
2023-10-17,32.88067626953125,HSBC,HSBC,traditional_bank
2023-10-18,32.53620147705078,HSBC,HSBC,traditional_bank
2023-10-19,32.076900482177734,HSBC,HSBC,traditional_bank
2023-10-20,30.912263870239258,HSBC,HSBC,traditional_bank
2023-10-23,30.912263870239258,HSBC,HSBC,traditional_bank
2023-10-24,30.90406036376953,HSBC,HSBC,traditional_bank
2023-10-25,30.822040557861328,HSBC,HSBC,traditional_bank
2023-10-26,30.575990676879883,HSBC,HSBC,traditional_bank
2023-10-27,30.108497619628906,HSBC,HSBC,traditional_bank
2023-10-30,29.542577743530273,HSBC,HSBC,traditional_bank
2023-10-31,29.796825408935547,HSBC,HSBC,traditional_bank
2023-11-01,29.73941421508789,HSBC,HSBC,traditional_bank
2023-11-02,30.36274528503418,HSBC,HSBC,traditional_bank
2023-11-03,30.70721435546875,HSBC,HSBC,traditional_bank
2023-11-06,31.109098434448242,HSBC,HSBC,traditional_bank
2023-11-07,30.912263870239258,HSBC,HSBC,traditional_bank
2023-11-08,30.830242156982422,HSBC,HSBC,traditional_bank
2023-11-09,30.730501174926758,HSBC,HSBC,traditional_bank
2023-11-10,30.780370712280273,HSBC,HSBC,traditional_bank
2023-11-13,31.104549407958984,HSBC,HSBC,traditional_bank
2023-11-14,31.48691177368164,HSBC,HSBC,traditional_bank
2023-11-15,31.977344512939453,HSBC,HSBC,traditional_bank
2023-11-16,31.61990737915039,HSBC,HSBC,traditional_bank
2023-11-17,32.06877517700195,HSBC,HSBC,traditional_bank
2023-11-20,32.2017707824707,HSBC,HSBC,traditional_bank
2023-11-21,32.06045913696289,HSBC,HSBC,traditional_bank
2023-11-22,31.61990737915039,HSBC,HSBC,traditional_bank
2023-11-24,32.10202407836914,HSBC,HSBC,traditional_bank
2023-11-27,32.09371566772461,HSBC,HSBC,traditional_bank
2023-11-28,32.077091217041016,HSBC,HSBC,traditional_bank
2023-11-29,31.611597061157227,HSBC,HSBC,traditional_bank
2023-11-30,31.944089889526367,HSBC,HSBC,traditional_bank
2023-12-01,32.13527297973633,HSBC,HSBC,traditional_bank
2023-12-04,31.877586364746094,HSBC,HSBC,traditional_bank
2023-12-05,31.744598388671875,HSBC,HSBC,traditional_bank
2023-12-06,32.01890182495117,HSBC,HSBC,traditional_bank
2023-12-07,32.268272399902344,HSBC,HSBC,traditional_bank
2023-12-08,32.59245681762695,HSBC,HSBC,traditional_bank
2023-12-11,32.41789245605469,HSBC,HSBC,traditional_bank
2023-12-12,32.63400650024414,HSBC,HSBC,traditional_bank
2023-12-13,32.81687927246094,HSBC,HSBC,traditional_bank
2023-12-14,32.94987869262695,HSBC,HSBC,traditional_bank
2023-12-15,32.2932014465332,HSBC,HSBC,traditional_bank
2023-12-18,32.45944595336914,HSBC,HSBC,traditional_bank
2023-12-19,32.75038528442383,HSBC,HSBC,traditional_bank
2023-12-20,32.492698669433594,HSBC,HSBC,traditional_bank
2023-12-21,33.01637649536133,HSBC,HSBC,traditional_bank
2023-12-22,33.47355270385742,HSBC,HSBC,traditional_bank
2023-12-26,33.706295013427734,HSBC,HSBC,traditional_bank
2023-12-27,33.85591506958008,HSBC,HSBC,traditional_bank
2023-12-28,33.681358337402344,HSBC,HSBC,traditional_bank
2023-12-29,33.69798278808594,HSBC,HSBC,traditional_bank
2024-01-02,33.34886932373047,HSBC,HSBC,traditional_bank
2024-01-03,33.24911880493164,HSBC,HSBC,traditional_bank
2024-01-04,33.506805419921875,HSBC,HSBC,traditional_bank
2024-01-05,33.864234924316406,HSBC,HSBC,traditional_bank
2024-01-08,34.43777847290039,HSBC,HSBC,traditional_bank
2024-01-09,33.731231689453125,HSBC,HSBC,traditional_bank
2024-01-10,33.781105041503906,HSBC,HSBC,traditional_bank
2024-01-11,32.76700210571289,HSBC,HSBC,traditional_bank
2024-01-12,32.733760833740234,HSBC,HSBC,traditional_bank
2024-01-16,31.54509925842285,HSBC,HSBC,traditional_bank
2024-01-17,31.237546920776367,HSBC,HSBC,traditional_bank
2024-01-18,31.495229721069336,HSBC,HSBC,traditional_bank
2024-01-19,31.578353881835938,HSBC,HSBC,traditional_bank
2024-01-22,31.860973358154297,HSBC,HSBC,traditional_bank
2024-01-23,31.944089889526367,HSBC,HSBC,traditional_bank
2024-01-24,32.210079193115234,HSBC,HSBC,traditional_bank
2024-01-25,32.41789245605469,HSBC,HSBC,traditional_bank
2024-01-26,32.95819091796875,HSBC,HSBC,traditional_bank
2024-01-29,32.983123779296875,HSBC,HSBC,traditional_bank
2024-01-30,33.132747650146484,HSBC,HSBC,traditional_bank
2024-01-31,32.69219970703125,HSBC,HSBC,traditional_bank
2024-02-01,32.83350372314453,HSBC,HSBC,traditional_bank
2024-02-02,32.70882034301758,HSBC,HSBC,traditional_bank
2024-02-05,32.70050811767578,HSBC,HSBC,traditional_bank
2024-02-06,33.240806579589844,HSBC,HSBC,traditional_bank
2024-02-07,33.20756149291992,HSBC,HSBC,traditional_bank
2024-02-08,32.625694274902344,HSBC,HSBC,traditional_bank
2024-02-09,32.44282531738281,HSBC,HSBC,traditional_bank
2024-02-12,32.27658462524414,HSBC,HSBC,traditional_bank
2024-02-13,32.1269645690918,HSBC,HSBC,traditional_bank
2024-02-14,32.65894317626953,HSBC,HSBC,traditional_bank
2024-02-15,33.141056060791016,HSBC,HSBC,traditional_bank
2024-02-16,33.51511001586914,HSBC,HSBC,traditional_bank
2024-02-20,33.95566177368164,HSBC,HSBC,traditional_bank
2024-02-21,30.938308715820312,HSBC,HSBC,traditional_bank
2024-02-22,31.34560775756836,HSBC,HSBC,traditional_bank
2024-02-23,31.752912521362305,HSBC,HSBC,traditional_bank
2024-02-26,31.653162002563477,HSBC,HSBC,traditional_bank
2024-02-27,31.885902404785156,HSBC,HSBC,traditional_bank
2024-02-28,31.99396514892578,HSBC,HSBC,traditional_bank
2024-02-29,32.5675163269043,HSBC,HSBC,traditional_bank
2024-03-01,32.401268005371094,HSBC,HSBC,traditional_bank
2024-03-04,32.23501968383789,HSBC,HSBC,traditional_bank
2024-03-05,32.35970687866211,HSBC,HSBC,traditional_bank
2024-03-06,32.60906982421875,HSBC,HSBC,traditional_bank
2024-03-07,32.78215789794922,HSBC,HSBC,traditional_bank
2024-03-08,32.4013671875,HSBC,HSBC,traditional_bank
2024-03-11,32.13309097290039,HSBC,HSBC,traditional_bank
2024-03-12,32.89466094970703,HSBC,HSBC,traditional_bank
2024-03-13,32.877357482910156,HSBC,HSBC,traditional_bank
2024-03-14,32.47926330566406,HSBC,HSBC,traditional_bank
2024-03-15,33.067745208740234,HSBC,HSBC,traditional_bank
2024-03-18,33.24948501586914,HSBC,HSBC,traditional_bank
2024-03-19,33.318721771240234,HSBC,HSBC,traditional_bank
2024-03-20,33.80335998535156,HSBC,HSBC,traditional_bank
2024-03-21,34.184139251708984,HSBC,HSBC,traditional_bank
2024-03-22,34.20145034790039,HSBC,HSBC,traditional_bank
2024-03-25,34.20145034790039,HSBC,HSBC,traditional_bank
2024-03-26,34.35722351074219,HSBC,HSBC,traditional_bank
2024-03-27,33.742774963378906,HSBC,HSBC,traditional_bank
2024-03-28,34.062984466552734,HSBC,HSBC,traditional_bank
2024-04-01,34.01970672607422,HSBC,HSBC,traditional_bank
2024-04-02,34.02836608886719,HSBC,HSBC,traditional_bank
2024-04-03,34.72935485839844,HSBC,HSBC,traditional_bank
2024-04-04,34.76396942138672,HSBC,HSBC,traditional_bank
2024-04-05,35.239952087402344,HSBC,HSBC,traditional_bank
2024-04-08,35.490928649902344,HSBC,HSBC,traditional_bank
2024-04-09,35.6207389831543,HSBC,HSBC,traditional_bank
2024-04-10,36.183265686035156,HSBC,HSBC,traditional_bank
2024-04-11,35.439002990722656,HSBC,HSBC,traditional_bank
2024-04-12,35.16206741333008,HSBC,HSBC,traditional_bank
2024-04-15,35.110137939453125,HSBC,HSBC,traditional_bank
2024-04-16,34.31395721435547,HSBC,HSBC,traditional_bank
2024-04-17,34.59953689575195,HSBC,HSBC,traditional_bank
2024-04-18,34.95436477661133,HSBC,HSBC,traditional_bank
2024-04-19,35.06687545776367,HSBC,HSBC,traditional_bank
2024-04-22,36.018836975097656,HSBC,HSBC,traditional_bank
2024-04-23,36.252498626708984,HSBC,HSBC,traditional_bank
2024-04-24,36.079410552978516,HSBC,HSBC,traditional_bank
2024-04-25,36.183265686035156,HSBC,HSBC,traditional_bank
2024-04-26,36.26115417480469,HSBC,HSBC,traditional_bank
2024-04-29,36.50346755981445,HSBC,HSBC,traditional_bank
2024-04-30,37.71506118774414,HSBC,HSBC,traditional_bank
2024-05-01,37.775634765625,HSBC,HSBC,traditional_bank
2024-05-02,38.519901275634766,HSBC,HSBC,traditional_bank
2024-05-03,38.467979431152344,HSBC,HSBC,traditional_bank
2024-05-06,38.75356674194336,HSBC,HSBC,traditional_bank
2024-05-07,38.9266471862793,HSBC,HSBC,traditional_bank
2024-05-08,39.29012680053711,HSBC,HSBC,traditional_bank
2024-05-09,38.96756362915039,HSBC,HSBC,traditional_bank
2024-05-10,39.066123962402344,HSBC,HSBC,traditional_bank
2024-05-13,39.397647857666016,HSBC,HSBC,traditional_bank
2024-05-14,40.06966018676758,HSBC,HSBC,traditional_bank
2024-05-15,40.11445236206055,HSBC,HSBC,traditional_bank
2024-05-16,39.809814453125,HSBC,HSBC,traditional_bank
2024-05-17,39.90837478637695,HSBC,HSBC,traditional_bank
2024-05-20,39.59476852416992,HSBC,HSBC,traditional_bank
2024-05-21,39.944217681884766,HSBC,HSBC,traditional_bank
2024-05-22,39.61268615722656,HSBC,HSBC,traditional_bank
2024-05-23,39.24531936645508,HSBC,HSBC,traditional_bank
2024-05-24,39.765010833740234,HSBC,HSBC,traditional_bank
2024-05-28,39.56788635253906,HSBC,HSBC,traditional_bank
2024-05-29,39.191566467285156,HSBC,HSBC,traditional_bank
2024-05-30,39.70228576660156,HSBC,HSBC,traditional_bank
2024-05-31,40.00693893432617,HSBC,HSBC,traditional_bank
2024-06-03,40.21302032470703,HSBC,HSBC,traditional_bank
2024-06-04,39.90837478637695,HSBC,HSBC,traditional_bank
2024-06-05,39.55892562866211,HSBC,HSBC,traditional_bank
2024-06-06,39.90837478637695,HSBC,HSBC,traditional_bank
2024-06-07,39.809814453125,HSBC,HSBC,traditional_bank
2024-06-10,39.881492614746094,HSBC,HSBC,traditional_bank
2024-06-11,38.815242767333984,HSBC,HSBC,traditional_bank
2024-06-12,39.30804443359375,HSBC,HSBC,traditional_bank
2024-06-13,38.716678619384766,HSBC,HSBC,traditional_bank
2024-06-14,38.72563552856445,HSBC,HSBC,traditional_bank
2024-06-17,39.15572738647461,HSBC,HSBC,traditional_bank
2024-06-18,39.173641204833984,HSBC,HSBC,traditional_bank
2024-06-20,39.693328857421875,HSBC,HSBC,traditional_bank
2024-06-21,38.97652053833008,HSBC,HSBC,traditional_bank
2024-06-24,39.487247467041016,HSBC,HSBC,traditional_bank
2024-06-25,39.27220916748047,HSBC,HSBC,traditional_bank
2024-06-26,39.16468048095703,HSBC,HSBC,traditional_bank
2024-06-27,39.18260192871094,HSBC,HSBC,traditional_bank
2024-06-28,38.97652053833008,HSBC,HSBC,traditional_bank
2024-07-01,39.2542839050293,HSBC,HSBC,traditional_bank
2024-07-02,39.4962043762207,HSBC,HSBC,traditional_bank
2024-07-03,39.33492660522461,HSBC,HSBC,traditional_bank
2024-07-05,38.895877838134766,HSBC,HSBC,traditional_bank
2024-07-08,38.82420349121094,HSBC,HSBC,traditional_bank
2024-07-09,38.51059341430664,HSBC,HSBC,traditional_bank
2024-07-10,38.70771408081055,HSBC,HSBC,traditional_bank
2024-07-11,38.85107421875,HSBC,HSBC,traditional_bank
2024-07-12,39.22739791870117,HSBC,HSBC,traditional_bank
2024-07-15,38.75251770019531,HSBC,HSBC,traditional_bank
2024-07-16,39.00339889526367,HSBC,HSBC,traditional_bank
2024-07-17,38.97652053833008,HSBC,HSBC,traditional_bank
2024-07-18,38.54644012451172,HSBC,HSBC,traditional_bank
2024-07-19,38.403079986572266,HSBC,HSBC,traditional_bank
2024-07-22,38.94964599609375,HSBC,HSBC,traditional_bank
2024-07-23,38.73460006713867,HSBC,HSBC,traditional_bank
2024-07-24,38.41203689575195,HSBC,HSBC,traditional_bank
2024-07-25,38.38515090942383,HSBC,HSBC,traditional_bank
2024-07-26,38.779396057128906,HSBC,HSBC,traditional_bank
2024-07-29,38.79732131958008,HSBC,HSBC,traditional_bank
2024-07-30,39.00339889526367,HSBC,HSBC,traditional_bank
2024-07-31,40.4549446105957,HSBC,HSBC,traditional_bank
2024-08-01,38.04467010498047,HSBC,HSBC,traditional_bank
2024-08-02,37.00529861450195,HSBC,HSBC,traditional_bank
2024-08-05,36.216800689697266,HSBC,HSBC,traditional_bank
2024-08-06,36.40496826171875,HSBC,HSBC,traditional_bank
2024-08-07,36.54833221435547,HSBC,HSBC,traditional_bank
2024-08-08,36.93361282348633,HSBC,HSBC,traditional_bank
2024-08-09,37.23826217651367,HSBC,HSBC,traditional_bank
2024-08-12,37.148658752441406,HSBC,HSBC,traditional_bank
2024-08-13,37.632511138916016,HSBC,HSBC,traditional_bank
2024-08-14,37.793785095214844,HSBC,HSBC,traditional_bank
2024-08-15,38.376190185546875,HSBC,HSBC,traditional_bank
2024-08-16,38.766029357910156,HSBC,HSBC,traditional_bank
2024-08-19,39.4278450012207,HSBC,HSBC,traditional_bank
2024-08-20,38.72977066040039,HSBC,HSBC,traditional_bank
2024-08-21,39.155860900878906,HSBC,HSBC,traditional_bank
2024-08-22,39.01080322265625,HSBC,HSBC,traditional_bank
2024-08-23,39.572898864746094,HSBC,HSBC,traditional_bank
2024-08-26,39.61823654174805,HSBC,HSBC,traditional_bank
2024-08-27,40.04433059692383,HSBC,HSBC,traditional_bank
2024-08-28,39.844871520996094,HSBC,HSBC,traditional_bank
2024-08-29,39.989933013916016,HSBC,HSBC,traditional_bank
2024-08-30,40.30724334716797,HSBC,HSBC,traditional_bank
2024-09-03,39.3643798828125,HSBC,HSBC,traditional_bank
2024-09-04,39.48223876953125,HSBC,HSBC,traditional_bank
2024-09-05,39.835811614990234,HSBC,HSBC,traditional_bank
2024-09-06,38.86575698852539,HSBC,HSBC,traditional_bank
2024-09-09,39.65449142456055,HSBC,HSBC,traditional_bank
2024-09-10,39.02893829345703,HSBC,HSBC,traditional_bank
2024-09-11,39.001747131347656,HSBC,HSBC,traditional_bank
2024-09-12,39.28279113769531,HSBC,HSBC,traditional_bank
2024-09-13,39.5638313293457,HSBC,HSBC,traditional_bank
2024-09-16,39.600101470947266,HSBC,HSBC,traditional_bank
2024-09-17,39.600101470947266,HSBC,HSBC,traditional_bank
2024-09-18,39.80861282348633,HSBC,HSBC,traditional_bank
2024-09-19,40.53388977050781,HSBC,HSBC,traditional_bank
2024-09-20,40.04433059692383,HSBC,HSBC,traditional_bank
2024-09-23,40.86026382446289,HSBC,HSBC,traditional_bank
2024-09-24,40.99625015258789,HSBC,HSBC,traditional_bank
2024-09-25,40.49762725830078,HSBC,HSBC,traditional_bank
2024-09-26,41.621803283691406,HSBC,HSBC,traditional_bank
2024-09-27,41.35889434814453,HSBC,HSBC,traditional_bank
2024-09-30,40.96905517578125,HSBC,HSBC,traditional_bank
2024-10-01,40.42509841918945,HSBC,HSBC,traditional_bank
2024-10-02,40.842132568359375,HSBC,HSBC,traditional_bank
2024-10-03,40.95998764038086,HSBC,HSBC,traditional_bank
2024-10-04,41.57647705078125,HSBC,HSBC,traditional_bank
2024-10-07,41.40422058105469,HSBC,HSBC,traditional_bank
2024-10-08,39.81768035888672,HSBC,HSBC,traditional_bank
2024-10-09,40.04433059692383,HSBC,HSBC,traditional_bank
2024-10-10,40.1440544128418,HSBC,HSBC,traditional_bank
2024-10-11,40.207515716552734,HSBC,HSBC,traditional_bank
2024-10-14,40.216583251953125,HSBC,HSBC,traditional_bank
2024-10-15,39.736087799072266,HSBC,HSBC,traditional_bank
2024-10-16,39.980865478515625,HSBC,HSBC,traditional_bank
2024-10-17,40.225643157958984,HSBC,HSBC,traditional_bank
2024-10-18,40.5429573059082,HSBC,HSBC,traditional_bank
2024-10-21,40.05339431762695,HSBC,HSBC,traditional_bank
2024-10-22,40.45229721069336,HSBC,HSBC,traditional_bank
2024-10-23,40.05339431762695,HSBC,HSBC,traditional_bank
2024-10-24,40.343502044677734,HSBC,HSBC,traditional_bank
2024-10-25,40.216583251953125,HSBC,HSBC,traditional_bank
2024-10-28,40.950923919677734,HSBC,HSBC,traditional_bank
2024-10-29,42.102298736572266,HSBC,HSBC,traditional_bank
2024-10-30,41.91191864013672,HSBC,HSBC,traditional_bank
2024-10-31,41.82125473022461,HSBC,HSBC,traditional_bank
2024-11-01,41.86658477783203,HSBC,HSBC,traditional_bank
2024-11-04,42.28362274169922,HSBC,HSBC,traditional_bank
2024-11-05,42.85477066040039,HSBC,HSBC,traditional_bank
2024-11-06,42.64625930786133,HSBC,HSBC,traditional_bank
2024-11-07,42.936370849609375,HSBC,HSBC,traditional_bank
2024-11-08,41.195457458496094,HSBC,HSBC,traditional_bank
2024-11-11,41.52531433105469,HSBC,HSBC,traditional_bank
2024-11-12,40.8839225769043,HSBC,HSBC,traditional_bank
2024-11-13,41.23210906982422,HSBC,HSBC,traditional_bank
2024-11-14,41.1771240234375,HSBC,HSBC,traditional_bank
2024-11-15,41.9101448059082,HSBC,HSBC,traditional_bank
2024-11-18,42.56069564819336,HSBC,HSBC,traditional_bank
2024-11-19,42.40493392944336,HSBC,HSBC,traditional_bank
2024-11-20,42.3591194152832,HSBC,HSBC,traditional_bank
2024-11-21,42.44157791137695,HSBC,HSBC,traditional_bank
2024-11-22,42.09340286254883,HSBC,HSBC,traditional_bank
2024-11-25,42.59735107421875,HSBC,HSBC,traditional_bank
2024-11-26,42.44157791137695,HSBC,HSBC,traditional_bank
2024-11-27,42.77144241333008,HSBC,HSBC,traditional_bank
2024-11-29,42.9638557434082,HSBC,HSBC,traditional_bank
2024-12-02,43.07380294799805,HSBC,HSBC,traditional_bank
2024-12-03,43.49529266357422,HSBC,HSBC,traditional_bank
2024-12-04,43.385337829589844,HSBC,HSBC,traditional_bank
2024-12-05,44.035888671875,HSBC,HSBC,traditional_bank
2024-12-06,43.60524368286133,HSBC,HSBC,traditional_bank
2024-12-09,43.93510055541992,HSBC,HSBC,traditional_bank
2024-12-10,43.99923324584961,HSBC,HSBC,traditional_bank
2024-12-11,44.475704193115234,HSBC,HSBC,traditional_bank
2024-12-12,44.329097747802734,HSBC,HSBC,traditional_bank
2024-12-13,44.530677795410156,HSBC,HSBC,traditional_bank
2024-12-16,44.55816650390625,HSBC,HSBC,traditional_bank
2024-12-17,44.56732940673828,HSBC,HSBC,traditional_bank
2024-12-18,43.916778564453125,HSBC,HSBC,traditional_bank
2024-12-19,44.11835861206055,HSBC,HSBC,traditional_bank
2024-12-20,44.228309631347656,HSBC,HSBC,traditional_bank
2024-12-23,44.61314010620117,HSBC,HSBC,traditional_bank
2024-12-24,45.126251220703125,HSBC,HSBC,traditional_bank
2024-12-26,45.13541030883789,HSBC,HSBC,traditional_bank
2024-12-27,45.16289520263672,HSBC,HSBC,traditional_bank
2024-12-30,45.364479064941406,HSBC,HSBC,traditional_bank
2024-12-31,45.318668365478516,HSBC,HSBC,traditional_bank
2025-01-02,44.60397720336914,HSBC,HSBC,traditional_bank
2025-01-03,44.96132278442383,HSBC,HSBC,traditional_bank
2025-01-06,45.14457321166992,HSBC,HSBC,traditional_bank
2025-01-07,44.75973892211914,HSBC,HSBC,traditional_bank
2025-01-08,45.236202239990234,HSBC,HSBC,traditional_bank
2025-01-10,45.217872619628906,HSBC,HSBC,traditional_bank
2025-01-13,44.897178649902344,HSBC,HSBC,traditional_bank
2025-01-14,45.217872619628906,HSBC,HSBC,traditional_bank
2025-01-15,45.85010528564453,HSBC,HSBC,traditional_bank
2025-01-16,46.555633544921875,HSBC,HSBC,traditional_bank
2025-01-17,46.39070510864258,HSBC,HSBC,traditional_bank
2025-01-21,47.17869567871094,HSBC,HSBC,traditional_bank
2025-01-22,46.64725875854492,HSBC,HSBC,traditional_bank
2025-01-23,47.10539245605469,HSBC,HSBC,traditional_bank
2025-01-24,46.995445251464844,HSBC,HSBC,traditional_bank
2025-01-27,47.737613677978516,HSBC,HSBC,traditional_bank
2025-01-28,47.609336853027344,HSBC,HSBC,traditional_bank
2025-01-29,47.7925910949707,HSBC,HSBC,traditional_bank
2025-01-30,48.2598876953125,HSBC,HSBC,traditional_bank
2025-01-31,48.03998947143555,HSBC,HSBC,traditional_bank
2025-02-03,47.004600524902344,HSBC,HSBC,traditional_bank
2025-02-04,47.57268524169922,HSBC,HSBC,traditional_bank
2025-02-05,47.83840560913086,HSBC,HSBC,traditional_bank
2025-02-06,48.553096771240234,HSBC,HSBC,traditional_bank
2025-02-07,48.65388870239258,HSBC,HSBC,traditional_bank
2025-02-10,49.350250244140625,HSBC,HSBC,traditional_bank
2025-02-11,50.02829360961914,HSBC,HSBC,traditional_bank
2025-02-12,50.46810531616211,HSBC,HSBC,traditional_bank
2025-02-13,50.568885803222656,HSBC,HSBC,traditional_bank
2025-02-14,50.47726058959961,HSBC,HSBC,traditional_bank
2025-02-18,52.11738586425781,HSBC,HSBC,traditional_bank
2025-02-19,52.1906852722168,HSBC,HSBC,traditional_bank
2025-02-20,51.2835807800293,HSBC,HSBC,traditional_bank
2025-02-21,51.384376525878906,HSBC,HSBC,traditional_bank
2025-02-24,51.036190032958984,HSBC,HSBC,traditional_bank
2025-02-25,52.932865142822266,HSBC,HSBC,traditional_bank
2025-02-26,53.36351013183594,HSBC,HSBC,traditional_bank
2025-02-27,53.31769561767578,HSBC,HSBC,traditional_bank
2025-02-28,54.893680572509766,HSBC,HSBC,traditional_bank
2025-03-03,55.27851486206055,HSBC,HSBC,traditional_bank
2025-03-04,55.370140075683594,HSBC,HSBC,traditional_bank
2025-03-05,56.423851013183594,HSBC,HSBC,traditional_bank
2025-03-06,54.563819885253906,HSBC,HSBC,traditional_bank
2025-03-07,54.83782196044922,HSBC,HSBC,traditional_bank
2025-03-10,52.655269622802734,HSBC,HSBC,traditional_bank
2025-03-11,52.41905975341797,HSBC,HSBC,traditional_bank
2025-03-12,52.66471481323242,HSBC,HSBC,traditional_bank
2025-03-13,52.56078338623047,HSBC,HSBC,traditional_bank
2025-03-14,53.92134094238281,HSBC,HSBC,traditional_bank
2025-03-17,54.62996292114258,HSBC,HSBC,traditional_bank
2025-03-18,55.44251251220703,HSBC,HSBC,traditional_bank
2025-03-19,55.60313034057617,HSBC,HSBC,traditional_bank
2025-03-20,54.43154525756836,HSBC,HSBC,traditional_bank
2025-03-21,54.63941192626953,HSBC,HSBC,traditional_bank
2025-03-24,54.78113555908203,HSBC,HSBC,traditional_bank
2025-03-25,55.14961242675781,HSBC,HSBC,traditional_bank
2025-03-26,55.13071823120117,HSBC,HSBC,traditional_bank
2025-03-27,55.121273040771484,HSBC,HSBC,traditional_bank
2025-03-28,54.58272171020508,HSBC,HSBC,traditional_bank
2025-03-31,54.261474609375,HSBC,HSBC,traditional_bank
2025-04-01,54.10085678100586,HSBC,HSBC,traditional_bank
2025-04-02,54.77168273925781,HSBC,HSBC,traditional_bank
2025-04-03,50.54830551147461,HSBC,HSBC,traditional_bank
2025-04-04,47.09022903442383,HSBC,HSBC,traditional_bank
2025-04-07,45.74857711791992,HSBC,HSBC,traditional_bank
2025-04-08,44.104576110839844,HSBC,HSBC,traditional_bank
2025-04-09,46.64616394042969,HSBC,HSBC,traditional_bank
2025-04-10,45.55961608886719,HSBC,HSBC,traditional_bank
2025-04-11,47.13747024536133,HSBC,HSBC,traditional_bank
2025-04-14,48.22402572631836,HSBC,HSBC,traditional_bank
2025-04-15,49.31057357788086,HSBC,HSBC,traditional_bank
2025-04-16,49.11216354370117,HSBC,HSBC,traditional_bank
2025-04-17,49.603477478027344,HSBC,HSBC,traditional_bank
2025-04-21,49.23499298095703,HSBC,HSBC,traditional_bank
2025-04-22,51.0301628112793,HSBC,HSBC,traditional_bank
2025-04-23,52.91981506347656,HSBC,HSBC,traditional_bank
2025-04-24,52.62692642211914,HSBC,HSBC,traditional_bank
2025-04-25,52.90092849731445,HSBC,HSBC,traditional_bank
2025-04-28,53.23161697387695,HSBC,HSBC,traditional_bank
2025-04-29,54.29927444458008,HSBC,HSBC,traditional_bank
2025-04-30,52.985965728759766,HSBC,HSBC,traditional_bank
2025-05-01,52.08837127685547,HSBC,HSBC,traditional_bank
2025-05-02,53.39223098754883,HSBC,HSBC,traditional_bank
2025-05-05,53.552852630615234,HSBC,HSBC,traditional_bank
2025-05-06,53.49616241455078,HSBC,HSBC,traditional_bank
2025-05-07,53.174922943115234,HSBC,HSBC,traditional_bank
2025-05-08,53.56230545043945,HSBC,HSBC,traditional_bank
2025-05-09,54.10565185546875,HSBC,HSBC,traditional_bank
2025-05-12,55.51643753051758,HSBC,HSBC,traditional_bank
2025-05-13,55.611759185791016,HSBC,HSBC,traditional_bank
2025-05-14,55.535499572753906,HSBC,HSBC,traditional_bank
2025-05-15,56.05978012084961,HSBC,HSBC,traditional_bank
2025-05-16,56.116973876953125,HSBC,HSBC,traditional_bank
2025-05-19,56.87955856323242,HSBC,HSBC,traditional_bank
2025-05-20,57.18459701538086,HSBC,HSBC,traditional_bank
2025-05-21,56.564998626708984,HSBC,HSBC,traditional_bank
2025-05-22,56.631717681884766,HSBC,HSBC,traditional_bank
2025-05-23,56.46967315673828,HSBC,HSBC,traditional_bank
2025-05-27,56.355281829833984,HSBC,HSBC,traditional_bank
2025-05-28,55.954925537109375,HSBC,HSBC,traditional_bank
2025-05-29,56.431541442871094,HSBC,HSBC,traditional_bank
2025-05-30,56.5078010559082,HSBC,HSBC,traditional_bank
2025-06-02,57.18459701538086,HSBC,HSBC,traditional_bank
2025-06-03,56.58406066894531,HSBC,HSBC,traditional_bank
2025-06-04,56.53640365600586,HSBC,HSBC,traditional_bank
2025-06-05,56.812835693359375,HSBC,HSBC,traditional_bank
2025-06-06,57.18459701538086,HSBC,HSBC,traditional_bank
2025-06-09,57.480098724365234,HSBC,HSBC,traditional_bank
2025-06-10,56.77470779418945,HSBC,HSBC,traditional_bank
2025-06-11,56.64125061035156,HSBC,HSBC,traditional_bank
2025-06-12,57.356178283691406,HSBC,HSBC,traditional_bank
2025-06-13,56.412479400634766,HSBC,HSBC,traditional_bank
2025-06-16,56.812835693359375,HSBC,HSBC,traditional_bank
2025-06-17,55.78334045410156,HSBC,HSBC,traditional_bank
2025-06-18,56.4220085144043,HSBC,HSBC,traditional_bank
2025-06-20,55.69755172729492,HSBC,HSBC,traditional_bank
2025-06-23,56.17416763305664,HSBC,HSBC,traditional_bank
2025-06-24,57.880462646484375,HSBC,HSBC,traditional_bank
2025-06-25,58.233154296875,HSBC,HSBC,traditional_bank
2025-06-26,57.65168380737305,HSBC,HSBC,traditional_bank
2025-06-27,57.97578048706055,HSBC,HSBC,traditional_bank
2025-06-30,57.94718551635742,HSBC,HSBC,traditional_bank
2025-07-01,57.451499938964844,HSBC,HSBC,traditional_bank
2025-07-02,57.81373596191406,HSBC,HSBC,traditional_bank
2025-07-03,57.83279800415039,HSBC,HSBC,traditional_bank
2025-07-07,58.08064270019531,HSBC,HSBC,traditional_bank
2025-07-08,58.690711975097656,HSBC,HSBC,traditional_bank
2025-07-09,59.167327880859375,HSBC,HSBC,traditional_bank
2025-07-10,59.844120025634766,HSBC,HSBC,traditional_bank
2025-07-11,58.82416534423828,HSBC,HSBC,traditional_bank
2025-07-14,59.58674621582031,HSBC,HSBC,traditional_bank
2025-07-15,58.92902374267578,HSBC,HSBC,traditional_bank
2025-07-16,59.61534881591797,HSBC,HSBC,traditional_bank
2025-07-17,60.292144775390625,HSBC,HSBC,traditional_bank
2025-07-18,59.882259368896484,HSBC,HSBC,traditional_bank
2025-07-21,60.62577438354492,HSBC,HSBC,traditional_bank
2025-07-22,61.06426239013672,HSBC,HSBC,traditional_bank
2025-07-23,62.084232330322266,HSBC,HSBC,traditional_bank
2025-07-24,61.94124221801758,HSBC,HSBC,traditional_bank
2025-07-25,61.8840446472168,HSBC,HSBC,traditional_bank
2025-07-28,61.46462631225586,HSBC,HSBC,traditional_bank
2025-07-29,62.01749801635742,HSBC,HSBC,traditional_bank
2025-07-30,58.60491943359375,HSBC,HSBC,traditional_bank
2025-07-31,58.43333435058594,HSBC,HSBC,traditional_bank
2025-08-01,58.50006103515625,HSBC,HSBC,traditional_bank
2025-08-04,58.90042495727539,HSBC,HSBC,traditional_bank
2025-08-05,59.12919998168945,HSBC,HSBC,traditional_bank
2025-08-06,59.758331298828125,HSBC,HSBC,traditional_bank
2025-08-07,60.00617599487305,HSBC,HSBC,traditional_bank
2025-08-08,60.73063659667969,HSBC,HSBC,traditional_bank
2025-08-11,61.19771194458008,HSBC,HSBC,traditional_bank
2025-08-12,61.93171691894531,HSBC,HSBC,traditional_bank
2025-08-13,61.93171691894531,HSBC,HSBC,traditional_bank
2025-08-14,62.69430160522461,HSBC,HSBC,traditional_bank
2025-08-15,61.34954833984375,HSBC,HSBC,traditional_bank
2025-08-18,61.40718078613281,HSBC,HSBC,traditional_bank
2025-08-19,61.32073211669922,HSBC,HSBC,traditional_bank
2025-08-20,62.7807502746582,HSBC,HSBC,traditional_bank
2025-08-21,62.68470001220703,HSBC,HSBC,traditional_bank
2025-08-22,63.08811950683594,HSBC,HSBC,traditional_bank
2025-08-25,62.64627456665039,HSBC,HSBC,traditional_bank
2025-08-26,62.90561294555664,HSBC,HSBC,traditional_bank
2025-08-27,62.05073928833008,HSBC,HSBC,traditional_bank
2025-08-28,62.26205825805664,HSBC,HSBC,traditional_bank
2025-08-29,61.925872802734375,HSBC,HSBC,traditional_bank
2025-09-02,61.55126190185547,HSBC,HSBC,traditional_bank
2025-09-03,62.17561340332031,HSBC,HSBC,traditional_bank
2025-09-04,62.511802673339844,HSBC,HSBC,traditional_bank
2025-09-05,63.02088165283203,HSBC,HSBC,traditional_bank
2025-09-08,63.424312591552734,HSBC,HSBC,traditional_bank
2025-09-09,63.904579162597656,HSBC,HSBC,traditional_bank
2025-09-10,65.6719741821289,HSBC,HSBC,traditional_bank
2025-09-11,66.43080139160156,HSBC,HSBC,traditional_bank
2025-09-12,65.94091796875,HSBC,HSBC,traditional_bank
2025-09-15,66.70934295654297,HSBC,HSBC,traditional_bank
2025-09-16,66.22908020019531,HSBC,HSBC,traditional_bank
2025-09-17,66.92066955566406,HSBC,HSBC,traditional_bank
2025-09-18,66.75736999511719,HSBC,HSBC,traditional_bank
2025-09-19,66.97830200195312,HSBC,HSBC,traditional_bank
2025-09-22,67.21844482421875,HSBC,HSBC,traditional_bank
2025-09-23,67.42975616455078,HSBC,HSBC,traditional_bank
2025-09-24,67.13198852539062,HSBC,HSBC,traditional_bank
2025-09-25,66.20986938476562,HSBC,HSBC,traditional_bank
2025-09-26,67.06474304199219,HSBC,HSBC,traditional_bank
2025-09-29,67.68910217285156,HSBC,HSBC,traditional_bank
2025-09-30,68.1789779663086,HSBC,HSBC,traditional_bank
2025-10-01,68.54398345947266,HSBC,HSBC,traditional_bank
2025-10-02,68.03489685058594,HSBC,HSBC,traditional_bank
2025-10-03,69.36043548583984,HSBC,HSBC,traditional_bank
2025-10-06,68.6688461303711,HSBC,HSBC,traditional_bank
2025-10-07,67.91962432861328,HSBC,HSBC,traditional_bank
2025-10-08,68.67845916748047,HSBC,HSBC,traditional_bank
2025-10-09,64.67301177978516,HSBC,HSBC,traditional_bank
2025-10-10,63.318641662597656,HSBC,HSBC,traditional_bank
2025-10-13,63.83734130859375,HSBC,HSBC,traditional_bank
2025-10-14,64.20234680175781,HSBC,HSBC,traditional_bank
2025-10-15,63.78932189941406,HSBC,HSBC,traditional_bank
2025-10-16,63.491539001464844,HSBC,HSBC,traditional_bank
2025-10-17,63.261024475097656,HSBC,HSBC,traditional_bank
2025-10-20,63.07851791381836,HSBC,HSBC,traditional_bank
2025-10-21,63.424312591552734,HSBC,HSBC,traditional_bank
2025-10-22,63.82773971557617,HSBC,HSBC,traditional_bank
2025-10-23,63.645240783691406,HSBC,HSBC,traditional_bank
2025-10-24,64.35603332519531,HSBC,HSBC,traditional_bank
2025-10-27,64.54814147949219,HSBC,HSBC,traditional_bank
2025-10-28,67.27606201171875,HSBC,HSBC,traditional_bank
2025-10-29,67.70830535888672,HSBC,HSBC,traditional_bank
2025-10-30,67.59304809570312,HSBC,HSBC,traditional_bank
2025-10-31,67.30488586425781,HSBC,HSBC,traditional_bank
2025-11-03,67.67948913574219,HSBC,HSBC,traditional_bank
2025-11-04,67.09355926513672,HSBC,HSBC,traditional_bank
2025-11-05,68.12134552001953,HSBC,HSBC,traditional_bank
2025-11-06,69.16832733154297,HSBC,HSBC,traditional_bank
2025-11-07,68.9361801147461,HSBC,HSBC,traditional_bank
2025-11-10,69.68096923828125,HSBC,HSBC,traditional_bank
2025-11-11,70.15492248535156,HSBC,HSBC,traditional_bank
2025-11-12,71.08348846435547,HSBC,HSBC,traditional_bank
2025-11-13,70.76429748535156,HSBC,HSBC,traditional_bank
2025-11-14,70.1839370727539,HSBC,HSBC,traditional_bank
2025-11-17,68.88782501220703,HSBC,HSBC,traditional_bank
2025-11-18,67.31119537353516,HSBC,HSBC,traditional_bank
2025-11-19,66.87593078613281,HSBC,HSBC,traditional_bank
2025-11-20,65.34767150878906,HSBC,HSBC,traditional_bank
2025-11-21,66.70182037353516,HSBC,HSBC,traditional_bank
2025-11-24,66.69215393066406,HSBC,HSBC,traditional_bank
2025-11-25,67.23381805419922,HSBC,HSBC,traditional_bank
2025-11-26,68.2687759399414,HSBC,HSBC,traditional_bank
2025-11-28,68.82978820800781,HSBC,HSBC,traditional_bank
2025-12-01,69.02323913574219,HSBC,HSBC,traditional_bank
2025-12-02,69.64228057861328,HSBC,HSBC,traditional_bank
2025-12-03,69.6519546508789,HSBC,HSBC,traditional_bank
2025-12-04,69.36177825927734,HSBC,HSBC,traditional_bank
2025-12-05,68.6750259399414,HSBC,HSBC,traditional_bank
2025-12-08,68.69436645507812,HSBC,HSBC,traditional_bank
2025-12-09,68.4719009399414,HSBC,HSBC,traditional_bank
2025-12-10,71.6541748046875,HSBC,HSBC,traditional_bank
2025-12-11,72.77618408203125,HSBC,HSBC,traditional_bank
2025-12-12,72.53436279296875,HSBC,HSBC,traditional_bank
2025-12-15,72.81487274169922,HSBC,HSBC,traditional_bank
2025-12-16,72.21517944335938,HSBC,HSBC,traditional_bank
2025-12-17,73.60801696777344,HSBC,HSBC,traditional_bank
2025-12-18,74.24641418457031,HSBC,HSBC,traditional_bank
2025-12-19,75.36842346191406,HSBC,HSBC,traditional_bank
2025-12-22,76.15190124511719,HSBC,HSBC,traditional_bank
2025-12-23,76.68388366699219,HSBC,HSBC,traditional_bank
2025-12-24,76.97406768798828,HSBC,HSBC,traditional_bank
2025-12-26,77.3512954711914,HSBC,HSBC,traditional_bank
2025-12-29,76.2679672241211,HSBC,HSBC,traditional_bank
2025-12-30,76.68388366699219,HSBC,HSBC,traditional_bank
2025-12-31,76.09386444091797,HSBC,HSBC,traditional_bank
2026-01-02,77.8155746459961,HSBC,HSBC,traditional_bank
2026-01-05,78.61839294433594,HSBC,HSBC,traditional_bank
2026-01-06,79.39220428466797,HSBC,HSBC,traditional_bank
2026-01-07,77.63179779052734,HSBC,HSBC,traditional_bank
2026-01-08,77.85426330566406,HSBC,HSBC,traditional_bank
2026-01-09,77.56409454345703,HSBC,HSBC,traditional_bank
2026-01-12,78.64741516113281,HSBC,HSBC,traditional_bank
2026-01-13,78.85053253173828,HSBC,HSBC,traditional_bank
2026-01-14,79.08267974853516,HSBC,HSBC,traditional_bank
2026-01-15,80.11764526367188,HSBC,HSBC,traditional_bank
2026-01-16,79.82746124267578,HSBC,HSBC,traditional_bank
2026-01-20,79.79844665527344,HSBC,HSBC,traditional_bank
2026-01-21,80.44650268554688,HSBC,HSBC,traditional_bank
2026-01-22,81.00751495361328,HSBC,HSBC,traditional_bank
2026-01-23,81.19129180908203,HSBC,HSBC,traditional_bank
2026-01-26,82.30362701416016,HSBC,HSBC,traditional_bank
2026-01-27,85.59229278564453,HSBC,HSBC,traditional_bank
2026-01-28,84.15108489990234,HSBC,HSBC,traditional_bank
2026-01-29,85.64066314697266,HSBC,HSBC,traditional_bank
2026-01-30,85.12802124023438,HSBC,HSBC,traditional_bank
2026-02-02,86.66594696044922,HSBC,HSBC,traditional_bank
2026-02-03,86.06625366210938,HSBC,HSBC,traditional_bank
2026-02-04,86.48217010498047,HSBC,HSBC,traditional_bank
2026-02-05,84.02534484863281,HSBC,HSBC,traditional_bank
2026-02-06,86.36609649658203,HSBC,HSBC,traditional_bank
2026-02-09,87.74927520751953,HSBC,HSBC,traditional_bank
2026-02-10,86.5595474243164,HSBC,HSBC,traditional_bank
2026-02-11,86.49183654785156,HSBC,HSBC,traditional_bank
2026-02-12,83.94796752929688,HSBC,HSBC,traditional_bank
2026-02-13,82.3616714477539,HSBC,HSBC,traditional_bank
2026-02-17,83.73516845703125,HSBC,HSBC,traditional_bank
2026-02-18,85.2150650024414,HSBC,HSBC,traditional_bank
2026-02-19,83.99632263183594,HSBC,HSBC,traditional_bank
2026-02-20,85.26343536376953,HSBC,HSBC,traditional_bank
2026-02-23,84.5379867553711,HSBC,HSBC,traditional_bank
2026-02-24,85.00227355957031,HSBC,HSBC,traditional_bank
2026-02-25,91.11531066894531,HSBC,HSBC,traditional_bank
2026-02-26,91.40548706054688,HSBC,HSBC,traditional_bank
2026-02-27,90.109375,HSBC,HSBC,traditional_bank
2026-03-02,86.79169464111328,HSBC,HSBC,traditional_bank
2026-03-03,82.6905288696289,HSBC,HSBC,traditional_bank
2026-03-04,84.33486938476562,HSBC,HSBC,traditional_bank
2026-03-05,82.9420166015625,HSBC,HSBC,traditional_bank
2026-03-06,81.29769134521484,HSBC,HSBC,traditional_bank
2026-03-09,82.6905288696289,HSBC,HSBC,traditional_bank
2026-03-10,83.02906799316406,HSBC,HSBC,traditional_bank
2026-03-11,83.15481567382812,HSBC,HSBC,traditional_bank
2026-03-12,79.4695816040039,HSBC,HSBC,traditional_bank
2026-03-13,77.75906372070312,HSBC,HSBC,traditional_bank
2026-03-16,79.86737060546875,HSBC,HSBC,traditional_bank
2026-03-17,80.4541244506836,HSBC,HSBC,traditional_bank
2026-03-18,79.4994125366211,HSBC,HSBC,traditional_bank
2026-03-19,79.02205657958984,HSBC,HSBC,traditional_bank
2026-03-20,76.52588653564453,HSBC,HSBC,traditional_bank
2026-03-23,79.39002227783203,HSBC,HSBC,traditional_bank
2026-03-24,78.83309936523438,HSBC,HSBC,traditional_bank
2026-03-25,80.7723617553711,HSBC,HSBC,traditional_bank
2026-03-26,79.19111633300781,HSBC,HSBC,traditional_bank
2026-03-27,78.75354766845703,HSBC,HSBC,traditional_bank
2026-03-30,78.91266632080078,HSBC,HSBC,traditional_bank
2026-03-31,82.03535461425781,HSBC,HSBC,traditional_bank
2026-04-01,84.9889907836914,HSBC,HSBC,traditional_bank
2026-04-02,83.94477844238281,HSBC,HSBC,traditional_bank
2026-04-06,84.17350769042969,HSBC,HSBC,traditional_bank
2026-04-07,84.68070220947266,HSBC,HSBC,traditional_bank
2026-04-08,89.77247619628906,HSBC,HSBC,traditional_bank
2026-04-09,89.77247619628906,HSBC,HSBC,traditional_bank
2026-04-10,89.76253509521484,HSBC,HSBC,traditional_bank
2026-04-13,90.47856903076172,HSBC,HSBC,traditional_bank
2026-04-14,90.86641693115234,HSBC,HSBC,traditional_bank
2026-04-15,90.42884063720703,HSBC,HSBC,traditional_bank
2026-04-16,90.0210952758789,HSBC,HSBC,traditional_bank
2026-04-17,91.65206909179688,HSBC,HSBC,traditional_bank
2026-04-20,91.085205078125,HSBC,HSBC,traditional_bank
2026-04-21,90.14044189453125,HSBC,HSBC,traditional_bank
2026-04-22,89.97138214111328,HSBC,HSBC,traditional_bank
2026-04-23,89.14595031738281,HSBC,HSBC,traditional_bank
2026-04-24,89.1956787109375,HSBC,HSBC,traditional_bank
2026-04-27,89.46418762207031,HSBC,HSBC,traditional_bank
2026-04-28,89.47413635253906,HSBC,HSBC,traditional_bank
2026-04-29,88.78793334960938,HSBC,HSBC,traditional_bank
2026-04-30,91.35371398925781,HSBC,HSBC,traditional_bank
2026-05-01,91.4432144165039,HSBC,HSBC,traditional_bank
2026-05-04,89.63324737548828,HSBC,HSBC,traditional_bank
2026-05-05,86.91829681396484,HSBC,HSBC,traditional_bank
2026-05-06,90.89625549316406,HSBC,HSBC,traditional_bank
2026-05-07,88.47964477539062,HSBC,HSBC,traditional_bank
2026-05-08,89.66309356689453,HSBC,HSBC,traditional_bank
2026-05-11,90.05094146728516,HSBC,HSBC,traditional_bank
2026-05-12,89.47413635253906,HSBC,HSBC,traditional_bank
2026-05-13,90.1304931640625,HSBC,HSBC,traditional_bank
2026-05-14,90.22000122070312,HSBC,HSBC,traditional_bank
2026-05-15,88.37999725341797,HSBC,HSBC,traditional_bank
2026-05-18,90.12999725341797,HSBC,HSBC,traditional_bank
2026-05-19,88.47000122070312,HSBC,HSBC,traditional_bank
2026-05-20,91.98999786376953,HSBC,HSBC,traditional_bank
2026-05-21,92.05000305175781,HSBC,HSBC,traditional_bank
2026-05-22,92.0199966430664,HSBC,HSBC,traditional_bank
2026-05-26,93.73999786376953,HSBC,HSBC,traditional_bank
2026-05-27,94.68000030517578,HSBC,HSBC,traditional_bank
2026-05-28,92.94999694824219,HSBC,HSBC,traditional_bank
2026-05-29,93.73999786376953,HSBC,HSBC,traditional_bank
2026-06-01,93.18000030517578,HSBC,HSBC,traditional_bank
2026-06-02,95.20999908447266,HSBC,HSBC,traditional_bank
2026-06-03,93.63999938964844,HSBC,HSBC,traditional_bank
2026-06-04,92.62000274658203,HSBC,HSBC,traditional_bank
2026-06-05,90.80000305175781,HSBC,HSBC,traditional_bank
2026-06-08,91.52999877929688,HSBC,HSBC,traditional_bank
2026-06-09,89.33999633789062,HSBC,HSBC,traditional_bank
2026-06-10,86.16000366210938,HSBC,HSBC,traditional_bank
2026-06-11,90.72000122070312,HSBC,HSBC,traditional_bank
2026-06-12,92.66999816894531,HSBC,HSBC,traditional_bank
2026-06-15,92.91999816894531,HSBC,HSBC,traditional_bank
2026-06-16,94.44999694824219,HSBC,HSBC,traditional_bank
2026-06-17,95.2300033569336,HSBC,HSBC,traditional_bank
2026-06-18,94.97000122070312,HSBC,HSBC,traditional_bank
2026-06-22,96.51000213623047,HSBC,HSBC,traditional_bank
2026-06-23,95.58999633789062,HSBC,HSBC,traditional_bank
2026-06-24,93.8499984741211,HSBC,HSBC,traditional_bank
2026-06-25,95.05999755859375,HSBC,HSBC,traditional_bank
2026-06-26,93.75,HSBC,HSBC,traditional_bank
2026-06-29,95.08000183105469,HSBC,HSBC,traditional_bank
2026-06-30,95.08999633789062,HSBC,HSBC,traditional_bank
2026-07-01,95.80999755859375,HSBC,HSBC,traditional_bank
2026-07-02,96.77999877929688,HSBC,HSBC,traditional_bank
2026-07-06,98.73999786376953,HSBC,HSBC,traditional_bank
2026-07-07,97.4000015258789,HSBC,HSBC,traditional_bank
2026-07-08,96.08999633789062,HSBC,HSBC,traditional_bank
2026-07-09,98.0199966430664,HSBC,HSBC,traditional_bank
2026-07-10,99.08999633789062,HSBC,HSBC,traditional_bank
2026-07-13,98.08999633789062,HSBC,HSBC,traditional_bank
2026-07-14,99.25,HSBC,HSBC,traditional_bank
2026-07-15,100.45999908447266,HSBC,HSBC,traditional_bank
2026-07-16,100.5199966430664,HSBC,HSBC,traditional_bank
2026-07-17,100.61000061035156,HSBC,HSBC,traditional_bank
2026-07-20,99.01000213623047,HSBC,HSBC,traditional_bank
2026-07-21,101.12000274658203,HSBC,HSBC,traditional_bank
2026-07-22,103.11000061035156,HSBC,HSBC,traditional_bank
2026-07-23,101.75,HSBC,HSBC,traditional_bank
2026-07-24,103.4000015258789,HSBC,HSBC,traditional_bank
2026-07-27,103.97000122070312,HSBC,HSBC,traditional_bank
2026-07-28,103.69999694824219,HSBC,HSBC,traditional_bank
2026-07-29,102.5999984741211,HSBC,HSBC,traditional_bank
2026-07-30,107.08999633789062,HSBC,HSBC,traditional_bank
2026-07-31,106.41999816894531,HSBC,HSBC,traditional_bank
2018-01-02,8.281025886535645,BCS,Barclays (ADR),traditional_bank
2018-01-03,8.250994682312012,BCS,Barclays (ADR),traditional_bank
2018-01-04,8.296040534973145,BCS,Barclays (ADR),traditional_bank
2018-01-05,8.085824012756348,BCS,Barclays (ADR),traditional_bank
2018-01-08,8.138378143310547,BCS,Barclays (ADR),traditional_bank
2018-01-09,8.190933227539062,BCS,Barclays (ADR),traditional_bank
2018-01-10,8.153393745422363,BCS,Barclays (ADR),traditional_bank
2018-01-11,8.018254280090332,BCS,Barclays (ADR),traditional_bank
2018-01-12,8.070809364318848,BCS,Barclays (ADR),traditional_bank
2018-01-16,8.228471755981445,BCS,Barclays (ADR),traditional_bank
2018-01-17,8.296040534973145,BCS,Barclays (ADR),traditional_bank
2018-01-18,8.311054229736328,BCS,Barclays (ADR),traditional_bank
2018-01-19,8.36361026763916,BCS,Barclays (ADR),traditional_bank
2018-01-22,8.814074516296387,BCS,Barclays (ADR),traditional_bank
2018-01-23,8.814074516296387,BCS,Barclays (ADR),traditional_bank
2018-01-24,8.904166221618652,BCS,Barclays (ADR),traditional_bank
2018-01-25,8.904166221618652,BCS,Barclays (ADR),traditional_bank
2018-01-26,8.941706657409668,BCS,Barclays (ADR),traditional_bank
2018-01-29,8.776535034179688,BCS,Barclays (ADR),traditional_bank
2018-01-30,8.551304817199707,BCS,Barclays (ADR),traditional_bank
2018-01-31,8.536286354064941,BCS,Barclays (ADR),traditional_bank
2018-02-01,8.528779983520508,BCS,Barclays (ADR),traditional_bank
2018-02-02,8.235978126525879,BCS,Barclays (ADR),traditional_bank
2018-02-05,7.898130416870117,BCS,Barclays (ADR),traditional_bank
2018-02-06,8.033269882202148,BCS,Barclays (ADR),traditional_bank
2018-02-07,7.973206996917725,BCS,Barclays (ADR),traditional_bank
2018-02-08,8.025762557983398,BCS,Barclays (ADR),traditional_bank
2018-02-09,8.070809364318848,BCS,Barclays (ADR),traditional_bank
2018-02-12,8.108345985412598,BCS,Barclays (ADR),traditional_bank
2018-02-13,8.14588451385498,BCS,Barclays (ADR),traditional_bank
2018-02-14,8.356101989746094,BCS,Barclays (ADR),traditional_bank
2018-02-15,8.461212158203125,BCS,Barclays (ADR),traditional_bank
2018-02-16,8.506258010864258,BCS,Barclays (ADR),traditional_bank
2018-02-20,8.468719482421875,BCS,Barclays (ADR),traditional_bank
2018-02-21,8.506258010864258,BCS,Barclays (ADR),traditional_bank
2018-02-22,8.769027709960938,BCS,Barclays (ADR),traditional_bank
2018-02-23,8.79905891418457,BCS,Barclays (ADR),traditional_bank
2018-02-26,8.79905891418457,BCS,Barclays (ADR),traditional_bank
2018-02-27,8.79905891418457,BCS,Barclays (ADR),traditional_bank
2018-02-28,8.821579933166504,BCS,Barclays (ADR),traditional_bank
2018-03-01,8.769283294677734,BCS,Barclays (ADR),traditional_bank
2018-03-02,8.731388092041016,BCS,Barclays (ADR),traditional_bank
2018-03-05,8.807182312011719,BCS,Barclays (ADR),traditional_bank
2018-03-06,8.98908519744873,BCS,Barclays (ADR),traditional_bank
2018-03-07,8.951189041137695,BCS,Barclays (ADR),traditional_bank
2018-03-08,8.98150634765625,BCS,Barclays (ADR),traditional_bank
2018-03-09,8.920872688293457,BCS,Barclays (ADR),traditional_bank
2018-03-12,8.996664047241211,BCS,Barclays (ADR),traditional_bank
2018-03-13,8.913291931152344,BCS,Barclays (ADR),traditional_bank
2018-03-14,8.829917907714844,BCS,Barclays (ADR),traditional_bank
2018-03-15,8.837499618530273,BCS,Barclays (ADR),traditional_bank
2018-03-16,8.913291931152344,BCS,Barclays (ADR),traditional_bank
2018-03-19,9.345314025878906,BCS,Barclays (ADR),traditional_bank
2018-03-20,9.246782302856445,BCS,Barclays (ADR),traditional_bank
2018-03-21,9.148250579833984,BCS,Barclays (ADR),traditional_bank
2018-03-22,8.89055347442627,BCS,Barclays (ADR),traditional_bank
2018-03-23,8.784444808959961,BCS,Barclays (ADR),traditional_bank
2018-03-26,9.072457313537598,BCS,Barclays (ADR),traditional_bank
2018-03-27,8.867815017700195,BCS,Barclays (ADR),traditional_bank
2018-03-28,8.913291931152344,BCS,Barclays (ADR),traditional_bank
2018-03-29,8.95876693725586,BCS,Barclays (ADR),traditional_bank
2018-04-02,8.852656364440918,BCS,Barclays (ADR),traditional_bank
2018-04-03,8.98150634765625,BCS,Barclays (ADR),traditional_bank
2018-04-04,9.04214096069336,BCS,Barclays (ADR),traditional_bank
2018-04-05,9.117934226989746,BCS,Barclays (ADR),traditional_bank
2018-04-06,9.019404411315918,BCS,Barclays (ADR),traditional_bank
2018-04-09,9.102776527404785,BCS,Barclays (ADR),traditional_bank
2018-04-10,9.314995765686035,BCS,Barclays (ADR),traditional_bank
2018-04-11,9.292258262634277,BCS,Barclays (ADR),traditional_bank
2018-04-12,9.436264038085938,BCS,Barclays (ADR),traditional_bank
2018-04-13,9.254362106323242,BCS,Barclays (ADR),traditional_bank
2018-04-16,9.345314025878906,BCS,Barclays (ADR),traditional_bank
2018-04-17,9.239204406738281,BCS,Barclays (ADR),traditional_bank
2018-04-18,9.261942863464355,BCS,Barclays (ADR),traditional_bank
2018-04-19,9.299838066101074,BCS,Barclays (ADR),traditional_bank
2018-04-20,9.261942863464355,BCS,Barclays (ADR),traditional_bank
2018-04-23,9.254362106323242,BCS,Barclays (ADR),traditional_bank
2018-04-24,9.170988082885742,BCS,Barclays (ADR),traditional_bank
2018-04-25,9.095194816589355,BCS,Barclays (ADR),traditional_bank
2018-04-26,8.98150634765625,BCS,Barclays (ADR),traditional_bank
2018-04-27,8.867815017700195,BCS,Barclays (ADR),traditional_bank
2018-04-30,8.746545791625977,BCS,Barclays (ADR),traditional_bank
2018-05-01,8.648015975952148,BCS,Barclays (ADR),traditional_bank
2018-05-02,8.602540016174316,BCS,Barclays (ADR),traditional_bank
2018-05-03,8.519165992736816,BCS,Barclays (ADR),traditional_bank
2018-05-04,8.61011791229248,BCS,Barclays (ADR),traditional_bank
2018-05-07,8.66317367553711,BCS,Barclays (ADR),traditional_bank
2018-05-08,8.625276565551758,BCS,Barclays (ADR),traditional_bank
2018-05-09,8.852656364440918,BCS,Barclays (ADR),traditional_bank
2018-05-10,8.913291931152344,BCS,Barclays (ADR),traditional_bank
2018-05-11,8.920872688293457,BCS,Barclays (ADR),traditional_bank
2018-05-14,8.860236167907715,BCS,Barclays (ADR),traditional_bank
2018-05-15,8.769283294677734,BCS,Barclays (ADR),traditional_bank
2018-05-16,8.693490982055664,BCS,Barclays (ADR),traditional_bank
2018-05-17,8.685911178588867,BCS,Barclays (ADR),traditional_bank
2018-05-18,8.632857322692871,BCS,Barclays (ADR),traditional_bank
2018-05-21,8.648015975952148,BCS,Barclays (ADR),traditional_bank
2018-05-22,8.708649635314941,BCS,Barclays (ADR),traditional_bank
2018-05-23,8.587381362915039,BCS,Barclays (ADR),traditional_bank
2018-05-24,8.4736909866333,BCS,Barclays (ADR),traditional_bank
2018-05-25,8.458532333374023,BCS,Barclays (ADR),traditional_bank
2018-05-29,8.01893138885498,BCS,Barclays (ADR),traditional_bank
2018-05-30,8.140198707580566,BCS,Barclays (ADR),traditional_bank
2018-05-31,8.09472370147705,BCS,Barclays (ADR),traditional_bank
2018-06-01,8.253890037536621,BCS,Barclays (ADR),traditional_bank
2018-06-04,8.360001564025879,BCS,Barclays (ADR),traditional_bank
2018-06-05,8.14777946472168,BCS,Barclays (ADR),traditional_bank
2018-06-06,8.337263107299805,BCS,Barclays (ADR),traditional_bank
2018-06-07,8.284207344055176,BCS,Barclays (ADR),traditional_bank
2018-06-08,8.238731384277344,BCS,Barclays (ADR),traditional_bank
2018-06-11,8.291787147521973,BCS,Barclays (ADR),traditional_bank
2018-06-12,8.185675621032715,BCS,Barclays (ADR),traditional_bank
2018-06-13,8.17809772491455,BCS,Barclays (ADR),traditional_bank
2018-06-14,8.185675621032715,BCS,Barclays (ADR),traditional_bank
2018-06-15,8.01893138885498,BCS,Barclays (ADR),traditional_bank
2018-06-18,8.003771781921387,BCS,Barclays (ADR),traditional_bank
2018-06-19,7.867344379425049,BCS,Barclays (ADR),traditional_bank
2018-06-20,7.8521857261657715,BCS,Barclays (ADR),traditional_bank
2018-06-21,7.761233329772949,BCS,Barclays (ADR),traditional_bank
2018-06-22,7.859766006469727,BCS,Barclays (ADR),traditional_bank
2018-06-25,7.761233329772949,BCS,Barclays (ADR),traditional_bank
2018-06-26,7.746074676513672,BCS,Barclays (ADR),traditional_bank
2018-06-27,7.541433334350586,BCS,Barclays (ADR),traditional_bank
2018-06-28,7.655123710632324,BCS,Barclays (ADR),traditional_bank
2018-06-29,7.602066993713379,BCS,Barclays (ADR),traditional_bank
2018-07-02,7.541433334350586,BCS,Barclays (ADR),traditional_bank
2018-07-03,7.503537654876709,BCS,Barclays (ADR),traditional_bank
2018-07-05,7.609646320343018,BCS,Barclays (ADR),traditional_bank
2018-07-06,7.617228031158447,BCS,Barclays (ADR),traditional_bank
2018-07-09,7.708179473876953,BCS,Barclays (ADR),traditional_bank
2018-07-10,7.632384300231934,BCS,Barclays (ADR),traditional_bank
2018-07-11,7.609646320343018,BCS,Barclays (ADR),traditional_bank
2018-07-12,7.708179473876953,BCS,Barclays (ADR),traditional_bank
2018-07-13,7.693018913269043,BCS,Barclays (ADR),traditional_bank
2018-07-16,7.837026119232178,BCS,Barclays (ADR),traditional_bank
2018-07-17,7.639965534210205,BCS,Barclays (ADR),traditional_bank
2018-07-18,7.609646320343018,BCS,Barclays (ADR),traditional_bank
2018-07-19,7.4580607414245605,BCS,Barclays (ADR),traditional_bank
2018-07-20,7.549012184143066,BCS,Barclays (ADR),traditional_bank
2018-07-23,7.579331398010254,BCS,Barclays (ADR),traditional_bank
2018-07-24,7.685440540313721,BCS,Barclays (ADR),traditional_bank
2018-07-25,7.685440540313721,BCS,Barclays (ADR),traditional_bank
2018-07-26,7.624807357788086,BCS,Barclays (ADR),traditional_bank
2018-07-27,7.708179473876953,BCS,Barclays (ADR),traditional_bank
2018-07-30,7.8067097663879395,BCS,Barclays (ADR),traditional_bank
2018-07-31,7.837026119232178,BCS,Barclays (ADR),traditional_bank
2018-08-01,7.761233329772949,BCS,Barclays (ADR),traditional_bank
2018-08-02,7.564171314239502,BCS,Barclays (ADR),traditional_bank
2018-08-03,7.617228031158447,BCS,Barclays (ADR),traditional_bank
2018-08-06,7.533853054046631,BCS,Barclays (ADR),traditional_bank
2018-08-07,7.541433334350586,BCS,Barclays (ADR),traditional_bank
2018-08-08,7.647543430328369,BCS,Barclays (ADR),traditional_bank
2018-08-09,7.655991554260254,BCS,Barclays (ADR),traditional_bank
2018-08-10,7.456335544586182,BCS,Barclays (ADR),traditional_bank
2018-08-13,7.333470821380615,BCS,Barclays (ADR),traditional_bank
2018-08-14,7.356509208679199,BCS,Barclays (ADR),traditional_bank
2018-08-15,7.17221212387085,BCS,Barclays (ADR),traditional_bank
2018-08-16,7.249001502990723,BCS,Barclays (ADR),traditional_bank
2018-08-17,7.325791358947754,BCS,Barclays (ADR),traditional_bank
2018-08-20,7.356509208679199,BCS,Barclays (ADR),traditional_bank
2018-08-21,7.433299541473389,BCS,Barclays (ADR),traditional_bank
2018-08-22,7.47169303894043,BCS,Barclays (ADR),traditional_bank
2018-08-23,7.341150283813477,BCS,Barclays (ADR),traditional_bank
2018-08-24,7.356509208679199,BCS,Barclays (ADR),traditional_bank
2018-08-27,7.487051486968994,BCS,Barclays (ADR),traditional_bank
2018-08-28,7.387223720550537,BCS,Barclays (ADR),traditional_bank
2018-08-29,7.394903659820557,BCS,Barclays (ADR),traditional_bank
2018-08-30,7.256681442260742,BCS,Barclays (ADR),traditional_bank
2018-08-31,7.187570095062256,BCS,Barclays (ADR),traditional_bank
2018-09-04,7.287397861480713,BCS,Barclays (ADR),traditional_bank
2018-09-05,7.218286037445068,BCS,Barclays (ADR),traditional_bank
2018-09-06,7.149176120758057,BCS,Barclays (ADR),traditional_bank
2018-09-07,7.072386264801025,BCS,Barclays (ADR),traditional_bank
2018-09-10,7.195250034332275,BCS,Barclays (ADR),traditional_bank
2018-09-11,7.118459224700928,BCS,Barclays (ADR),traditional_bank
2018-09-12,7.04166841506958,BCS,Barclays (ADR),traditional_bank
2018-09-13,7.018630504608154,BCS,Barclays (ADR),traditional_bank
2018-09-14,6.980236053466797,BCS,Barclays (ADR),traditional_bank
2018-09-17,7.033990859985352,BCS,Barclays (ADR),traditional_bank
2018-09-18,6.987915515899658,BCS,Barclays (ADR),traditional_bank
2018-09-19,7.16453218460083,BCS,Barclays (ADR),traditional_bank
2018-09-20,7.295077323913574,BCS,Barclays (ADR),traditional_bank
2018-09-21,7.233644008636475,BCS,Barclays (ADR),traditional_bank
2018-09-24,7.1798906326293945,BCS,Barclays (ADR),traditional_bank
2018-09-25,7.187570095062256,BCS,Barclays (ADR),traditional_bank
2018-09-26,7.118459224700928,BCS,Barclays (ADR),traditional_bank
2018-09-27,7.1261372566223145,BCS,Barclays (ADR),traditional_bank
2018-09-28,6.872730255126953,BCS,Barclays (ADR),traditional_bank
2018-10-01,6.926483631134033,BCS,Barclays (ADR),traditional_bank
2018-10-02,6.8112969398498535,BCS,Barclays (ADR),traditional_bank
2018-10-03,6.918804168701172,BCS,Barclays (ADR),traditional_bank
2018-10-04,6.964877605438232,BCS,Barclays (ADR),traditional_bank
2018-10-05,6.926483631134033,BCS,Barclays (ADR),traditional_bank
2018-10-08,6.842012882232666,BCS,Barclays (ADR),traditional_bank
2018-10-09,6.780580520629883,BCS,Barclays (ADR),traditional_bank
2018-10-10,6.849693298339844,BCS,Barclays (ADR),traditional_bank
2018-10-11,6.711469650268555,BCS,Barclays (ADR),traditional_bank
2018-10-12,6.673074245452881,BCS,Barclays (ADR),traditional_bank
2018-10-15,6.642358779907227,BCS,Barclays (ADR),traditional_bank
2018-10-16,6.642358779907227,BCS,Barclays (ADR),traditional_bank
2018-10-17,6.703790187835693,BCS,Barclays (ADR),traditional_bank
2018-10-18,6.52717399597168,BCS,Barclays (ADR),traditional_bank
2018-10-19,6.550210475921631,BCS,Barclays (ADR),traditional_bank
2018-10-22,6.519495010375977,BCS,Barclays (ADR),traditional_bank
2018-10-23,6.619320869445801,BCS,Barclays (ADR),traditional_bank
2018-10-24,6.665396213531494,BCS,Barclays (ADR),traditional_bank
2018-10-25,6.7345075607299805,BCS,Barclays (ADR),traditional_bank
2018-10-26,6.580926895141602,BCS,Barclays (ADR),traditional_bank
2018-10-29,6.726829528808594,BCS,Barclays (ADR),traditional_bank
2018-10-30,6.665396213531494,BCS,Barclays (ADR),traditional_bank
2018-10-31,6.749865531921387,BCS,Barclays (ADR),traditional_bank
2018-11-01,7.010951995849609,BCS,Barclays (ADR),traditional_bank
2018-11-02,7.018630504608154,BCS,Barclays (ADR),traditional_bank
2018-11-05,6.995594024658203,BCS,Barclays (ADR),traditional_bank
2018-11-06,6.972557067871094,BCS,Barclays (ADR),traditional_bank
2018-11-07,7.118459224700928,BCS,Barclays (ADR),traditional_bank
2018-11-08,7.133815765380859,BCS,Barclays (ADR),traditional_bank
2018-11-09,7.026309490203857,BCS,Barclays (ADR),traditional_bank
2018-11-12,6.703790187835693,BCS,Barclays (ADR),traditional_bank
2018-11-13,7.026309490203857,BCS,Barclays (ADR),traditional_bank
2018-11-14,6.9111247062683105,BCS,Barclays (ADR),traditional_bank
2018-11-15,6.557888507843018,BCS,Barclays (ADR),traditional_bank
2018-11-16,6.488778591156006,BCS,Barclays (ADR),traditional_bank
2018-11-19,6.542531490325928,BCS,Barclays (ADR),traditional_bank
2018-11-20,6.319838523864746,BCS,Barclays (ADR),traditional_bank
2018-11-21,6.496457576751709,BCS,Barclays (ADR),traditional_bank
2018-11-23,6.435024738311768,BCS,Barclays (ADR),traditional_bank
2018-11-26,6.626999855041504,BCS,Barclays (ADR),traditional_bank
2018-11-27,6.603964328765869,BCS,Barclays (ADR),traditional_bank
2018-11-28,6.626999855041504,BCS,Barclays (ADR),traditional_bank
2018-11-29,6.573247909545898,BCS,Barclays (ADR),traditional_bank
2018-11-30,6.350555419921875,BCS,Barclays (ADR),traditional_bank
2018-12-03,6.396629333496094,BCS,Barclays (ADR),traditional_bank
2018-12-04,6.066431522369385,BCS,Barclays (ADR),traditional_bank
2018-12-06,6.043394088745117,BCS,Barclays (ADR),traditional_bank
2018-12-07,5.93588924407959,BCS,Barclays (ADR),traditional_bank
2018-12-10,5.8667778968811035,BCS,Barclays (ADR),traditional_bank
2018-12-11,5.728554725646973,BCS,Barclays (ADR),traditional_bank
2018-12-12,6.112505912780762,BCS,Barclays (ADR),traditional_bank
2018-12-13,6.074110507965088,BCS,Barclays (ADR),traditional_bank
2018-12-14,6.028036594390869,BCS,Barclays (ADR),traditional_bank
2018-12-17,5.820702075958252,BCS,Barclays (ADR),traditional_bank
2018-12-18,5.836060523986816,BCS,Barclays (ADR),traditional_bank
2018-12-19,5.728554725646973,BCS,Barclays (ADR),traditional_bank
2018-12-20,5.690160274505615,BCS,Barclays (ADR),traditional_bank
2018-12-21,5.644084453582764,BCS,Barclays (ADR),traditional_bank
2018-12-24,5.567294597625732,BCS,Barclays (ADR),traditional_bank
2018-12-26,5.697838306427002,BCS,Barclays (ADR),traditional_bank
2018-12-27,5.705517768859863,BCS,Barclays (ADR),traditional_bank
2018-12-28,5.789987087249756,BCS,Barclays (ADR),traditional_bank
2018-12-31,5.789987087249756,BCS,Barclays (ADR),traditional_bank
2019-01-02,5.836060523986816,BCS,Barclays (ADR),traditional_bank
2019-01-03,5.813024044036865,BCS,Barclays (ADR),traditional_bank
2019-01-04,6.05107307434082,BCS,Barclays (ADR),traditional_bank
2019-01-07,6.112505912780762,BCS,Barclays (ADR),traditional_bank
2019-01-08,6.150901794433594,BCS,Barclays (ADR),traditional_bank
2019-01-09,6.150901794433594,BCS,Barclays (ADR),traditional_bank
2019-01-10,6.227690696716309,BCS,Barclays (ADR),traditional_bank
2019-01-11,6.227690696716309,BCS,Barclays (ADR),traditional_bank
2019-01-14,6.34287691116333,BCS,Barclays (ADR),traditional_bank
2019-01-15,6.312160968780518,BCS,Barclays (ADR),traditional_bank
2019-01-16,6.411988258361816,BCS,Barclays (ADR),traditional_bank
2019-01-17,6.427346706390381,BCS,Barclays (ADR),traditional_bank
2019-01-18,6.580926895141602,BCS,Barclays (ADR),traditional_bank
2019-01-22,6.458061695098877,BCS,Barclays (ADR),traditional_bank
2019-01-23,6.534852027893066,BCS,Barclays (ADR),traditional_bank
2019-01-24,6.511814117431641,BCS,Barclays (ADR),traditional_bank
2019-01-25,6.619320869445801,BCS,Barclays (ADR),traditional_bank
2019-01-28,6.50413703918457,BCS,Barclays (ADR),traditional_bank
2019-01-29,6.496457576751709,BCS,Barclays (ADR),traditional_bank
2019-01-30,6.511814117431641,BCS,Barclays (ADR),traditional_bank
2019-01-31,6.419666290283203,BCS,Barclays (ADR),traditional_bank
2019-02-01,6.350555419921875,BCS,Barclays (ADR),traditional_bank
2019-02-04,6.381272315979004,BCS,Barclays (ADR),traditional_bank
2019-02-05,6.404309272766113,BCS,Barclays (ADR),traditional_bank
2019-02-06,6.404309272766113,BCS,Barclays (ADR),traditional_bank
2019-02-07,6.258407115936279,BCS,Barclays (ADR),traditional_bank
2019-02-08,6.243049144744873,BCS,Barclays (ADR),traditional_bank
2019-02-11,6.181617259979248,BCS,Barclays (ADR),traditional_bank
2019-02-12,6.243049144744873,BCS,Barclays (ADR),traditional_bank
2019-02-13,6.22001314163208,BCS,Barclays (ADR),traditional_bank
2019-02-14,6.181617259979248,BCS,Barclays (ADR),traditional_bank
2019-02-15,6.28912353515625,BCS,Barclays (ADR),traditional_bank
2019-02-19,6.373592376708984,BCS,Barclays (ADR),traditional_bank
2019-02-20,6.442704677581787,BCS,Barclays (ADR),traditional_bank
2019-02-21,6.427346706390381,BCS,Barclays (ADR),traditional_bank
2019-02-22,6.266086578369141,BCS,Barclays (ADR),traditional_bank
2019-02-25,6.350555419921875,BCS,Barclays (ADR),traditional_bank
2019-02-26,6.642358779907227,BCS,Barclays (ADR),traditional_bank
2019-02-27,6.849693298339844,BCS,Barclays (ADR),traditional_bank
2019-02-28,6.8095903396606445,BCS,Barclays (ADR),traditional_bank
2019-03-01,6.730958461761475,BCS,Barclays (ADR),traditional_bank
2019-03-04,6.762411117553711,BCS,Barclays (ADR),traditional_bank
2019-03-05,6.833179473876953,BCS,Barclays (ADR),traditional_bank
2019-03-06,6.778136253356934,BCS,Barclays (ADR),traditional_bank
2019-03-07,6.620871543884277,BCS,Barclays (ADR),traditional_bank
2019-03-08,6.518650054931641,BCS,Barclays (ADR),traditional_bank
2019-03-11,6.628734588623047,BCS,Barclays (ADR),traditional_bank
2019-03-12,6.691640853881836,BCS,Barclays (ADR),traditional_bank
2019-03-13,6.8095903396606445,BCS,Barclays (ADR),traditional_bank
2019-03-14,6.841042518615723,BCS,Barclays (ADR),traditional_bank
2019-03-15,6.8960862159729,BCS,Barclays (ADR),traditional_bank
2019-03-18,6.8960862159729,BCS,Barclays (ADR),traditional_bank
2019-03-19,6.9511284828186035,BCS,Barclays (ADR),traditional_bank
2019-03-20,6.762411117553711,BCS,Barclays (ADR),traditional_bank
2019-03-21,6.581554889678955,BCS,Barclays (ADR),traditional_bank
2019-03-22,6.424289703369141,BCS,Barclays (ADR),traditional_bank
2019-03-25,6.392837047576904,BCS,Barclays (ADR),traditional_bank
2019-03-26,6.384973526000977,BCS,Barclays (ADR),traditional_bank
2019-03-27,6.471468448638916,BCS,Barclays (ADR),traditional_bank
2019-03-28,6.30634069442749,BCS,Barclays (ADR),traditional_bank
2019-03-29,6.290613651275635,BCS,Barclays (ADR),traditional_bank
2019-04-01,6.5343756675720215,BCS,Barclays (ADR),traditional_bank
2019-04-02,6.597282409667969,BCS,Barclays (ADR),traditional_bank
2019-04-03,6.754546165466309,BCS,Barclays (ADR),traditional_bank
2019-04-04,6.730958461761475,BCS,Barclays (ADR),traditional_bank
2019-04-05,6.644461154937744,BCS,Barclays (ADR),traditional_bank
2019-04-08,6.636597156524658,BCS,Barclays (ADR),traditional_bank
2019-04-09,6.589417934417725,BCS,Barclays (ADR),traditional_bank
2019-04-10,6.636597156524658,BCS,Barclays (ADR),traditional_bank
2019-04-11,6.6995038986206055,BCS,Barclays (ADR),traditional_bank
2019-04-12,6.817453861236572,BCS,Barclays (ADR),traditional_bank
2019-04-15,6.872496128082275,BCS,Barclays (ADR),traditional_bank
2019-04-16,6.880359649658203,BCS,Barclays (ADR),traditional_bank
2019-04-17,6.966855049133301,BCS,Barclays (ADR),traditional_bank
2019-04-18,6.880359649658203,BCS,Barclays (ADR),traditional_bank
2019-04-22,6.841042518615723,BCS,Barclays (ADR),traditional_bank
2019-04-23,6.754546165466309,BCS,Barclays (ADR),traditional_bank
2019-04-24,6.691640853881836,BCS,Barclays (ADR),traditional_bank
2019-04-25,6.502923011779785,BCS,Barclays (ADR),traditional_bank
2019-04-26,6.5579657554626465,BCS,Barclays (ADR),traditional_bank
2019-04-29,6.715229511260986,BCS,Barclays (ADR),traditional_bank
2019-04-30,6.730958461761475,BCS,Barclays (ADR),traditional_bank
2019-05-01,6.6680498123168945,BCS,Barclays (ADR),traditional_bank
2019-05-02,6.715229511260986,BCS,Barclays (ADR),traditional_bank
2019-05-03,6.770274639129639,BCS,Barclays (ADR),traditional_bank
2019-05-06,6.675915241241455,BCS,Barclays (ADR),traditional_bank
2019-05-07,6.5107855796813965,BCS,Barclays (ADR),traditional_bank
2019-05-08,6.495059490203857,BCS,Barclays (ADR),traditional_bank
2019-05-09,6.455742835998535,BCS,Barclays (ADR),traditional_bank
2019-05-10,6.5107855796813965,BCS,Barclays (ADR),traditional_bank
2019-05-13,6.274887561798096,BCS,Barclays (ADR),traditional_bank
2019-05-14,6.377108573913574,BCS,Barclays (ADR),traditional_bank
2019-05-15,6.416426658630371,BCS,Barclays (ADR),traditional_bank
2019-05-16,6.447878837585449,BCS,Barclays (ADR),traditional_bank
2019-05-17,6.30634069442749,BCS,Barclays (ADR),traditional_bank
2019-05-20,6.243434429168701,BCS,Barclays (ADR),traditional_bank
2019-05-21,6.282750606536865,BCS,Barclays (ADR),traditional_bank
2019-05-22,6.078306198120117,BCS,Barclays (ADR),traditional_bank
2019-05-23,5.96035623550415,BCS,Barclays (ADR),traditional_bank
2019-05-24,5.999672889709473,BCS,Barclays (ADR),traditional_bank
2019-05-28,5.952494144439697,BCS,Barclays (ADR),traditional_bank
2019-05-29,6.015399932861328,BCS,Barclays (ADR),traditional_bank
2019-05-30,5.928903102874756,BCS,Barclays (ADR),traditional_bank
2019-05-31,5.873861312866211,BCS,Barclays (ADR),traditional_bank
2019-06-03,5.9210405349731445,BCS,Barclays (ADR),traditional_bank
2019-06-04,6.149075508117676,BCS,Barclays (ADR),traditional_bank
2019-06-05,6.062579154968262,BCS,Barclays (ADR),traditional_bank
2019-06-06,6.015399932861328,BCS,Barclays (ADR),traditional_bank
2019-06-07,6.0232625007629395,BCS,Barclays (ADR),traditional_bank
2019-06-10,6.054715633392334,BCS,Barclays (ADR),traditional_bank
2019-06-11,6.062579154968262,BCS,Barclays (ADR),traditional_bank
2019-06-12,5.96035623550415,BCS,Barclays (ADR),traditional_bank
2019-06-13,5.96035623550415,BCS,Barclays (ADR),traditional_bank
2019-06-14,5.913177490234375,BCS,Barclays (ADR),traditional_bank
2019-06-17,5.8974504470825195,BCS,Barclays (ADR),traditional_bank
2019-06-18,5.976082801818848,BCS,Barclays (ADR),traditional_bank
2019-06-19,6.015399932861328,BCS,Barclays (ADR),traditional_bank
2019-06-20,6.015399932861328,BCS,Barclays (ADR),traditional_bank
2019-06-21,5.928903102874756,BCS,Barclays (ADR),traditional_bank
2019-06-24,5.913177490234375,BCS,Barclays (ADR),traditional_bank
2019-06-25,5.850271701812744,BCS,Barclays (ADR),traditional_bank
2019-06-26,5.928903102874756,BCS,Barclays (ADR),traditional_bank
2019-06-27,5.983946800231934,BCS,Barclays (ADR),traditional_bank
2019-06-28,5.983946800231934,BCS,Barclays (ADR),traditional_bank
2019-07-01,6.038990020751953,BCS,Barclays (ADR),traditional_bank
2019-07-02,6.054715633392334,BCS,Barclays (ADR),traditional_bank
2019-07-03,6.094031810760498,BCS,Barclays (ADR),traditional_bank
2019-07-05,6.164801120758057,BCS,Barclays (ADR),traditional_bank
2019-07-08,6.13334846496582,BCS,Barclays (ADR),traditional_bank
2019-07-09,6.094031810760498,BCS,Barclays (ADR),traditional_bank
2019-07-10,6.1176228523254395,BCS,Barclays (ADR),traditional_bank
2019-07-11,6.219844341278076,BCS,Barclays (ADR),traditional_bank
2019-07-12,6.18839168548584,BCS,Barclays (ADR),traditional_bank
2019-07-15,6.13334846496582,BCS,Barclays (ADR),traditional_bank
2019-07-16,6.13334846496582,BCS,Barclays (ADR),traditional_bank
2019-07-17,6.062579154968262,BCS,Barclays (ADR),traditional_bank
2019-07-18,6.13334846496582,BCS,Barclays (ADR),traditional_bank
2019-07-19,6.10975980758667,BCS,Barclays (ADR),traditional_bank
2019-07-22,6.149075508117676,BCS,Barclays (ADR),traditional_bank
2019-07-23,6.219844341278076,BCS,Barclays (ADR),traditional_bank
2019-07-24,6.274887561798096,BCS,Barclays (ADR),traditional_bank
2019-07-25,6.156938076019287,BCS,Barclays (ADR),traditional_bank
2019-07-26,6.18839168548584,BCS,Barclays (ADR),traditional_bank
2019-07-29,6.10975980758667,BCS,Barclays (ADR),traditional_bank
2019-07-30,5.999672889709473,BCS,Barclays (ADR),traditional_bank
2019-07-31,5.881724834442139,BCS,Barclays (ADR),traditional_bank
2019-08-01,5.787365913391113,BCS,Barclays (ADR),traditional_bank
2019-08-02,5.810955047607422,BCS,Barclays (ADR),traditional_bank
2019-08-05,5.590783596038818,BCS,Barclays (ADR),traditional_bank
2019-08-06,5.653688907623291,BCS,Barclays (ADR),traditional_bank
2019-08-07,5.637963771820068,BCS,Barclays (ADR),traditional_bank
2019-08-08,5.633950233459473,BCS,Barclays (ADR),traditional_bank
2019-08-09,5.5697455406188965,BCS,Barclays (ADR),traditional_bank
2019-08-12,5.4573869705200195,BCS,Barclays (ADR),traditional_bank
2019-08-13,5.4573869705200195,BCS,Barclays (ADR),traditional_bank
2019-08-14,5.31292724609375,BCS,Barclays (ADR),traditional_bank
2019-08-15,5.2888503074646,BCS,Barclays (ADR),traditional_bank
2019-08-16,5.409233570098877,BCS,Barclays (ADR),traditional_bank
2019-08-19,5.4573869705200195,BCS,Barclays (ADR),traditional_bank
2019-08-20,5.369106292724609,BCS,Barclays (ADR),traditional_bank
2019-08-21,5.385157585144043,BCS,Barclays (ADR),traditional_bank
2019-08-22,5.449361801147461,BCS,Barclays (ADR),traditional_bank
2019-08-23,5.361080646514893,BCS,Barclays (ADR),traditional_bank
2019-08-26,5.369106292724609,BCS,Barclays (ADR),traditional_bank
2019-08-27,5.345029354095459,BCS,Barclays (ADR),traditional_bank
2019-08-28,5.31292724609375,BCS,Barclays (ADR),traditional_bank
2019-08-29,5.361080646514893,BCS,Barclays (ADR),traditional_bank
2019-08-30,5.328979015350342,BCS,Barclays (ADR),traditional_bank
2019-09-03,5.31292724609375,BCS,Barclays (ADR),traditional_bank
2019-09-04,5.369106292724609,BCS,Barclays (ADR),traditional_bank
2019-09-05,5.489490032196045,BCS,Barclays (ADR),traditional_bank
2019-09-06,5.513566493988037,BCS,Barclays (ADR),traditional_bank
2019-09-09,5.58579683303833,BCS,Barclays (ADR),traditional_bank
2019-09-10,5.866691589355469,BCS,Barclays (ADR),traditional_bank
2019-09-11,5.906820297241211,BCS,Barclays (ADR),traditional_bank
2019-09-12,5.906820297241211,BCS,Barclays (ADR),traditional_bank
2019-09-13,6.235867977142334,BCS,Barclays (ADR),traditional_bank
2019-09-16,6.10745906829834,BCS,Barclays (ADR),traditional_bank
2019-09-17,6.00312614440918,BCS,Barclays (ADR),traditional_bank
2019-09-18,5.906820297241211,BCS,Barclays (ADR),traditional_bank
2019-09-19,5.971024036407471,BCS,Barclays (ADR),traditional_bank
2019-09-20,6.019176959991455,BCS,Barclays (ADR),traditional_bank
2019-09-23,5.9389214515686035,BCS,Barclays (ADR),traditional_bank
2019-09-24,5.818538188934326,BCS,Barclays (ADR),traditional_bank
2019-09-25,5.826563835144043,BCS,Barclays (ADR),traditional_bank
2019-09-26,5.866691589355469,BCS,Barclays (ADR),traditional_bank
2019-09-27,5.914844989776611,BCS,Barclays (ADR),traditional_bank
2019-09-30,5.890768051147461,BCS,Barclays (ADR),traditional_bank
2019-10-01,5.826563835144043,BCS,Barclays (ADR),traditional_bank
2019-10-02,5.658027172088623,BCS,Barclays (ADR),traditional_bank
2019-10-03,5.641976833343506,BCS,Barclays (ADR),traditional_bank
2019-10-04,5.706180572509766,BCS,Barclays (ADR),traditional_bank
2019-10-07,5.666053295135498,BCS,Barclays (ADR),traditional_bank
2019-10-08,5.617898464202881,BCS,Barclays (ADR),traditional_bank
2019-10-09,5.633950233459473,BCS,Barclays (ADR),traditional_bank
2019-10-10,5.9469475746154785,BCS,Barclays (ADR),traditional_bank
2019-10-11,6.4284820556640625,BCS,Barclays (ADR),traditional_bank
2019-10-14,6.332174777984619,BCS,Barclays (ADR),traditional_bank
2019-10-15,6.701351165771484,BCS,Barclays (ADR),traditional_bank
2019-10-16,6.701351165771484,BCS,Barclays (ADR),traditional_bank
2019-10-17,6.72542667388916,BCS,Barclays (ADR),traditional_bank
2019-10-18,6.805682182312012,BCS,Barclays (ADR),traditional_bank
2019-10-21,6.837785720825195,BCS,Barclays (ADR),traditional_bank
2019-10-22,6.7575297355651855,BCS,Barclays (ADR),traditional_bank
2019-10-23,6.845811367034912,BCS,Barclays (ADR),traditional_bank
2019-10-24,6.797658443450928,BCS,Barclays (ADR),traditional_bank
2019-10-25,6.974220275878906,BCS,Barclays (ADR),traditional_bank
2019-10-28,6.990272045135498,BCS,Barclays (ADR),traditional_bank
2019-10-29,7.014347076416016,BCS,Barclays (ADR),traditional_bank
2019-10-30,6.982245922088623,BCS,Barclays (ADR),traditional_bank
2019-10-31,6.926065921783447,BCS,Barclays (ADR),traditional_bank
2019-11-01,6.958169937133789,BCS,Barclays (ADR),traditional_bank
2019-11-04,6.982245922088623,BCS,Barclays (ADR),traditional_bank
2019-11-05,6.974220275878906,BCS,Barclays (ADR),traditional_bank
2019-11-06,6.910016059875488,BCS,Barclays (ADR),traditional_bank
2019-11-07,6.942117691040039,BCS,Barclays (ADR),traditional_bank
2019-11-08,6.837785720825195,BCS,Barclays (ADR),traditional_bank
2019-11-11,7.054475784301758,BCS,Barclays (ADR),traditional_bank
2019-11-12,7.062500953674316,BCS,Barclays (ADR),traditional_bank
2019-11-13,6.990272045135498,BCS,Barclays (ADR),traditional_bank
2019-11-14,7.006321430206299,BCS,Barclays (ADR),traditional_bank
2019-11-15,7.046450138092041,BCS,Barclays (ADR),traditional_bank
2019-11-18,7.054475784301758,BCS,Barclays (ADR),traditional_bank
2019-11-19,7.046450138092041,BCS,Barclays (ADR),traditional_bank
2019-11-20,6.926065921783447,BCS,Barclays (ADR),traditional_bank
2019-11-21,6.942117691040039,BCS,Barclays (ADR),traditional_bank
2019-11-22,6.982245922088623,BCS,Barclays (ADR),traditional_bank
2019-11-25,7.078553676605225,BCS,Barclays (ADR),traditional_bank
2019-11-26,7.054475784301758,BCS,Barclays (ADR),traditional_bank
2019-11-27,7.18288516998291,BCS,Barclays (ADR),traditional_bank
2019-11-29,7.07052755355835,BCS,Barclays (ADR),traditional_bank
2019-12-02,7.006321430206299,BCS,Barclays (ADR),traditional_bank
2019-12-03,6.934092044830322,BCS,Barclays (ADR),traditional_bank
2019-12-04,6.974220275878906,BCS,Barclays (ADR),traditional_bank
2019-12-05,7.046450138092041,BCS,Barclays (ADR),traditional_bank
2019-12-06,7.142757892608643,BCS,Barclays (ADR),traditional_bank
2019-12-09,7.206961154937744,BCS,Barclays (ADR),traditional_bank
2019-12-10,7.166832447052002,BCS,Barclays (ADR),traditional_bank
2019-12-11,7.198936939239502,BCS,Barclays (ADR),traditional_bank
2019-12-12,7.287217617034912,BCS,Barclays (ADR),traditional_bank
2019-12-13,7.816903114318848,BCS,Barclays (ADR),traditional_bank
2019-12-16,8.13792896270752,BCS,Barclays (ADR),traditional_bank
2019-12-17,7.873084545135498,BCS,Barclays (ADR),traditional_bank
2019-12-18,7.776778221130371,BCS,Barclays (ADR),traditional_bank
2019-12-19,7.672445774078369,BCS,Barclays (ADR),traditional_bank
2019-12-20,7.439704418182373,BCS,Barclays (ADR),traditional_bank
2019-12-23,7.463781833648682,BCS,Barclays (ADR),traditional_bank
2019-12-24,7.527983665466309,BCS,Barclays (ADR),traditional_bank
2019-12-26,7.56008768081665,BCS,Barclays (ADR),traditional_bank
2019-12-27,7.584164142608643,BCS,Barclays (ADR),traditional_bank
2019-12-30,7.56008768081665,BCS,Barclays (ADR),traditional_bank
2019-12-31,7.640342712402344,BCS,Barclays (ADR),traditional_bank
2020-01-02,7.832956314086914,BCS,Barclays (ADR),traditional_bank
2020-01-03,7.632317543029785,BCS,Barclays (ADR),traditional_bank
2020-01-06,7.616264820098877,BCS,Barclays (ADR),traditional_bank
2020-01-07,7.632317543029785,BCS,Barclays (ADR),traditional_bank
2020-01-08,7.648366928100586,BCS,Barclays (ADR),traditional_bank
2020-01-09,7.632317543029785,BCS,Barclays (ADR),traditional_bank
2020-01-10,7.552060604095459,BCS,Barclays (ADR),traditional_bank
2020-01-13,7.56008768081665,BCS,Barclays (ADR),traditional_bank
2020-01-14,7.511934280395508,BCS,Barclays (ADR),traditional_bank
2020-01-15,7.407601356506348,BCS,Barclays (ADR),traditional_bank
2020-01-16,7.43167781829834,BCS,Barclays (ADR),traditional_bank
2020-01-17,7.319318771362305,BCS,Barclays (ADR),traditional_bank
2020-01-21,7.2551140785217285,BCS,Barclays (ADR),traditional_bank
2020-01-22,7.3514227867126465,BCS,Barclays (ADR),traditional_bank
2020-01-23,7.239064693450928,BCS,Barclays (ADR),traditional_bank
2020-01-24,7.223013877868652,BCS,Barclays (ADR),traditional_bank
2020-01-27,7.094603538513184,BCS,Barclays (ADR),traditional_bank
2020-01-28,7.15880823135376,BCS,Barclays (ADR),traditional_bank
2020-01-29,7.134732723236084,BCS,Barclays (ADR),traditional_bank
2020-01-30,7.239064693450928,BCS,Barclays (ADR),traditional_bank
2020-01-31,7.062500953674316,BCS,Barclays (ADR),traditional_bank
2020-02-03,7.030399799346924,BCS,Barclays (ADR),traditional_bank
2020-02-04,7.118680477142334,BCS,Barclays (ADR),traditional_bank
2020-02-05,7.206961154937744,BCS,Barclays (ADR),traditional_bank
2020-02-06,7.287217617034912,BCS,Barclays (ADR),traditional_bank
2020-02-07,7.279191493988037,BCS,Barclays (ADR),traditional_bank
2020-02-10,7.303269386291504,BCS,Barclays (ADR),traditional_bank
2020-02-11,7.3995747566223145,BCS,Barclays (ADR),traditional_bank
2020-02-12,7.391550540924072,BCS,Barclays (ADR),traditional_bank
2020-02-13,7.343396186828613,BCS,Barclays (ADR),traditional_bank
2020-02-14,7.287217617034912,BCS,Barclays (ADR),traditional_bank
2020-02-18,7.287217617034912,BCS,Barclays (ADR),traditional_bank
2020-02-19,7.287217617034912,BCS,Barclays (ADR),traditional_bank
2020-02-20,7.479831218719482,BCS,Barclays (ADR),traditional_bank
2020-02-21,7.439704418182373,BCS,Barclays (ADR),traditional_bank
2020-02-24,6.958169937133789,BCS,Barclays (ADR),traditional_bank
2020-02-25,6.789632320404053,BCS,Barclays (ADR),traditional_bank
2020-02-26,6.7575297355651855,BCS,Barclays (ADR),traditional_bank
2020-02-27,6.534168243408203,BCS,Barclays (ADR),traditional_bank
2020-02-28,6.417485237121582,BCS,Barclays (ADR),traditional_bank
2020-03-02,6.259133815765381,BCS,Barclays (ADR),traditional_bank
2020-03-03,5.934091567993164,BCS,Barclays (ADR),traditional_bank
2020-03-04,6.000765800476074,BCS,Barclays (ADR),traditional_bank
2020-03-05,5.742400169372559,BCS,Barclays (ADR),traditional_bank
2020-03-06,5.61738395690918,BCS,Barclays (ADR),traditional_bank
2020-03-09,5.017307758331299,BCS,Barclays (ADR),traditional_bank
2020-03-10,5.150657653808594,BCS,Barclays (ADR),traditional_bank
2020-03-11,4.89229154586792,BCS,Barclays (ADR),traditional_bank
2020-03-12,4.167199611663818,BCS,Barclays (ADR),traditional_bank
2020-03-13,4.500574588775635,BCS,Barclays (ADR),traditional_bank
2020-03-16,3.517115592956543,BCS,Barclays (ADR),traditional_bank
2020-03-17,3.5421195030212402,BCS,Barclays (ADR),traditional_bank
2020-03-18,3.225412130355835,BCS,Barclays (ADR),traditional_bank
2020-03-19,3.275418519973755,BCS,Barclays (ADR),traditional_bank
2020-03-20,3.3420934677124023,BCS,Barclays (ADR),traditional_bank
2020-03-23,3.200409173965454,BCS,Barclays (ADR),traditional_bank
2020-03-24,3.6838037967681885,BCS,Barclays (ADR),traditional_bank
2020-03-25,4.092188835144043,BCS,Barclays (ADR),traditional_bank
2020-03-26,4.3088836669921875,BCS,Barclays (ADR),traditional_bank
2020-03-27,4.017179489135742,BCS,Barclays (ADR),traditional_bank
2020-03-30,3.8754959106445312,BCS,Barclays (ADR),traditional_bank
2020-03-31,3.7754831314086914,BCS,Barclays (ADR),traditional_bank
2020-04-01,3.375431776046753,BCS,Barclays (ADR),traditional_bank
2020-04-02,3.3420934677124023,BCS,Barclays (ADR),traditional_bank
2020-04-03,3.2420809268951416,BCS,Barclays (ADR),traditional_bank
2020-04-06,3.5254507064819336,BCS,Barclays (ADR),traditional_bank
2020-04-07,3.7754831314086914,BCS,Barclays (ADR),traditional_bank
2020-04-08,3.808819532394409,BCS,Barclays (ADR),traditional_bank
2020-04-09,4.0671868324279785,BCS,Barclays (ADR),traditional_bank
2020-04-13,3.93383526802063,BCS,Barclays (ADR),traditional_bank
2020-04-14,3.9088327884674072,BCS,Barclays (ADR),traditional_bank
2020-04-15,3.608794689178467,BCS,Barclays (ADR),traditional_bank
2020-04-16,3.5837912559509277,BCS,Barclays (ADR),traditional_bank
2020-04-17,3.7921512126922607,BCS,Barclays (ADR),traditional_bank
2020-04-20,3.7004730701446533,BCS,Barclays (ADR),traditional_bank
2020-04-21,3.5504536628723145,BCS,Barclays (ADR),traditional_bank
2020-04-22,3.5587873458862305,BCS,Barclays (ADR),traditional_bank
2020-04-23,3.6588006019592285,BCS,Barclays (ADR),traditional_bank
2020-04-24,3.6838037967681885,BCS,Barclays (ADR),traditional_bank
2020-04-27,3.7754831314086914,BCS,Barclays (ADR),traditional_bank
2020-04-28,4.058851718902588,BCS,Barclays (ADR),traditional_bank
2020-04-29,4.600587368011475,BCS,Barclays (ADR),traditional_bank
2020-04-30,4.4088969230651855,BCS,Barclays (ADR),traditional_bank
2020-05-01,4.275546550750732,BCS,Barclays (ADR),traditional_bank
2020-05-04,4.167199611663818,BCS,Barclays (ADR),traditional_bank
2020-05-05,4.192202568054199,BCS,Barclays (ADR),traditional_bank
2020-05-06,4.108858108520508,BCS,Barclays (ADR),traditional_bank
2020-05-07,4.2672119140625,BCS,Barclays (ADR),traditional_bank
2020-05-08,4.3922271728515625,BCS,Barclays (ADR),traditional_bank
2020-05-11,4.21720552444458,BCS,Barclays (ADR),traditional_bank
2020-05-12,4.083854675292969,BCS,Barclays (ADR),traditional_bank
2020-05-13,3.925501585006714,BCS,Barclays (ADR),traditional_bank
2020-05-14,3.9671735763549805,BCS,Barclays (ADR),traditional_bank
2020-05-15,3.925501585006714,BCS,Barclays (ADR),traditional_bank
2020-05-18,4.3088836669921875,BCS,Barclays (ADR),traditional_bank
2020-05-19,4.175534248352051,BCS,Barclays (ADR),traditional_bank
2020-05-20,4.3088836669921875,BCS,Barclays (ADR),traditional_bank
2020-05-21,4.21720552444458,BCS,Barclays (ADR),traditional_bank
2020-05-22,4.192202568054199,BCS,Barclays (ADR),traditional_bank
2020-05-26,4.533912658691406,BCS,Barclays (ADR),traditional_bank
2020-05-27,4.858954429626465,BCS,Barclays (ADR),traditional_bank
2020-05-28,4.917295932769775,BCS,Barclays (ADR),traditional_bank
2020-05-29,4.717270374298096,BCS,Barclays (ADR),traditional_bank
2020-06-01,4.992304801940918,BCS,Barclays (ADR),traditional_bank
2020-06-02,4.958967208862305,BCS,Barclays (ADR),traditional_bank
2020-06-03,5.225667953491211,BCS,Barclays (ADR),traditional_bank
2020-06-04,5.192330360412598,BCS,Barclays (ADR),traditional_bank
2020-06-05,5.500702857971191,BCS,Barclays (ADR),traditional_bank
2020-06-08,5.600714683532715,BCS,Barclays (ADR),traditional_bank
2020-06-09,5.359017848968506,BCS,Barclays (ADR),traditional_bank
2020-06-10,5.192330360412598,BCS,Barclays (ADR),traditional_bank
2020-06-11,4.7006001472473145,BCS,Barclays (ADR),traditional_bank
2020-06-12,4.933963775634766,BCS,Barclays (ADR),traditional_bank
2020-06-15,4.917295932769775,BCS,Barclays (ADR),traditional_bank
2020-06-16,5.100651264190674,BCS,Barclays (ADR),traditional_bank
2020-06-17,4.908959865570068,BCS,Barclays (ADR),traditional_bank
2020-06-18,4.850619792938232,BCS,Barclays (ADR),traditional_bank
2020-06-19,4.708934783935547,BCS,Barclays (ADR),traditional_bank
2020-06-22,4.767275333404541,BCS,Barclays (ADR),traditional_bank
2020-06-23,4.8006134033203125,BCS,Barclays (ADR),traditional_bank
2020-06-24,4.583918571472168,BCS,Barclays (ADR),traditional_bank
2020-06-25,4.708934783935547,BCS,Barclays (ADR),traditional_bank
2020-06-26,4.483905792236328,BCS,Barclays (ADR),traditional_bank
2020-06-29,4.675597190856934,BCS,Barclays (ADR),traditional_bank
2020-06-30,4.717270374298096,BCS,Barclays (ADR),traditional_bank
2020-07-01,4.683931827545166,BCS,Barclays (ADR),traditional_bank
2020-07-02,4.833950519561768,BCS,Barclays (ADR),traditional_bank
2020-07-06,4.858954429626465,BCS,Barclays (ADR),traditional_bank
2020-07-07,4.708934783935547,BCS,Barclays (ADR),traditional_bank
2020-07-08,4.80894660949707,BCS,Barclays (ADR),traditional_bank
2020-07-09,4.667263031005859,BCS,Barclays (ADR),traditional_bank
2020-07-10,5.008974075317383,BCS,Barclays (ADR),traditional_bank
2020-07-13,4.925628662109375,BCS,Barclays (ADR),traditional_bank
2020-07-14,4.9839701652526855,BCS,Barclays (ADR),traditional_bank
2020-07-15,5.067314624786377,BCS,Barclays (ADR),traditional_bank
2020-07-16,4.917295932769775,BCS,Barclays (ADR),traditional_bank
2020-07-17,4.8172831535339355,BCS,Barclays (ADR),traditional_bank
2020-07-20,4.858954429626465,BCS,Barclays (ADR),traditional_bank
2020-07-21,4.900626182556152,BCS,Barclays (ADR),traditional_bank
2020-07-22,4.94229793548584,BCS,Barclays (ADR),traditional_bank
2020-07-23,4.875622272491455,BCS,Barclays (ADR),traditional_bank
2020-07-24,4.8006134033203125,BCS,Barclays (ADR),traditional_bank
2020-07-27,4.742272853851318,BCS,Barclays (ADR),traditional_bank
2020-07-28,4.8006134033203125,BCS,Barclays (ADR),traditional_bank
2020-07-29,4.592253684997559,BCS,Barclays (ADR),traditional_bank
2020-07-30,4.400561809539795,BCS,Barclays (ADR),traditional_bank
2020-07-31,4.367224216461182,BCS,Barclays (ADR),traditional_bank
2020-08-03,4.483905792236328,BCS,Barclays (ADR),traditional_bank
2020-08-04,4.550581455230713,BCS,Barclays (ADR),traditional_bank
2020-08-05,4.650594234466553,BCS,Barclays (ADR),traditional_bank
2020-08-06,4.6172566413879395,BCS,Barclays (ADR),traditional_bank
2020-08-07,4.6172566413879395,BCS,Barclays (ADR),traditional_bank
2020-08-10,4.650594234466553,BCS,Barclays (ADR),traditional_bank
2020-08-11,4.792279243469238,BCS,Barclays (ADR),traditional_bank
2020-08-12,4.783944129943848,BCS,Barclays (ADR),traditional_bank
2020-08-13,4.683931827545166,BCS,Barclays (ADR),traditional_bank
2020-08-14,4.708934783935547,BCS,Barclays (ADR),traditional_bank
2020-08-17,4.675597190856934,BCS,Barclays (ADR),traditional_bank
2020-08-18,4.708934783935547,BCS,Barclays (ADR),traditional_bank
2020-08-19,4.7256035804748535,BCS,Barclays (ADR),traditional_bank
2020-08-20,4.683931827545166,BCS,Barclays (ADR),traditional_bank
2020-08-21,4.675597190856934,BCS,Barclays (ADR),traditional_bank
2020-08-24,4.783944129943848,BCS,Barclays (ADR),traditional_bank
2020-08-25,4.750607013702393,BCS,Barclays (ADR),traditional_bank
2020-08-26,4.8172831535339355,BCS,Barclays (ADR),traditional_bank
2020-08-27,4.8172831535339355,BCS,Barclays (ADR),traditional_bank
2020-08-28,4.958967208862305,BCS,Barclays (ADR),traditional_bank
2020-08-31,4.850619792938232,BCS,Barclays (ADR),traditional_bank
2020-09-01,4.667263031005859,BCS,Barclays (ADR),traditional_bank
2020-09-02,4.608922958374023,BCS,Barclays (ADR),traditional_bank
2020-09-03,4.600587368011475,BCS,Barclays (ADR),traditional_bank
2020-09-04,4.7339372634887695,BCS,Barclays (ADR),traditional_bank
2020-09-08,4.467237949371338,BCS,Barclays (ADR),traditional_bank
2020-09-09,4.4922404289245605,BCS,Barclays (ADR),traditional_bank
2020-09-10,4.417231559753418,BCS,Barclays (ADR),traditional_bank
2020-09-11,4.3755598068237305,BCS,Barclays (ADR),traditional_bank
2020-09-14,4.4088969230651855,BCS,Barclays (ADR),traditional_bank
2020-09-15,4.350554943084717,BCS,Barclays (ADR),traditional_bank
2020-09-16,4.4088969230651855,BCS,Barclays (ADR),traditional_bank
2020-09-17,4.325552940368652,BCS,Barclays (ADR),traditional_bank
2020-09-18,4.183867454528809,BCS,Barclays (ADR),traditional_bank
2020-09-21,3.950504779815674,BCS,Barclays (ADR),traditional_bank
2020-09-22,3.900498390197754,BCS,Barclays (ADR),traditional_bank
2020-09-23,3.8671607971191406,BCS,Barclays (ADR),traditional_bank
2020-09-24,3.9588396549224854,BCS,Barclays (ADR),traditional_bank
2020-09-25,3.917167901992798,BCS,Barclays (ADR),traditional_bank
2020-09-28,4.158864498138428,BCS,Barclays (ADR),traditional_bank
2020-09-29,4.133861541748047,BCS,Barclays (ADR),traditional_bank
2020-09-30,4.175534248352051,BCS,Barclays (ADR),traditional_bank
2020-10-01,4.167199611663818,BCS,Barclays (ADR),traditional_bank
2020-10-02,4.2338738441467285,BCS,Barclays (ADR),traditional_bank
2020-10-05,4.275546550750732,BCS,Barclays (ADR),traditional_bank
2020-10-06,4.400561809539795,BCS,Barclays (ADR),traditional_bank
2020-10-07,4.4922404289245605,BCS,Barclays (ADR),traditional_bank
2020-10-08,4.6172566413879395,BCS,Barclays (ADR),traditional_bank
2020-10-09,4.6255903244018555,BCS,Barclays (ADR),traditional_bank
2020-10-12,4.6255903244018555,BCS,Barclays (ADR),traditional_bank
2020-10-13,4.3755598068237305,BCS,Barclays (ADR),traditional_bank
2020-10-14,4.358890056610107,BCS,Barclays (ADR),traditional_bank
2020-10-15,4.325552940368652,BCS,Barclays (ADR),traditional_bank
2020-10-16,4.3838934898376465,BCS,Barclays (ADR),traditional_bank
2020-10-19,4.4088969230651855,BCS,Barclays (ADR),traditional_bank
2020-10-20,4.475572109222412,BCS,Barclays (ADR),traditional_bank
2020-10-21,4.467237949371338,BCS,Barclays (ADR),traditional_bank
2020-10-22,4.583918571472168,BCS,Barclays (ADR),traditional_bank
2020-10-23,4.858954429626465,BCS,Barclays (ADR),traditional_bank
2020-10-26,4.783944129943848,BCS,Barclays (ADR),traditional_bank
2020-10-27,4.57558536529541,BCS,Barclays (ADR),traditional_bank
2020-10-28,4.442234039306641,BCS,Barclays (ADR),traditional_bank
2020-10-29,4.533912658691406,BCS,Barclays (ADR),traditional_bank
2020-10-30,4.608922958374023,BCS,Barclays (ADR),traditional_bank
2020-11-02,4.592253684997559,BCS,Barclays (ADR),traditional_bank
2020-11-03,4.900626182556152,BCS,Barclays (ADR),traditional_bank
2020-11-04,4.69226598739624,BCS,Barclays (ADR),traditional_bank
2020-11-05,4.80894660949707,BCS,Barclays (ADR),traditional_bank
2020-11-06,4.825616359710693,BCS,Barclays (ADR),traditional_bank
2020-11-09,5.734065532684326,BCS,Barclays (ADR),traditional_bank
2020-11-10,5.875750541687012,BCS,Barclays (ADR),traditional_bank
2020-11-11,5.875750541687012,BCS,Barclays (ADR),traditional_bank
2020-11-12,5.67572546005249,BCS,Barclays (ADR),traditional_bank
2020-11-13,5.892419338226318,BCS,Barclays (ADR),traditional_bank
2020-11-16,6.017435073852539,BCS,Barclays (ADR),traditional_bank
2020-11-17,6.084110736846924,BCS,Barclays (ADR),traditional_bank
2020-11-18,6.125782489776611,BCS,Barclays (ADR),traditional_bank
2020-11-19,6.125782489776611,BCS,Barclays (ADR),traditional_bank
2020-11-20,6.084110736846924,BCS,Barclays (ADR),traditional_bank
2020-11-23,6.242464065551758,BCS,Barclays (ADR),traditional_bank
2020-11-24,6.684186935424805,BCS,Barclays (ADR),traditional_bank
2020-11-25,6.367480278015137,BCS,Barclays (ADR),traditional_bank
2020-11-27,6.209126949310303,BCS,Barclays (ADR),traditional_bank
2020-11-30,5.934091567993164,BCS,Barclays (ADR),traditional_bank
2020-12-01,6.417485237121582,BCS,Barclays (ADR),traditional_bank
2020-12-02,6.517499923706055,BCS,Barclays (ADR),traditional_bank
2020-12-03,6.592508792877197,BCS,Barclays (ADR),traditional_bank
2020-12-04,6.717525482177734,BCS,Barclays (ADR),traditional_bank
2020-12-07,6.459157943725586,BCS,Barclays (ADR),traditional_bank
2020-12-08,6.50083065032959,BCS,Barclays (ADR),traditional_bank
2020-12-09,6.50083065032959,BCS,Barclays (ADR),traditional_bank
2020-12-10,6.292470455169678,BCS,Barclays (ADR),traditional_bank
2020-12-11,5.9840989112854,BCS,Barclays (ADR),traditional_bank
2020-12-14,6.259133815765381,BCS,Barclays (ADR),traditional_bank
2020-12-15,6.45082426071167,BCS,Barclays (ADR),traditional_bank
2020-12-16,6.459157943725586,BCS,Barclays (ADR),traditional_bank
2020-12-17,6.55083703994751,BCS,Barclays (ADR),traditional_bank
2020-12-18,6.50083065032959,BCS,Barclays (ADR),traditional_bank
2020-12-21,6.367480278015137,BCS,Barclays (ADR),traditional_bank
2020-12-22,6.4424896240234375,BCS,Barclays (ADR),traditional_bank
2020-12-23,6.8342061042785645,BCS,Barclays (ADR),traditional_bank
2020-12-24,6.7591962814331055,BCS,Barclays (ADR),traditional_bank
2020-12-28,6.809203624725342,BCS,Barclays (ADR),traditional_bank
2020-12-29,6.7008562088012695,BCS,Barclays (ADR),traditional_bank
2020-12-30,6.692521095275879,BCS,Barclays (ADR),traditional_bank
2020-12-31,6.659183502197266,BCS,Barclays (ADR),traditional_bank
2021-01-04,6.409152030944824,BCS,Barclays (ADR),traditional_bank
2021-01-05,6.509164333343506,BCS,Barclays (ADR),traditional_bank
2021-01-06,7.02589750289917,BCS,Barclays (ADR),traditional_bank
2021-01-07,6.967555999755859,BCS,Barclays (ADR),traditional_bank
2021-01-08,6.884213447570801,BCS,Barclays (ADR),traditional_bank
2021-01-11,6.8342061042785645,BCS,Barclays (ADR),traditional_bank
2021-01-12,7.009228229522705,BCS,Barclays (ADR),traditional_bank
2021-01-13,6.900881290435791,BCS,Barclays (ADR),traditional_bank
2021-01-14,6.984225273132324,BCS,Barclays (ADR),traditional_bank
2021-01-15,6.692521095275879,BCS,Barclays (ADR),traditional_bank
2021-01-19,6.65084981918335,BCS,Barclays (ADR),traditional_bank
2021-01-20,6.617512226104736,BCS,Barclays (ADR),traditional_bank
2021-01-21,6.584173679351807,BCS,Barclays (ADR),traditional_bank
2021-01-22,6.509164333343506,BCS,Barclays (ADR),traditional_bank
2021-01-25,6.267467021942139,BCS,Barclays (ADR),traditional_bank
2021-01-26,6.334142208099365,BCS,Barclays (ADR),traditional_bank
2021-01-27,6.084110736846924,BCS,Barclays (ADR),traditional_bank
2021-01-28,6.284135341644287,BCS,Barclays (ADR),traditional_bank
2021-01-29,6.067441940307617,BCS,Barclays (ADR),traditional_bank
2021-02-01,6.167454242706299,BCS,Barclays (ADR),traditional_bank
2021-02-02,6.334142208099365,BCS,Barclays (ADR),traditional_bank
2021-02-03,6.4424896240234375,BCS,Barclays (ADR),traditional_bank
2021-02-04,6.6091766357421875,BCS,Barclays (ADR),traditional_bank
2021-02-05,6.692521095275879,BCS,Barclays (ADR),traditional_bank
2021-02-08,6.742528915405273,BCS,Barclays (ADR),traditional_bank
2021-02-09,6.784200668334961,BCS,Barclays (ADR),traditional_bank
2021-02-10,6.7591962814331055,BCS,Barclays (ADR),traditional_bank
2021-02-11,6.684186935424805,BCS,Barclays (ADR),traditional_bank
2021-02-12,6.725858688354492,BCS,Barclays (ADR),traditional_bank
2021-02-16,7.225924015045166,BCS,Barclays (ADR),traditional_bank
2021-02-17,7.117574691772461,BCS,Barclays (ADR),traditional_bank
2021-02-18,6.8342061042785645,BCS,Barclays (ADR),traditional_bank
2021-02-19,7.125911235809326,BCS,Barclays (ADR),traditional_bank
2021-02-22,7.142578601837158,BCS,Barclays (ADR),traditional_bank
2021-02-23,7.475956439971924,BCS,Barclays (ADR),traditional_bank
2021-02-24,7.717652320861816,BCS,Barclays (ADR),traditional_bank
2021-02-25,7.520625114440918,BCS,Barclays (ADR),traditional_bank
2021-02-26,7.403244972229004,BCS,Barclays (ADR),traditional_bank
2021-03-01,7.537392616271973,BCS,Barclays (ADR),traditional_bank
2021-03-02,7.579312324523926,BCS,Barclays (ADR),traditional_bank
2021-03-03,7.923065185546875,BCS,Barclays (ADR),traditional_bank
2021-03-04,7.721845626831055,BCS,Barclays (ADR),traditional_bank
2021-03-05,8.006909370422363,BCS,Barclays (ADR),traditional_bank
2021-03-08,8.174590110778809,BCS,Barclays (ADR),traditional_bank
2021-03-09,8.124286651611328,BCS,Barclays (ADR),traditional_bank
2021-03-10,8.166207313537598,BCS,Barclays (ADR),traditional_bank
2021-03-11,8.124286651611328,BCS,Barclays (ADR),traditional_bank
2021-03-12,8.468038558959961,BCS,Barclays (ADR),traditional_bank
2021-03-15,8.451271057128906,BCS,Barclays (ADR),traditional_bank
2021-03-16,8.50995922088623,BCS,Barclays (ADR),traditional_bank
2021-03-17,8.518342018127441,BCS,Barclays (ADR),traditional_bank
2021-03-18,8.384196281433105,BCS,Barclays (ADR),traditional_bank
2021-03-19,8.518342018127441,BCS,Barclays (ADR),traditional_bank
2021-03-22,8.375811576843262,BCS,Barclays (ADR),traditional_bank
2021-03-23,8.233280181884766,BCS,Barclays (ADR),traditional_bank
2021-03-24,8.342275619506836,BCS,Barclays (ADR),traditional_bank
2021-03-25,8.476423263549805,BCS,Barclays (ADR),traditional_bank
2021-03-26,8.434501647949219,BCS,Barclays (ADR),traditional_bank
2021-03-29,8.384196281433105,BCS,Barclays (ADR),traditional_bank
2021-03-30,8.686027526855469,BCS,Barclays (ADR),traditional_bank
2021-03-31,8.577032089233398,BCS,Barclays (ADR),traditional_bank
2021-04-01,8.543496131896973,BCS,Barclays (ADR),traditional_bank
2021-04-05,8.66087532043457,BCS,Barclays (ADR),traditional_bank
2021-04-06,8.60218620300293,BCS,Barclays (ADR),traditional_bank
2021-04-07,8.686027526855469,BCS,Barclays (ADR),traditional_bank
2021-04-08,8.669258117675781,BCS,Barclays (ADR),traditional_bank
2021-04-09,8.56026554107666,BCS,Barclays (ADR),traditional_bank
2021-04-12,8.677642822265625,BCS,Barclays (ADR),traditional_bank
2021-04-13,8.593801498413086,BCS,Barclays (ADR),traditional_bank
2021-04-14,8.6441068649292,BCS,Barclays (ADR),traditional_bank
2021-04-15,8.610570907592773,BCS,Barclays (ADR),traditional_bank
2021-04-16,8.803406715393066,BCS,Barclays (ADR),traditional_bank
2021-04-19,8.753100395202637,BCS,Barclays (ADR),traditional_bank
2021-04-20,8.49319076538086,BCS,Barclays (ADR),traditional_bank
2021-04-21,8.535112380981445,BCS,Barclays (ADR),traditional_bank
2021-04-22,8.384196281433105,BCS,Barclays (ADR),traditional_bank
2021-04-23,8.484806060791016,BCS,Barclays (ADR),traditional_bank
2021-04-26,8.627339363098145,BCS,Barclays (ADR),traditional_bank
2021-04-27,8.85371208190918,BCS,Barclays (ADR),traditional_bank
2021-04-28,8.91240119934082,BCS,Barclays (ADR),traditional_bank
2021-04-29,8.95432186126709,BCS,Barclays (ADR),traditional_bank
2021-04-30,8.023675918579102,BCS,Barclays (ADR),traditional_bank
2021-05-03,8.107518196105957,BCS,Barclays (ADR),traditional_bank
2021-05-04,8.090749740600586,BCS,Barclays (ADR),traditional_bank
2021-05-05,8.250048637390137,BCS,Barclays (ADR),traditional_bank
2021-05-06,8.359045028686523,BCS,Barclays (ADR),traditional_bank
2021-05-07,8.60218620300293,BCS,Barclays (ADR),traditional_bank
2021-05-10,8.66087532043457,BCS,Barclays (ADR),traditional_bank
2021-05-11,8.66087532043457,BCS,Barclays (ADR),traditional_bank
2021-05-12,8.459654808044434,BCS,Barclays (ADR),traditional_bank
2021-05-13,8.543496131896973,BCS,Barclays (ADR),traditional_bank
2021-05-14,8.711180686950684,BCS,Barclays (ADR),traditional_bank
2021-05-17,8.669258117675781,BCS,Barclays (ADR),traditional_bank
2021-05-18,8.618951797485352,BCS,Barclays (ADR),traditional_bank
2021-05-19,8.635722160339355,BCS,Barclays (ADR),traditional_bank
2021-05-20,8.618951797485352,BCS,Barclays (ADR),traditional_bank
2021-05-21,8.627339363098145,BCS,Barclays (ADR),traditional_bank
2021-05-24,8.686027526855469,BCS,Barclays (ADR),traditional_bank
2021-05-25,8.535112380981445,BCS,Barclays (ADR),traditional_bank
2021-05-26,8.6441068649292,BCS,Barclays (ADR),traditional_bank
2021-05-27,8.91240119934082,BCS,Barclays (ADR),traditional_bank
2021-05-28,8.870479583740234,BCS,Barclays (ADR),traditional_bank
2021-06-01,8.937553405761719,BCS,Barclays (ADR),traditional_bank
2021-06-02,8.996241569519043,BCS,Barclays (ADR),traditional_bank
2021-06-03,8.89563274383545,BCS,Barclays (ADR),traditional_bank
2021-06-04,8.90401554107666,BCS,Barclays (ADR),traditional_bank
2021-06-07,9.004626274108887,BCS,Barclays (ADR),traditional_bank
2021-06-08,8.91240119934082,BCS,Barclays (ADR),traditional_bank
2021-06-09,8.635722160339355,BCS,Barclays (ADR),traditional_bank
2021-06-10,8.585416793823242,BCS,Barclays (ADR),traditional_bank
2021-06-11,8.652491569519043,BCS,Barclays (ADR),traditional_bank
2021-06-14,8.585416793823242,BCS,Barclays (ADR),traditional_bank
2021-06-15,8.60218620300293,BCS,Barclays (ADR),traditional_bank
2021-06-16,8.551880836486816,BCS,Barclays (ADR),traditional_bank
2021-06-17,8.367427825927734,BCS,Barclays (ADR),traditional_bank
2021-06-18,8.015292167663574,BCS,Barclays (ADR),traditional_bank
2021-06-21,8.174590110778809,BCS,Barclays (ADR),traditional_bank
2021-06-22,8.174590110778809,BCS,Barclays (ADR),traditional_bank
2021-06-23,8.191361427307129,BCS,Barclays (ADR),traditional_bank
2021-06-24,8.3003568649292,BCS,Barclays (ADR),traditional_bank
2021-06-25,8.291970252990723,BCS,Barclays (ADR),traditional_bank
2021-06-28,8.191361427307129,BCS,Barclays (ADR),traditional_bank
2021-06-29,8.115900993347168,BCS,Barclays (ADR),traditional_bank
2021-06-30,8.090749740600586,BCS,Barclays (ADR),traditional_bank
2021-07-01,8.224898338317871,BCS,Barclays (ADR),traditional_bank
2021-07-02,8.132671356201172,BCS,Barclays (ADR),traditional_bank
2021-07-06,8.065597534179688,BCS,Barclays (ADR),traditional_bank
2021-07-07,8.057212829589844,BCS,Barclays (ADR),traditional_bank
2021-07-08,7.847607612609863,BCS,Barclays (ADR),traditional_bank
2021-07-09,8.20812702178955,BCS,Barclays (ADR),traditional_bank
2021-07-12,8.199745178222656,BCS,Barclays (ADR),traditional_bank
2021-07-13,8.040444374084473,BCS,Barclays (ADR),traditional_bank
2021-07-14,8.115900993347168,BCS,Barclays (ADR),traditional_bank
2021-07-15,7.939834117889404,BCS,Barclays (ADR),traditional_bank
2021-07-16,7.688307762145996,BCS,Barclays (ADR),traditional_bank
2021-07-19,7.36970853805542,BCS,Barclays (ADR),traditional_bank
2021-07-20,7.4954705238342285,BCS,Barclays (ADR),traditional_bank
2021-07-21,7.797304630279541,BCS,Barclays (ADR),traditional_bank
2021-07-22,7.713461399078369,BCS,Barclays (ADR),traditional_bank
2021-07-23,7.780534267425537,BCS,Barclays (ADR),traditional_bank
2021-07-26,7.9733710289001465,BCS,Barclays (ADR),traditional_bank
2021-07-27,7.956602096557617,BCS,Barclays (ADR),traditional_bank
2021-07-28,8.1410551071167,BCS,Barclays (ADR),traditional_bank
2021-07-29,8.350659370422363,BCS,Barclays (ADR),traditional_bank
2021-07-30,8.20812702178955,BCS,Barclays (ADR),traditional_bank
2021-08-02,8.199745178222656,BCS,Barclays (ADR),traditional_bank
2021-08-03,8.367427825927734,BCS,Barclays (ADR),traditional_bank
2021-08-04,8.384196281433105,BCS,Barclays (ADR),traditional_bank
2021-08-05,8.476423263549805,BCS,Barclays (ADR),traditional_bank
2021-08-06,8.635722160339355,BCS,Barclays (ADR),traditional_bank
2021-08-09,8.694411277770996,BCS,Barclays (ADR),traditional_bank
2021-08-10,8.744717597961426,BCS,Barclays (ADR),traditional_bank
2021-08-11,8.820175170898438,BCS,Barclays (ADR),traditional_bank
2021-08-12,8.804076194763184,BCS,Barclays (ADR),traditional_bank
2021-08-13,8.778653144836426,BCS,Barclays (ADR),traditional_bank
2021-08-16,8.702392578125,BCS,Barclays (ADR),traditional_bank
2021-08-17,8.558340072631836,BCS,Barclays (ADR),traditional_bank
2021-08-18,8.515972137451172,BCS,Barclays (ADR),traditional_bank
2021-08-19,8.431236267089844,BCS,Barclays (ADR),traditional_bank
2021-08-20,8.43971061706543,BCS,Barclays (ADR),traditional_bank
2021-08-23,8.515972137451172,BCS,Barclays (ADR),traditional_bank
2021-08-24,8.583762168884277,BCS,Barclays (ADR),traditional_bank
2021-08-25,8.719339370727539,BCS,Barclays (ADR),traditional_bank
2021-08-26,8.617654800415039,BCS,Barclays (ADR),traditional_bank
2021-08-27,8.804076194763184,BCS,Barclays (ADR),traditional_bank
2021-08-30,8.634602546691895,BCS,Barclays (ADR),traditional_bank
2021-08-31,8.685443878173828,BCS,Barclays (ADR),traditional_bank
2021-09-01,8.685443878173828,BCS,Barclays (ADR),traditional_bank
2021-09-02,8.753232955932617,BCS,Barclays (ADR),traditional_bank
2021-09-03,8.795601844787598,BCS,Barclays (ADR),traditional_bank
2021-09-07,8.702392578125,BCS,Barclays (ADR),traditional_bank
2021-09-08,8.549866676330566,BCS,Barclays (ADR),traditional_bank
2021-09-09,8.64307689666748,BCS,Barclays (ADR),traditional_bank
2021-09-10,8.532918930053711,BCS,Barclays (ADR),traditional_bank
2021-09-13,8.761706352233887,BCS,Barclays (ADR),traditional_bank
2021-09-14,8.532918930053711,BCS,Barclays (ADR),traditional_bank
2021-09-15,8.600708961486816,BCS,Barclays (ADR),traditional_bank
2021-09-16,8.685443878173828,BCS,Barclays (ADR),traditional_bank
2021-09-17,8.583762168884277,BCS,Barclays (ADR),traditional_bank
2021-09-20,8.236344337463379,BCS,Barclays (ADR),traditional_bank
2021-09-21,8.185502052307129,BCS,Barclays (ADR),traditional_bank
2021-09-22,8.414288520812988,BCS,Barclays (ADR),traditional_bank
2021-09-23,8.702392578125,BCS,Barclays (ADR),traditional_bank
2021-09-24,8.651549339294434,BCS,Barclays (ADR),traditional_bank
2021-09-27,8.87186336517334,BCS,Barclays (ADR),traditional_bank
2021-09-28,8.64307689666748,BCS,Barclays (ADR),traditional_bank
2021-09-29,8.685443878173828,BCS,Barclays (ADR),traditional_bank
2021-09-30,8.744759559631348,BCS,Barclays (ADR),traditional_bank
2021-10-01,8.837969779968262,BCS,Barclays (ADR),traditional_bank
2021-10-04,8.795601844787598,BCS,Barclays (ADR),traditional_bank
2021-10-05,9.09217643737793,BCS,Barclays (ADR),traditional_bank
2021-10-06,9.109124183654785,BCS,Barclays (ADR),traditional_bank
2021-10-07,9.02438735961914,BCS,Barclays (ADR),traditional_bank
2021-10-08,9.151493072509766,BCS,Barclays (ADR),traditional_bank
2021-10-11,9.13454532623291,BCS,Barclays (ADR),traditional_bank
2021-10-12,9.227754592895508,BCS,Barclays (ADR),traditional_bank
2021-10-13,9.12607192993164,BCS,Barclays (ADR),traditional_bank
2021-10-14,9.18538761138916,BCS,Barclays (ADR),traditional_bank
2021-10-15,9.397228240966797,BCS,Barclays (ADR),traditional_bank
2021-10-18,9.41417407989502,BCS,Barclays (ADR),traditional_bank
2021-10-19,9.498909950256348,BCS,Barclays (ADR),traditional_bank
2021-10-20,9.524332046508789,BCS,Barclays (ADR),traditional_bank
2021-10-21,9.363333702087402,BCS,Barclays (ADR),traditional_bank
2021-10-22,9.490435600280762,BCS,Barclays (ADR),traditional_bank
2021-10-25,9.473490715026855,BCS,Barclays (ADR),traditional_bank
2021-10-26,9.549752235412598,BCS,Barclays (ADR),traditional_bank
2021-10-27,9.388754844665527,BCS,Barclays (ADR),traditional_bank
2021-10-28,9.490435600280762,BCS,Barclays (ADR),traditional_bank
2021-10-29,9.481962203979492,BCS,Barclays (ADR),traditional_bank
2021-11-01,9.473490715026855,BCS,Barclays (ADR),traditional_bank
2021-11-02,9.261651039123535,BCS,Barclays (ADR),traditional_bank
2021-11-03,9.448067665100098,BCS,Barclays (ADR),traditional_bank
2021-11-04,8.922704696655273,BCS,Barclays (ADR),traditional_bank
2021-11-05,8.939652442932129,BCS,Barclays (ADR),traditional_bank
2021-11-08,8.990492820739746,BCS,Barclays (ADR),traditional_bank
2021-11-09,8.88033676147461,BCS,Barclays (ADR),traditional_bank
2021-11-10,8.888809204101562,BCS,Barclays (ADR),traditional_bank
2021-11-11,9.041335105895996,BCS,Barclays (ADR),traditional_bank
2021-11-12,8.998966217041016,BCS,Barclays (ADR),traditional_bank
2021-11-15,9.049810409545898,BCS,Barclays (ADR),traditional_bank
2021-11-16,9.02438735961914,BCS,Barclays (ADR),traditional_bank
2021-11-17,9.100650787353516,BCS,Barclays (ADR),traditional_bank
2021-11-18,9.09217643737793,BCS,Barclays (ADR),traditional_bank
2021-11-19,8.829495429992676,BCS,Barclays (ADR),traditional_bank
2021-11-22,8.922704696655273,BCS,Barclays (ADR),traditional_bank
2021-11-23,8.948125839233398,BCS,Barclays (ADR),traditional_bank
2021-11-24,8.90575885772705,BCS,Barclays (ADR),traditional_bank
2021-11-26,8.456656455993652,BCS,Barclays (ADR),traditional_bank
2021-11-29,8.448183059692383,BCS,Barclays (ADR),traditional_bank
2021-11-30,8.388869285583496,BCS,Barclays (ADR),traditional_bank
2021-12-01,8.38039493560791,BCS,Barclays (ADR),traditional_bank
2021-12-02,8.592236518859863,BCS,Barclays (ADR),traditional_bank
2021-12-03,8.431236267089844,BCS,Barclays (ADR),traditional_bank
2021-12-06,8.473605155944824,BCS,Barclays (ADR),traditional_bank
2021-12-07,8.532918930053711,BCS,Barclays (ADR),traditional_bank
2021-12-08,8.465131759643555,BCS,Barclays (ADR),traditional_bank
2021-12-09,8.304132461547852,BCS,Barclays (ADR),traditional_bank
2021-12-10,8.32955265045166,BCS,Barclays (ADR),traditional_bank
2021-12-13,8.1007661819458,BCS,Barclays (ADR),traditional_bank
2021-12-14,8.160079956054688,BCS,Barclays (ADR),traditional_bank
2021-12-15,8.1007661819458,BCS,Barclays (ADR),traditional_bank
2021-12-16,8.287184715270996,BCS,Barclays (ADR),traditional_bank
2021-12-17,8.17702865600586,BCS,Barclays (ADR),traditional_bank
2021-12-20,8.134661674499512,BCS,Barclays (ADR),traditional_bank
2021-12-21,8.388869285583496,BCS,Barclays (ADR),traditional_bank
2021-12-22,8.583762168884277,BCS,Barclays (ADR),traditional_bank
2021-12-23,8.676971435546875,BCS,Barclays (ADR),traditional_bank
2021-12-27,8.778653144836426,BCS,Barclays (ADR),traditional_bank
2021-12-28,8.81254768371582,BCS,Barclays (ADR),traditional_bank
2021-12-29,8.787126541137695,BCS,Barclays (ADR),traditional_bank
2021-12-30,8.778653144836426,BCS,Barclays (ADR),traditional_bank
2021-12-31,8.770180702209473,BCS,Barclays (ADR),traditional_bank
2022-01-03,8.973546028137207,BCS,Barclays (ADR),traditional_bank
2022-01-04,9.159966468811035,BCS,Barclays (ADR),traditional_bank
2022-01-05,9.159966468811035,BCS,Barclays (ADR),traditional_bank
2022-01-06,9.45654296875,BCS,Barclays (ADR),traditional_bank
2022-01-07,9.617541313171387,BCS,Barclays (ADR),traditional_bank
2022-01-10,9.787012100219727,BCS,Barclays (ADR),traditional_bank
2022-01-11,9.820908546447754,BCS,Barclays (ADR),traditional_bank
2022-01-12,10.032747268676758,BCS,Barclays (ADR),traditional_bank
2022-01-13,10.227641105651855,BCS,Barclays (ADR),traditional_bank
2022-01-14,10.244586944580078,BCS,Barclays (ADR),traditional_bank
2022-01-18,9.88869571685791,BCS,Barclays (ADR),traditional_bank
2022-01-19,9.693802833557129,BCS,Barclays (ADR),traditional_bank
2022-01-20,9.481962203979492,BCS,Barclays (ADR),traditional_bank
2022-01-21,9.202333450317383,BCS,Barclays (ADR),traditional_bank
2022-01-24,9.007442474365234,BCS,Barclays (ADR),traditional_bank
2022-01-25,9.278595924377441,BCS,Barclays (ADR),traditional_bank
2022-01-26,9.3548583984375,BCS,Barclays (ADR),traditional_bank
2022-01-27,9.363333702087402,BCS,Barclays (ADR),traditional_bank
2022-01-28,9.159966468811035,BCS,Barclays (ADR),traditional_bank
2022-01-31,9.227754592895508,BCS,Barclays (ADR),traditional_bank
2022-02-01,9.431120872497559,BCS,Barclays (ADR),traditional_bank
2022-02-02,9.583645820617676,BCS,Barclays (ADR),traditional_bank
2022-02-03,9.541277885437012,BCS,Barclays (ADR),traditional_bank
2022-02-04,9.481962203979492,BCS,Barclays (ADR),traditional_bank
2022-02-07,9.609067916870117,BCS,Barclays (ADR),traditional_bank
2022-02-08,9.702276229858398,BCS,Barclays (ADR),traditional_bank
2022-02-09,9.67685604095459,BCS,Barclays (ADR),traditional_bank
2022-02-10,9.659908294677734,BCS,Barclays (ADR),traditional_bank
2022-02-11,9.380279541015625,BCS,Barclays (ADR),traditional_bank
2022-02-14,9.049810409545898,BCS,Barclays (ADR),traditional_bank
2022-02-15,9.210807800292969,BCS,Barclays (ADR),traditional_bank
2022-02-16,9.13454532623291,BCS,Barclays (ADR),traditional_bank
2022-02-17,8.93117904663086,BCS,Barclays (ADR),traditional_bank
2022-02-18,8.888809204101562,BCS,Barclays (ADR),traditional_bank
2022-02-22,8.87186336517334,BCS,Barclays (ADR),traditional_bank
2022-02-23,9.100650787353516,BCS,Barclays (ADR),traditional_bank
2022-02-24,8.422761917114258,BCS,Barclays (ADR),traditional_bank
2022-02-25,8.770180702209473,BCS,Barclays (ADR),traditional_bank
2022-02-28,8.388869285583496,BCS,Barclays (ADR),traditional_bank
2022-03-01,7.888925075531006,BCS,Barclays (ADR),traditional_bank
2022-03-02,8.160079956054688,BCS,Barclays (ADR),traditional_bank
2022-03-03,7.914750099182129,BCS,Barclays (ADR),traditional_bank
2022-03-04,7.264578819274902,BCS,Barclays (ADR),traditional_bank
2022-03-07,6.883144855499268,BCS,Barclays (ADR),traditional_bank
2022-03-08,7.177889347076416,BCS,Barclays (ADR),traditional_bank
2022-03-09,7.5073089599609375,BCS,Barclays (ADR),traditional_bank
2022-03-10,7.325260639190674,BCS,Barclays (ADR),traditional_bank
2022-03-11,7.299254417419434,BCS,Barclays (ADR),traditional_bank
2022-03-14,7.689356803894043,BCS,Barclays (ADR),traditional_bank
2022-03-15,7.750040054321289,BCS,Barclays (ADR),traditional_bank
2022-03-16,8.079460144042969,BCS,Barclays (ADR),traditional_bank
2022-03-17,8.018777847290039,BCS,Barclays (ADR),traditional_bank
2022-03-18,7.98410177230835,BCS,Barclays (ADR),traditional_bank
2022-03-21,7.845398426055908,BCS,Barclays (ADR),traditional_bank
2022-03-22,8.062122344970703,BCS,Barclays (ADR),traditional_bank
2022-03-23,7.888742446899414,BCS,Barclays (ADR),traditional_bank
2022-03-24,7.862735271453857,BCS,Barclays (ADR),traditional_bank
2022-03-25,7.845398426055908,BCS,Barclays (ADR),traditional_bank
2022-03-28,7.013179302215576,BCS,Barclays (ADR),traditional_bank
2022-03-29,7.264578819274902,BCS,Barclays (ADR),traditional_bank
2022-03-30,7.013179302215576,BCS,Barclays (ADR),traditional_bank
2022-03-31,6.848469257354736,BCS,Barclays (ADR),traditional_bank
2022-04-01,6.8918137550354,BCS,Barclays (ADR),traditional_bank
2022-04-04,6.787786960601807,BCS,Barclays (ADR),traditional_bank
2022-04-05,6.718435287475586,BCS,Barclays (ADR),traditional_bank
2022-04-06,6.640414237976074,BCS,Barclays (ADR),traditional_bank
2022-04-07,6.597070217132568,BCS,Barclays (ADR),traditional_bank
2022-04-08,6.649083137512207,BCS,Barclays (ADR),traditional_bank
2022-04-11,6.623076438903809,BCS,Barclays (ADR),traditional_bank
2022-04-12,6.536386966705322,BCS,Barclays (ADR),traditional_bank
2022-04-13,6.692427635192871,BCS,Barclays (ADR),traditional_bank
2022-04-14,6.640414237976074,BCS,Barclays (ADR),traditional_bank
2022-04-18,6.701097011566162,BCS,Barclays (ADR),traditional_bank
2022-04-19,6.753110885620117,BCS,Barclays (ADR),traditional_bank
2022-04-20,6.805124282836914,BCS,Barclays (ADR),traditional_bank
2022-04-21,6.779117584228516,BCS,Barclays (ADR),traditional_bank
2022-04-22,6.614407062530518,BCS,Barclays (ADR),traditional_bank
2022-04-25,6.623076438903809,BCS,Barclays (ADR),traditional_bank
2022-04-26,6.337001323699951,BCS,Barclays (ADR),traditional_bank
2022-04-27,6.310994625091553,BCS,Barclays (ADR),traditional_bank
2022-04-28,6.545055866241455,BCS,Barclays (ADR),traditional_bank
2022-04-29,6.458366394042969,BCS,Barclays (ADR),traditional_bank
2022-05-02,6.484372615814209,BCS,Barclays (ADR),traditional_bank
2022-05-03,6.718435287475586,BCS,Barclays (ADR),traditional_bank
2022-05-04,6.857138156890869,BCS,Barclays (ADR),traditional_bank
2022-05-05,6.571063041687012,BCS,Barclays (ADR),traditional_bank
2022-05-06,6.501710891723633,BCS,Barclays (ADR),traditional_bank
2022-05-09,6.380346298217773,BCS,Barclays (ADR),traditional_bank
2022-05-10,6.284986972808838,BCS,Barclays (ADR),traditional_bank
2022-05-11,6.198298454284668,BCS,Barclays (ADR),traditional_bank
2022-05-12,6.276318550109863,BCS,Barclays (ADR),traditional_bank
2022-05-13,6.501710891723633,BCS,Barclays (ADR),traditional_bank
2022-05-16,6.614407062530518,BCS,Barclays (ADR),traditional_bank
2022-05-17,6.900482177734375,BCS,Barclays (ADR),traditional_bank
2022-05-18,6.701097011566162,BCS,Barclays (ADR),traditional_bank
2022-05-19,6.796455383300781,BCS,Barclays (ADR),traditional_bank
2022-05-20,6.753110885620117,BCS,Barclays (ADR),traditional_bank
2022-05-23,7.021849155426025,BCS,Barclays (ADR),traditional_bank
2022-05-24,7.2559099197387695,BCS,Barclays (ADR),traditional_bank
2022-05-25,7.299254417419434,BCS,Barclays (ADR),traditional_bank
2022-05-26,7.4726338386535645,BCS,Barclays (ADR),traditional_bank
2022-05-27,7.576661109924316,BCS,Barclays (ADR),traditional_bank
2022-05-31,7.5246477127075195,BCS,Barclays (ADR),traditional_bank
2022-06-01,7.403282165527344,BCS,Barclays (ADR),traditional_bank
2022-06-02,7.385944366455078,BCS,Barclays (ADR),traditional_bank
2022-06-03,7.299254417419434,BCS,Barclays (ADR),traditional_bank
2022-06-06,7.498640060424805,BCS,Barclays (ADR),traditional_bank
2022-06-07,7.515977382659912,BCS,Barclays (ADR),traditional_bank
2022-06-08,7.359936714172363,BCS,Barclays (ADR),traditional_bank
2022-06-09,7.177889347076416,BCS,Barclays (ADR),traditional_bank
2022-06-10,6.900482177734375,BCS,Barclays (ADR),traditional_bank
2022-06-13,6.657752513885498,BCS,Barclays (ADR),traditional_bank
2022-06-14,6.562394142150879,BCS,Barclays (ADR),traditional_bank
2022-06-15,6.926489353179932,BCS,Barclays (ADR),traditional_bank
2022-06-16,6.6750898361206055,BCS,Barclays (ADR),traditional_bank
2022-06-17,6.735773086547852,BCS,Barclays (ADR),traditional_bank
2022-06-21,6.917821407318115,BCS,Barclays (ADR),traditional_bank
2022-06-22,6.969834327697754,BCS,Barclays (ADR),traditional_bank
2022-06-23,6.640414237976074,BCS,Barclays (ADR),traditional_bank
2022-06-24,6.883144855499268,BCS,Barclays (ADR),traditional_bank
2022-06-27,6.865807056427002,BCS,Barclays (ADR),traditional_bank
2022-06-28,6.805124282836914,BCS,Barclays (ADR),traditional_bank
2022-06-29,6.692427635192871,BCS,Barclays (ADR),traditional_bank
2022-06-30,6.588400840759277,BCS,Barclays (ADR),traditional_bank
2022-07-01,6.588400840759277,BCS,Barclays (ADR),traditional_bank
2022-07-05,6.337001323699951,BCS,Barclays (ADR),traditional_bank
2022-07-06,6.198298454284668,BCS,Barclays (ADR),traditional_bank
2022-07-07,6.380346298217773,BCS,Barclays (ADR),traditional_bank
2022-07-08,6.432359218597412,BCS,Barclays (ADR),traditional_bank
2022-07-11,6.30232572555542,BCS,Barclays (ADR),traditional_bank
2022-07-12,6.284986972808838,BCS,Barclays (ADR),traditional_bank
2022-07-13,6.2676496505737305,BCS,Barclays (ADR),traditional_bank
2022-07-14,6.03358793258667,BCS,Barclays (ADR),traditional_bank
2022-07-15,6.284986972808838,BCS,Barclays (ADR),traditional_bank
2022-07-18,6.441028594970703,BCS,Barclays (ADR),traditional_bank
2022-07-19,6.701097011566162,BCS,Barclays (ADR),traditional_bank
2022-07-20,6.6317458152771,BCS,Barclays (ADR),traditional_bank
2022-07-21,6.701097011566162,BCS,Barclays (ADR),traditional_bank
2022-07-22,6.605738639831543,BCS,Barclays (ADR),traditional_bank
2022-07-25,6.82246208190918,BCS,Barclays (ADR),traditional_bank
2022-07-26,6.597070217132568,BCS,Barclays (ADR),traditional_bank
2022-07-27,6.8398003578186035,BCS,Barclays (ADR),traditional_bank
2022-07-28,6.484372615814209,BCS,Barclays (ADR),traditional_bank
2022-07-29,6.753110885620117,BCS,Barclays (ADR),traditional_bank
2022-08-01,6.935158729553223,BCS,Barclays (ADR),traditional_bank
2022-08-02,6.813793659210205,BCS,Barclays (ADR),traditional_bank
2022-08-03,6.9958415031433105,BCS,Barclays (ADR),traditional_bank
2022-08-04,6.935158729553223,BCS,Barclays (ADR),traditional_bank
2022-08-05,7.013179302215576,BCS,Barclays (ADR),traditional_bank
2022-08-08,7.047854900360107,BCS,Barclays (ADR),traditional_bank
2022-08-09,7.073862552642822,BCS,Barclays (ADR),traditional_bank
2022-08-10,7.342600345611572,BCS,Barclays (ADR),traditional_bank
2022-08-11,7.419870376586914,BCS,Barclays (ADR),traditional_bank
2022-08-12,7.525241374969482,BCS,Barclays (ADR),traditional_bank
2022-08-15,7.481337547302246,BCS,Barclays (ADR),traditional_bank
2022-08-16,7.4110894203186035,BCS,Barclays (ADR),traditional_bank
2022-08-17,7.27937650680542,BCS,Barclays (ADR),traditional_bank
2022-08-18,7.209128379821777,BCS,Barclays (ADR),traditional_bank
2022-08-19,6.972044944763184,BCS,Barclays (ADR),traditional_bank
2022-08-22,6.840331077575684,BCS,Barclays (ADR),traditional_bank
2022-08-23,6.901797771453857,BCS,Barclays (ADR),traditional_bank
2022-08-24,6.8578925132751465,BCS,Barclays (ADR),traditional_bank
2022-08-25,6.998387336730957,BCS,Barclays (ADR),traditional_bank
2022-08-26,6.761302471160889,BCS,Barclays (ADR),traditional_bank
2022-08-29,6.761302471160889,BCS,Barclays (ADR),traditional_bank
2022-08-30,6.849112033843994,BCS,Barclays (ADR),traditional_bank
2022-08-31,6.840331077575684,BCS,Barclays (ADR),traditional_bank
2022-09-01,6.68227481842041,BCS,Barclays (ADR),traditional_bank
2022-09-02,6.778863906860352,BCS,Barclays (ADR),traditional_bank
2022-09-06,6.875454902648926,BCS,Barclays (ADR),traditional_bank
2022-09-07,6.770084381103516,BCS,Barclays (ADR),traditional_bank
2022-09-08,6.884235382080078,BCS,Barclays (ADR),traditional_bank
2022-09-09,7.033511638641357,BCS,Barclays (ADR),traditional_bank
2022-09-12,7.244252681732178,BCS,Barclays (ADR),traditional_bank
2022-09-13,6.998387336730957,BCS,Barclays (ADR),traditional_bank
2022-09-14,6.972044944763184,BCS,Barclays (ADR),traditional_bank
2022-09-15,7.042292594909668,BCS,Barclays (ADR),traditional_bank
2022-09-16,6.954482555389404,BCS,Barclays (ADR),traditional_bank
2022-09-19,6.989605903625488,BCS,Barclays (ADR),traditional_bank
2022-09-20,6.875454902648926,BCS,Barclays (ADR),traditional_bank
2022-09-21,6.612027645111084,BCS,Barclays (ADR),traditional_bank
2022-09-22,6.612027645111084,BCS,Barclays (ADR),traditional_bank
2022-09-23,6.216886520385742,BCS,Barclays (ADR),traditional_bank
2022-09-26,6.058830261230469,BCS,Barclays (ADR),traditional_bank
2022-09-27,5.900773048400879,BCS,Barclays (ADR),traditional_bank
2022-09-28,5.848087787628174,BCS,Barclays (ADR),traditional_bank
2022-09-29,5.6900315284729,BCS,Barclays (ADR),traditional_bank
2022-09-30,5.619784355163574,BCS,Barclays (ADR),traditional_bank
2022-10-03,5.804183483123779,BCS,Barclays (ADR),traditional_bank
2022-10-04,6.111515045166016,BCS,Barclays (ADR),traditional_bank
2022-10-05,5.9534592628479,BCS,Barclays (ADR),traditional_bank
2022-10-06,5.725155353546143,BCS,Barclays (ADR),traditional_bank
2022-10-07,5.6461262702941895,BCS,Barclays (ADR),traditional_bank
2022-10-10,5.575879096984863,BCS,Barclays (ADR),traditional_bank
2022-10-11,5.373918533325195,BCS,Barclays (ADR),traditional_bank
2022-10-12,5.31245231628418,BCS,Barclays (ADR),traditional_bank
2022-10-13,5.760278224945068,BCS,Barclays (ADR),traditional_bank
2022-10-14,5.6461262702941895,BCS,Barclays (ADR),traditional_bank
2022-10-17,5.848087787628174,BCS,Barclays (ADR),traditional_bank
2022-10-18,5.944677829742432,BCS,Barclays (ADR),traditional_bank
2022-10-19,5.751498699188232,BCS,Barclays (ADR),traditional_bank
2022-10-20,5.769059658050537,BCS,Barclays (ADR),traditional_bank
2022-10-21,5.848087787628174,BCS,Barclays (ADR),traditional_bank
2022-10-24,5.988582611083984,BCS,Barclays (ADR),traditional_bank
2022-10-25,6.15541934967041,BCS,Barclays (ADR),traditional_bank
2022-10-26,6.146638870239258,BCS,Barclays (ADR),traditional_bank
2022-10-27,6.137857437133789,BCS,Barclays (ADR),traditional_bank
2022-10-28,6.076391220092773,BCS,Barclays (ADR),traditional_bank
2022-10-31,6.076391220092773,BCS,Barclays (ADR),traditional_bank
2022-11-01,6.164200782775879,BCS,Barclays (ADR),traditional_bank
2022-11-02,6.0412678718566895,BCS,Barclays (ADR),traditional_bank
2022-11-03,5.9183349609375,BCS,Barclays (ADR),traditional_bank
2022-11-04,6.269571781158447,BCS,Barclays (ADR),traditional_bank
2022-11-07,6.28713321685791,BCS,Barclays (ADR),traditional_bank
2022-11-08,6.3573808670043945,BCS,Barclays (ADR),traditional_bank
2022-11-09,6.208105087280273,BCS,Barclays (ADR),traditional_bank
2022-11-10,6.585684299468994,BCS,Barclays (ADR),traditional_bank
2022-11-11,6.699835777282715,BCS,Barclays (ADR),traditional_bank
2022-11-14,6.585684299468994,BCS,Barclays (ADR),traditional_bank
2022-11-15,6.585684299468994,BCS,Barclays (ADR),traditional_bank
2022-11-16,6.51543664932251,BCS,Barclays (ADR),traditional_bank
2022-11-17,6.620807647705078,BCS,Barclays (ADR),traditional_bank
2022-11-18,6.673493385314941,BCS,Barclays (ADR),traditional_bank
2022-11-21,6.6559319496154785,BCS,Barclays (ADR),traditional_bank
2022-11-22,6.673493385314941,BCS,Barclays (ADR),traditional_bank
2022-11-23,6.761302471160889,BCS,Barclays (ADR),traditional_bank
2022-11-25,6.8578925132751465,BCS,Barclays (ADR),traditional_bank
2022-11-28,6.699835777282715,BCS,Barclays (ADR),traditional_bank
2022-11-29,6.884235382080078,BCS,Barclays (ADR),traditional_bank
2022-11-30,6.980825424194336,BCS,Barclays (ADR),traditional_bank
2022-12-01,6.928140163421631,BCS,Barclays (ADR),traditional_bank
2022-12-02,6.866673469543457,BCS,Barclays (ADR),traditional_bank
2022-12-05,6.761302471160889,BCS,Barclays (ADR),traditional_bank
2022-12-06,6.8578925132751465,BCS,Barclays (ADR),traditional_bank
2022-12-07,6.813988208770752,BCS,Barclays (ADR),traditional_bank
2022-12-08,6.805207252502441,BCS,Barclays (ADR),traditional_bank
2022-12-09,6.963263511657715,BCS,Barclays (ADR),traditional_bank
2022-12-12,6.963263511657715,BCS,Barclays (ADR),traditional_bank
2022-12-13,7.086196422576904,BCS,Barclays (ADR),traditional_bank
2022-12-14,7.007169246673584,BCS,Barclays (ADR),traditional_bank
2022-12-15,6.7261786460876465,BCS,Barclays (ADR),traditional_bank
2022-12-16,6.68227481842041,BCS,Barclays (ADR),traditional_bank
2022-12-19,6.68227481842041,BCS,Barclays (ADR),traditional_bank
2022-12-20,6.752521514892578,BCS,Barclays (ADR),traditional_bank
2022-12-21,6.831550121307373,BCS,Barclays (ADR),traditional_bank
2022-12-22,6.752521514892578,BCS,Barclays (ADR),traditional_bank
2022-12-23,6.840331077575684,BCS,Barclays (ADR),traditional_bank
2022-12-27,6.8578925132751465,BCS,Barclays (ADR),traditional_bank
2022-12-28,6.796426296234131,BCS,Barclays (ADR),traditional_bank
2022-12-29,6.849112033843994,BCS,Barclays (ADR),traditional_bank
2022-12-30,6.849112033843994,BCS,Barclays (ADR),traditional_bank
2023-01-03,6.998387336730957,BCS,Barclays (ADR),traditional_bank
2023-01-04,7.27937650680542,BCS,Barclays (ADR),traditional_bank
2023-01-05,7.358404636383057,BCS,Barclays (ADR),traditional_bank
2023-01-06,7.428652763366699,BCS,Barclays (ADR),traditional_bank
2023-01-09,7.454994201660156,BCS,Barclays (ADR),traditional_bank
2023-01-10,7.454994201660156,BCS,Barclays (ADR),traditional_bank
2023-01-11,7.525241374969482,BCS,Barclays (ADR),traditional_bank
2023-01-12,7.718421936035156,BCS,Barclays (ADR),traditional_bank
2023-01-13,7.867696762084961,BCS,Barclays (ADR),traditional_bank
2023-01-17,7.91160249710083,BCS,Barclays (ADR),traditional_bank
2023-01-18,7.91160249710083,BCS,Barclays (ADR),traditional_bank
2023-01-19,7.832574367523193,BCS,Barclays (ADR),traditional_bank
2023-01-20,7.867696762084961,BCS,Barclays (ADR),traditional_bank
2023-01-23,7.9730682373046875,BCS,Barclays (ADR),traditional_bank
2023-01-24,7.8501362800598145,BCS,Barclays (ADR),traditional_bank
2023-01-25,8.034534454345703,BCS,Barclays (ADR),traditional_bank
2023-01-26,8.175029754638672,BCS,Barclays (ADR),traditional_bank
2023-01-27,8.166248321533203,BCS,Barclays (ADR),traditional_bank
2023-01-30,8.139906883239746,BCS,Barclays (ADR),traditional_bank
2023-01-31,8.148686408996582,BCS,Barclays (ADR),traditional_bank
2023-02-01,8.210152626037598,BCS,Barclays (ADR),traditional_bank
2023-02-02,8.139906883239746,BCS,Barclays (ADR),traditional_bank
2023-02-03,8.025753021240234,BCS,Barclays (ADR),traditional_bank
2023-02-06,7.964286804199219,BCS,Barclays (ADR),traditional_bank
2023-02-07,8.104781150817871,BCS,Barclays (ADR),traditional_bank
2023-02-08,8.078438758850098,BCS,Barclays (ADR),traditional_bank
2023-02-09,8.078438758850098,BCS,Barclays (ADR),traditional_bank
2023-02-10,7.946725845336914,BCS,Barclays (ADR),traditional_bank
2023-02-13,8.025753021240234,BCS,Barclays (ADR),traditional_bank
2023-02-14,8.096000671386719,BCS,Barclays (ADR),traditional_bank
2023-02-15,7.419870376586914,BCS,Barclays (ADR),traditional_bank
2023-02-16,7.428652763366699,BCS,Barclays (ADR),traditional_bank
2023-02-17,7.402309894561768,BCS,Barclays (ADR),traditional_bank
2023-02-21,7.323281764984131,BCS,Barclays (ADR),traditional_bank
2023-02-22,7.340841770172119,BCS,Barclays (ADR),traditional_bank
2023-02-23,7.5253586769104,BCS,Barclays (ADR),traditional_bank
2023-02-24,7.4439544677734375,BCS,Barclays (ADR),traditional_bank
2023-02-27,7.552494049072266,BCS,Barclays (ADR),traditional_bank
2023-02-28,7.6519880294799805,BCS,Barclays (ADR),traditional_bank
2023-03-01,7.6519880294799805,BCS,Barclays (ADR),traditional_bank
2023-03-02,7.5253586769104,BCS,Barclays (ADR),traditional_bank
2023-03-03,7.5886735916137695,BCS,Barclays (ADR),traditional_bank
2023-03-06,7.579628944396973,BCS,Barclays (ADR),traditional_bank
2023-03-07,7.299236297607422,BCS,Barclays (ADR),traditional_bank
2023-03-08,7.290192127227783,BCS,Barclays (ADR),traditional_bank
2023-03-09,7.027889251708984,BCS,Barclays (ADR),traditional_bank
2023-03-10,6.810811996459961,BCS,Barclays (ADR),traditional_bank
2023-03-13,6.54850959777832,BCS,Barclays (ADR),traditional_bank
2023-03-14,6.693227767944336,BCS,Barclays (ADR),traditional_bank
2023-03-15,6.141489028930664,BCS,Barclays (ADR),traditional_bank
2023-03-16,6.313342094421387,BCS,Barclays (ADR),traditional_bank
2023-03-17,6.10530948638916,BCS,Barclays (ADR),traditional_bank
2023-03-20,6.032950401306152,BCS,Barclays (ADR),traditional_bank
2023-03-21,6.2681169509887695,BCS,Barclays (ADR),traditional_bank
2023-03-22,6.204803466796875,BCS,Barclays (ADR),traditional_bank
2023-03-23,6.014860153198242,BCS,Barclays (ADR),traditional_bank
2023-03-24,5.969635963439941,BCS,Barclays (ADR),traditional_bank
2023-03-27,6.10530948638916,BCS,Barclays (ADR),traditional_bank
2023-03-28,6.078174114227295,BCS,Barclays (ADR),traditional_bank
2023-03-29,6.295252323150635,BCS,Barclays (ADR),traditional_bank
2023-03-30,6.412836074829102,BCS,Barclays (ADR),traditional_bank
2023-03-31,6.503284931182861,BCS,Barclays (ADR),traditional_bank
2023-04-03,6.666092872619629,BCS,Barclays (ADR),traditional_bank
2023-04-04,6.629913330078125,BCS,Barclays (ADR),traditional_bank
2023-04-05,6.693227767944336,BCS,Barclays (ADR),traditional_bank
2023-04-06,6.828901290893555,BCS,Barclays (ADR),traditional_bank
2023-04-10,6.83794641494751,BCS,Barclays (ADR),traditional_bank
2023-04-11,6.83794641494751,BCS,Barclays (ADR),traditional_bank
2023-04-12,6.865081310272217,BCS,Barclays (ADR),traditional_bank
2023-04-13,6.937440395355225,BCS,Barclays (ADR),traditional_bank
2023-04-14,7.091203212738037,BCS,Barclays (ADR),traditional_bank
2023-04-17,6.9917097091674805,BCS,Barclays (ADR),traditional_bank
2023-04-18,7.027889251708984,BCS,Barclays (ADR),traditional_bank
2023-04-19,7.055024147033691,BCS,Barclays (ADR),traditional_bank
2023-04-20,6.892215728759766,BCS,Barclays (ADR),traditional_bank
2023-04-21,6.892215728759766,BCS,Barclays (ADR),traditional_bank
2023-04-24,6.9917097091674805,BCS,Barclays (ADR),traditional_bank
2023-04-25,6.711317539215088,BCS,Barclays (ADR),traditional_bank
2023-04-26,6.8831706047058105,BCS,Barclays (ADR),traditional_bank
2023-04-27,7.389685153961182,BCS,Barclays (ADR),traditional_bank
2023-04-28,7.299236297607422,BCS,Barclays (ADR),traditional_bank
2023-05-01,7.226876735687256,BCS,Barclays (ADR),traditional_bank
2023-05-02,7.027889251708984,BCS,Barclays (ADR),traditional_bank
2023-05-03,6.8831706047058105,BCS,Barclays (ADR),traditional_bank
2023-05-04,6.756542205810547,BCS,Barclays (ADR),traditional_bank
2023-05-05,7.073113918304443,BCS,Barclays (ADR),traditional_bank
2023-05-08,7.073113918304443,BCS,Barclays (ADR),traditional_bank
2023-05-09,7.027889251708984,BCS,Barclays (ADR),traditional_bank
2023-05-10,7.009799003601074,BCS,Barclays (ADR),traditional_bank
2023-05-11,6.9464850425720215,BCS,Barclays (ADR),traditional_bank
2023-05-12,6.9283952713012695,BCS,Barclays (ADR),traditional_bank
2023-05-15,7.08215856552124,BCS,Barclays (ADR),traditional_bank
2023-05-16,6.919350624084473,BCS,Barclays (ADR),traditional_bank
2023-05-17,7.163562774658203,BCS,Barclays (ADR),traditional_bank
2023-05-18,7.163562774658203,BCS,Barclays (ADR),traditional_bank
2023-05-19,7.226876735687256,BCS,Barclays (ADR),traditional_bank
2023-05-22,7.244967460632324,BCS,Barclays (ADR),traditional_bank
2023-05-23,7.272101402282715,BCS,Barclays (ADR),traditional_bank
2023-05-24,7.091203212738037,BCS,Barclays (ADR),traditional_bank
2023-05-25,7.0369343757629395,BCS,Barclays (ADR),traditional_bank
2023-05-26,7.064068794250488,BCS,Barclays (ADR),traditional_bank
2023-05-30,7.0188446044921875,BCS,Barclays (ADR),traditional_bank
2023-05-31,6.801766872406006,BCS,Barclays (ADR),traditional_bank
2023-06-01,6.919350624084473,BCS,Barclays (ADR),traditional_bank
2023-06-02,7.1092939376831055,BCS,Barclays (ADR),traditional_bank
2023-06-05,7.009799003601074,BCS,Barclays (ADR),traditional_bank
2023-06-06,7.154518127441406,BCS,Barclays (ADR),traditional_bank
2023-06-07,7.172607898712158,BCS,Barclays (ADR),traditional_bank
2023-06-08,7.190698146820068,BCS,Barclays (ADR),traditional_bank
2023-06-09,7.127383232116699,BCS,Barclays (ADR),traditional_bank
2023-06-12,7.064068794250488,BCS,Barclays (ADR),traditional_bank
2023-06-13,7.190698146820068,BCS,Barclays (ADR),traditional_bank
2023-06-14,7.208787441253662,BCS,Barclays (ADR),traditional_bank
2023-06-15,7.163562774658203,BCS,Barclays (ADR),traditional_bank
2023-06-16,7.172607898712158,BCS,Barclays (ADR),traditional_bank
2023-06-20,7.172607898712158,BCS,Barclays (ADR),traditional_bank
2023-06-21,6.982664585113525,BCS,Barclays (ADR),traditional_bank
2023-06-22,6.801766872406006,BCS,Barclays (ADR),traditional_bank
2023-06-23,6.702272415161133,BCS,Barclays (ADR),traditional_bank
2023-06-26,6.666092872619629,BCS,Barclays (ADR),traditional_bank
2023-06-27,6.774631500244141,BCS,Barclays (ADR),traditional_bank
2023-06-28,6.810811996459961,BCS,Barclays (ADR),traditional_bank
2023-06-29,6.937440395355225,BCS,Barclays (ADR),traditional_bank
2023-06-30,7.1092939376831055,BCS,Barclays (ADR),traditional_bank
2023-07-03,7.208787441253662,BCS,Barclays (ADR),traditional_bank
2023-07-05,6.9012603759765625,BCS,Barclays (ADR),traditional_bank
2023-07-06,6.8198561668396,BCS,Barclays (ADR),traditional_bank
2023-07-07,6.937440395355225,BCS,Barclays (ADR),traditional_bank
2023-07-10,6.919350624084473,BCS,Barclays (ADR),traditional_bank
2023-07-11,7.073113918304443,BCS,Barclays (ADR),traditional_bank
2023-07-12,7.317326545715332,BCS,Barclays (ADR),traditional_bank
2023-07-13,7.471089839935303,BCS,Barclays (ADR),traditional_bank
2023-07-14,7.380640506744385,BCS,Barclays (ADR),traditional_bank
2023-07-17,7.434910297393799,BCS,Barclays (ADR),traditional_bank
2023-07-18,7.597718238830566,BCS,Barclays (ADR),traditional_bank
2023-07-19,7.733391761779785,BCS,Barclays (ADR),traditional_bank
2023-07-20,7.7062578201293945,BCS,Barclays (ADR),traditional_bank
2023-07-21,7.633897304534912,BCS,Barclays (ADR),traditional_bank
2023-07-24,7.6700758934021,BCS,Barclays (ADR),traditional_bank
2023-07-25,7.615808486938477,BCS,Barclays (ADR),traditional_bank
2023-07-26,7.778616428375244,BCS,Barclays (ADR),traditional_bank
2023-07-27,7.091203212738037,BCS,Barclays (ADR),traditional_bank
2023-07-28,7.235921859741211,BCS,Barclays (ADR),traditional_bank
2023-07-31,7.226876735687256,BCS,Barclays (ADR),traditional_bank
2023-08-01,7.045979022979736,BCS,Barclays (ADR),traditional_bank
2023-08-02,6.774631500244141,BCS,Barclays (ADR),traditional_bank
2023-08-03,6.919350624084473,BCS,Barclays (ADR),traditional_bank
2023-08-04,6.9736199378967285,BCS,Barclays (ADR),traditional_bank
2023-08-07,7.027889251708984,BCS,Barclays (ADR),traditional_bank
2023-08-08,6.8831706047058105,BCS,Barclays (ADR),traditional_bank
2023-08-09,6.856036186218262,BCS,Barclays (ADR),traditional_bank
2023-08-10,6.911326885223389,BCS,Barclays (ADR),traditional_bank
2023-08-11,6.920541763305664,BCS,Barclays (ADR),traditional_bank
2023-08-14,6.89289665222168,BCS,Barclays (ADR),traditional_bank
2023-08-15,6.745454788208008,BCS,Barclays (ADR),traditional_bank
2023-08-16,6.80996036529541,BCS,Barclays (ADR),traditional_bank
2023-08-17,6.828390121459961,BCS,Barclays (ADR),traditional_bank
2023-08-18,6.782315731048584,BCS,Barclays (ADR),traditional_bank
2023-08-21,6.80996036529541,BCS,Barclays (ADR),traditional_bank
2023-08-22,6.699378967285156,BCS,Barclays (ADR),traditional_bank
2023-08-23,6.763885021209717,BCS,Barclays (ADR),traditional_bank
2023-08-24,6.754669666290283,BCS,Barclays (ADR),traditional_bank
2023-08-25,6.763885021209717,BCS,Barclays (ADR),traditional_bank
2023-08-28,6.883680820465088,BCS,Barclays (ADR),traditional_bank
2023-08-29,7.058767795562744,BCS,Barclays (ADR),traditional_bank
2023-08-30,7.012692928314209,BCS,Barclays (ADR),traditional_bank
2023-08-31,6.920541763305664,BCS,Barclays (ADR),traditional_bank
2023-09-01,6.957402229309082,BCS,Barclays (ADR),traditional_bank
2023-09-05,6.920541763305664,BCS,Barclays (ADR),traditional_bank
2023-09-06,6.883680820465088,BCS,Barclays (ADR),traditional_bank
2023-09-07,6.782315731048584,BCS,Barclays (ADR),traditional_bank
2023-09-08,6.837605953216553,BCS,Barclays (ADR),traditional_bank
2023-09-11,6.948186874389648,BCS,Barclays (ADR),traditional_bank
2023-09-12,7.132488250732422,BCS,Barclays (ADR),traditional_bank
2023-09-13,7.233855247497559,BCS,Barclays (ADR),traditional_bank
2023-09-14,7.3444366455078125,BCS,Barclays (ADR),traditional_bank
2023-09-15,7.372081756591797,BCS,Barclays (ADR),traditional_bank
2023-09-18,7.243070125579834,BCS,Barclays (ADR),traditional_bank
2023-09-19,7.31679105758667,BCS,Barclays (ADR),traditional_bank
2023-09-20,7.206210136413574,BCS,Barclays (ADR),traditional_bank
2023-09-21,7.104843616485596,BCS,Barclays (ADR),traditional_bank
2023-09-22,7.058767795562744,BCS,Barclays (ADR),traditional_bank
2023-09-25,7.021907806396484,BCS,Barclays (ADR),traditional_bank
2023-09-26,7.17856502532959,BCS,Barclays (ADR),traditional_bank
2023-09-27,7.141704559326172,BCS,Barclays (ADR),traditional_bank
2023-09-28,7.21542501449585,BCS,Barclays (ADR),traditional_bank
2023-09-29,7.17856502532959,BCS,Barclays (ADR),traditional_bank
2023-10-02,6.9942626953125,BCS,Barclays (ADR),traditional_bank
2023-10-03,6.911326885223389,BCS,Barclays (ADR),traditional_bank
2023-10-04,6.975832939147949,BCS,Barclays (ADR),traditional_bank
2023-10-05,6.938971996307373,BCS,Barclays (ADR),traditional_bank
2023-10-06,7.058767795562744,BCS,Barclays (ADR),traditional_bank
2023-10-09,6.929757118225098,BCS,Barclays (ADR),traditional_bank
2023-10-10,7.1509199142456055,BCS,Barclays (ADR),traditional_bank
2023-10-11,7.206210136413574,BCS,Barclays (ADR),traditional_bank
2023-10-12,6.846820831298828,BCS,Barclays (ADR),traditional_bank
2023-10-13,6.828390121459961,BCS,Barclays (ADR),traditional_bank
2023-10-16,6.948186874389648,BCS,Barclays (ADR),traditional_bank
2023-10-17,6.9942626953125,BCS,Barclays (ADR),traditional_bank
2023-10-18,6.773099422454834,BCS,Barclays (ADR),traditional_bank
2023-10-19,6.616443157196045,BCS,Barclays (ADR),traditional_bank
2023-10-20,6.515077590942383,BCS,Barclays (ADR),traditional_bank
2023-10-23,6.469001293182373,BCS,Barclays (ADR),traditional_bank
2023-10-24,6.017462253570557,BCS,Barclays (ADR),traditional_bank
2023-10-25,5.999032020568848,BCS,Barclays (ADR),traditional_bank
2023-10-26,5.916095733642578,BCS,Barclays (ADR),traditional_bank
2023-10-27,5.750223636627197,BCS,Barclays (ADR),traditional_bank
2023-10-30,5.916095733642578,BCS,Barclays (ADR),traditional_bank
2023-10-31,5.9253106117248535,BCS,Barclays (ADR),traditional_bank
2023-11-01,5.833160400390625,BCS,Barclays (ADR),traditional_bank
2023-11-02,6.081967830657959,BCS,Barclays (ADR),traditional_bank
2023-11-03,6.247839450836182,BCS,Barclays (ADR),traditional_bank
2023-11-06,6.220193862915039,BCS,Barclays (ADR),traditional_bank
2023-11-07,6.164903163909912,BCS,Barclays (ADR),traditional_bank
2023-11-08,6.155688285827637,BCS,Barclays (ADR),traditional_bank
2023-11-09,6.137258529663086,BCS,Barclays (ADR),traditional_bank
2023-11-10,6.183333396911621,BCS,Barclays (ADR),traditional_bank
2023-11-13,6.183333396911621,BCS,Barclays (ADR),traditional_bank
2023-11-14,6.367635726928711,BCS,Barclays (ADR),traditional_bank
2023-11-15,6.441356658935547,BCS,Barclays (ADR),traditional_bank
2023-11-16,6.395280838012695,BCS,Barclays (ADR),traditional_bank
2023-11-17,6.634873390197754,BCS,Barclays (ADR),traditional_bank
2023-11-20,6.616443157196045,BCS,Barclays (ADR),traditional_bank
2023-11-21,6.57036828994751,BCS,Barclays (ADR),traditional_bank
2023-11-22,6.515077590942383,BCS,Barclays (ADR),traditional_bank
2023-11-24,6.653303623199463,BCS,Barclays (ADR),traditional_bank
2023-11-27,6.579582214355469,BCS,Barclays (ADR),traditional_bank
2023-11-28,6.598012447357178,BCS,Barclays (ADR),traditional_bank
2023-11-29,6.653303623199463,BCS,Barclays (ADR),traditional_bank
2023-11-30,6.653303623199463,BCS,Barclays (ADR),traditional_bank
2023-12-01,6.819176197052002,BCS,Barclays (ADR),traditional_bank
2023-12-04,6.524291515350342,BCS,Barclays (ADR),traditional_bank
2023-12-05,6.48743200302124,BCS,Barclays (ADR),traditional_bank
2023-12-06,6.515077590942383,BCS,Barclays (ADR),traditional_bank
2023-12-07,6.598012447357178,BCS,Barclays (ADR),traditional_bank
2023-12-08,6.763885021209717,BCS,Barclays (ADR),traditional_bank
2023-12-11,6.717809200286865,BCS,Barclays (ADR),traditional_bank
2023-12-12,6.6809492111206055,BCS,Barclays (ADR),traditional_bank
2023-12-13,6.865250587463379,BCS,Barclays (ADR),traditional_bank
2023-12-14,7.169349670410156,BCS,Barclays (ADR),traditional_bank
2023-12-15,6.89289665222168,BCS,Barclays (ADR),traditional_bank
2023-12-18,6.89289665222168,BCS,Barclays (ADR),traditional_bank
2023-12-19,7.021907806396484,BCS,Barclays (ADR),traditional_bank
2023-12-20,7.067983627319336,BCS,Barclays (ADR),traditional_bank
2023-12-21,7.1509199142456055,BCS,Barclays (ADR),traditional_bank
2023-12-22,7.252285480499268,BCS,Barclays (ADR),traditional_bank
2023-12-26,7.3444366455078125,BCS,Barclays (ADR),traditional_bank
2023-12-27,7.326005935668945,BCS,Barclays (ADR),traditional_bank
2023-12-28,7.270715713500977,BCS,Barclays (ADR),traditional_bank
2023-12-29,7.261500835418701,BCS,Barclays (ADR),traditional_bank
2024-01-02,7.298360824584961,BCS,Barclays (ADR),traditional_bank
2024-01-03,7.252285480499268,BCS,Barclays (ADR),traditional_bank
2024-01-04,7.31679105758667,BCS,Barclays (ADR),traditional_bank
2024-01-05,7.399726867675781,BCS,Barclays (ADR),traditional_bank
2024-01-08,7.464232921600342,BCS,Barclays (ADR),traditional_bank
2024-01-09,7.27993106842041,BCS,Barclays (ADR),traditional_bank
2024-01-10,7.307575702667236,BCS,Barclays (ADR),traditional_bank
2024-01-11,6.929757118225098,BCS,Barclays (ADR),traditional_bank
2024-01-12,6.929757118225098,BCS,Barclays (ADR),traditional_bank
2024-01-16,6.699378967285156,BCS,Barclays (ADR),traditional_bank
2024-01-17,6.653303623199463,BCS,Barclays (ADR),traditional_bank
2024-01-18,6.717809200286865,BCS,Barclays (ADR),traditional_bank
2024-01-19,6.782315731048584,BCS,Barclays (ADR),traditional_bank
2024-01-22,6.89289665222168,BCS,Barclays (ADR),traditional_bank
2024-01-23,6.985047817230225,BCS,Barclays (ADR),traditional_bank
2024-01-24,6.985047817230225,BCS,Barclays (ADR),traditional_bank
2024-01-25,6.948186874389648,BCS,Barclays (ADR),traditional_bank
2024-01-26,7.114058494567871,BCS,Barclays (ADR),traditional_bank
2024-01-29,7.058767795562744,BCS,Barclays (ADR),traditional_bank
2024-01-30,7.1509199142456055,BCS,Barclays (ADR),traditional_bank
2024-01-31,6.948186874389648,BCS,Barclays (ADR),traditional_bank
2024-02-01,7.049552917480469,BCS,Barclays (ADR),traditional_bank
2024-02-02,7.09562873840332,BCS,Barclays (ADR),traditional_bank
2024-02-05,6.837605953216553,BCS,Barclays (ADR),traditional_bank
2024-02-06,6.911326885223389,BCS,Barclays (ADR),traditional_bank
2024-02-07,6.846820831298828,BCS,Barclays (ADR),traditional_bank
2024-02-08,6.773099422454834,BCS,Barclays (ADR),traditional_bank
2024-02-09,6.745454788208008,BCS,Barclays (ADR),traditional_bank
2024-02-12,6.745454788208008,BCS,Barclays (ADR),traditional_bank
2024-02-13,6.561152458190918,BCS,Barclays (ADR),traditional_bank
2024-02-14,6.671733856201172,BCS,Barclays (ADR),traditional_bank
2024-02-15,6.791530132293701,BCS,Barclays (ADR),traditional_bank
2024-02-16,6.883680820465088,BCS,Barclays (ADR),traditional_bank
2024-02-20,7.713039875030518,BCS,Barclays (ADR),traditional_bank
2024-02-21,7.78676176071167,BCS,Barclays (ADR),traditional_bank
2024-02-22,7.795976161956787,BCS,Barclays (ADR),traditional_bank
2024-02-23,7.832836151123047,BCS,Barclays (ADR),traditional_bank
2024-02-26,7.851267337799072,BCS,Barclays (ADR),traditional_bank
2024-02-27,7.88812780380249,BCS,Barclays (ADR),traditional_bank
2024-02-28,7.952633857727051,BCS,Barclays (ADR),traditional_bank
2024-02-29,8.08290958404541,BCS,Barclays (ADR),traditional_bank
2024-03-01,8.235058784484863,BCS,Barclays (ADR),traditional_bank
2024-03-04,8.282605171203613,BCS,Barclays (ADR),traditional_bank
2024-03-05,8.292115211486816,BCS,Barclays (ADR),traditional_bank
2024-03-06,8.42524528503418,BCS,Barclays (ADR),traditional_bank
2024-03-07,8.57739543914795,BCS,Barclays (ADR),traditional_bank
2024-03-08,8.529848098754883,BCS,Barclays (ADR),traditional_bank
2024-03-11,8.66297721862793,BCS,Barclays (ADR),traditional_bank
2024-03-12,8.76758098602295,BCS,Barclays (ADR),traditional_bank
2024-03-13,8.7200345993042,BCS,Barclays (ADR),traditional_bank
2024-03-14,8.539356231689453,BCS,Barclays (ADR),traditional_bank
2024-03-15,8.691506385803223,BCS,Barclays (ADR),traditional_bank
2024-03-18,8.634450912475586,BCS,Barclays (ADR),traditional_bank
2024-03-19,8.55837631225586,BCS,Barclays (ADR),traditional_bank
2024-03-20,8.8151273727417,BCS,Barclays (ADR),traditional_bank
2024-03-21,8.900711059570312,BCS,Barclays (ADR),traditional_bank
2024-03-22,8.79610824584961,BCS,Barclays (ADR),traditional_bank
2024-03-25,8.805618286132812,BCS,Barclays (ADR),traditional_bank
2024-03-26,8.79610824584961,BCS,Barclays (ADR),traditional_bank
2024-03-27,8.95776653289795,BCS,Barclays (ADR),traditional_bank
2024-03-28,8.986294746398926,BCS,Barclays (ADR),traditional_bank
2024-04-01,8.834145545959473,BCS,Barclays (ADR),traditional_bank
2024-04-02,8.95776653289795,BCS,Barclays (ADR),traditional_bank
2024-04-03,9.176480293273926,BCS,Barclays (ADR),traditional_bank
2024-04-04,9.233536720275879,BCS,Barclays (ADR),traditional_bank
2024-04-05,9.262064933776855,BCS,Barclays (ADR),traditional_bank
2024-04-08,9.385684967041016,BCS,Barclays (ADR),traditional_bank
2024-04-09,9.252553939819336,BCS,Barclays (ADR),traditional_bank
2024-04-10,9.119424819946289,BCS,Barclays (ADR),traditional_bank
2024-04-11,8.900711059570312,BCS,Barclays (ADR),traditional_bank
2024-04-12,8.729544639587402,BCS,Barclays (ADR),traditional_bank
2024-04-15,8.710524559020996,BCS,Barclays (ADR),traditional_bank
2024-04-16,8.55837631225586,BCS,Barclays (ADR),traditional_bank
2024-04-17,8.65346908569336,BCS,Barclays (ADR),traditional_bank
2024-04-18,8.786599159240723,BCS,Barclays (ADR),traditional_bank
2024-04-19,8.891201972961426,BCS,Barclays (ADR),traditional_bank
2024-04-22,9.05285930633545,BCS,Barclays (ADR),traditional_bank
2024-04-23,9.224026679992676,BCS,Barclays (ADR),traditional_bank
2024-04-24,9.128934860229492,BCS,Barclays (ADR),traditional_bank
2024-04-25,9.851641654968262,BCS,Barclays (ADR),traditional_bank
2024-04-26,9.908697128295898,BCS,Barclays (ADR),traditional_bank
2024-04-29,9.785076141357422,BCS,Barclays (ADR),traditional_bank
2024-04-30,9.737529754638672,BCS,Barclays (ADR),traditional_bank
2024-05-01,9.766057968139648,BCS,Barclays (ADR),traditional_bank
2024-05-02,9.747039794921875,BCS,Barclays (ADR),traditional_bank
2024-05-03,9.756547927856445,BCS,Barclays (ADR),traditional_bank
2024-05-06,9.880168914794922,BCS,Barclays (ADR),traditional_bank
2024-05-07,10.098883628845215,BCS,Barclays (ADR),traditional_bank
2024-05-08,10.193977355957031,BCS,Barclays (ADR),traditional_bank
2024-05-09,10.251032829284668,BCS,Barclays (ADR),traditional_bank
2024-05-10,10.260540962219238,BCS,Barclays (ADR),traditional_bank
2024-05-13,10.308087348937988,BCS,Barclays (ADR),traditional_bank
2024-05-14,10.498274803161621,BCS,Barclays (ADR),traditional_bank
2024-05-15,10.403181076049805,BCS,Barclays (ADR),traditional_bank
2024-05-16,10.403181076049805,BCS,Barclays (ADR),traditional_bank
2024-05-17,10.574348449707031,BCS,Barclays (ADR),traditional_bank
2024-05-20,10.479255676269531,BCS,Barclays (ADR),traditional_bank
2024-05-21,10.621895790100098,BCS,Barclays (ADR),traditional_bank
2024-05-22,10.308087348937988,BCS,Barclays (ADR),traditional_bank
2024-05-23,10.374653816223145,BCS,Barclays (ADR),traditional_bank
2024-05-24,10.536311149597168,BCS,Barclays (ADR),traditional_bank
2024-05-28,10.697969436645508,BCS,Barclays (ADR),traditional_bank
2024-05-29,10.441218376159668,BCS,Barclays (ADR),traditional_bank
2024-05-30,10.707479476928711,BCS,Barclays (ADR),traditional_bank
2024-05-31,10.793063163757324,BCS,Barclays (ADR),traditional_bank
2024-06-03,10.850117683410645,BCS,Barclays (ADR),traditional_bank
2024-06-04,10.545821189880371,BCS,Barclays (ADR),traditional_bank
2024-06-05,10.479255676269531,BCS,Barclays (ADR),traditional_bank
2024-06-06,10.574348449707031,BCS,Barclays (ADR),traditional_bank
2024-06-07,10.526802062988281,BCS,Barclays (ADR),traditional_bank
2024-06-10,10.507782936096191,BCS,Barclays (ADR),traditional_bank
2024-06-11,10.203485488891602,BCS,Barclays (ADR),traditional_bank
2024-06-12,10.241523742675781,BCS,Barclays (ADR),traditional_bank
2024-06-13,10.079865455627441,BCS,Barclays (ADR),traditional_bank
2024-06-14,9.899188041687012,BCS,Barclays (ADR),traditional_bank
2024-06-17,10.070356369018555,BCS,Barclays (ADR),traditional_bank
2024-06-18,10.041829109191895,BCS,Barclays (ADR),traditional_bank
2024-06-20,10.193977355957031,BCS,Barclays (ADR),traditional_bank
2024-06-21,9.927715301513672,BCS,Barclays (ADR),traditional_bank
2024-06-24,10.108392715454102,BCS,Barclays (ADR),traditional_bank
2024-06-25,10.022809028625488,BCS,Barclays (ADR),traditional_bank
2024-06-26,9.994281768798828,BCS,Barclays (ADR),traditional_bank
2024-06-27,10.155939102172852,BCS,Barclays (ADR),traditional_bank
2024-06-28,10.184467315673828,BCS,Barclays (ADR),traditional_bank
2024-07-01,10.336615562438965,BCS,Barclays (ADR),traditional_bank
2024-07-02,10.355634689331055,BCS,Barclays (ADR),traditional_bank
2024-07-03,10.631404876708984,BCS,Barclays (ADR),traditional_bank
2024-07-05,10.812081336975098,BCS,Barclays (ADR),traditional_bank
2024-07-08,10.916683197021484,BCS,Barclays (ADR),traditional_bank
2024-07-09,10.621895790100098,BCS,Barclays (ADR),traditional_bank
2024-07-10,10.840609550476074,BCS,Barclays (ADR),traditional_bank
2024-07-11,11.021286010742188,BCS,Barclays (ADR),traditional_bank
2024-07-12,11.030795097351074,BCS,Barclays (ADR),traditional_bank
2024-07-15,11.163926124572754,BCS,Barclays (ADR),traditional_bank
2024-07-16,11.31607437133789,BCS,Barclays (ADR),traditional_bank
2024-07-17,11.43018627166748,BCS,Barclays (ADR),traditional_bank
2024-07-18,11.163926124572754,BCS,Barclays (ADR),traditional_bank
2024-07-19,11.26852798461914,BCS,Barclays (ADR),traditional_bank
2024-07-22,11.401657104492188,BCS,Barclays (ADR),traditional_bank
2024-07-23,11.36362075805664,BCS,Barclays (ADR),traditional_bank
2024-07-24,11.12588882446289,BCS,Barclays (ADR),traditional_bank
2024-07-25,11.17343521118164,BCS,Barclays (ADR),traditional_bank
2024-07-26,11.3921480178833,BCS,Barclays (ADR),traditional_bank
2024-07-29,11.354111671447754,BCS,Barclays (ADR),traditional_bank
2024-07-30,11.401657104492188,BCS,Barclays (ADR),traditional_bank
2024-07-31,11.33509349822998,BCS,Barclays (ADR),traditional_bank
2024-08-01,10.755026817321777,BCS,Barclays (ADR),traditional_bank
2024-08-02,10.203485488891602,BCS,Barclays (ADR),traditional_bank
2024-08-05,10.070356369018555,BCS,Barclays (ADR),traditional_bank
2024-08-06,10.193977355957031,BCS,Barclays (ADR),traditional_bank
2024-08-07,10.308087348937988,BCS,Barclays (ADR),traditional_bank
2024-08-08,10.460236549377441,BCS,Barclays (ADR),traditional_bank
2024-08-09,10.707479476928711,BCS,Barclays (ADR),traditional_bank
2024-08-12,10.678950309753418,BCS,Barclays (ADR),traditional_bank
2024-08-13,10.840609550476074,BCS,Barclays (ADR),traditional_bank
2024-08-14,10.897665023803711,BCS,Barclays (ADR),traditional_bank
2024-08-15,11.278037071228027,BCS,Barclays (ADR),traditional_bank
2024-08-16,11.431159019470215,BCS,Barclays (ADR),traditional_bank
2024-08-19,11.537091255187988,BCS,Barclays (ADR),traditional_bank
2024-08-20,11.383007049560547,BCS,Barclays (ADR),traditional_bank
2024-08-21,11.431159019470215,BCS,Barclays (ADR),traditional_bank
2024-08-22,11.460049629211426,BCS,Barclays (ADR),traditional_bank
2024-08-23,11.768219947814941,BCS,Barclays (ADR),traditional_bank
2024-08-26,11.758588790893555,BCS,Barclays (ADR),traditional_bank
2024-08-27,11.989716529846191,BCS,Barclays (ADR),traditional_bank
2024-08-28,11.431159019470215,BCS,Barclays (ADR),traditional_bank
2024-08-29,11.614134788513184,BCS,Barclays (ADR),traditional_bank
2024-08-30,11.720067977905273,BCS,Barclays (ADR),traditional_bank
2024-09-03,11.296334266662598,BCS,Barclays (ADR),traditional_bank
2024-09-04,11.305965423583984,BCS,Barclays (ADR),traditional_bank
2024-09-05,11.671916007995605,BCS,Barclays (ADR),traditional_bank
2024-09-06,11.122989654541016,BCS,Barclays (ADR),traditional_bank
2024-09-09,11.354116439819336,BCS,Barclays (ADR),traditional_bank
2024-09-10,11.084468841552734,BCS,Barclays (ADR),traditional_bank
2024-09-11,11.065208435058594,BCS,Barclays (ADR),traditional_bank
2024-09-12,11.132619857788086,BCS,Barclays (ADR),traditional_bank
2024-09-13,11.305965423583984,BCS,Barclays (ADR),traditional_bank
2024-09-16,11.411897659301758,BCS,Barclays (ADR),traditional_bank
2024-09-17,11.469680786132812,BCS,Barclays (ADR),traditional_bank
2024-09-18,11.508201599121094,BCS,Barclays (ADR),traditional_bank
2024-09-19,11.797110557556152,BCS,Barclays (ADR),traditional_bank
2024-09-20,11.768219947814941,BCS,Barclays (ADR),traditional_bank
2024-09-23,11.585243225097656,BCS,Barclays (ADR),traditional_bank
2024-09-24,11.768219947814941,BCS,Barclays (ADR),traditional_bank
2024-09-25,11.52746295928955,BCS,Barclays (ADR),traditional_bank
2024-09-26,11.893413543701172,BCS,Barclays (ADR),traditional_bank
2024-09-27,11.84526252746582,BCS,Barclays (ADR),traditional_bank
2024-09-30,11.700806617736816,BCS,Barclays (ADR),traditional_bank
2024-10-01,11.334856033325195,BCS,Barclays (ADR),traditional_bank
2024-10-02,11.354116439819336,BCS,Barclays (ADR),traditional_bank
2024-10-03,11.209662437438965,BCS,Barclays (ADR),traditional_bank
2024-10-04,11.623764991760254,BCS,Barclays (ADR),traditional_bank
2024-10-07,11.671916007995605,BCS,Barclays (ADR),traditional_bank
2024-10-08,11.671916007995605,BCS,Barclays (ADR),traditional_bank
2024-10-09,11.739327430725098,BCS,Barclays (ADR),traditional_bank
2024-10-10,11.806741714477539,BCS,Barclays (ADR),traditional_bank
2024-10-11,11.989716529846191,BCS,Barclays (ADR),traditional_bank
2024-10-14,11.893413543701172,BCS,Barclays (ADR),traditional_bank
2024-10-15,11.835631370544434,BCS,Barclays (ADR),traditional_bank
2024-10-16,12.05712890625,BCS,Barclays (ADR),traditional_bank
2024-10-17,12.461600303649902,BCS,Barclays (ADR),traditional_bank
2024-10-18,12.3652982711792,BCS,Barclays (ADR),traditional_bank
2024-10-21,12.143799781799316,BCS,Barclays (ADR),traditional_bank
2024-10-22,12.278624534606934,BCS,Barclays (ADR),traditional_bank
2024-10-23,12.008977890014648,BCS,Barclays (ADR),traditional_bank
2024-10-24,12.692727088928223,BCS,Barclays (ADR),traditional_bank
2024-10-25,12.124540328979492,BCS,Barclays (ADR),traditional_bank
2024-10-28,12.211214065551758,BCS,Barclays (ADR),traditional_bank
2024-10-29,12.086019515991211,BCS,Barclays (ADR),traditional_bank
2024-10-30,12.230473518371582,BCS,Barclays (ADR),traditional_bank
2024-10-31,11.951194763183594,BCS,Barclays (ADR),traditional_bank
2024-11-01,12.066758155822754,BCS,Barclays (ADR),traditional_bank
2024-11-04,12.211214065551758,BCS,Barclays (ADR),traditional_bank
2024-11-05,12.38455867767334,BCS,Barclays (ADR),traditional_bank
2024-11-06,12.991267204284668,BCS,Barclays (ADR),traditional_bank
2024-11-07,12.779400825500488,BCS,Barclays (ADR),traditional_bank
2024-11-08,12.60605525970459,BCS,Barclays (ADR),traditional_bank
2024-11-11,12.981636047363281,BCS,Barclays (ADR),traditional_bank
2024-11-12,12.731249809265137,BCS,Barclays (ADR),traditional_bank
2024-11-13,12.72161865234375,BCS,Barclays (ADR),traditional_bank
2024-11-14,12.480860710144043,BCS,Barclays (ADR),traditional_bank
2024-11-15,12.72161865234375,BCS,Barclays (ADR),traditional_bank
2024-11-18,12.769770622253418,BCS,Barclays (ADR),traditional_bank
2024-11-19,12.596424102783203,BCS,Barclays (ADR),traditional_bank
2024-11-20,12.750510215759277,BCS,Barclays (ADR),traditional_bank
2024-11-21,12.82755184173584,BCS,Barclays (ADR),traditional_bank
2024-11-22,12.49049186706543,BCS,Barclays (ADR),traditional_bank
2024-11-25,12.85644245147705,BCS,Barclays (ADR),traditional_bank
2024-11-26,12.654206275939941,BCS,Barclays (ADR),traditional_bank
2024-11-27,12.74087905883789,BCS,Barclays (ADR),traditional_bank
2024-11-29,12.981636047363281,BCS,Barclays (ADR),traditional_bank
2024-12-02,12.866072654724121,BCS,Barclays (ADR),traditional_bank
2024-12-03,12.952746391296387,BCS,Barclays (ADR),traditional_bank
2024-12-04,12.885333061218262,BCS,Barclays (ADR),traditional_bank
2024-12-05,13.097200393676758,BCS,Barclays (ADR),traditional_bank
2024-12-06,13.039417266845703,BCS,Barclays (ADR),traditional_bank
2024-12-09,13.02978801727295,BCS,Barclays (ADR),traditional_bank
2024-12-10,12.8082914352417,BCS,Barclays (ADR),traditional_bank
2024-12-11,13.14535140991211,BCS,Barclays (ADR),traditional_bank
2024-12-12,13.05867862701416,BCS,Barclays (ADR),traditional_bank
2024-12-13,13.04904842376709,BCS,Barclays (ADR),traditional_bank
2024-12-16,13.16461181640625,BCS,Barclays (ADR),traditional_bank
2024-12-17,12.837181091308594,BCS,Barclays (ADR),traditional_bank
2024-12-18,12.500121116638184,BCS,Barclays (ADR),traditional_bank
2024-12-19,12.442339897155762,BCS,Barclays (ADR),traditional_bank
2024-12-20,12.596424102783203,BCS,Barclays (ADR),traditional_bank
2024-12-23,12.702357292175293,BCS,Barclays (ADR),traditional_bank
2024-12-24,12.952746391296387,BCS,Barclays (ADR),traditional_bank
2024-12-26,12.93348503112793,BCS,Barclays (ADR),traditional_bank
2024-12-27,12.789031028747559,BCS,Barclays (ADR),traditional_bank
2024-12-30,12.798660278320312,BCS,Barclays (ADR),traditional_bank
2024-12-31,12.798660278320312,BCS,Barclays (ADR),traditional_bank
2025-01-02,12.644576072692871,BCS,Barclays (ADR),traditional_bank
2025-01-03,12.8082914352417,BCS,Barclays (ADR),traditional_bank
2025-01-06,13.106830596923828,BCS,Barclays (ADR),traditional_bank
2025-01-07,12.760139465332031,BCS,Barclays (ADR),traditional_bank
2025-01-08,12.702357292175293,BCS,Barclays (ADR),traditional_bank
2025-01-10,12.220843315124512,BCS,Barclays (ADR),traditional_bank
2025-01-13,12.355667114257812,BCS,Barclays (ADR),traditional_bank
2025-01-14,12.548274040222168,BCS,Barclays (ADR),traditional_bank
2025-01-15,13.520933151245117,BCS,Barclays (ADR),traditional_bank
2025-01-16,13.472782135009766,BCS,Barclays (ADR),traditional_bank
2025-01-17,13.732799530029297,BCS,Barclays (ADR),traditional_bank
2025-01-21,14.349137306213379,BCS,Barclays (ADR),traditional_bank
2025-01-22,13.94466495513916,BCS,Barclays (ADR),traditional_bank
2025-01-23,14.214315414428711,BCS,Barclays (ADR),traditional_bank
2025-01-24,14.079489707946777,BCS,Barclays (ADR),traditional_bank
2025-01-27,13.925405502319336,BCS,Barclays (ADR),traditional_bank
2025-01-28,14.050600051879883,BCS,Barclays (ADR),traditional_bank
2025-01-29,14.127641677856445,BCS,Barclays (ADR),traditional_bank
2025-01-30,14.252836227416992,BCS,Barclays (ADR),traditional_bank
2025-01-31,14.137271881103516,BCS,Barclays (ADR),traditional_bank
2025-02-03,13.857993125915527,BCS,Barclays (ADR),traditional_bank
2025-02-04,14.108380317687988,BCS,Barclays (ADR),traditional_bank
2025-02-05,14.310616493225098,BCS,Barclays (ADR),traditional_bank
2025-02-06,14.705459594726562,BCS,Barclays (ADR),traditional_bank
2025-02-07,14.512852668762207,BCS,Barclays (ADR),traditional_bank
2025-02-10,14.426180839538574,BCS,Barclays (ADR),traditional_bank
2025-02-11,14.666937828063965,BCS,Barclays (ADR),traditional_bank
2025-02-12,14.821022987365723,BCS,Barclays (ADR),traditional_bank
2025-02-13,14.002447128295898,BCS,Barclays (ADR),traditional_bank
2025-02-14,14.329877853393555,BCS,Barclays (ADR),traditional_bank
2025-02-18,15.071410179138184,BCS,Barclays (ADR),traditional_bank
2025-02-19,14.801761627197266,BCS,Barclays (ADR),traditional_bank
2025-02-20,14.609156608581543,BCS,Barclays (ADR),traditional_bank
2025-02-21,14.618786811828613,BCS,Barclays (ADR),traditional_bank
2025-02-24,14.551373481750488,BCS,Barclays (ADR),traditional_bank
2025-02-25,14.878803253173828,BCS,Barclays (ADR),traditional_bank
2025-02-26,15.19660472869873,BCS,Barclays (ADR),traditional_bank
2025-02-27,15.109930992126465,BCS,Barclays (ADR),traditional_bank
2025-02-28,15.5255126953125,BCS,Barclays (ADR),traditional_bank
2025-03-03,15.515710830688477,BCS,Barclays (ADR),traditional_bank
2025-03-04,15.398093223571777,BCS,Barclays (ADR),traditional_bank
2025-03-05,15.917571067810059,BCS,Barclays (ADR),traditional_bank
2025-03-06,15.701939582824707,BCS,Barclays (ADR),traditional_bank
2025-03-07,15.623527526855469,BCS,Barclays (ADR),traditional_bank
2025-03-10,14.496359825134277,BCS,Barclays (ADR),traditional_bank
2025-03-11,14.80020523071289,BCS,Barclays (ADR),traditional_bank
2025-03-12,15.251072883605957,BCS,Barclays (ADR),traditional_bank
2025-03-13,14.73159408569336,BCS,Barclays (ADR),traditional_bank
2025-03-14,15.407896041870117,BCS,Barclays (ADR),traditional_bank
2025-03-17,15.300079345703125,BCS,Barclays (ADR),traditional_bank
2025-03-18,15.741144180297852,BCS,Barclays (ADR),traditional_bank
2025-03-19,15.839159965515137,BCS,Barclays (ADR),traditional_bank
2025-03-20,15.652932167053223,BCS,Barclays (ADR),traditional_bank
2025-03-21,15.437299728393555,BCS,Barclays (ADR),traditional_bank
2025-03-24,15.672534942626953,BCS,Barclays (ADR),traditional_bank
2025-03-25,15.927373886108398,BCS,Barclays (ADR),traditional_bank
2025-03-26,15.741144180297852,BCS,Barclays (ADR),traditional_bank
2025-03-27,15.564718246459961,BCS,Barclays (ADR),traditional_bank
2025-03-28,15.084447860717773,BCS,Barclays (ADR),traditional_bank
2025-03-31,15.05504322052002,BCS,Barclays (ADR),traditional_bank
2025-04-01,15.09424877166748,BCS,Barclays (ADR),traditional_bank
2025-04-02,15.427498817443848,BCS,Barclays (ADR),traditional_bank
2025-04-03,14.02588939666748,BCS,Barclays (ADR),traditional_bank
2025-04-04,12.908522605895996,BCS,Barclays (ADR),traditional_bank
2025-04-07,12.526265144348145,BCS,Barclays (ADR),traditional_bank
2025-04-08,12.438053131103516,BCS,Barclays (ADR),traditional_bank
2025-04-09,13.682838439941406,BCS,Barclays (ADR),traditional_bank
2025-04-10,13.290780067443848,BCS,Barclays (ADR),traditional_bank
2025-04-11,13.66323471069336,BCS,Barclays (ADR),traditional_bank
2025-04-14,13.98668384552002,BCS,Barclays (ADR),traditional_bank
2025-04-15,14.417947769165039,BCS,Barclays (ADR),traditional_bank
2025-04-16,14.270926475524902,BCS,Barclays (ADR),traditional_bank
2025-04-17,14.427749633789062,BCS,Barclays (ADR),traditional_bank
2025-04-21,14.212117195129395,BCS,Barclays (ADR),traditional_bank
2025-04-22,14.927623748779297,BCS,Barclays (ADR),traditional_bank
2025-04-23,15.329483985900879,BCS,Barclays (ADR),traditional_bank
2025-04-24,15.319682121276855,BCS,Barclays (ADR),traditional_bank
2025-04-25,15.50590991973877,BCS,Barclays (ADR),traditional_bank
2025-04-28,15.652932167053223,BCS,Barclays (ADR),traditional_bank
2025-04-29,15.809754371643066,BCS,Barclays (ADR),traditional_bank
2025-04-30,15.741144180297852,BCS,Barclays (ADR),traditional_bank
2025-05-01,15.50590991973877,BCS,Barclays (ADR),traditional_bank
2025-05-02,15.927373886108398,BCS,Barclays (ADR),traditional_bank
2025-05-05,16.054790496826172,BCS,Barclays (ADR),traditional_bank
2025-05-06,15.790153503417969,BCS,Barclays (ADR),traditional_bank
2025-05-07,15.633329391479492,BCS,Barclays (ADR),traditional_bank
2025-05-08,16.025388717651367,BCS,Barclays (ADR),traditional_bank
2025-05-09,16.201812744140625,BCS,Barclays (ADR),traditional_bank
2025-05-12,16.368438720703125,BCS,Barclays (ADR),traditional_bank
2025-05-13,16.6624813079834,BCS,Barclays (ADR),traditional_bank
2025-05-14,16.887914657592773,BCS,Barclays (ADR),traditional_bank
2025-05-15,16.995731353759766,BCS,Barclays (ADR),traditional_bank
2025-05-16,17.074142456054688,BCS,Barclays (ADR),traditional_bank
2025-05-19,17.377986907958984,BCS,Barclays (ADR),traditional_bank
2025-05-20,17.495607376098633,BCS,Barclays (ADR),traditional_bank
2025-05-21,17.22116470336914,BCS,Barclays (ADR),traditional_bank
2025-05-22,17.289775848388672,BCS,Barclays (ADR),traditional_bank
2025-05-23,17.299575805664062,BCS,Barclays (ADR),traditional_bank
2025-05-27,17.554414749145508,BCS,Barclays (ADR),traditional_bank
2025-05-28,17.299575805664062,BCS,Barclays (ADR),traditional_bank
2025-05-29,17.446598052978516,BCS,Barclays (ADR),traditional_bank
2025-05-30,17.476003646850586,BCS,Barclays (ADR),traditional_bank
2025-06-02,17.574018478393555,BCS,Barclays (ADR),traditional_bank
2025-06-03,17.63282585144043,BCS,Barclays (ADR),traditional_bank
2025-06-04,17.338783264160156,BCS,Barclays (ADR),traditional_bank
2025-06-05,17.51521110534668,BCS,Barclays (ADR),traditional_bank
2025-06-06,17.848459243774414,BCS,Barclays (ADR),traditional_bank
2025-06-09,17.770048141479492,BCS,Barclays (ADR),traditional_bank
2025-06-10,17.230968475341797,BCS,Barclays (ADR),traditional_bank
2025-06-11,17.201560974121094,BCS,Barclays (ADR),traditional_bank
2025-06-12,17.407392501831055,BCS,Barclays (ADR),traditional_bank
2025-06-13,17.034936904907227,BCS,Barclays (ADR),traditional_bank
2025-06-16,17.377986907958984,BCS,Barclays (ADR),traditional_bank
2025-06-17,17.152555465698242,BCS,Barclays (ADR),traditional_bank
2025-06-18,17.30937957763672,BCS,Barclays (ADR),traditional_bank
2025-06-20,17.230968475341797,BCS,Barclays (ADR),traditional_bank
2025-06-23,17.25057029724121,BCS,Barclays (ADR),traditional_bank
2025-06-24,17.8974666595459,BCS,Barclays (ADR),traditional_bank
2025-06-25,17.809253692626953,BCS,Barclays (ADR),traditional_bank
2025-06-26,17.966075897216797,BCS,Barclays (ADR),traditional_bank
2025-06-27,18.24051856994629,BCS,Barclays (ADR),traditional_bank
2025-06-30,18.220914840698242,BCS,Barclays (ADR),traditional_bank
2025-07-01,17.966075897216797,BCS,Barclays (ADR),traditional_bank
2025-07-02,17.525009155273438,BCS,Barclays (ADR),traditional_bank
2025-07-03,17.8974666595459,BCS,Barclays (ADR),traditional_bank
2025-07-07,17.828857421875,BCS,Barclays (ADR),traditional_bank
2025-07-08,17.94647216796875,BCS,Barclays (ADR),traditional_bank
2025-07-09,18.260120391845703,BCS,Barclays (ADR),traditional_bank
2025-07-10,18.436546325683594,BCS,Barclays (ADR),traditional_bank
2025-07-11,18.034687042236328,BCS,Barclays (ADR),traditional_bank
2025-07-14,18.269920349121094,BCS,Barclays (ADR),traditional_bank
2025-07-15,18.11309814453125,BCS,Barclays (ADR),traditional_bank
2025-07-16,18.358135223388672,BCS,Barclays (ADR),traditional_bank
2025-07-17,18.63257598876953,BCS,Barclays (ADR),traditional_bank
2025-07-18,18.505155563354492,BCS,Barclays (ADR),traditional_bank
2025-07-21,18.652179718017578,BCS,Barclays (ADR),traditional_bank
2025-07-22,18.563966751098633,BCS,Barclays (ADR),traditional_bank
2025-07-23,19.073638916015625,BCS,Barclays (ADR),traditional_bank
2025-07-24,19.01483154296875,BCS,Barclays (ADR),traditional_bank
2025-07-25,19.230466842651367,BCS,Barclays (ADR),traditional_bank
2025-07-28,19.024633407592773,BCS,Barclays (ADR),traditional_bank
2025-07-29,19.651927947998047,BCS,Barclays (ADR),traditional_bank
2025-07-30,19.465702056884766,BCS,Barclays (ADR),traditional_bank
2025-07-31,19.230466842651367,BCS,Barclays (ADR),traditional_bank
2025-08-01,18.72079086303711,BCS,Barclays (ADR),traditional_bank
2025-08-04,18.936420440673828,BCS,Barclays (ADR),traditional_bank
2025-08-05,19.00503158569336,BCS,Barclays (ADR),traditional_bank
2025-08-06,19.171655654907227,BCS,Barclays (ADR),traditional_bank
2025-08-07,19.35788345336914,BCS,Barclays (ADR),traditional_bank
2025-08-08,19.703737258911133,BCS,Barclays (ADR),traditional_bank
2025-08-11,19.81243324279785,BCS,Barclays (ADR),traditional_bank
2025-08-12,20.168169021606445,BCS,Barclays (ADR),traditional_bank
2025-08-13,20.20769500732422,BCS,Barclays (ADR),traditional_bank
2025-08-14,20.306509017944336,BCS,Barclays (ADR),traditional_bank
2025-08-15,20.029827117919922,BCS,Barclays (ADR),traditional_bank
2025-08-18,20.049591064453125,BCS,Barclays (ADR),traditional_bank
2025-08-19,19.88160514831543,BCS,Barclays (ADR),traditional_bank
2025-08-20,20.01994514465332,BCS,Barclays (ADR),traditional_bank
2025-08-21,19.980419158935547,BCS,Barclays (ADR),traditional_bank
2025-08-22,20.22745704650879,BCS,Barclays (ADR),traditional_bank
2025-08-25,20.158287048339844,BCS,Barclays (ADR),traditional_bank
2025-08-26,20.158287048339844,BCS,Barclays (ADR),traditional_bank
2025-08-27,19.8914852142334,BCS,Barclays (ADR),traditional_bank
2025-08-28,19.79267120361328,BCS,Barclays (ADR),traditional_bank
2025-08-29,19.397409439086914,BCS,Barclays (ADR),traditional_bank
2025-09-02,19.32823944091797,BCS,Barclays (ADR),traditional_bank
2025-09-03,19.44681739807129,BCS,Barclays (ADR),traditional_bank
2025-09-04,19.871723175048828,BCS,Barclays (ADR),traditional_bank
2025-09-05,19.47646141052246,BCS,Barclays (ADR),traditional_bank
2025-09-08,19.703737258911133,BCS,Barclays (ADR),traditional_bank
2025-09-09,20.069353103637695,BCS,Barclays (ADR),traditional_bank
2025-09-10,20.247220993041992,BCS,Barclays (ADR),traditional_bank
2025-09-11,20.54366683959961,BCS,Barclays (ADR),traditional_bank
2025-09-12,20.47449493408203,BCS,Barclays (ADR),traditional_bank
2025-09-15,20.80058479309082,BCS,Barclays (ADR),traditional_bank
2025-09-16,20.385560989379883,BCS,Barclays (ADR),traditional_bank
2025-09-17,20.523902893066406,BCS,Barclays (ADR),traditional_bank
2025-09-18,20.761058807373047,BCS,Barclays (ADR),traditional_bank
2025-09-19,20.47449493408203,BCS,Barclays (ADR),traditional_bank
2025-09-22,20.6820068359375,BCS,Barclays (ADR),traditional_bank
2025-09-23,20.721532821655273,BCS,Barclays (ADR),traditional_bank
2025-09-24,20.47449493408203,BCS,Barclays (ADR),traditional_bank
2025-09-25,20.069353103637695,BCS,Barclays (ADR),traditional_bank
2025-09-26,20.35591697692871,BCS,Barclays (ADR),traditional_bank
2025-09-29,20.385560989379883,BCS,Barclays (ADR),traditional_bank
2025-09-30,20.425086975097656,BCS,Barclays (ADR),traditional_bank
2025-10-01,20.35591697692871,BCS,Barclays (ADR),traditional_bank
2025-10-02,20.385560989379883,BCS,Barclays (ADR),traditional_bank
2025-10-03,20.721532821655273,BCS,Barclays (ADR),traditional_bank
2025-10-06,20.385560989379883,BCS,Barclays (ADR),traditional_bank
2025-10-07,20.197813034057617,BCS,Barclays (ADR),traditional_bank
2025-10-08,20.23733901977539,BCS,Barclays (ADR),traditional_bank
2025-10-09,19.69385528564453,BCS,Barclays (ADR),traditional_bank
2025-10-10,19.506107330322266,BCS,Barclays (ADR),traditional_bank
2025-10-13,19.842079162597656,BCS,Barclays (ADR),traditional_bank
2025-10-14,20.197813034057617,BCS,Barclays (ADR),traditional_bank
2025-10-15,20.089115142822266,BCS,Barclays (ADR),traditional_bank
2025-10-16,19.713619232177734,BCS,Barclays (ADR),traditional_bank
2025-10-17,19.1306095123291,BCS,Barclays (ADR),traditional_bank
2025-10-20,19.387529373168945,BCS,Barclays (ADR),traditional_bank
2025-10-21,19.259069442749023,BCS,Barclays (ADR),traditional_bank
2025-10-22,20.10887908935547,BCS,Barclays (ADR),traditional_bank
2025-10-23,20.365798950195312,BCS,Barclays (ADR),traditional_bank
2025-10-24,20.434968948364258,BCS,Barclays (ADR),traditional_bank
2025-10-27,21.01797866821289,BCS,Barclays (ADR),traditional_bank
2025-10-28,21.314422607421875,BCS,Barclays (ADR),traditional_bank
2025-10-29,21.10691261291504,BCS,Barclays (ADR),traditional_bank
2025-10-30,21.087148666381836,BCS,Barclays (ADR),traditional_bank
2025-10-31,21.235370635986328,BCS,Barclays (ADR),traditional_bank
2025-11-03,21.25513458251953,BCS,Barclays (ADR),traditional_bank
2025-11-04,20.859874725341797,BCS,Barclays (ADR),traditional_bank
2025-11-05,21.00809669494629,BCS,Barclays (ADR),traditional_bank
2025-11-06,21.334186553955078,BCS,Barclays (ADR),traditional_bank
2025-11-07,21.492290496826172,BCS,Barclays (ADR),traditional_bank
2025-11-10,21.946840286254883,BCS,Barclays (ADR),traditional_bank
2025-11-11,21.91719627380371,BCS,Barclays (ADR),traditional_bank
2025-11-12,22.2432861328125,BCS,Barclays (ADR),traditional_bank
2025-11-13,21.986366271972656,BCS,Barclays (ADR),traditional_bank
2025-11-14,21.44288444519043,BCS,Barclays (ADR),traditional_bank
2025-11-17,20.90928077697754,BCS,Barclays (ADR),traditional_bank
2025-11-18,20.840110778808594,BCS,Barclays (ADR),traditional_bank
2025-11-19,20.8697566986084,BCS,Barclays (ADR),traditional_bank
2025-11-20,20.286746978759766,BCS,Barclays (ADR),traditional_bank
2025-11-21,20.59307289123535,BCS,Barclays (ADR),traditional_bank
2025-11-24,20.8697566986084,BCS,Barclays (ADR),traditional_bank
2025-11-25,21.433002471923828,BCS,Barclays (ADR),traditional_bank
2025-11-26,22.114826202392578,BCS,Barclays (ADR),traditional_bank
2025-11-28,22.519969940185547,BCS,Barclays (ADR),traditional_bank
2025-12-01,22.48044204711914,BCS,Barclays (ADR),traditional_bank
2025-12-02,22.81641387939453,BCS,Barclays (ADR),traditional_bank
2025-12-03,22.984399795532227,BCS,Barclays (ADR),traditional_bank
2025-12-04,23.122739791870117,BCS,Barclays (ADR),traditional_bank
2025-12-05,22.94487190246582,BCS,Barclays (ADR),traditional_bank
2025-12-08,22.984399795532227,BCS,Barclays (ADR),traditional_bank
2025-12-09,22.865819931030273,BCS,Barclays (ADR),traditional_bank
2025-12-10,23.537763595581055,BCS,Barclays (ADR),traditional_bank
2025-12-11,23.90338134765625,BCS,Barclays (ADR),traditional_bank
2025-12-12,23.557527542114258,BCS,Barclays (ADR),traditional_bank
2025-12-15,24.051603317260742,BCS,Barclays (ADR),traditional_bank
2025-12-16,23.972551345825195,BCS,Barclays (ADR),traditional_bank
2025-12-17,24.081249237060547,BCS,Barclays (ADR),traditional_bank
2025-12-18,24.49627113342285,BCS,Barclays (ADR),traditional_bank
2025-12-19,24.84212303161621,BCS,Barclays (ADR),traditional_bank
2025-12-22,25.02987289428711,BCS,Barclays (ADR),traditional_bank
2025-12-23,25.1780948638916,BCS,Barclays (ADR),traditional_bank
2025-12-24,25.326316833496094,BCS,Barclays (ADR),traditional_bank
2025-12-26,25.435014724731445,BCS,Barclays (ADR),traditional_bank
2025-12-29,25.1780948638916,BCS,Barclays (ADR),traditional_bank
2025-12-30,25.286792755126953,BCS,Barclays (ADR),traditional_bank
2025-12-31,25.14845085144043,BCS,Barclays (ADR),traditional_bank
2026-01-02,25.74134063720703,BCS,Barclays (ADR),traditional_bank
2026-01-05,26.008142471313477,BCS,Barclays (ADR),traditional_bank
2026-01-06,25.93897247314453,BCS,Barclays (ADR),traditional_bank
2026-01-07,25.523948669433594,BCS,Barclays (ADR),traditional_bank
2026-01-08,25.761104583740234,BCS,Barclays (ADR),traditional_bank
2026-01-09,25.652406692504883,BCS,Barclays (ADR),traditional_bank
2026-01-12,25.326316833496094,BCS,Barclays (ADR),traditional_bank
2026-01-13,25.47454071044922,BCS,Barclays (ADR),traditional_bank
2026-01-14,25.583236694335938,BCS,Barclays (ADR),traditional_bank
2026-01-15,25.59311866760254,BCS,Barclays (ADR),traditional_bank
2026-01-16,25.859920501708984,BCS,Barclays (ADR),traditional_bank
2026-01-20,25.326316833496094,BCS,Barclays (ADR),traditional_bank
2026-01-21,25.533830642700195,BCS,Barclays (ADR),traditional_bank
2026-01-22,25.820392608642578,BCS,Barclays (ADR),traditional_bank
2026-01-23,25.889564514160156,BCS,Barclays (ADR),traditional_bank
2026-01-26,26.06743049621582,BCS,Barclays (ADR),traditional_bank
2026-01-27,26.867834091186523,BCS,Barclays (ADR),traditional_bank
2026-01-28,26.235416412353516,BCS,Barclays (ADR),traditional_bank
2026-01-29,26.561506271362305,BCS,Barclays (ADR),traditional_bank
2026-01-30,26.433048248291016,BCS,Barclays (ADR),traditional_bank
2026-02-02,27.18404197692871,BCS,Barclays (ADR),traditional_bank
2026-02-03,27.193923950195312,BCS,Barclays (ADR),traditional_bank
2026-02-04,26.205772399902344,BCS,Barclays (ADR),traditional_bank
2026-02-05,25.1780948638916,BCS,Barclays (ADR),traditional_bank
2026-02-06,26.097076416015625,BCS,Barclays (ADR),traditional_bank
2026-02-09,26.39352035522461,BCS,Barclays (ADR),traditional_bank
2026-02-10,25.850038528442383,BCS,Barclays (ADR),traditional_bank
2026-02-11,25.850038528442383,BCS,Barclays (ADR),traditional_bank
2026-02-12,25.237384796142578,BCS,Barclays (ADR),traditional_bank
2026-02-13,25.010108947753906,BCS,Barclays (ADR),traditional_bank
2026-02-17,25.652406692504883,BCS,Barclays (ADR),traditional_bank
2026-02-18,26.106958389282227,BCS,Barclays (ADR),traditional_bank
2026-02-19,25.60300064086914,BCS,Barclays (ADR),traditional_bank
2026-02-20,25.989999771118164,BCS,Barclays (ADR),traditional_bank
2026-02-23,25.110000610351562,BCS,Barclays (ADR),traditional_bank
2026-02-24,25.139999389648438,BCS,Barclays (ADR),traditional_bank
2026-02-25,25.6299991607666,BCS,Barclays (ADR),traditional_bank
2026-02-26,25.290000915527344,BCS,Barclays (ADR),traditional_bank
2026-02-27,24.280000686645508,BCS,Barclays (ADR),traditional_bank
2026-03-02,23.709999084472656,BCS,Barclays (ADR),traditional_bank
2026-03-03,23.06999969482422,BCS,Barclays (ADR),traditional_bank
2026-03-04,23.34000015258789,BCS,Barclays (ADR),traditional_bank
2026-03-05,22.43000030517578,BCS,Barclays (ADR),traditional_bank
2026-03-06,21.860000610351562,BCS,Barclays (ADR),traditional_bank
2026-03-09,21.959999084472656,BCS,Barclays (ADR),traditional_bank
2026-03-10,22.450000762939453,BCS,Barclays (ADR),traditional_bank
2026-03-11,22.200000762939453,BCS,Barclays (ADR),traditional_bank
2026-03-12,20.889999389648438,BCS,Barclays (ADR),traditional_bank
2026-03-13,20.469999313354492,BCS,Barclays (ADR),traditional_bank
2026-03-16,20.809999465942383,BCS,Barclays (ADR),traditional_bank
2026-03-17,21.139999389648438,BCS,Barclays (ADR),traditional_bank
2026-03-18,20.959999084472656,BCS,Barclays (ADR),traditional_bank
2026-03-19,20.799999237060547,BCS,Barclays (ADR),traditional_bank
2026-03-20,20.06999969482422,BCS,Barclays (ADR),traditional_bank
2026-03-23,20.68000030517578,BCS,Barclays (ADR),traditional_bank
2026-03-24,20.68000030517578,BCS,Barclays (ADR),traditional_bank
2026-03-25,21.139999389648438,BCS,Barclays (ADR),traditional_bank
2026-03-26,20.65999984741211,BCS,Barclays (ADR),traditional_bank
2026-03-27,20.239999771118164,BCS,Barclays (ADR),traditional_bank
2026-03-30,20.209999084472656,BCS,Barclays (ADR),traditional_bank
2026-03-31,21.15999984741211,BCS,Barclays (ADR),traditional_bank
2026-04-01,21.829999923706055,BCS,Barclays (ADR),traditional_bank
2026-04-02,21.799999237060547,BCS,Barclays (ADR),traditional_bank
2026-04-06,21.920000076293945,BCS,Barclays (ADR),traditional_bank
2026-04-07,21.90999984741211,BCS,Barclays (ADR),traditional_bank
2026-04-08,23.510000228881836,BCS,Barclays (ADR),traditional_bank
2026-04-09,23.399999618530273,BCS,Barclays (ADR),traditional_bank
2026-04-10,23.729999542236328,BCS,Barclays (ADR),traditional_bank
2026-04-13,23.829999923706055,BCS,Barclays (ADR),traditional_bank
2026-04-14,23.920000076293945,BCS,Barclays (ADR),traditional_bank
2026-04-15,23.90999984741211,BCS,Barclays (ADR),traditional_bank
2026-04-16,23.5,BCS,Barclays (ADR),traditional_bank
2026-04-17,24.299999237060547,BCS,Barclays (ADR),traditional_bank
2026-04-20,24.059999465942383,BCS,Barclays (ADR),traditional_bank
2026-04-21,23.40999984741211,BCS,Barclays (ADR),traditional_bank
2026-04-22,23.31999969482422,BCS,Barclays (ADR),traditional_bank
2026-04-23,22.770000457763672,BCS,Barclays (ADR),traditional_bank
2026-04-24,22.950000762939453,BCS,Barclays (ADR),traditional_bank
2026-04-27,23.09000015258789,BCS,Barclays (ADR),traditional_bank
2026-04-28,23.0,BCS,Barclays (ADR),traditional_bank
2026-04-29,23.0,BCS,Barclays (ADR),traditional_bank
2026-04-30,23.40999984741211,BCS,Barclays (ADR),traditional_bank
2026-05-01,23.43000030517578,BCS,Barclays (ADR),traditional_bank
2026-05-04,22.850000381469727,BCS,Barclays (ADR),traditional_bank
2026-05-05,22.829999923706055,BCS,Barclays (ADR),traditional_bank
2026-05-06,24.020000457763672,BCS,Barclays (ADR),traditional_bank
2026-05-07,23.290000915527344,BCS,Barclays (ADR),traditional_bank
2026-05-08,23.709999084472656,BCS,Barclays (ADR),traditional_bank
2026-05-11,23.170000076293945,BCS,Barclays (ADR),traditional_bank
2026-05-12,22.729999542236328,BCS,Barclays (ADR),traditional_bank
2026-05-13,22.84000015258789,BCS,Barclays (ADR),traditional_bank
2026-05-14,23.010000228881836,BCS,Barclays (ADR),traditional_bank
2026-05-15,22.530000686645508,BCS,Barclays (ADR),traditional_bank
2026-05-18,22.940000534057617,BCS,Barclays (ADR),traditional_bank
2026-05-19,22.6299991607666,BCS,Barclays (ADR),traditional_bank
2026-05-20,23.8700008392334,BCS,Barclays (ADR),traditional_bank
2026-05-21,23.969999313354492,BCS,Barclays (ADR),traditional_bank
2026-05-22,23.829999923706055,BCS,Barclays (ADR),traditional_bank
2026-05-26,24.530000686645508,BCS,Barclays (ADR),traditional_bank
2026-05-27,24.559999465942383,BCS,Barclays (ADR),traditional_bank
2026-05-28,24.34000015258789,BCS,Barclays (ADR),traditional_bank
2026-05-29,24.530000686645508,BCS,Barclays (ADR),traditional_bank
2026-06-01,24.520000457763672,BCS,Barclays (ADR),traditional_bank
2026-06-02,25.280000686645508,BCS,Barclays (ADR),traditional_bank
2026-06-03,24.690000534057617,BCS,Barclays (ADR),traditional_bank
2026-06-04,25.010000228881836,BCS,Barclays (ADR),traditional_bank
2026-06-05,24.270000457763672,BCS,Barclays (ADR),traditional_bank
2026-06-08,24.229999542236328,BCS,Barclays (ADR),traditional_bank
2026-06-09,24.31999969482422,BCS,Barclays (ADR),traditional_bank
2026-06-10,23.639999389648438,BCS,Barclays (ADR),traditional_bank
2026-06-11,24.75,BCS,Barclays (ADR),traditional_bank
2026-06-12,25.469999313354492,BCS,Barclays (ADR),traditional_bank
2026-06-15,25.639999389648438,BCS,Barclays (ADR),traditional_bank
2026-06-16,25.979999542236328,BCS,Barclays (ADR),traditional_bank
2026-06-17,26.329999923706055,BCS,Barclays (ADR),traditional_bank
2026-06-18,26.309999465942383,BCS,Barclays (ADR),traditional_bank
2026-06-22,27.290000915527344,BCS,Barclays (ADR),traditional_bank
2026-06-23,27.020000457763672,BCS,Barclays (ADR),traditional_bank
2026-06-24,26.600000381469727,BCS,Barclays (ADR),traditional_bank
2026-06-25,27.299999237060547,BCS,Barclays (ADR),traditional_bank
2026-06-26,26.719999313354492,BCS,Barclays (ADR),traditional_bank
2026-06-29,26.860000610351562,BCS,Barclays (ADR),traditional_bank
2026-06-30,26.860000610351562,BCS,Barclays (ADR),traditional_bank
2026-07-01,27.270000457763672,BCS,Barclays (ADR),traditional_bank
2026-07-02,27.770000457763672,BCS,Barclays (ADR),traditional_bank
2026-07-06,28.40999984741211,BCS,Barclays (ADR),traditional_bank
2026-07-07,27.40999984741211,BCS,Barclays (ADR),traditional_bank
2026-07-08,26.790000915527344,BCS,Barclays (ADR),traditional_bank
2026-07-09,27.239999771118164,BCS,Barclays (ADR),traditional_bank
2026-07-10,27.479999542236328,BCS,Barclays (ADR),traditional_bank
2026-07-13,27.290000915527344,BCS,Barclays (ADR),traditional_bank
2026-07-14,27.530000686645508,BCS,Barclays (ADR),traditional_bank
2026-07-15,28.350000381469727,BCS,Barclays (ADR),traditional_bank
2026-07-16,28.229999542236328,BCS,Barclays (ADR),traditional_bank
2026-07-17,27.81999969482422,BCS,Barclays (ADR),traditional_bank
2026-07-20,27.239999771118164,BCS,Barclays (ADR),traditional_bank
2026-07-21,27.93000030517578,BCS,Barclays (ADR),traditional_bank
2026-07-22,28.1299991607666,BCS,Barclays (ADR),traditional_bank
2026-07-23,27.65999984741211,BCS,Barclays (ADR),traditional_bank
2026-07-24,27.90999984741211,BCS,Barclays (ADR),traditional_bank
2026-07-27,28.559999465942383,BCS,Barclays (ADR),traditional_bank
2026-07-28,26.979999542236328,BCS,Barclays (ADR),traditional_bank
2026-07-29,26.049999237060547,BCS,Barclays (ADR),traditional_bank
2026-07-30,27.700000762939453,BCS,Barclays (ADR),traditional_bank
2026-07-31,27.5,BCS,Barclays (ADR),traditional_bank
2021-01-04,12.199999809265137,SOFI,SoFi Technologies,neobank
2021-01-05,12.149999618530273,SOFI,SoFi Technologies,neobank
2021-01-06,12.119999885559082,SOFI,SoFi Technologies,neobank
2021-01-07,19.139999389648438,SOFI,SoFi Technologies,neobank
2021-01-08,18.739999771118164,SOFI,SoFi Technologies,neobank
2021-01-11,18.989999771118164,SOFI,SoFi Technologies,neobank
2021-01-12,18.450000762939453,SOFI,SoFi Technologies,neobank
2021-01-13,19.110000610351562,SOFI,SoFi Technologies,neobank
2021-01-14,19.15999984741211,SOFI,SoFi Technologies,neobank
2021-01-15,20.15999984741211,SOFI,SoFi Technologies,neobank
2021-01-19,22.59000015258789,SOFI,SoFi Technologies,neobank
2021-01-20,22.3700008392334,SOFI,SoFi Technologies,neobank
2021-01-21,22.389999389648438,SOFI,SoFi Technologies,neobank
2021-01-22,21.649999618530273,SOFI,SoFi Technologies,neobank
2021-01-25,20.479999542236328,SOFI,SoFi Technologies,neobank
2021-01-26,19.56999969482422,SOFI,SoFi Technologies,neobank
2021-01-27,18.18000030517578,SOFI,SoFi Technologies,neobank
2021-01-28,20.280000686645508,SOFI,SoFi Technologies,neobank
2021-01-29,25.139999389648438,SOFI,SoFi Technologies,neobank
2021-02-01,25.780000686645508,SOFI,SoFi Technologies,neobank
2021-02-02,24.329999923706055,SOFI,SoFi Technologies,neobank
2021-02-03,24.950000762939453,SOFI,SoFi Technologies,neobank
2021-02-04,25.059999465942383,SOFI,SoFi Technologies,neobank
2021-02-05,23.100000381469727,SOFI,SoFi Technologies,neobank
2021-02-08,23.0,SOFI,SoFi Technologies,neobank
2021-02-09,23.1200008392334,SOFI,SoFi Technologies,neobank
2021-02-10,22.989999771118164,SOFI,SoFi Technologies,neobank
2021-02-11,23.06999969482422,SOFI,SoFi Technologies,neobank
2021-02-12,23.899999618530273,SOFI,SoFi Technologies,neobank
2021-02-16,24.299999237060547,SOFI,SoFi Technologies,neobank
2021-02-17,23.8799991607666,SOFI,SoFi Technologies,neobank
2021-02-18,23.229999542236328,SOFI,SoFi Technologies,neobank
2021-02-19,22.690000534057617,SOFI,SoFi Technologies,neobank
2021-02-22,21.290000915527344,SOFI,SoFi Technologies,neobank
2021-02-23,20.1200008392334,SOFI,SoFi Technologies,neobank
2021-02-24,19.40999984741211,SOFI,SoFi Technologies,neobank
2021-02-25,18.719999313354492,SOFI,SoFi Technologies,neobank
2021-02-26,18.43000030517578,SOFI,SoFi Technologies,neobank
2021-03-01,19.34000015258789,SOFI,SoFi Technologies,neobank
2021-03-02,18.770000457763672,SOFI,SoFi Technologies,neobank
2021-03-03,17.219999313354492,SOFI,SoFi Technologies,neobank
2021-03-04,16.059999465942383,SOFI,SoFi Technologies,neobank
2021-03-05,17.719999313354492,SOFI,SoFi Technologies,neobank
2021-03-08,16.110000610351562,SOFI,SoFi Technologies,neobank
2021-03-09,17.479999542236328,SOFI,SoFi Technologies,neobank
2021-03-10,19.059999465942383,SOFI,SoFi Technologies,neobank
2021-03-11,19.360000610351562,SOFI,SoFi Technologies,neobank
2021-03-12,19.020000457763672,SOFI,SoFi Technologies,neobank
2021-03-15,19.479999542236328,SOFI,SoFi Technologies,neobank
2021-03-16,18.450000762939453,SOFI,SoFi Technologies,neobank
2021-03-17,19.149999618530273,SOFI,SoFi Technologies,neobank
2021-03-18,18.139999389648438,SOFI,SoFi Technologies,neobank
2021-03-19,18.25,SOFI,SoFi Technologies,neobank
2021-03-22,18.270000457763672,SOFI,SoFi Technologies,neobank
2021-03-23,17.899999618530273,SOFI,SoFi Technologies,neobank
2021-03-24,16.479999542236328,SOFI,SoFi Technologies,neobank
2021-03-25,16.6299991607666,SOFI,SoFi Technologies,neobank
2021-03-26,17.100000381469727,SOFI,SoFi Technologies,neobank
2021-03-29,16.440000534057617,SOFI,SoFi Technologies,neobank
2021-03-30,16.5,SOFI,SoFi Technologies,neobank
2021-03-31,17.149999618530273,SOFI,SoFi Technologies,neobank
2021-04-01,17.270000457763672,SOFI,SoFi Technologies,neobank
2021-04-05,16.719999313354492,SOFI,SoFi Technologies,neobank
2021-04-06,17.260000228881836,SOFI,SoFi Technologies,neobank
2021-04-07,17.200000762939453,SOFI,SoFi Technologies,neobank
2021-04-08,18.139999389648438,SOFI,SoFi Technologies,neobank
2021-04-09,17.770000457763672,SOFI,SoFi Technologies,neobank
2021-04-12,17.0,SOFI,SoFi Technologies,neobank
2021-04-13,16.829999923706055,SOFI,SoFi Technologies,neobank
2021-04-14,16.68000030517578,SOFI,SoFi Technologies,neobank
2021-04-15,16.280000686645508,SOFI,SoFi Technologies,neobank
2021-04-16,16.31999969482422,SOFI,SoFi Technologies,neobank
2021-04-19,15.390000343322754,SOFI,SoFi Technologies,neobank
2021-04-20,14.869999885559082,SOFI,SoFi Technologies,neobank
2021-04-21,15.210000038146973,SOFI,SoFi Technologies,neobank
2021-04-22,15.84000015258789,SOFI,SoFi Technologies,neobank
2021-04-23,16.170000076293945,SOFI,SoFi Technologies,neobank
2021-04-26,16.68000030517578,SOFI,SoFi Technologies,neobank
2021-04-27,17.399999618530273,SOFI,SoFi Technologies,neobank
2021-04-28,17.549999237060547,SOFI,SoFi Technologies,neobank
2021-04-29,17.43000030517578,SOFI,SoFi Technologies,neobank
2021-04-30,17.0,SOFI,SoFi Technologies,neobank
2021-05-03,16.3700008392334,SOFI,SoFi Technologies,neobank
2021-05-04,16.170000076293945,SOFI,SoFi Technologies,neobank
2021-05-05,15.539999961853027,SOFI,SoFi Technologies,neobank
2021-05-06,15.0,SOFI,SoFi Technologies,neobank
2021-05-07,16.510000228881836,SOFI,SoFi Technologies,neobank
2021-05-10,16.3700008392334,SOFI,SoFi Technologies,neobank
2021-05-11,15.170000076293945,SOFI,SoFi Technologies,neobank
2021-05-12,15.050000190734863,SOFI,SoFi Technologies,neobank
2021-05-13,14.609999656677246,SOFI,SoFi Technologies,neobank
2021-05-14,14.9399995803833,SOFI,SoFi Technologies,neobank
2021-05-17,15.479999542236328,SOFI,SoFi Technologies,neobank
2021-05-18,16.799999237060547,SOFI,SoFi Technologies,neobank
2021-05-19,17.43000030517578,SOFI,SoFi Technologies,neobank
2021-05-20,18.399999618530273,SOFI,SoFi Technologies,neobank
2021-05-21,18.780000686645508,SOFI,SoFi Technologies,neobank
2021-05-24,19.780000686645508,SOFI,SoFi Technologies,neobank
2021-05-25,20.18000030517578,SOFI,SoFi Technologies,neobank
2021-05-26,19.899999618530273,SOFI,SoFi Technologies,neobank
2021-05-27,19.790000915527344,SOFI,SoFi Technologies,neobank
2021-05-28,20.149999618530273,SOFI,SoFi Technologies,neobank
2021-06-01,22.649999618530273,SOFI,SoFi Technologies,neobank
2021-06-02,23.209999084472656,SOFI,SoFi Technologies,neobank
2021-06-03,22.68000030517578,SOFI,SoFi Technologies,neobank
2021-06-04,20.81999969482422,SOFI,SoFi Technologies,neobank
2021-06-07,21.209999084472656,SOFI,SoFi Technologies,neobank
2021-06-08,23.889999389648438,SOFI,SoFi Technologies,neobank
2021-06-09,22.709999084472656,SOFI,SoFi Technologies,neobank
2021-06-10,23.020000457763672,SOFI,SoFi Technologies,neobank
2021-06-11,22.399999618530273,SOFI,SoFi Technologies,neobank
2021-06-14,21.81999969482422,SOFI,SoFi Technologies,neobank
2021-06-15,20.799999237060547,SOFI,SoFi Technologies,neobank
2021-06-16,21.829999923706055,SOFI,SoFi Technologies,neobank
2021-06-17,22.700000762939453,SOFI,SoFi Technologies,neobank
2021-06-18,23.040000915527344,SOFI,SoFi Technologies,neobank
2021-06-21,22.510000228881836,SOFI,SoFi Technologies,neobank
2021-06-22,21.200000762939453,SOFI,SoFi Technologies,neobank
2021-06-23,21.399999618530273,SOFI,SoFi Technologies,neobank
2021-06-24,20.8700008392334,SOFI,SoFi Technologies,neobank
2021-06-25,18.5,SOFI,SoFi Technologies,neobank
2021-06-28,19.260000228881836,SOFI,SoFi Technologies,neobank
2021-06-29,18.8700008392334,SOFI,SoFi Technologies,neobank
2021-06-30,19.170000076293945,SOFI,SoFi Technologies,neobank
2021-07-01,18.25,SOFI,SoFi Technologies,neobank
2021-07-02,18.079999923706055,SOFI,SoFi Technologies,neobank
2021-07-06,17.350000381469727,SOFI,SoFi Technologies,neobank
2021-07-07,16.940000534057617,SOFI,SoFi Technologies,neobank
2021-07-08,16.6200008392334,SOFI,SoFi Technologies,neobank
2021-07-09,16.450000762939453,SOFI,SoFi Technologies,neobank
2021-07-12,16.420000076293945,SOFI,SoFi Technologies,neobank
2021-07-13,16.0,SOFI,SoFi Technologies,neobank
2021-07-14,15.520000457763672,SOFI,SoFi Technologies,neobank
2021-07-15,15.989999771118164,SOFI,SoFi Technologies,neobank
2021-07-16,15.300000190734863,SOFI,SoFi Technologies,neobank
2021-07-19,15.170000076293945,SOFI,SoFi Technologies,neobank
2021-07-20,15.0600004196167,SOFI,SoFi Technologies,neobank
2021-07-21,16.559999465942383,SOFI,SoFi Technologies,neobank
2021-07-22,16.049999237060547,SOFI,SoFi Technologies,neobank
2021-07-23,15.699999809265137,SOFI,SoFi Technologies,neobank
2021-07-26,15.510000228881836,SOFI,SoFi Technologies,neobank
2021-07-27,14.920000076293945,SOFI,SoFi Technologies,neobank
2021-07-28,15.369999885559082,SOFI,SoFi Technologies,neobank
2021-07-29,15.600000381469727,SOFI,SoFi Technologies,neobank
2021-07-30,15.4399995803833,SOFI,SoFi Technologies,neobank
2021-08-02,15.729999542236328,SOFI,SoFi Technologies,neobank
2021-08-03,15.109999656677246,SOFI,SoFi Technologies,neobank
2021-08-04,16.389999389648438,SOFI,SoFi Technologies,neobank
2021-08-05,16.059999465942383,SOFI,SoFi Technologies,neobank
2021-08-06,16.709999084472656,SOFI,SoFi Technologies,neobank
2021-08-09,16.90999984741211,SOFI,SoFi Technologies,neobank
2021-08-10,16.989999771118164,SOFI,SoFi Technologies,neobank
2021-08-11,16.899999618530273,SOFI,SoFi Technologies,neobank
2021-08-12,17.459999084472656,SOFI,SoFi Technologies,neobank
2021-08-13,14.989999771118164,SOFI,SoFi Technologies,neobank
2021-08-16,14.289999961853027,SOFI,SoFi Technologies,neobank
2021-08-17,13.75,SOFI,SoFi Technologies,neobank
2021-08-18,14.220000267028809,SOFI,SoFi Technologies,neobank
2021-08-19,13.819999694824219,SOFI,SoFi Technologies,neobank
2021-08-20,14.039999961853027,SOFI,SoFi Technologies,neobank
2021-08-23,14.430000305175781,SOFI,SoFi Technologies,neobank
2021-08-24,14.760000228881836,SOFI,SoFi Technologies,neobank
2021-08-25,14.850000381469727,SOFI,SoFi Technologies,neobank
2021-08-26,14.359999656677246,SOFI,SoFi Technologies,neobank
2021-08-27,14.039999961853027,SOFI,SoFi Technologies,neobank
2021-08-30,14.1899995803833,SOFI,SoFi Technologies,neobank
2021-08-31,14.180000305175781,SOFI,SoFi Technologies,neobank
2021-09-01,14.569999694824219,SOFI,SoFi Technologies,neobank
2021-09-02,15.0600004196167,SOFI,SoFi Technologies,neobank
2021-09-03,15.15999984741211,SOFI,SoFi Technologies,neobank
2021-09-07,15.84000015258789,SOFI,SoFi Technologies,neobank
2021-09-08,15.470000267028809,SOFI,SoFi Technologies,neobank
2021-09-09,15.6899995803833,SOFI,SoFi Technologies,neobank
2021-09-10,15.289999961853027,SOFI,SoFi Technologies,neobank
2021-09-13,15.010000228881836,SOFI,SoFi Technologies,neobank
2021-09-14,14.5,SOFI,SoFi Technologies,neobank
2021-09-15,15.449999809265137,SOFI,SoFi Technologies,neobank
2021-09-16,15.5,SOFI,SoFi Technologies,neobank
2021-09-17,15.09000015258789,SOFI,SoFi Technologies,neobank
2021-09-20,14.569999694824219,SOFI,SoFi Technologies,neobank
2021-09-21,15.170000076293945,SOFI,SoFi Technologies,neobank
2021-09-22,16.84000015258789,SOFI,SoFi Technologies,neobank
2021-09-23,17.139999389648438,SOFI,SoFi Technologies,neobank
2021-09-24,17.639999389648438,SOFI,SoFi Technologies,neobank
2021-09-27,17.700000762939453,SOFI,SoFi Technologies,neobank
2021-09-28,17.040000915527344,SOFI,SoFi Technologies,neobank
2021-09-29,16.010000228881836,SOFI,SoFi Technologies,neobank
2021-09-30,15.880000114440918,SOFI,SoFi Technologies,neobank
2021-10-01,16.450000762939453,SOFI,SoFi Technologies,neobank
2021-10-04,16.09000015258789,SOFI,SoFi Technologies,neobank
2021-10-05,16.25,SOFI,SoFi Technologies,neobank
2021-10-06,16.6200008392334,SOFI,SoFi Technologies,neobank
2021-10-07,16.399999618530273,SOFI,SoFi Technologies,neobank
2021-10-08,16.209999084472656,SOFI,SoFi Technologies,neobank
2021-10-11,18.389999389648438,SOFI,SoFi Technologies,neobank
2021-10-12,18.969999313354492,SOFI,SoFi Technologies,neobank
2021-10-13,18.920000076293945,SOFI,SoFi Technologies,neobank
2021-10-14,19.6200008392334,SOFI,SoFi Technologies,neobank
2021-10-15,19.3799991607666,SOFI,SoFi Technologies,neobank
2021-10-18,20.850000381469727,SOFI,SoFi Technologies,neobank
2021-10-19,20.219999313354492,SOFI,SoFi Technologies,neobank
2021-10-20,21.049999237060547,SOFI,SoFi Technologies,neobank
2021-10-21,20.989999771118164,SOFI,SoFi Technologies,neobank
2021-10-22,20.579999923706055,SOFI,SoFi Technologies,neobank
2021-10-25,20.690000534057617,SOFI,SoFi Technologies,neobank
2021-10-26,19.959999084472656,SOFI,SoFi Technologies,neobank
2021-10-27,19.25,SOFI,SoFi Technologies,neobank
2021-10-28,19.90999984741211,SOFI,SoFi Technologies,neobank
2021-10-29,20.09000015258789,SOFI,SoFi Technologies,neobank
2021-11-01,22.6200008392334,SOFI,SoFi Technologies,neobank
2021-11-02,22.68000030517578,SOFI,SoFi Technologies,neobank
2021-11-03,22.959999084472656,SOFI,SoFi Technologies,neobank
2021-11-04,23.290000915527344,SOFI,SoFi Technologies,neobank
2021-11-05,22.56999969482422,SOFI,SoFi Technologies,neobank
2021-11-08,22.739999771118164,SOFI,SoFi Technologies,neobank
2021-11-09,22.139999389648438,SOFI,SoFi Technologies,neobank
2021-11-10,20.420000076293945,SOFI,SoFi Technologies,neobank
2021-11-11,22.969999313354492,SOFI,SoFi Technologies,neobank
2021-11-12,22.760000228881836,SOFI,SoFi Technologies,neobank
2021-11-15,22.920000076293945,SOFI,SoFi Technologies,neobank
2021-11-16,21.670000076293945,SOFI,SoFi Technologies,neobank
2021-11-17,21.1200008392334,SOFI,SoFi Technologies,neobank
2021-11-18,20.56999969482422,SOFI,SoFi Technologies,neobank
2021-11-19,20.3700008392334,SOFI,SoFi Technologies,neobank
2021-11-22,18.75,SOFI,SoFi Technologies,neobank
2021-11-23,17.809999465942383,SOFI,SoFi Technologies,neobank
2021-11-24,18.329999923706055,SOFI,SoFi Technologies,neobank
2021-11-26,18.209999084472656,SOFI,SoFi Technologies,neobank
2021-11-29,18.43000030517578,SOFI,SoFi Technologies,neobank
2021-11-30,17.200000762939453,SOFI,SoFi Technologies,neobank
2021-12-01,16.389999389648438,SOFI,SoFi Technologies,neobank
2021-12-02,16.43000030517578,SOFI,SoFi Technologies,neobank
2021-12-03,15.1899995803833,SOFI,SoFi Technologies,neobank
2021-12-06,15.720000267028809,SOFI,SoFi Technologies,neobank
2021-12-07,16.6200008392334,SOFI,SoFi Technologies,neobank
2021-12-08,16.940000534057617,SOFI,SoFi Technologies,neobank
2021-12-09,15.65999984741211,SOFI,SoFi Technologies,neobank
2021-12-10,15.010000228881836,SOFI,SoFi Technologies,neobank
2021-12-13,14.579999923706055,SOFI,SoFi Technologies,neobank
2021-12-14,14.479999542236328,SOFI,SoFi Technologies,neobank
2021-12-15,15.15999984741211,SOFI,SoFi Technologies,neobank
2021-12-16,14.270000457763672,SOFI,SoFi Technologies,neobank
2021-12-17,14.649999618530273,SOFI,SoFi Technologies,neobank
2021-12-20,14.59000015258789,SOFI,SoFi Technologies,neobank
2021-12-21,14.970000267028809,SOFI,SoFi Technologies,neobank
2021-12-22,14.989999771118164,SOFI,SoFi Technologies,neobank
2021-12-23,15.09000015258789,SOFI,SoFi Technologies,neobank
2021-12-27,15.390000343322754,SOFI,SoFi Technologies,neobank
2021-12-28,14.850000381469727,SOFI,SoFi Technologies,neobank
2021-12-29,14.470000267028809,SOFI,SoFi Technologies,neobank
2021-12-30,15.949999809265137,SOFI,SoFi Technologies,neobank
2021-12-31,15.8100004196167,SOFI,SoFi Technologies,neobank
2022-01-03,15.680000305175781,SOFI,SoFi Technologies,neobank
2022-01-04,15.050000190734863,SOFI,SoFi Technologies,neobank
2022-01-05,14.100000381469727,SOFI,SoFi Technologies,neobank
2022-01-06,13.779999732971191,SOFI,SoFi Technologies,neobank
2022-01-07,13.739999771118164,SOFI,SoFi Technologies,neobank
2022-01-10,13.369999885559082,SOFI,SoFi Technologies,neobank
2022-01-11,13.9399995803833,SOFI,SoFi Technologies,neobank
2022-01-12,13.859999656677246,SOFI,SoFi Technologies,neobank
2022-01-13,13.09000015258789,SOFI,SoFi Technologies,neobank
2022-01-14,13.199999809265137,SOFI,SoFi Technologies,neobank
2022-01-18,12.0600004196167,SOFI,SoFi Technologies,neobank
2022-01-19,13.710000038146973,SOFI,SoFi Technologies,neobank
2022-01-20,15.0,SOFI,SoFi Technologies,neobank
2022-01-21,13.890000343322754,SOFI,SoFi Technologies,neobank
2022-01-24,13.300000190734863,SOFI,SoFi Technologies,neobank
2022-01-25,12.760000228881836,SOFI,SoFi Technologies,neobank
2022-01-26,12.579999923706055,SOFI,SoFi Technologies,neobank
2022-01-27,11.359999656677246,SOFI,SoFi Technologies,neobank
2022-01-28,11.100000381469727,SOFI,SoFi Technologies,neobank
2022-01-31,12.479999542236328,SOFI,SoFi Technologies,neobank
2022-02-01,13.270000457763672,SOFI,SoFi Technologies,neobank
2022-02-02,12.15999984741211,SOFI,SoFi Technologies,neobank
2022-02-03,11.569999694824219,SOFI,SoFi Technologies,neobank
2022-02-04,11.890000343322754,SOFI,SoFi Technologies,neobank
2022-02-07,11.720000267028809,SOFI,SoFi Technologies,neobank
2022-02-08,12.130000114440918,SOFI,SoFi Technologies,neobank
2022-02-09,12.859999656677246,SOFI,SoFi Technologies,neobank
2022-02-10,12.390000343322754,SOFI,SoFi Technologies,neobank
2022-02-11,12.399999618530273,SOFI,SoFi Technologies,neobank
2022-02-14,12.0,SOFI,SoFi Technologies,neobank
2022-02-15,12.579999923706055,SOFI,SoFi Technologies,neobank
2022-02-16,13.079999923706055,SOFI,SoFi Technologies,neobank
2022-02-17,12.180000305175781,SOFI,SoFi Technologies,neobank
2022-02-18,11.390000343322754,SOFI,SoFi Technologies,neobank
2022-02-22,10.260000228881836,SOFI,SoFi Technologies,neobank
2022-02-23,9.819999694824219,SOFI,SoFi Technologies,neobank
2022-02-24,10.329999923706055,SOFI,SoFi Technologies,neobank
2022-02-25,10.670000076293945,SOFI,SoFi Technologies,neobank
2022-02-28,11.449999809265137,SOFI,SoFi Technologies,neobank
2022-03-01,11.199999809265137,SOFI,SoFi Technologies,neobank
2022-03-02,11.579999923706055,SOFI,SoFi Technologies,neobank
2022-03-03,10.6899995803833,SOFI,SoFi Technologies,neobank
2022-03-04,10.0,SOFI,SoFi Technologies,neobank
2022-03-07,9.619999885559082,SOFI,SoFi Technologies,neobank
2022-03-08,9.720000267028809,SOFI,SoFi Technologies,neobank
2022-03-09,9.869999885559082,SOFI,SoFi Technologies,neobank
2022-03-10,9.40999984741211,SOFI,SoFi Technologies,neobank
2022-03-11,8.550000190734863,SOFI,SoFi Technologies,neobank
2022-03-14,7.929999828338623,SOFI,SoFi Technologies,neobank
2022-03-15,8.199999809265137,SOFI,SoFi Technologies,neobank
2022-03-16,8.569999694824219,SOFI,SoFi Technologies,neobank
2022-03-17,8.90999984741211,SOFI,SoFi Technologies,neobank
2022-03-18,9.869999885559082,SOFI,SoFi Technologies,neobank
2022-03-21,9.569999694824219,SOFI,SoFi Technologies,neobank
2022-03-22,9.720000267028809,SOFI,SoFi Technologies,neobank
2022-03-23,9.369999885559082,SOFI,SoFi Technologies,neobank
2022-03-24,9.470000267028809,SOFI,SoFi Technologies,neobank
2022-03-25,9.010000228881836,SOFI,SoFi Technologies,neobank
2022-03-28,9.25,SOFI,SoFi Technologies,neobank
2022-03-29,10.140000343322754,SOFI,SoFi Technologies,neobank
2022-03-30,9.770000457763672,SOFI,SoFi Technologies,neobank
2022-03-31,9.449999809265137,SOFI,SoFi Technologies,neobank
2022-04-01,9.329999923706055,SOFI,SoFi Technologies,neobank
2022-04-04,9.770000457763672,SOFI,SoFi Technologies,neobank
2022-04-05,9.119999885559082,SOFI,SoFi Technologies,neobank
2022-04-06,8.75,SOFI,SoFi Technologies,neobank
2022-04-07,8.119999885559082,SOFI,SoFi Technologies,neobank
2022-04-08,7.869999885559082,SOFI,SoFi Technologies,neobank
2022-04-11,7.71999979019165,SOFI,SoFi Technologies,neobank
2022-04-12,7.480000019073486,SOFI,SoFi Technologies,neobank
2022-04-13,7.610000133514404,SOFI,SoFi Technologies,neobank
2022-04-14,7.260000228881836,SOFI,SoFi Technologies,neobank
2022-04-18,7.130000114440918,SOFI,SoFi Technologies,neobank
2022-04-19,7.409999847412109,SOFI,SoFi Technologies,neobank
2022-04-20,6.949999809265137,SOFI,SoFi Technologies,neobank
2022-04-21,6.599999904632568,SOFI,SoFi Technologies,neobank
2022-04-22,6.389999866485596,SOFI,SoFi Technologies,neobank
2022-04-25,6.550000190734863,SOFI,SoFi Technologies,neobank
2022-04-26,6.289999961853027,SOFI,SoFi Technologies,neobank
2022-04-27,6.150000095367432,SOFI,SoFi Technologies,neobank
2022-04-28,6.449999809265137,SOFI,SoFi Technologies,neobank
2022-04-29,6.119999885559082,SOFI,SoFi Technologies,neobank
2022-05-02,6.329999923706055,SOFI,SoFi Technologies,neobank
2022-05-03,6.400000095367432,SOFI,SoFi Technologies,neobank
2022-05-04,7.139999866485596,SOFI,SoFi Technologies,neobank
2022-05-05,6.829999923706055,SOFI,SoFi Technologies,neobank
2022-05-06,6.440000057220459,SOFI,SoFi Technologies,neobank
2022-05-09,5.96999979019165,SOFI,SoFi Technologies,neobank
2022-05-10,5.25,SOFI,SoFi Technologies,neobank
2022-05-11,5.489999771118164,SOFI,SoFi Technologies,neobank
2022-05-12,5.659999847412109,SOFI,SoFi Technologies,neobank
2022-05-13,6.75,SOFI,SoFi Technologies,neobank
2022-05-16,6.909999847412109,SOFI,SoFi Technologies,neobank
2022-05-17,7.050000190734863,SOFI,SoFi Technologies,neobank
2022-05-18,7.230000019073486,SOFI,SoFi Technologies,neobank
2022-05-19,7.75,SOFI,SoFi Technologies,neobank
2022-05-20,7.489999771118164,SOFI,SoFi Technologies,neobank
2022-05-23,7.269999980926514,SOFI,SoFi Technologies,neobank
2022-05-24,6.71999979019165,SOFI,SoFi Technologies,neobank
2022-05-25,7.010000228881836,SOFI,SoFi Technologies,neobank
2022-05-26,7.139999866485596,SOFI,SoFi Technologies,neobank
2022-05-27,7.550000190734863,SOFI,SoFi Technologies,neobank
2022-05-31,7.480000019073486,SOFI,SoFi Technologies,neobank
2022-06-01,7.050000190734863,SOFI,SoFi Technologies,neobank
2022-06-02,7.420000076293945,SOFI,SoFi Technologies,neobank
2022-06-03,6.980000019073486,SOFI,SoFi Technologies,neobank
2022-06-06,6.860000133514404,SOFI,SoFi Technologies,neobank
2022-06-07,6.860000133514404,SOFI,SoFi Technologies,neobank
2022-06-08,6.659999847412109,SOFI,SoFi Technologies,neobank
2022-06-09,6.110000133514404,SOFI,SoFi Technologies,neobank
2022-06-10,5.940000057220459,SOFI,SoFi Technologies,neobank
2022-06-13,5.610000133514404,SOFI,SoFi Technologies,neobank
2022-06-14,5.925000190734863,SOFI,SoFi Technologies,neobank
2022-06-15,5.940000057220459,SOFI,SoFi Technologies,neobank
2022-06-16,5.46999979019165,SOFI,SoFi Technologies,neobank
2022-06-17,5.699999809265137,SOFI,SoFi Technologies,neobank
2022-06-21,5.71999979019165,SOFI,SoFi Technologies,neobank
2022-06-22,5.599999904632568,SOFI,SoFi Technologies,neobank
2022-06-23,5.78000020980835,SOFI,SoFi Technologies,neobank
2022-06-24,6.130000114440918,SOFI,SoFi Technologies,neobank
2022-06-27,5.929999828338623,SOFI,SoFi Technologies,neobank
2022-06-28,5.559999942779541,SOFI,SoFi Technologies,neobank
2022-06-29,5.539999961853027,SOFI,SoFi Technologies,neobank
2022-06-30,5.269999980926514,SOFI,SoFi Technologies,neobank
2022-07-01,5.409999847412109,SOFI,SoFi Technologies,neobank
2022-07-05,5.840000152587891,SOFI,SoFi Technologies,neobank
2022-07-06,5.900000095367432,SOFI,SoFi Technologies,neobank
2022-07-07,6.260000228881836,SOFI,SoFi Technologies,neobank
2022-07-08,6.190000057220459,SOFI,SoFi Technologies,neobank
2022-07-11,6.010000228881836,SOFI,SoFi Technologies,neobank
2022-07-12,6.039999961853027,SOFI,SoFi Technologies,neobank
2022-07-13,5.949999809265137,SOFI,SoFi Technologies,neobank
2022-07-14,5.909999847412109,SOFI,SoFi Technologies,neobank
2022-07-15,6.289999961853027,SOFI,SoFi Technologies,neobank
2022-07-18,6.349999904632568,SOFI,SoFi Technologies,neobank
2022-07-19,6.619999885559082,SOFI,SoFi Technologies,neobank
2022-07-20,6.96999979019165,SOFI,SoFi Technologies,neobank
2022-07-21,7.039999961853027,SOFI,SoFi Technologies,neobank
2022-07-22,6.619999885559082,SOFI,SoFi Technologies,neobank
2022-07-25,6.460000038146973,SOFI,SoFi Technologies,neobank
2022-07-26,6.139999866485596,SOFI,SoFi Technologies,neobank
2022-07-27,6.440000057220459,SOFI,SoFi Technologies,neobank
2022-07-28,6.300000190734863,SOFI,SoFi Technologies,neobank
2022-07-29,6.309999942779541,SOFI,SoFi Technologies,neobank
2022-08-01,6.360000133514404,SOFI,SoFi Technologies,neobank
2022-08-02,6.409999847412109,SOFI,SoFi Technologies,neobank
2022-08-03,8.229999542236328,SOFI,SoFi Technologies,neobank
2022-08-04,8.229999542236328,SOFI,SoFi Technologies,neobank
2022-08-05,7.960000038146973,SOFI,SoFi Technologies,neobank
2022-08-08,7.980000019073486,SOFI,SoFi Technologies,neobank
2022-08-09,7.389999866485596,SOFI,SoFi Technologies,neobank
2022-08-10,7.809999942779541,SOFI,SoFi Technologies,neobank
2022-08-11,7.420000076293945,SOFI,SoFi Technologies,neobank
2022-08-12,7.650000095367432,SOFI,SoFi Technologies,neobank
2022-08-15,7.619999885559082,SOFI,SoFi Technologies,neobank
2022-08-16,7.579999923706055,SOFI,SoFi Technologies,neobank
2022-08-17,6.880000114440918,SOFI,SoFi Technologies,neobank
2022-08-18,6.679999828338623,SOFI,SoFi Technologies,neobank
2022-08-19,6.329999923706055,SOFI,SoFi Technologies,neobank
2022-08-22,6.099999904632568,SOFI,SoFi Technologies,neobank
2022-08-23,6.170000076293945,SOFI,SoFi Technologies,neobank
2022-08-24,6.449999809265137,SOFI,SoFi Technologies,neobank
2022-08-25,6.690000057220459,SOFI,SoFi Technologies,neobank
2022-08-26,6.179999828338623,SOFI,SoFi Technologies,neobank
2022-08-29,6.0,SOFI,SoFi Technologies,neobank
2022-08-30,5.909999847412109,SOFI,SoFi Technologies,neobank
2022-08-31,5.920000076293945,SOFI,SoFi Technologies,neobank
2022-09-01,5.849999904632568,SOFI,SoFi Technologies,neobank
2022-09-02,5.739999771118164,SOFI,SoFi Technologies,neobank
2022-09-06,5.650000095367432,SOFI,SoFi Technologies,neobank
2022-09-07,5.820000171661377,SOFI,SoFi Technologies,neobank
2022-09-08,6.190000057220459,SOFI,SoFi Technologies,neobank
2022-09-09,6.329999923706055,SOFI,SoFi Technologies,neobank
2022-09-12,6.409999847412109,SOFI,SoFi Technologies,neobank
2022-09-13,5.840000152587891,SOFI,SoFi Technologies,neobank
2022-09-14,6.170000076293945,SOFI,SoFi Technologies,neobank
2022-09-15,6.409999847412109,SOFI,SoFi Technologies,neobank
2022-09-16,6.050000190734863,SOFI,SoFi Technologies,neobank
2022-09-19,6.079999923706055,SOFI,SoFi Technologies,neobank
2022-09-20,5.889999866485596,SOFI,SoFi Technologies,neobank
2022-09-21,5.690000057220459,SOFI,SoFi Technologies,neobank
2022-09-22,5.360000133514404,SOFI,SoFi Technologies,neobank
2022-09-23,5.309999942779541,SOFI,SoFi Technologies,neobank
2022-09-26,5.079999923706055,SOFI,SoFi Technologies,neobank
2022-09-27,5.079999923706055,SOFI,SoFi Technologies,neobank
2022-09-28,5.25,SOFI,SoFi Technologies,neobank
2022-09-29,4.840000152587891,SOFI,SoFi Technologies,neobank
2022-09-30,4.880000114440918,SOFI,SoFi Technologies,neobank
2022-10-03,5.130000114440918,SOFI,SoFi Technologies,neobank
2022-10-04,5.400000095367432,SOFI,SoFi Technologies,neobank
2022-10-05,5.28000020980835,SOFI,SoFi Technologies,neobank
2022-10-06,5.289999961853027,SOFI,SoFi Technologies,neobank
2022-10-07,5.010000228881836,SOFI,SoFi Technologies,neobank
2022-10-10,4.96999979019165,SOFI,SoFi Technologies,neobank
2022-10-11,5.0,SOFI,SoFi Technologies,neobank
2022-10-12,5.079999923706055,SOFI,SoFi Technologies,neobank
2022-10-13,5.090000152587891,SOFI,SoFi Technologies,neobank
2022-10-14,4.809999942779541,SOFI,SoFi Technologies,neobank
2022-10-17,5.070000171661377,SOFI,SoFi Technologies,neobank
2022-10-18,5.25,SOFI,SoFi Technologies,neobank
2022-10-19,4.989999771118164,SOFI,SoFi Technologies,neobank
2022-10-20,5.010000228881836,SOFI,SoFi Technologies,neobank
2022-10-21,5.150000095367432,SOFI,SoFi Technologies,neobank
2022-10-24,5.170000076293945,SOFI,SoFi Technologies,neobank
2022-10-25,5.659999847412109,SOFI,SoFi Technologies,neobank
2022-10-26,5.539999961853027,SOFI,SoFi Technologies,neobank
2022-10-27,5.349999904632568,SOFI,SoFi Technologies,neobank
2022-10-28,5.449999809265137,SOFI,SoFi Technologies,neobank
2022-10-31,5.440000057220459,SOFI,SoFi Technologies,neobank
2022-11-01,5.730000019073486,SOFI,SoFi Technologies,neobank
2022-11-02,5.119999885559082,SOFI,SoFi Technologies,neobank
2022-11-03,5.360000133514404,SOFI,SoFi Technologies,neobank
2022-11-04,5.179999828338623,SOFI,SoFi Technologies,neobank
2022-11-07,5.179999828338623,SOFI,SoFi Technologies,neobank
2022-11-08,5.099999904632568,SOFI,SoFi Technologies,neobank
2022-11-09,4.980000019073486,SOFI,SoFi Technologies,neobank
2022-11-10,5.340000152587891,SOFI,SoFi Technologies,neobank
2022-11-11,5.949999809265137,SOFI,SoFi Technologies,neobank
2022-11-14,5.860000133514404,SOFI,SoFi Technologies,neobank
2022-11-15,5.849999904632568,SOFI,SoFi Technologies,neobank
2022-11-16,5.53000020980835,SOFI,SoFi Technologies,neobank
2022-11-17,5.380000114440918,SOFI,SoFi Technologies,neobank
2022-11-18,5.179999828338623,SOFI,SoFi Technologies,neobank
2022-11-21,4.869999885559082,SOFI,SoFi Technologies,neobank
2022-11-22,4.639999866485596,SOFI,SoFi Technologies,neobank
2022-11-23,4.659999847412109,SOFI,SoFi Technologies,neobank
2022-11-25,4.599999904632568,SOFI,SoFi Technologies,neobank
2022-11-28,4.449999809265137,SOFI,SoFi Technologies,neobank
2022-11-29,4.559999942779541,SOFI,SoFi Technologies,neobank
2022-11-30,4.829999923706055,SOFI,SoFi Technologies,neobank
2022-12-01,4.739999771118164,SOFI,SoFi Technologies,neobank
2022-12-02,4.699999809265137,SOFI,SoFi Technologies,neobank
2022-12-05,4.53000020980835,SOFI,SoFi Technologies,neobank
2022-12-06,4.320000171661377,SOFI,SoFi Technologies,neobank
2022-12-07,4.300000190734863,SOFI,SoFi Technologies,neobank
2022-12-08,4.400000095367432,SOFI,SoFi Technologies,neobank
2022-12-09,4.340000152587891,SOFI,SoFi Technologies,neobank
2022-12-12,4.449999809265137,SOFI,SoFi Technologies,neobank
2022-12-13,4.429999828338623,SOFI,SoFi Technologies,neobank
2022-12-14,4.699999809265137,SOFI,SoFi Technologies,neobank
2022-12-15,4.630000114440918,SOFI,SoFi Technologies,neobank
2022-12-16,4.639999866485596,SOFI,SoFi Technologies,neobank
2022-12-19,4.429999828338623,SOFI,SoFi Technologies,neobank
2022-12-20,4.570000171661377,SOFI,SoFi Technologies,neobank
2022-12-21,4.639999866485596,SOFI,SoFi Technologies,neobank
2022-12-22,4.579999923706055,SOFI,SoFi Technologies,neobank
2022-12-23,4.610000133514404,SOFI,SoFi Technologies,neobank
2022-12-27,4.389999866485596,SOFI,SoFi Technologies,neobank
2022-12-28,4.369999885559082,SOFI,SoFi Technologies,neobank
2022-12-29,4.590000152587891,SOFI,SoFi Technologies,neobank
2022-12-30,4.610000133514404,SOFI,SoFi Technologies,neobank
2023-01-03,4.5,SOFI,SoFi Technologies,neobank
2023-01-04,4.769999980926514,SOFI,SoFi Technologies,neobank
2023-01-05,4.630000114440918,SOFI,SoFi Technologies,neobank
2023-01-06,4.619999885559082,SOFI,SoFi Technologies,neobank
2023-01-09,4.820000171661377,SOFI,SoFi Technologies,neobank
2023-01-10,5.119999885559082,SOFI,SoFi Technologies,neobank
2023-01-11,5.150000095367432,SOFI,SoFi Technologies,neobank
2023-01-12,5.360000133514404,SOFI,SoFi Technologies,neobank
2023-01-13,5.440000057220459,SOFI,SoFi Technologies,neobank
2023-01-17,5.639999866485596,SOFI,SoFi Technologies,neobank
2023-01-18,5.559999942779541,SOFI,SoFi Technologies,neobank
2023-01-19,5.409999847412109,SOFI,SoFi Technologies,neobank
2023-01-20,5.670000076293945,SOFI,SoFi Technologies,neobank
2023-01-23,5.869999885559082,SOFI,SoFi Technologies,neobank
2023-01-24,5.789999961853027,SOFI,SoFi Technologies,neobank
2023-01-25,5.789999961853027,SOFI,SoFi Technologies,neobank
2023-01-26,5.710000038146973,SOFI,SoFi Technologies,neobank
2023-01-27,5.940000057220459,SOFI,SoFi Technologies,neobank
2023-01-30,6.679999828338623,SOFI,SoFi Technologies,neobank
2023-01-31,6.929999828338623,SOFI,SoFi Technologies,neobank
2023-02-01,7.380000114440918,SOFI,SoFi Technologies,neobank
2023-02-02,7.71999979019165,SOFI,SoFi Technologies,neobank
2023-02-03,7.460000038146973,SOFI,SoFi Technologies,neobank
2023-02-06,7.409999847412109,SOFI,SoFi Technologies,neobank
2023-02-07,7.380000114440918,SOFI,SoFi Technologies,neobank
2023-02-08,7.199999809265137,SOFI,SoFi Technologies,neobank
2023-02-09,6.889999866485596,SOFI,SoFi Technologies,neobank
2023-02-10,6.809999942779541,SOFI,SoFi Technologies,neobank
2023-02-13,6.760000228881836,SOFI,SoFi Technologies,neobank
2023-02-14,6.739999771118164,SOFI,SoFi Technologies,neobank
2023-02-15,7.25,SOFI,SoFi Technologies,neobank
2023-02-16,6.980000019073486,SOFI,SoFi Technologies,neobank
2023-02-17,6.619999885559082,SOFI,SoFi Technologies,neobank
2023-02-21,6.420000076293945,SOFI,SoFi Technologies,neobank
2023-02-22,6.539999961853027,SOFI,SoFi Technologies,neobank
2023-02-23,6.550000190734863,SOFI,SoFi Technologies,neobank
2023-02-24,6.380000114440918,SOFI,SoFi Technologies,neobank
2023-02-27,6.420000076293945,SOFI,SoFi Technologies,neobank
2023-02-28,6.599999904632568,SOFI,SoFi Technologies,neobank
2023-03-01,6.440000057220459,SOFI,SoFi Technologies,neobank
2023-03-02,6.449999809265137,SOFI,SoFi Technologies,neobank
2023-03-03,6.71999979019165,SOFI,SoFi Technologies,neobank
2023-03-06,6.679999828338623,SOFI,SoFi Technologies,neobank
2023-03-07,6.510000228881836,SOFI,SoFi Technologies,neobank
2023-03-08,6.46999979019165,SOFI,SoFi Technologies,neobank
2023-03-09,6.090000152587891,SOFI,SoFi Technologies,neobank
2023-03-10,5.579999923706055,SOFI,SoFi Technologies,neobank
2023-03-13,5.489999771118164,SOFI,SoFi Technologies,neobank
2023-03-14,5.550000190734863,SOFI,SoFi Technologies,neobank
2023-03-15,5.409999847412109,SOFI,SoFi Technologies,neobank
2023-03-16,5.449999809265137,SOFI,SoFi Technologies,neobank
2023-03-17,5.460000038146973,SOFI,SoFi Technologies,neobank
2023-03-20,5.21999979019165,SOFI,SoFi Technologies,neobank
2023-03-21,5.570000171661377,SOFI,SoFi Technologies,neobank
2023-03-22,5.559999942779541,SOFI,SoFi Technologies,neobank
2023-03-23,5.78000020980835,SOFI,SoFi Technologies,neobank
2023-03-24,5.739999771118164,SOFI,SoFi Technologies,neobank
2023-03-27,5.760000228881836,SOFI,SoFi Technologies,neobank
2023-03-28,5.590000152587891,SOFI,SoFi Technologies,neobank
2023-03-29,5.75,SOFI,SoFi Technologies,neobank
2023-03-30,5.71999979019165,SOFI,SoFi Technologies,neobank
2023-03-31,6.070000171661377,SOFI,SoFi Technologies,neobank
2023-04-03,6.03000020980835,SOFI,SoFi Technologies,neobank
2023-04-04,5.889999866485596,SOFI,SoFi Technologies,neobank
2023-04-05,5.739999771118164,SOFI,SoFi Technologies,neobank
2023-04-06,5.75,SOFI,SoFi Technologies,neobank
2023-04-10,5.909999847412109,SOFI,SoFi Technologies,neobank
2023-04-11,5.96999979019165,SOFI,SoFi Technologies,neobank
2023-04-12,5.820000171661377,SOFI,SoFi Technologies,neobank
2023-04-13,5.860000133514404,SOFI,SoFi Technologies,neobank
2023-04-14,5.920000076293945,SOFI,SoFi Technologies,neobank
2023-04-17,5.960000038146973,SOFI,SoFi Technologies,neobank
2023-04-18,5.980000019073486,SOFI,SoFi Technologies,neobank
2023-04-19,6.079999923706055,SOFI,SoFi Technologies,neobank
2023-04-20,5.920000076293945,SOFI,SoFi Technologies,neobank
2023-04-21,5.940000057220459,SOFI,SoFi Technologies,neobank
2023-04-24,5.829999923706055,SOFI,SoFi Technologies,neobank
2023-04-25,5.75,SOFI,SoFi Technologies,neobank
2023-04-26,5.670000076293945,SOFI,SoFi Technologies,neobank
2023-04-27,6.059999942779541,SOFI,SoFi Technologies,neobank
2023-04-28,6.230000019073486,SOFI,SoFi Technologies,neobank
2023-05-01,5.46999979019165,SOFI,SoFi Technologies,neobank
2023-05-02,4.90500020980835,SOFI,SoFi Technologies,neobank
2023-05-03,4.849999904632568,SOFI,SoFi Technologies,neobank
2023-05-04,4.894999980926514,SOFI,SoFi Technologies,neobank
2023-05-05,5.159999847412109,SOFI,SoFi Technologies,neobank
2023-05-08,5.46999979019165,SOFI,SoFi Technologies,neobank
2023-05-09,5.409999847412109,SOFI,SoFi Technologies,neobank
2023-05-10,5.480000019073486,SOFI,SoFi Technologies,neobank
2023-05-11,5.139999866485596,SOFI,SoFi Technologies,neobank
2023-05-12,5.019999980926514,SOFI,SoFi Technologies,neobank
2023-05-15,4.769999980926514,SOFI,SoFi Technologies,neobank
2023-05-16,4.760000228881836,SOFI,SoFi Technologies,neobank
2023-05-17,4.960000038146973,SOFI,SoFi Technologies,neobank
2023-05-18,5.070000171661377,SOFI,SoFi Technologies,neobank
2023-05-19,4.929999828338623,SOFI,SoFi Technologies,neobank
2023-05-22,5.260000228881836,SOFI,SoFi Technologies,neobank
2023-05-23,5.289999961853027,SOFI,SoFi Technologies,neobank
2023-05-24,5.309999942779541,SOFI,SoFi Technologies,neobank
2023-05-25,5.210000038146973,SOFI,SoFi Technologies,neobank
2023-05-26,5.409999847412109,SOFI,SoFi Technologies,neobank
2023-05-30,6.03000020980835,SOFI,SoFi Technologies,neobank
2023-05-31,6.940000057220459,SOFI,SoFi Technologies,neobank
2023-06-01,6.820000171661377,SOFI,SoFi Technologies,neobank
2023-06-02,7.03000020980835,SOFI,SoFi Technologies,neobank
2023-06-05,7.25,SOFI,SoFi Technologies,neobank
2023-06-06,7.650000095367432,SOFI,SoFi Technologies,neobank
2023-06-07,7.739999771118164,SOFI,SoFi Technologies,neobank
2023-06-08,8.119999885559082,SOFI,SoFi Technologies,neobank
2023-06-09,8.180000305175781,SOFI,SoFi Technologies,neobank
2023-06-12,9.15999984741211,SOFI,SoFi Technologies,neobank
2023-06-13,9.539999961853027,SOFI,SoFi Technologies,neobank
2023-06-14,9.739999771118164,SOFI,SoFi Technologies,neobank
2023-06-15,9.550000190734863,SOFI,SoFi Technologies,neobank
2023-06-16,8.600000381469727,SOFI,SoFi Technologies,neobank
2023-06-20,8.59000015258789,SOFI,SoFi Technologies,neobank
2023-06-21,8.630000114440918,SOFI,SoFi Technologies,neobank
2023-06-22,8.489999771118164,SOFI,SoFi Technologies,neobank
2023-06-23,8.279999732971191,SOFI,SoFi Technologies,neobank
2023-06-26,8.199999809265137,SOFI,SoFi Technologies,neobank
2023-06-27,8.640000343322754,SOFI,SoFi Technologies,neobank
2023-06-28,8.869999885559082,SOFI,SoFi Technologies,neobank
2023-06-29,8.710000038146973,SOFI,SoFi Technologies,neobank
2023-06-30,8.34000015258789,SOFI,SoFi Technologies,neobank
2023-07-03,8.520000457763672,SOFI,SoFi Technologies,neobank
2023-07-05,8.380000114440918,SOFI,SoFi Technologies,neobank
2023-07-06,8.100000381469727,SOFI,SoFi Technologies,neobank
2023-07-07,8.050000190734863,SOFI,SoFi Technologies,neobank
2023-07-10,8.710000038146973,SOFI,SoFi Technologies,neobank
2023-07-11,9.069999694824219,SOFI,SoFi Technologies,neobank
2023-07-12,9.199999809265137,SOFI,SoFi Technologies,neobank
2023-07-13,9.15999984741211,SOFI,SoFi Technologies,neobank
2023-07-14,9.079999923706055,SOFI,SoFi Technologies,neobank
2023-07-17,9.479999542236328,SOFI,SoFi Technologies,neobank
2023-07-18,9.569999694824219,SOFI,SoFi Technologies,neobank
2023-07-19,9.850000381469727,SOFI,SoFi Technologies,neobank
2023-07-20,9.569999694824219,SOFI,SoFi Technologies,neobank
2023-07-21,9.430000305175781,SOFI,SoFi Technologies,neobank
2023-07-24,9.449999809265137,SOFI,SoFi Technologies,neobank
2023-07-25,9.329999923706055,SOFI,SoFi Technologies,neobank
2023-07-26,9.520000457763672,SOFI,SoFi Technologies,neobank
2023-07-27,9.09000015258789,SOFI,SoFi Technologies,neobank
2023-07-28,9.550000190734863,SOFI,SoFi Technologies,neobank
2023-07-31,11.449999809265137,SOFI,SoFi Technologies,neobank
2023-08-01,10.350000381469727,SOFI,SoFi Technologies,neobank
2023-08-02,10.079999923706055,SOFI,SoFi Technologies,neobank
2023-08-03,10.050000190734863,SOFI,SoFi Technologies,neobank
2023-08-04,9.5,SOFI,SoFi Technologies,neobank
2023-08-07,9.390000343322754,SOFI,SoFi Technologies,neobank
2023-08-08,9.3100004196167,SOFI,SoFi Technologies,neobank
2023-08-09,8.989999771118164,SOFI,SoFi Technologies,neobank
2023-08-10,8.720000267028809,SOFI,SoFi Technologies,neobank
2023-08-11,8.649999618530273,SOFI,SoFi Technologies,neobank
2023-08-14,8.680000305175781,SOFI,SoFi Technologies,neobank
2023-08-15,8.369999885559082,SOFI,SoFi Technologies,neobank
2023-08-16,8.260000228881836,SOFI,SoFi Technologies,neobank
2023-08-17,8.109999656677246,SOFI,SoFi Technologies,neobank
2023-08-18,8.220000267028809,SOFI,SoFi Technologies,neobank
2023-08-21,8.289999961853027,SOFI,SoFi Technologies,neobank
2023-08-22,8.149999618530273,SOFI,SoFi Technologies,neobank
2023-08-23,8.430000305175781,SOFI,SoFi Technologies,neobank
2023-08-24,8.119999885559082,SOFI,SoFi Technologies,neobank
2023-08-25,8.289999961853027,SOFI,SoFi Technologies,neobank
2023-08-28,8.229999542236328,SOFI,SoFi Technologies,neobank
2023-08-29,8.460000038146973,SOFI,SoFi Technologies,neobank
2023-08-30,8.739999771118164,SOFI,SoFi Technologies,neobank
2023-08-31,8.65999984741211,SOFI,SoFi Technologies,neobank
2023-09-01,8.789999961853027,SOFI,SoFi Technologies,neobank
2023-09-05,8.75,SOFI,SoFi Technologies,neobank
2023-09-06,8.539999961853027,SOFI,SoFi Technologies,neobank
2023-09-07,8.569999694824219,SOFI,SoFi Technologies,neobank
2023-09-08,8.550000190734863,SOFI,SoFi Technologies,neobank
2023-09-11,8.899999618530273,SOFI,SoFi Technologies,neobank
2023-09-12,9.0,SOFI,SoFi Technologies,neobank
2023-09-13,8.800000190734863,SOFI,SoFi Technologies,neobank
2023-09-14,9.050000190734863,SOFI,SoFi Technologies,neobank
2023-09-15,9.069999694824219,SOFI,SoFi Technologies,neobank
2023-09-18,8.670000076293945,SOFI,SoFi Technologies,neobank
2023-09-19,8.619999885559082,SOFI,SoFi Technologies,neobank
2023-09-20,8.319999694824219,SOFI,SoFi Technologies,neobank
2023-09-21,7.949999809265137,SOFI,SoFi Technologies,neobank
2023-09-22,7.539999961853027,SOFI,SoFi Technologies,neobank
2023-09-25,7.510000228881836,SOFI,SoFi Technologies,neobank
2023-09-26,7.400000095367432,SOFI,SoFi Technologies,neobank
2023-09-27,7.599999904632568,SOFI,SoFi Technologies,neobank
2023-09-28,7.769999980926514,SOFI,SoFi Technologies,neobank
2023-09-29,7.989999771118164,SOFI,SoFi Technologies,neobank
2023-10-02,7.840000152587891,SOFI,SoFi Technologies,neobank
2023-10-03,7.28000020980835,SOFI,SoFi Technologies,neobank
2023-10-04,7.46999979019165,SOFI,SoFi Technologies,neobank
2023-10-05,7.650000095367432,SOFI,SoFi Technologies,neobank
2023-10-06,7.989999771118164,SOFI,SoFi Technologies,neobank
2023-10-09,8.180000305175781,SOFI,SoFi Technologies,neobank
2023-10-10,8.359999656677246,SOFI,SoFi Technologies,neobank
2023-10-11,8.59000015258789,SOFI,SoFi Technologies,neobank
2023-10-12,8.390000343322754,SOFI,SoFi Technologies,neobank
2023-10-13,8.119999885559082,SOFI,SoFi Technologies,neobank
2023-10-16,8.25,SOFI,SoFi Technologies,neobank
2023-10-17,8.25,SOFI,SoFi Technologies,neobank
2023-10-18,7.769999980926514,SOFI,SoFi Technologies,neobank
2023-10-19,7.630000114440918,SOFI,SoFi Technologies,neobank
2023-10-20,7.369999885559082,SOFI,SoFi Technologies,neobank
2023-10-23,7.260000228881836,SOFI,SoFi Technologies,neobank
2023-10-24,7.380000114440918,SOFI,SoFi Technologies,neobank
2023-10-25,7.079999923706055,SOFI,SoFi Technologies,neobank
2023-10-26,6.900000095367432,SOFI,SoFi Technologies,neobank
2023-10-27,6.869999885559082,SOFI,SoFi Technologies,neobank
2023-10-30,6.940000057220459,SOFI,SoFi Technologies,neobank
2023-10-31,7.550000190734863,SOFI,SoFi Technologies,neobank
2023-11-01,7.579999923706055,SOFI,SoFi Technologies,neobank
2023-11-02,8.170000076293945,SOFI,SoFi Technologies,neobank
2023-11-03,8.010000228881836,SOFI,SoFi Technologies,neobank
2023-11-06,7.489999771118164,SOFI,SoFi Technologies,neobank
2023-11-07,7.420000076293945,SOFI,SoFi Technologies,neobank
2023-11-08,7.309999942779541,SOFI,SoFi Technologies,neobank
2023-11-09,6.849999904632568,SOFI,SoFi Technologies,neobank
2023-11-10,6.940000057220459,SOFI,SoFi Technologies,neobank
2023-11-13,7.039999961853027,SOFI,SoFi Technologies,neobank
2023-11-14,7.480000019073486,SOFI,SoFi Technologies,neobank
2023-11-15,7.369999885559082,SOFI,SoFi Technologies,neobank
2023-11-16,6.710000038146973,SOFI,SoFi Technologies,neobank
2023-11-17,6.829999923706055,SOFI,SoFi Technologies,neobank
2023-11-20,6.614999771118164,SOFI,SoFi Technologies,neobank
2023-11-21,6.71999979019165,SOFI,SoFi Technologies,neobank
2023-11-22,6.900000095367432,SOFI,SoFi Technologies,neobank
2023-11-24,6.860000133514404,SOFI,SoFi Technologies,neobank
2023-11-27,7.03000020980835,SOFI,SoFi Technologies,neobank
2023-11-28,7.340000152587891,SOFI,SoFi Technologies,neobank
2023-11-29,7.349999904632568,SOFI,SoFi Technologies,neobank
2023-11-30,7.289999961853027,SOFI,SoFi Technologies,neobank
2023-12-01,7.829999923706055,SOFI,SoFi Technologies,neobank
2023-12-04,7.960000038146973,SOFI,SoFi Technologies,neobank
2023-12-05,7.989999771118164,SOFI,SoFi Technologies,neobank
2023-12-06,7.889999866485596,SOFI,SoFi Technologies,neobank
2023-12-07,7.960000038146973,SOFI,SoFi Technologies,neobank
2023-12-08,8.130000114440918,SOFI,SoFi Technologies,neobank
2023-12-11,8.069999694824219,SOFI,SoFi Technologies,neobank
2023-12-12,7.949999809265137,SOFI,SoFi Technologies,neobank
2023-12-13,8.9399995803833,SOFI,SoFi Technologies,neobank
2023-12-14,9.470000267028809,SOFI,SoFi Technologies,neobank
2023-12-15,9.350000381469727,SOFI,SoFi Technologies,neobank
2023-12-18,9.65999984741211,SOFI,SoFi Technologies,neobank
2023-12-19,9.9399995803833,SOFI,SoFi Technologies,neobank
2023-12-20,9.3100004196167,SOFI,SoFi Technologies,neobank
2023-12-21,9.640000343322754,SOFI,SoFi Technologies,neobank
2023-12-22,9.710000038146973,SOFI,SoFi Technologies,neobank
2023-12-26,9.960000038146973,SOFI,SoFi Technologies,neobank
2023-12-27,10.319999694824219,SOFI,SoFi Technologies,neobank
2023-12-28,10.279999732971191,SOFI,SoFi Technologies,neobank
2023-12-29,9.949999809265137,SOFI,SoFi Technologies,neobank
2024-01-02,9.649999618530273,SOFI,SoFi Technologies,neobank
2024-01-03,8.3100004196167,SOFI,SoFi Technologies,neobank
2024-01-04,8.420000076293945,SOFI,SoFi Technologies,neobank
2024-01-05,8.220000267028809,SOFI,SoFi Technologies,neobank
2024-01-08,8.529999732971191,SOFI,SoFi Technologies,neobank
2024-01-09,8.319999694824219,SOFI,SoFi Technologies,neobank
2024-01-10,8.479999542236328,SOFI,SoFi Technologies,neobank
2024-01-11,8.170000076293945,SOFI,SoFi Technologies,neobank
2024-01-12,7.889999866485596,SOFI,SoFi Technologies,neobank
2024-01-16,7.71999979019165,SOFI,SoFi Technologies,neobank
2024-01-17,7.53000020980835,SOFI,SoFi Technologies,neobank
2024-01-18,7.409999847412109,SOFI,SoFi Technologies,neobank
2024-01-19,7.489999771118164,SOFI,SoFi Technologies,neobank
2024-01-22,7.920000076293945,SOFI,SoFi Technologies,neobank
2024-01-23,7.75,SOFI,SoFi Technologies,neobank
2024-01-24,7.559999942779541,SOFI,SoFi Technologies,neobank
2024-01-25,7.650000095367432,SOFI,SoFi Technologies,neobank
2024-01-26,7.619999885559082,SOFI,SoFi Technologies,neobank
2024-01-29,9.15999984741211,SOFI,SoFi Technologies,neobank
2024-01-30,8.399999618530273,SOFI,SoFi Technologies,neobank
2024-01-31,7.829999923706055,SOFI,SoFi Technologies,neobank
2024-02-01,7.730000019073486,SOFI,SoFi Technologies,neobank
2024-02-02,7.880000114440918,SOFI,SoFi Technologies,neobank
2024-02-05,7.579999923706055,SOFI,SoFi Technologies,neobank
2024-02-06,7.800000190734863,SOFI,SoFi Technologies,neobank
2024-02-07,7.659999847412109,SOFI,SoFi Technologies,neobank
2024-02-08,8.079999923706055,SOFI,SoFi Technologies,neobank
2024-02-09,8.130000114440918,SOFI,SoFi Technologies,neobank
2024-02-12,8.329999923706055,SOFI,SoFi Technologies,neobank
2024-02-13,8.020000457763672,SOFI,SoFi Technologies,neobank
2024-02-14,8.420000076293945,SOFI,SoFi Technologies,neobank
2024-02-15,8.529999732971191,SOFI,SoFi Technologies,neobank
2024-02-16,8.359999656677246,SOFI,SoFi Technologies,neobank
2024-02-20,8.510000228881836,SOFI,SoFi Technologies,neobank
2024-02-21,8.109999656677246,SOFI,SoFi Technologies,neobank
2024-02-22,8.15999984741211,SOFI,SoFi Technologies,neobank
2024-02-23,8.170000076293945,SOFI,SoFi Technologies,neobank
2024-02-26,8.539999961853027,SOFI,SoFi Technologies,neobank
2024-02-27,9.149999618530273,SOFI,SoFi Technologies,neobank
2024-02-28,8.859999656677246,SOFI,SoFi Technologies,neobank
2024-02-29,8.979999542236328,SOFI,SoFi Technologies,neobank
2024-03-01,8.989999771118164,SOFI,SoFi Technologies,neobank
2024-03-04,8.579999923706055,SOFI,SoFi Technologies,neobank
2024-03-05,7.269999980926514,SOFI,SoFi Technologies,neobank
2024-03-06,7.400000095367432,SOFI,SoFi Technologies,neobank
2024-03-07,7.46999979019165,SOFI,SoFi Technologies,neobank
2024-03-08,7.710000038146973,SOFI,SoFi Technologies,neobank
2024-03-11,7.679999828338623,SOFI,SoFi Technologies,neobank
2024-03-12,7.480000019073486,SOFI,SoFi Technologies,neobank
2024-03-13,7.380000114440918,SOFI,SoFi Technologies,neobank
2024-03-14,7.050000190734863,SOFI,SoFi Technologies,neobank
2024-03-15,7.03000020980835,SOFI,SoFi Technologies,neobank
2024-03-18,7.079999923706055,SOFI,SoFi Technologies,neobank
2024-03-19,6.920000076293945,SOFI,SoFi Technologies,neobank
2024-03-20,7.360000133514404,SOFI,SoFi Technologies,neobank
2024-03-21,7.440000057220459,SOFI,SoFi Technologies,neobank
2024-03-22,7.300000190734863,SOFI,SoFi Technologies,neobank
2024-03-25,7.449999809265137,SOFI,SoFi Technologies,neobank
2024-03-26,7.199999809265137,SOFI,SoFi Technologies,neobank
2024-03-27,7.360000133514404,SOFI,SoFi Technologies,neobank
2024-03-28,7.300000190734863,SOFI,SoFi Technologies,neobank
2024-04-01,7.21999979019165,SOFI,SoFi Technologies,neobank
2024-04-02,7.199999809265137,SOFI,SoFi Technologies,neobank
2024-04-03,7.539999961853027,SOFI,SoFi Technologies,neobank
2024-04-04,7.309999942779541,SOFI,SoFi Technologies,neobank
2024-04-05,7.400000095367432,SOFI,SoFi Technologies,neobank
2024-04-08,7.760000228881836,SOFI,SoFi Technologies,neobank
2024-04-09,7.889999866485596,SOFI,SoFi Technologies,neobank
2024-04-10,7.559999942779541,SOFI,SoFi Technologies,neobank
2024-04-11,7.639999866485596,SOFI,SoFi Technologies,neobank
2024-04-12,7.329999923706055,SOFI,SoFi Technologies,neobank
2024-04-15,7.119999885559082,SOFI,SoFi Technologies,neobank
2024-04-16,7.199999809265137,SOFI,SoFi Technologies,neobank
2024-04-17,7.159999847412109,SOFI,SoFi Technologies,neobank
2024-04-18,7.130000114440918,SOFI,SoFi Technologies,neobank
2024-04-19,7.110000133514404,SOFI,SoFi Technologies,neobank
2024-04-22,7.25,SOFI,SoFi Technologies,neobank
2024-04-23,7.579999923706055,SOFI,SoFi Technologies,neobank
2024-04-24,7.599999904632568,SOFI,SoFi Technologies,neobank
2024-04-25,7.590000152587891,SOFI,SoFi Technologies,neobank
2024-04-26,7.869999885559082,SOFI,SoFi Technologies,neobank
2024-04-29,7.045000076293945,SOFI,SoFi Technologies,neobank
2024-04-30,6.78000020980835,SOFI,SoFi Technologies,neobank
2024-05-01,6.920000076293945,SOFI,SoFi Technologies,neobank
2024-05-02,6.989999771118164,SOFI,SoFi Technologies,neobank
2024-05-03,6.960000038146973,SOFI,SoFi Technologies,neobank
2024-05-06,7.159999847412109,SOFI,SoFi Technologies,neobank
2024-05-07,7.059999942779541,SOFI,SoFi Technologies,neobank
2024-05-08,7.050000190734863,SOFI,SoFi Technologies,neobank
2024-05-09,7.059999942779541,SOFI,SoFi Technologies,neobank
2024-05-10,6.940000057220459,SOFI,SoFi Technologies,neobank
2024-05-13,7.110000133514404,SOFI,SoFi Technologies,neobank
2024-05-14,7.46999979019165,SOFI,SoFi Technologies,neobank
2024-05-15,7.269999980926514,SOFI,SoFi Technologies,neobank
2024-05-16,7.119999885559082,SOFI,SoFi Technologies,neobank
2024-05-17,7.28000020980835,SOFI,SoFi Technologies,neobank
2024-05-20,7.190000057220459,SOFI,SoFi Technologies,neobank
2024-05-21,7.079999923706055,SOFI,SoFi Technologies,neobank
2024-05-22,7.019999980926514,SOFI,SoFi Technologies,neobank
2024-05-23,6.829999923706055,SOFI,SoFi Technologies,neobank
2024-05-24,6.920000076293945,SOFI,SoFi Technologies,neobank
2024-05-28,6.889999866485596,SOFI,SoFi Technologies,neobank
2024-05-29,6.849999904632568,SOFI,SoFi Technologies,neobank
2024-05-30,6.909999847412109,SOFI,SoFi Technologies,neobank
2024-05-31,6.900000095367432,SOFI,SoFi Technologies,neobank
2024-06-03,6.769999980926514,SOFI,SoFi Technologies,neobank
2024-06-04,6.71999979019165,SOFI,SoFi Technologies,neobank
2024-06-05,6.909999847412109,SOFI,SoFi Technologies,neobank
2024-06-06,7.079999923706055,SOFI,SoFi Technologies,neobank
2024-06-07,6.989999771118164,SOFI,SoFi Technologies,neobank
2024-06-10,7.03000020980835,SOFI,SoFi Technologies,neobank
2024-06-11,7.0,SOFI,SoFi Technologies,neobank
2024-06-12,7.070000171661377,SOFI,SoFi Technologies,neobank
2024-06-13,6.800000190734863,SOFI,SoFi Technologies,neobank
2024-06-14,6.460000038146973,SOFI,SoFi Technologies,neobank
2024-06-17,6.460000038146973,SOFI,SoFi Technologies,neobank
2024-06-18,6.420000076293945,SOFI,SoFi Technologies,neobank
2024-06-20,6.320000171661377,SOFI,SoFi Technologies,neobank
2024-06-21,6.320000171661377,SOFI,SoFi Technologies,neobank
2024-06-24,6.539999961853027,SOFI,SoFi Technologies,neobank
2024-06-25,6.449999809265137,SOFI,SoFi Technologies,neobank
2024-06-26,6.460000038146973,SOFI,SoFi Technologies,neobank
2024-06-27,6.539999961853027,SOFI,SoFi Technologies,neobank
2024-06-28,6.610000133514404,SOFI,SoFi Technologies,neobank
2024-07-01,6.429999828338623,SOFI,SoFi Technologies,neobank
2024-07-02,6.449999809265137,SOFI,SoFi Technologies,neobank
2024-07-03,6.519999980926514,SOFI,SoFi Technologies,neobank
2024-07-05,6.46999979019165,SOFI,SoFi Technologies,neobank
2024-07-08,6.349999904632568,SOFI,SoFi Technologies,neobank
2024-07-09,6.380000114440918,SOFI,SoFi Technologies,neobank
2024-07-10,6.570000171661377,SOFI,SoFi Technologies,neobank
2024-07-11,6.769999980926514,SOFI,SoFi Technologies,neobank
2024-07-12,6.96999979019165,SOFI,SoFi Technologies,neobank
2024-07-15,7.329999923706055,SOFI,SoFi Technologies,neobank
2024-07-16,7.75,SOFI,SoFi Technologies,neobank
2024-07-17,7.840000152587891,SOFI,SoFi Technologies,neobank
2024-07-18,7.53000020980835,SOFI,SoFi Technologies,neobank
2024-07-19,7.46999979019165,SOFI,SoFi Technologies,neobank
2024-07-22,7.539999961853027,SOFI,SoFi Technologies,neobank
2024-07-23,7.429999828338623,SOFI,SoFi Technologies,neobank
2024-07-24,7.099999904632568,SOFI,SoFi Technologies,neobank
2024-07-25,7.269999980926514,SOFI,SoFi Technologies,neobank
2024-07-26,7.409999847412109,SOFI,SoFi Technologies,neobank
2024-07-29,7.329999923706055,SOFI,SoFi Technologies,neobank
2024-07-30,7.420000076293945,SOFI,SoFi Technologies,neobank
2024-07-31,7.539999961853027,SOFI,SoFi Technologies,neobank
2024-08-01,7.159999847412109,SOFI,SoFi Technologies,neobank
2024-08-02,6.650000095367432,SOFI,SoFi Technologies,neobank
2024-08-05,6.539999961853027,SOFI,SoFi Technologies,neobank
2024-08-06,6.429999828338623,SOFI,SoFi Technologies,neobank
2024-08-07,6.320000171661377,SOFI,SoFi Technologies,neobank
2024-08-08,6.639999866485596,SOFI,SoFi Technologies,neobank
2024-08-09,6.639999866485596,SOFI,SoFi Technologies,neobank
2024-08-12,6.480000019073486,SOFI,SoFi Technologies,neobank
2024-08-13,6.639999866485596,SOFI,SoFi Technologies,neobank
2024-08-14,6.610000133514404,SOFI,SoFi Technologies,neobank
2024-08-15,6.909999847412109,SOFI,SoFi Technologies,neobank
2024-08-16,7.0,SOFI,SoFi Technologies,neobank
2024-08-19,7.460000038146973,SOFI,SoFi Technologies,neobank
2024-08-20,7.369999885559082,SOFI,SoFi Technologies,neobank
2024-08-21,7.300000190734863,SOFI,SoFi Technologies,neobank
2024-08-22,7.190000057220459,SOFI,SoFi Technologies,neobank
2024-08-23,7.519999980926514,SOFI,SoFi Technologies,neobank
2024-08-26,7.670000076293945,SOFI,SoFi Technologies,neobank
2024-08-27,7.769999980926514,SOFI,SoFi Technologies,neobank
2024-08-28,7.489999771118164,SOFI,SoFi Technologies,neobank
2024-08-29,8.029999732971191,SOFI,SoFi Technologies,neobank
2024-08-30,7.989999771118164,SOFI,SoFi Technologies,neobank
2024-09-03,7.53000020980835,SOFI,SoFi Technologies,neobank
2024-09-04,7.480000019073486,SOFI,SoFi Technologies,neobank
2024-09-05,7.260000228881836,SOFI,SoFi Technologies,neobank
2024-09-06,7.010000228881836,SOFI,SoFi Technologies,neobank
2024-09-09,7.079999923706055,SOFI,SoFi Technologies,neobank
2024-09-10,7.050000190734863,SOFI,SoFi Technologies,neobank
2024-09-11,7.309999942779541,SOFI,SoFi Technologies,neobank
2024-09-12,7.460000038146973,SOFI,SoFi Technologies,neobank
2024-09-13,7.739999771118164,SOFI,SoFi Technologies,neobank
2024-09-16,8.0600004196167,SOFI,SoFi Technologies,neobank
2024-09-17,8.119999885559082,SOFI,SoFi Technologies,neobank
2024-09-18,8.109999656677246,SOFI,SoFi Technologies,neobank
2024-09-19,8.1899995803833,SOFI,SoFi Technologies,neobank
2024-09-20,8.050000190734863,SOFI,SoFi Technologies,neobank
2024-09-23,7.920000076293945,SOFI,SoFi Technologies,neobank
2024-09-24,7.829999923706055,SOFI,SoFi Technologies,neobank
2024-09-25,7.730000019073486,SOFI,SoFi Technologies,neobank
2024-09-26,7.760000228881836,SOFI,SoFi Technologies,neobank
2024-09-27,7.949999809265137,SOFI,SoFi Technologies,neobank
2024-09-30,7.860000133514404,SOFI,SoFi Technologies,neobank
2024-10-01,7.630000114440918,SOFI,SoFi Technologies,neobank
2024-10-02,7.789999961853027,SOFI,SoFi Technologies,neobank
2024-10-03,7.829999923706055,SOFI,SoFi Technologies,neobank
2024-10-04,8.390000343322754,SOFI,SoFi Technologies,neobank
2024-10-07,8.270000457763672,SOFI,SoFi Technologies,neobank
2024-10-08,8.40999984741211,SOFI,SoFi Technologies,neobank
2024-10-09,8.59000015258789,SOFI,SoFi Technologies,neobank
2024-10-10,8.630000114440918,SOFI,SoFi Technologies,neobank
2024-10-11,9.010000228881836,SOFI,SoFi Technologies,neobank
2024-10-14,10.039999961853027,SOFI,SoFi Technologies,neobank
2024-10-15,10.180000305175781,SOFI,SoFi Technologies,neobank
2024-10-16,10.039999961853027,SOFI,SoFi Technologies,neobank
2024-10-17,9.869999885559082,SOFI,SoFi Technologies,neobank
2024-10-18,10.180000305175781,SOFI,SoFi Technologies,neobank
2024-10-21,10.399999618530273,SOFI,SoFi Technologies,neobank
2024-10-22,10.579999923706055,SOFI,SoFi Technologies,neobank
2024-10-23,10.420000076293945,SOFI,SoFi Technologies,neobank
2024-10-24,10.930000305175781,SOFI,SoFi Technologies,neobank
2024-10-25,10.989999771118164,SOFI,SoFi Technologies,neobank
2024-10-28,11.1899995803833,SOFI,SoFi Technologies,neobank
2024-10-29,10.470000267028809,SOFI,SoFi Technologies,neobank
2024-10-30,11.220000267028809,SOFI,SoFi Technologies,neobank
2024-10-31,11.170000076293945,SOFI,SoFi Technologies,neobank
2024-11-01,11.039999961853027,SOFI,SoFi Technologies,neobank
2024-11-04,10.90999984741211,SOFI,SoFi Technologies,neobank
2024-11-05,11.420000076293945,SOFI,SoFi Technologies,neobank
2024-11-06,11.8100004196167,SOFI,SoFi Technologies,neobank
2024-11-07,11.899999618530273,SOFI,SoFi Technologies,neobank
2024-11-08,13.010000228881836,SOFI,SoFi Technologies,neobank
2024-11-11,14.109999656677246,SOFI,SoFi Technologies,neobank
2024-11-12,13.819999694824219,SOFI,SoFi Technologies,neobank
2024-11-13,13.5,SOFI,SoFi Technologies,neobank
2024-11-14,13.399999618530273,SOFI,SoFi Technologies,neobank
2024-11-15,13.630000114440918,SOFI,SoFi Technologies,neobank
2024-11-18,13.930000305175781,SOFI,SoFi Technologies,neobank
2024-11-19,14.420000076293945,SOFI,SoFi Technologies,neobank
2024-11-20,14.670000076293945,SOFI,SoFi Technologies,neobank
2024-11-21,15.010000228881836,SOFI,SoFi Technologies,neobank
2024-11-22,15.600000381469727,SOFI,SoFi Technologies,neobank
2024-11-25,15.699999809265137,SOFI,SoFi Technologies,neobank
2024-11-26,15.489999771118164,SOFI,SoFi Technologies,neobank
2024-11-27,16.1200008392334,SOFI,SoFi Technologies,neobank
2024-11-29,16.40999984741211,SOFI,SoFi Technologies,neobank
2024-12-02,15.90999984741211,SOFI,SoFi Technologies,neobank
2024-12-03,15.880000114440918,SOFI,SoFi Technologies,neobank
2024-12-04,16.31999969482422,SOFI,SoFi Technologies,neobank
2024-12-05,15.649999618530273,SOFI,SoFi Technologies,neobank
2024-12-06,16.020000457763672,SOFI,SoFi Technologies,neobank
2024-12-09,15.569999694824219,SOFI,SoFi Technologies,neobank
2024-12-10,15.289999961853027,SOFI,SoFi Technologies,neobank
2024-12-11,15.9399995803833,SOFI,SoFi Technologies,neobank
2024-12-12,15.899999618530273,SOFI,SoFi Technologies,neobank
2024-12-13,16.25,SOFI,SoFi Technologies,neobank
2024-12-16,16.8799991607666,SOFI,SoFi Technologies,neobank
2024-12-17,16.65999984741211,SOFI,SoFi Technologies,neobank
2024-12-18,15.239999771118164,SOFI,SoFi Technologies,neobank
2024-12-19,15.029999732971191,SOFI,SoFi Technologies,neobank
2024-12-20,15.350000381469727,SOFI,SoFi Technologies,neobank
2024-12-23,15.630000114440918,SOFI,SoFi Technologies,neobank
2024-12-24,16.020000457763672,SOFI,SoFi Technologies,neobank
2024-12-26,16.600000381469727,SOFI,SoFi Technologies,neobank
2024-12-27,15.979999542236328,SOFI,SoFi Technologies,neobank
2024-12-30,15.630000114440918,SOFI,SoFi Technologies,neobank
2024-12-31,15.399999618530273,SOFI,SoFi Technologies,neobank
2025-01-02,14.130000114440918,SOFI,SoFi Technologies,neobank
2025-01-03,14.84000015258789,SOFI,SoFi Technologies,neobank
2025-01-06,15.289999961853027,SOFI,SoFi Technologies,neobank
2025-01-07,14.90999984741211,SOFI,SoFi Technologies,neobank
2025-01-08,14.550000190734863,SOFI,SoFi Technologies,neobank
2025-01-10,14.149999618530273,SOFI,SoFi Technologies,neobank
2025-01-13,14.069999694824219,SOFI,SoFi Technologies,neobank
2025-01-14,14.5,SOFI,SoFi Technologies,neobank
2025-01-15,15.510000228881836,SOFI,SoFi Technologies,neobank
2025-01-16,16.299999237060547,SOFI,SoFi Technologies,neobank
2025-01-17,16.5,SOFI,SoFi Technologies,neobank
2025-01-21,17.899999618530273,SOFI,SoFi Technologies,neobank
2025-01-22,17.59000015258789,SOFI,SoFi Technologies,neobank
2025-01-23,18.030000686645508,SOFI,SoFi Technologies,neobank
2025-01-24,17.920000076293945,SOFI,SoFi Technologies,neobank
2025-01-27,16.079999923706055,SOFI,SoFi Technologies,neobank
2025-01-28,16.170000076293945,SOFI,SoFi Technologies,neobank
2025-01-29,15.989999771118164,SOFI,SoFi Technologies,neobank
2025-01-30,16.440000534057617,SOFI,SoFi Technologies,neobank
2025-01-31,15.779999732971191,SOFI,SoFi Technologies,neobank
2025-02-03,15.399999618530273,SOFI,SoFi Technologies,neobank
2025-02-04,15.289999961853027,SOFI,SoFi Technologies,neobank
2025-02-05,15.489999771118164,SOFI,SoFi Technologies,neobank
2025-02-06,14.800000190734863,SOFI,SoFi Technologies,neobank
2025-02-07,14.90999984741211,SOFI,SoFi Technologies,neobank
2025-02-10,15.130000114440918,SOFI,SoFi Technologies,neobank
2025-02-11,14.829999923706055,SOFI,SoFi Technologies,neobank
2025-02-12,14.770000457763672,SOFI,SoFi Technologies,neobank
2025-02-13,15.1899995803833,SOFI,SoFi Technologies,neobank
2025-02-14,16.209999084472656,SOFI,SoFi Technologies,neobank
2025-02-18,16.829999923706055,SOFI,SoFi Technologies,neobank
2025-02-19,16.18000030517578,SOFI,SoFi Technologies,neobank
2025-02-20,15.5600004196167,SOFI,SoFi Technologies,neobank
2025-02-21,14.670000076293945,SOFI,SoFi Technologies,neobank
2025-02-24,14.359999656677246,SOFI,SoFi Technologies,neobank
2025-02-25,13.920000076293945,SOFI,SoFi Technologies,neobank
2025-02-26,14.470000267028809,SOFI,SoFi Technologies,neobank
2025-02-27,14.069999694824219,SOFI,SoFi Technologies,neobank
2025-02-28,14.470000267028809,SOFI,SoFi Technologies,neobank
2025-03-03,13.569999694824219,SOFI,SoFi Technologies,neobank
2025-03-04,13.09000015258789,SOFI,SoFi Technologies,neobank
2025-03-05,13.430000305175781,SOFI,SoFi Technologies,neobank
2025-03-06,12.449999809265137,SOFI,SoFi Technologies,neobank
2025-03-07,12.59000015258789,SOFI,SoFi Technologies,neobank
2025-03-10,11.180000305175781,SOFI,SoFi Technologies,neobank
2025-03-11,11.260000228881836,SOFI,SoFi Technologies,neobank
2025-03-12,11.920000076293945,SOFI,SoFi Technologies,neobank
2025-03-13,11.390000343322754,SOFI,SoFi Technologies,neobank
2025-03-14,12.09000015258789,SOFI,SoFi Technologies,neobank
2025-03-17,12.319999694824219,SOFI,SoFi Technologies,neobank
2025-03-18,11.949999809265137,SOFI,SoFi Technologies,neobank
2025-03-19,12.729999542236328,SOFI,SoFi Technologies,neobank
2025-03-20,12.640000343322754,SOFI,SoFi Technologies,neobank
2025-03-21,12.869999885559082,SOFI,SoFi Technologies,neobank
2025-03-24,13.720000267028809,SOFI,SoFi Technologies,neobank
2025-03-25,13.539999961853027,SOFI,SoFi Technologies,neobank
2025-03-26,13.069999694824219,SOFI,SoFi Technologies,neobank
2025-03-27,12.199999809265137,SOFI,SoFi Technologies,neobank
2025-03-28,11.850000381469727,SOFI,SoFi Technologies,neobank
2025-03-31,11.630000114440918,SOFI,SoFi Technologies,neobank
2025-04-01,11.90999984741211,SOFI,SoFi Technologies,neobank
2025-04-02,12.3100004196167,SOFI,SoFi Technologies,neobank
2025-04-03,10.640000343322754,SOFI,SoFi Technologies,neobank
2025-04-04,9.569999694824219,SOFI,SoFi Technologies,neobank
2025-04-07,9.859999656677246,SOFI,SoFi Technologies,neobank
2025-04-08,9.5,SOFI,SoFi Technologies,neobank
2025-04-09,11.390000343322754,SOFI,SoFi Technologies,neobank
2025-04-10,10.520000457763672,SOFI,SoFi Technologies,neobank
2025-04-11,10.710000038146973,SOFI,SoFi Technologies,neobank
2025-04-14,10.819999694824219,SOFI,SoFi Technologies,neobank
2025-04-15,10.9399995803833,SOFI,SoFi Technologies,neobank
2025-04-16,10.65999984741211,SOFI,SoFi Technologies,neobank
2025-04-17,10.979999542236328,SOFI,SoFi Technologies,neobank
2025-04-21,10.6899995803833,SOFI,SoFi Technologies,neobank
2025-04-22,11.270000457763672,SOFI,SoFi Technologies,neobank
2025-04-23,11.739999771118164,SOFI,SoFi Technologies,neobank
2025-04-24,12.3100004196167,SOFI,SoFi Technologies,neobank
2025-04-25,12.880000114440918,SOFI,SoFi Technologies,neobank
2025-04-28,13.199999809265137,SOFI,SoFi Technologies,neobank
2025-04-29,13.270000457763672,SOFI,SoFi Technologies,neobank
2025-04-30,12.510000228881836,SOFI,SoFi Technologies,neobank
2025-05-01,12.510000228881836,SOFI,SoFi Technologies,neobank
2025-05-02,12.699999809265137,SOFI,SoFi Technologies,neobank
2025-05-05,12.859999656677246,SOFI,SoFi Technologies,neobank
2025-05-06,12.729999542236328,SOFI,SoFi Technologies,neobank
2025-05-07,13.010000228881836,SOFI,SoFi Technologies,neobank
2025-05-08,13.260000228881836,SOFI,SoFi Technologies,neobank
2025-05-09,13.180000305175781,SOFI,SoFi Technologies,neobank
2025-05-12,14.039999961853027,SOFI,SoFi Technologies,neobank
2025-05-13,14.289999961853027,SOFI,SoFi Technologies,neobank
2025-05-14,14.029999732971191,SOFI,SoFi Technologies,neobank
2025-05-15,13.569999694824219,SOFI,SoFi Technologies,neobank
2025-05-16,13.920000076293945,SOFI,SoFi Technologies,neobank
2025-05-19,13.729999542236328,SOFI,SoFi Technologies,neobank
2025-05-20,13.270000457763672,SOFI,SoFi Technologies,neobank
2025-05-21,12.800000190734863,SOFI,SoFi Technologies,neobank
2025-05-22,13.1899995803833,SOFI,SoFi Technologies,neobank
2025-05-23,13.09000015258789,SOFI,SoFi Technologies,neobank
2025-05-27,13.390000343322754,SOFI,SoFi Technologies,neobank
2025-05-28,13.319999694824219,SOFI,SoFi Technologies,neobank
2025-05-29,13.170000076293945,SOFI,SoFi Technologies,neobank
2025-05-30,13.300000190734863,SOFI,SoFi Technologies,neobank
2025-06-02,13.670000076293945,SOFI,SoFi Technologies,neobank
2025-06-03,13.65999984741211,SOFI,SoFi Technologies,neobank
2025-06-04,13.460000038146973,SOFI,SoFi Technologies,neobank
2025-06-05,13.670000076293945,SOFI,SoFi Technologies,neobank
2025-06-06,14.239999771118164,SOFI,SoFi Technologies,neobank
2025-06-09,14.100000381469727,SOFI,SoFi Technologies,neobank
2025-06-10,14.390000343322754,SOFI,SoFi Technologies,neobank
2025-06-11,15.0600004196167,SOFI,SoFi Technologies,neobank
2025-06-12,14.899999618530273,SOFI,SoFi Technologies,neobank
2025-06-13,14.09000015258789,SOFI,SoFi Technologies,neobank
2025-06-16,14.899999618530273,SOFI,SoFi Technologies,neobank
2025-06-17,14.430000305175781,SOFI,SoFi Technologies,neobank
2025-06-18,15.359999656677246,SOFI,SoFi Technologies,neobank
2025-06-20,15.199999809265137,SOFI,SoFi Technologies,neobank
2025-06-23,15.359999656677246,SOFI,SoFi Technologies,neobank
2025-06-24,15.850000381469727,SOFI,SoFi Technologies,neobank
2025-06-25,16.079999923706055,SOFI,SoFi Technologies,neobank
2025-06-26,16.770000457763672,SOFI,SoFi Technologies,neobank
2025-06-27,17.18000030517578,SOFI,SoFi Technologies,neobank
2025-06-30,18.209999084472656,SOFI,SoFi Technologies,neobank
2025-07-01,17.639999389648438,SOFI,SoFi Technologies,neobank
2025-07-02,18.1200008392334,SOFI,SoFi Technologies,neobank
2025-07-03,18.56999969482422,SOFI,SoFi Technologies,neobank
2025-07-07,19.239999771118164,SOFI,SoFi Technologies,neobank
2025-07-08,19.950000762939453,SOFI,SoFi Technologies,neobank
2025-07-09,20.219999313354492,SOFI,SoFi Technologies,neobank
2025-07-10,20.969999313354492,SOFI,SoFi Technologies,neobank
2025-07-11,21.200000762939453,SOFI,SoFi Technologies,neobank
2025-07-14,21.329999923706055,SOFI,SoFi Technologies,neobank
2025-07-15,20.959999084472656,SOFI,SoFi Technologies,neobank
2025-07-16,21.389999389648438,SOFI,SoFi Technologies,neobank
2025-07-17,22.09000015258789,SOFI,SoFi Technologies,neobank
2025-07-18,21.809999465942383,SOFI,SoFi Technologies,neobank
2025-07-21,21.15999984741211,SOFI,SoFi Technologies,neobank
2025-07-22,20.979999542236328,SOFI,SoFi Technologies,neobank
2025-07-23,21.559999465942383,SOFI,SoFi Technologies,neobank
2025-07-24,21.510000228881836,SOFI,SoFi Technologies,neobank
2025-07-25,21.200000762939453,SOFI,SoFi Technologies,neobank
2025-07-28,21.020000457763672,SOFI,SoFi Technologies,neobank
2025-07-29,22.399999618530273,SOFI,SoFi Technologies,neobank
2025-07-30,21.8700008392334,SOFI,SoFi Technologies,neobank
2025-07-31,22.579999923706055,SOFI,SoFi Technologies,neobank
2025-08-01,21.229999542236328,SOFI,SoFi Technologies,neobank
2025-08-04,21.809999465942383,SOFI,SoFi Technologies,neobank
2025-08-05,21.540000915527344,SOFI,SoFi Technologies,neobank
2025-08-06,21.459999084472656,SOFI,SoFi Technologies,neobank
2025-08-07,22.079999923706055,SOFI,SoFi Technologies,neobank
2025-08-08,22.100000381469727,SOFI,SoFi Technologies,neobank
2025-08-11,22.420000076293945,SOFI,SoFi Technologies,neobank
2025-08-12,23.649999618530273,SOFI,SoFi Technologies,neobank
2025-08-13,23.809999465942383,SOFI,SoFi Technologies,neobank
2025-08-14,23.290000915527344,SOFI,SoFi Technologies,neobank
2025-08-15,23.770000457763672,SOFI,SoFi Technologies,neobank
2025-08-18,24.229999542236328,SOFI,SoFi Technologies,neobank
2025-08-19,22.75,SOFI,SoFi Technologies,neobank
2025-08-20,22.520000457763672,SOFI,SoFi Technologies,neobank
2025-08-21,23.329999923706055,SOFI,SoFi Technologies,neobank
2025-08-22,25.020000457763672,SOFI,SoFi Technologies,neobank
2025-08-25,26.149999618530273,SOFI,SoFi Technologies,neobank
2025-08-26,25.6200008392334,SOFI,SoFi Technologies,neobank
2025-08-27,24.959999084472656,SOFI,SoFi Technologies,neobank
2025-08-28,26.040000915527344,SOFI,SoFi Technologies,neobank
2025-08-29,25.540000915527344,SOFI,SoFi Technologies,neobank
2025-09-02,24.90999984741211,SOFI,SoFi Technologies,neobank
2025-09-03,24.489999771118164,SOFI,SoFi Technologies,neobank
2025-09-04,25.3799991607666,SOFI,SoFi Technologies,neobank
2025-09-05,25.600000381469727,SOFI,SoFi Technologies,neobank
2025-09-08,25.959999084472656,SOFI,SoFi Technologies,neobank
2025-09-09,25.969999313354492,SOFI,SoFi Technologies,neobank
2025-09-10,25.520000457763672,SOFI,SoFi Technologies,neobank
2025-09-11,25.959999084472656,SOFI,SoFi Technologies,neobank
2025-09-12,26.549999237060547,SOFI,SoFi Technologies,neobank
2025-09-15,27.670000076293945,SOFI,SoFi Technologies,neobank
2025-09-16,27.420000076293945,SOFI,SoFi Technologies,neobank
2025-09-17,27.139999389648438,SOFI,SoFi Technologies,neobank
2025-09-18,28.110000610351562,SOFI,SoFi Technologies,neobank
2025-09-19,29.510000228881836,SOFI,SoFi Technologies,neobank
2025-09-22,29.809999465942383,SOFI,SoFi Technologies,neobank
2025-09-23,29.09000015258789,SOFI,SoFi Technologies,neobank
2025-09-24,28.440000534057617,SOFI,SoFi Technologies,neobank
2025-09-25,28.1200008392334,SOFI,SoFi Technologies,neobank
2025-09-26,27.979999542236328,SOFI,SoFi Technologies,neobank
2025-09-29,27.549999237060547,SOFI,SoFi Technologies,neobank
2025-09-30,26.420000076293945,SOFI,SoFi Technologies,neobank
2025-10-01,25.760000228881836,SOFI,SoFi Technologies,neobank
2025-10-02,25.969999313354492,SOFI,SoFi Technologies,neobank
2025-10-03,25.239999771118164,SOFI,SoFi Technologies,neobank
2025-10-06,26.360000610351562,SOFI,SoFi Technologies,neobank
2025-10-07,28.139999389648438,SOFI,SoFi Technologies,neobank
2025-10-08,28.020000457763672,SOFI,SoFi Technologies,neobank
2025-10-09,28.450000762939453,SOFI,SoFi Technologies,neobank
2025-10-10,26.190000534057617,SOFI,SoFi Technologies,neobank
2025-10-13,27.139999389648438,SOFI,SoFi Technologies,neobank
2025-10-14,27.8700008392334,SOFI,SoFi Technologies,neobank
2025-10-15,28.030000686645508,SOFI,SoFi Technologies,neobank
2025-10-16,26.600000381469727,SOFI,SoFi Technologies,neobank
2025-10-17,26.540000915527344,SOFI,SoFi Technologies,neobank
2025-10-20,28.68000030517578,SOFI,SoFi Technologies,neobank
2025-10-21,28.75,SOFI,SoFi Technologies,neobank
2025-10-22,27.190000534057617,SOFI,SoFi Technologies,neobank
2025-10-23,28.079999923706055,SOFI,SoFi Technologies,neobank
2025-10-24,29.010000228881836,SOFI,SoFi Technologies,neobank
2025-10-27,30.0,SOFI,SoFi Technologies,neobank
2025-10-28,31.65999984741211,SOFI,SoFi Technologies,neobank
2025-10-29,30.899999618530273,SOFI,SoFi Technologies,neobank
2025-10-30,29.030000686645508,SOFI,SoFi Technologies,neobank
2025-10-31,29.68000030517578,SOFI,SoFi Technologies,neobank
2025-11-03,30.6299991607666,SOFI,SoFi Technologies,neobank
2025-11-04,29.3700008392334,SOFI,SoFi Technologies,neobank
2025-11-05,30.06999969482422,SOFI,SoFi Technologies,neobank
2025-11-06,27.15999984741211,SOFI,SoFi Technologies,neobank
2025-11-07,28.209999084472656,SOFI,SoFi Technologies,neobank
2025-11-10,30.540000915527344,SOFI,SoFi Technologies,neobank
2025-11-11,30.950000762939453,SOFI,SoFi Technologies,neobank
2025-11-12,32.209999084472656,SOFI,SoFi Technologies,neobank
2025-11-13,28.389999389648438,SOFI,SoFi Technologies,neobank
2025-11-14,27.81999969482422,SOFI,SoFi Technologies,neobank
2025-11-17,27.040000915527344,SOFI,SoFi Technologies,neobank
2025-11-18,26.239999771118164,SOFI,SoFi Technologies,neobank
2025-11-19,26.719999313354492,SOFI,SoFi Technologies,neobank
2025-11-20,24.90999984741211,SOFI,SoFi Technologies,neobank
2025-11-21,25.190000534057617,SOFI,SoFi Technologies,neobank
2025-11-24,27.399999618530273,SOFI,SoFi Technologies,neobank
2025-11-25,28.329999923706055,SOFI,SoFi Technologies,neobank
2025-11-26,28.489999771118164,SOFI,SoFi Technologies,neobank
2025-11-28,29.719999313354492,SOFI,SoFi Technologies,neobank
2025-12-01,29.030000686645508,SOFI,SoFi Technologies,neobank
2025-12-02,29.510000228881836,SOFI,SoFi Technologies,neobank
2025-12-03,29.06999969482422,SOFI,SoFi Technologies,neobank
2025-12-04,29.600000381469727,SOFI,SoFi Technologies,neobank
2025-12-05,27.780000686645508,SOFI,SoFi Technologies,neobank
2025-12-08,27.610000610351562,SOFI,SoFi Technologies,neobank
2025-12-09,26.829999923706055,SOFI,SoFi Technologies,neobank
2025-12-10,27.09000015258789,SOFI,SoFi Technologies,neobank
2025-12-11,27.06999969482422,SOFI,SoFi Technologies,neobank
2025-12-12,27.280000686645508,SOFI,SoFi Technologies,neobank
2025-12-15,25.81999969482422,SOFI,SoFi Technologies,neobank
2025-12-16,26.579999923706055,SOFI,SoFi Technologies,neobank
2025-12-17,25.270000457763672,SOFI,SoFi Technologies,neobank
2025-12-18,26.290000915527344,SOFI,SoFi Technologies,neobank
2025-12-19,27.239999771118164,SOFI,SoFi Technologies,neobank
2025-12-22,27.350000381469727,SOFI,SoFi Technologies,neobank
2025-12-23,27.190000534057617,SOFI,SoFi Technologies,neobank
2025-12-24,27.479999542236328,SOFI,SoFi Technologies,neobank
2025-12-26,27.06999969482422,SOFI,SoFi Technologies,neobank
2025-12-29,26.81999969482422,SOFI,SoFi Technologies,neobank
2025-12-30,26.559999465942383,SOFI,SoFi Technologies,neobank
2025-12-31,26.18000030517578,SOFI,SoFi Technologies,neobank
2026-01-02,27.459999084472656,SOFI,SoFi Technologies,neobank
2026-01-05,29.280000686645508,SOFI,SoFi Technologies,neobank
2026-01-06,26.979999542236328,SOFI,SoFi Technologies,neobank
2026-01-07,27.0,SOFI,SoFi Technologies,neobank
2026-01-08,27.719999313354492,SOFI,SoFi Technologies,neobank
2026-01-09,27.399999618530273,SOFI,SoFi Technologies,neobank
2026-01-12,26.600000381469727,SOFI,SoFi Technologies,neobank
2026-01-13,27.139999389648438,SOFI,SoFi Technologies,neobank
2026-01-14,26.670000076293945,SOFI,SoFi Technologies,neobank
2026-01-15,26.440000534057617,SOFI,SoFi Technologies,neobank
2026-01-16,26.1299991607666,SOFI,SoFi Technologies,neobank
2026-01-20,25.489999771118164,SOFI,SoFi Technologies,neobank
2026-01-21,25.639999389648438,SOFI,SoFi Technologies,neobank
2026-01-22,26.09000015258789,SOFI,SoFi Technologies,neobank
2026-01-23,25.850000381469727,SOFI,SoFi Technologies,neobank
2026-01-26,25.799999237060547,SOFI,SoFi Technologies,neobank
2026-01-27,25.459999084472656,SOFI,SoFi Technologies,neobank
2026-01-28,24.600000381469727,SOFI,SoFi Technologies,neobank
2026-01-29,24.360000610351562,SOFI,SoFi Technologies,neobank
2026-01-30,22.809999465942383,SOFI,SoFi Technologies,neobank
2026-02-02,22.079999923706055,SOFI,SoFi Technologies,neobank
2026-02-03,21.760000228881836,SOFI,SoFi Technologies,neobank
2026-02-04,20.75,SOFI,SoFi Technologies,neobank
2026-02-05,19.459999084472656,SOFI,SoFi Technologies,neobank
2026-02-06,20.860000610351562,SOFI,SoFi Technologies,neobank
2026-02-09,21.350000381469727,SOFI,SoFi Technologies,neobank
2026-02-10,21.18000030517578,SOFI,SoFi Technologies,neobank
2026-02-11,20.549999237060547,SOFI,SoFi Technologies,neobank
2026-02-12,19.299999237060547,SOFI,SoFi Technologies,neobank
2026-02-13,19.610000610351562,SOFI,SoFi Technologies,neobank
2026-02-17,19.510000228881836,SOFI,SoFi Technologies,neobank
2026-02-18,19.540000915527344,SOFI,SoFi Technologies,neobank
2026-02-19,19.299999237060547,SOFI,SoFi Technologies,neobank
2026-02-20,19.020000457763672,SOFI,SoFi Technologies,neobank
2026-02-23,18.219999313354492,SOFI,SoFi Technologies,neobank
2026-02-24,18.65999984741211,SOFI,SoFi Technologies,neobank
2026-02-25,19.290000915527344,SOFI,SoFi Technologies,neobank
2026-02-26,19.100000381469727,SOFI,SoFi Technologies,neobank
2026-02-27,17.760000228881836,SOFI,SoFi Technologies,neobank
2026-03-02,18.389999389648438,SOFI,SoFi Technologies,neobank
2026-03-03,18.610000610351562,SOFI,SoFi Technologies,neobank
2026-03-04,18.700000762939453,SOFI,SoFi Technologies,neobank
2026-03-05,19.25,SOFI,SoFi Technologies,neobank
2026-03-06,18.899999618530273,SOFI,SoFi Technologies,neobank
2026-03-09,18.790000915527344,SOFI,SoFi Technologies,neobank
2026-03-10,18.290000915527344,SOFI,SoFi Technologies,neobank
2026-03-11,18.530000686645508,SOFI,SoFi Technologies,neobank
2026-03-12,17.700000762939453,SOFI,SoFi Technologies,neobank
2026-03-13,17.760000228881836,SOFI,SoFi Technologies,neobank
2026-03-16,17.6299991607666,SOFI,SoFi Technologies,neobank
2026-03-17,17.3700008392334,SOFI,SoFi Technologies,neobank
2026-03-18,17.18000030517578,SOFI,SoFi Technologies,neobank
2026-03-19,17.079999923706055,SOFI,SoFi Technologies,neobank
2026-03-20,16.899999618530273,SOFI,SoFi Technologies,neobank
2026-03-23,17.149999618530273,SOFI,SoFi Technologies,neobank
2026-03-24,16.700000762939453,SOFI,SoFi Technologies,neobank
2026-03-25,16.559999465942383,SOFI,SoFi Technologies,neobank
2026-03-26,15.869999885559082,SOFI,SoFi Technologies,neobank
2026-03-27,15.229999542236328,SOFI,SoFi Technologies,neobank
2026-03-30,15.149999618530273,SOFI,SoFi Technologies,neobank
2026-03-31,15.880000114440918,SOFI,SoFi Technologies,neobank
2026-04-01,15.630000114440918,SOFI,SoFi Technologies,neobank
2026-04-02,15.850000381469727,SOFI,SoFi Technologies,neobank
2026-04-06,16.270000457763672,SOFI,SoFi Technologies,neobank
2026-04-07,16.110000610351562,SOFI,SoFi Technologies,neobank
2026-04-08,16.489999771118164,SOFI,SoFi Technologies,neobank
2026-04-09,16.270000457763672,SOFI,SoFi Technologies,neobank
2026-04-10,16.219999313354492,SOFI,SoFi Technologies,neobank
2026-04-13,17.049999237060547,SOFI,SoFi Technologies,neobank
2026-04-14,17.90999984741211,SOFI,SoFi Technologies,neobank
2026-04-15,18.790000915527344,SOFI,SoFi Technologies,neobank
2026-04-16,19.030000686645508,SOFI,SoFi Technologies,neobank
2026-04-17,19.43000030517578,SOFI,SoFi Technologies,neobank
2026-04-20,19.5,SOFI,SoFi Technologies,neobank
2026-04-21,18.829999923706055,SOFI,SoFi Technologies,neobank
2026-04-22,19.059999465942383,SOFI,SoFi Technologies,neobank
2026-04-23,18.31999969482422,SOFI,SoFi Technologies,neobank
2026-04-24,18.440000534057617,SOFI,SoFi Technologies,neobank
2026-04-27,18.760000228881836,SOFI,SoFi Technologies,neobank
2026-04-28,18.360000610351562,SOFI,SoFi Technologies,neobank
2026-04-29,15.524999618530273,SOFI,SoFi Technologies,neobank
2026-04-30,16.100000381469727,SOFI,SoFi Technologies,neobank
2026-05-01,16.43000030517578,SOFI,SoFi Technologies,neobank
2026-05-04,16.200000762939453,SOFI,SoFi Technologies,neobank
2026-05-05,16.020000457763672,SOFI,SoFi Technologies,neobank
2026-05-06,16.299999237060547,SOFI,SoFi Technologies,neobank
2026-05-07,16.0,SOFI,SoFi Technologies,neobank
2026-05-08,15.75,SOFI,SoFi Technologies,neobank
2026-05-11,16.260000228881836,SOFI,SoFi Technologies,neobank
2026-05-12,15.899999618530273,SOFI,SoFi Technologies,neobank
2026-05-13,15.3100004196167,SOFI,SoFi Technologies,neobank
2026-05-14,16.020000457763672,SOFI,SoFi Technologies,neobank
2026-05-15,15.609999656677246,SOFI,SoFi Technologies,neobank
2026-05-18,15.710000038146973,SOFI,SoFi Technologies,neobank
2026-05-19,15.229999542236328,SOFI,SoFi Technologies,neobank
2026-05-20,15.6899995803833,SOFI,SoFi Technologies,neobank
2026-05-21,15.649999618530273,SOFI,SoFi Technologies,neobank
2026-05-22,15.619999885559082,SOFI,SoFi Technologies,neobank
2026-05-26,15.979999542236328,SOFI,SoFi Technologies,neobank
2026-05-27,16.170000076293945,SOFI,SoFi Technologies,neobank
2026-05-28,16.969999313354492,SOFI,SoFi Technologies,neobank
2026-05-29,18.219999313354492,SOFI,SoFi Technologies,neobank
2026-06-01,18.579999923706055,SOFI,SoFi Technologies,neobank
2026-06-02,17.739999771118164,SOFI,SoFi Technologies,neobank
2026-06-03,16.68000030517578,SOFI,SoFi Technologies,neobank
2026-06-04,17.149999618530273,SOFI,SoFi Technologies,neobank
2026-06-05,16.030000686645508,SOFI,SoFi Technologies,neobank
2026-06-08,16.5,SOFI,SoFi Technologies,neobank
2026-06-09,16.469999313354492,SOFI,SoFi Technologies,neobank
2026-06-10,15.869999885559082,SOFI,SoFi Technologies,neobank
2026-06-11,16.670000076293945,SOFI,SoFi Technologies,neobank
2026-06-12,16.579999923706055,SOFI,SoFi Technologies,neobank
2026-06-15,17.1299991607666,SOFI,SoFi Technologies,neobank
2026-06-16,17.709999084472656,SOFI,SoFi Technologies,neobank
2026-06-17,17.420000076293945,SOFI,SoFi Technologies,neobank
2026-06-18,17.90999984741211,SOFI,SoFi Technologies,neobank
2026-06-22,17.100000381469727,SOFI,SoFi Technologies,neobank
2026-06-23,17.290000915527344,SOFI,SoFi Technologies,neobank
2026-06-24,17.309999465942383,SOFI,SoFi Technologies,neobank
2026-06-25,17.299999237060547,SOFI,SoFi Technologies,neobank
2026-06-26,17.8799991607666,SOFI,SoFi Technologies,neobank
2026-06-29,18.190000534057617,SOFI,SoFi Technologies,neobank
2026-06-30,17.93000030517578,SOFI,SoFi Technologies,neobank
2026-07-01,18.440000534057617,SOFI,SoFi Technologies,neobank
2026-07-02,18.239999771118164,SOFI,SoFi Technologies,neobank
2026-07-06,18.610000610351562,SOFI,SoFi Technologies,neobank
2026-07-07,17.75,SOFI,SoFi Technologies,neobank
2026-07-08,17.729999542236328,SOFI,SoFi Technologies,neobank
2026-07-09,18.6200008392334,SOFI,SoFi Technologies,neobank
2026-07-10,18.780000686645508,SOFI,SoFi Technologies,neobank
2026-07-13,18.1299991607666,SOFI,SoFi Technologies,neobank
2026-07-14,18.549999237060547,SOFI,SoFi Technologies,neobank
2026-07-15,17.8700008392334,SOFI,SoFi Technologies,neobank
2026-07-16,17.31999969482422,SOFI,SoFi Technologies,neobank
2026-07-17,17.280000686645508,SOFI,SoFi Technologies,neobank
2026-07-20,17.010000228881836,SOFI,SoFi Technologies,neobank
2026-07-21,17.639999389648438,SOFI,SoFi Technologies,neobank
2026-07-22,17.06999969482422,SOFI,SoFi Technologies,neobank
2026-07-23,16.649999618530273,SOFI,SoFi Technologies,neobank
2026-07-24,16.459999084472656,SOFI,SoFi Technologies,neobank
2026-07-27,16.8799991607666,SOFI,SoFi Technologies,neobank
2026-07-28,16.739999771118164,SOFI,SoFi Technologies,neobank
2026-07-29,15.25,SOFI,SoFi Technologies,neobank
2026-07-30,16.469999313354492,SOFI,SoFi Technologies,neobank
2026-07-31,16.309999465942383,SOFI,SoFi Technologies,neobank
2021-12-09,10.329999923706055,NU,Nubank,neobank
2021-12-10,11.850000381469727,NU,Nubank,neobank
2021-12-13,10.8100004196167,NU,Nubank,neobank
2021-12-14,9.920000076293945,NU,Nubank,neobank
2021-12-15,10.010000228881836,NU,Nubank,neobank
2021-12-16,10.0,NU,Nubank,neobank
2021-12-17,9.800000190734863,NU,Nubank,neobank
2021-12-20,8.9399995803833,NU,Nubank,neobank
2021-12-21,9.229999542236328,NU,Nubank,neobank
2021-12-22,9.119999885559082,NU,Nubank,neobank
2021-12-23,9.829999923706055,NU,Nubank,neobank
2021-12-27,9.739999771118164,NU,Nubank,neobank
2021-12-28,9.399999618530273,NU,Nubank,neobank
2021-12-29,9.319999694824219,NU,Nubank,neobank
2021-12-30,9.399999618530273,NU,Nubank,neobank
2021-12-31,9.380000114440918,NU,Nubank,neobank
2022-01-03,9.979999542236328,NU,Nubank,neobank
2022-01-04,9.739999771118164,NU,Nubank,neobank
2022-01-05,9.039999961853027,NU,Nubank,neobank
2022-01-06,9.520000457763672,NU,Nubank,neobank
2022-01-07,9.359999656677246,NU,Nubank,neobank
2022-01-10,9.0,NU,Nubank,neobank
2022-01-11,9.34000015258789,NU,Nubank,neobank
2022-01-12,9.0,NU,Nubank,neobank
2022-01-13,8.670000076293945,NU,Nubank,neobank
2022-01-14,8.119999885559082,NU,Nubank,neobank
2022-01-18,7.690000057220459,NU,Nubank,neobank
2022-01-19,7.829999923706055,NU,Nubank,neobank
2022-01-20,7.949999809265137,NU,Nubank,neobank
2022-01-21,7.539999961853027,NU,Nubank,neobank
2022-01-24,7.260000228881836,NU,Nubank,neobank
2022-01-25,7.420000076293945,NU,Nubank,neobank
2022-01-26,7.070000171661377,NU,Nubank,neobank
2022-01-27,6.889999866485596,NU,Nubank,neobank
2022-01-28,6.75,NU,Nubank,neobank
2022-01-31,7.420000076293945,NU,Nubank,neobank
2022-02-01,7.559999942779541,NU,Nubank,neobank
2022-02-02,6.989999771118164,NU,Nubank,neobank
2022-02-03,6.789999961853027,NU,Nubank,neobank
2022-02-04,7.360000133514404,NU,Nubank,neobank
2022-02-07,7.769999980926514,NU,Nubank,neobank
2022-02-08,8.899999618530273,NU,Nubank,neobank
2022-02-09,10.199999809265137,NU,Nubank,neobank
2022-02-10,9.279999732971191,NU,Nubank,neobank
2022-02-11,8.539999961853027,NU,Nubank,neobank
2022-02-14,8.680000305175781,NU,Nubank,neobank
2022-02-15,9.149999618530273,NU,Nubank,neobank
2022-02-16,9.050000190734863,NU,Nubank,neobank
2022-02-17,10.09000015258789,NU,Nubank,neobank
2022-02-18,9.850000381469727,NU,Nubank,neobank
2022-02-22,8.800000190734863,NU,Nubank,neobank
2022-02-23,7.519999980926514,NU,Nubank,neobank
2022-02-24,7.940000057220459,NU,Nubank,neobank
2022-02-25,7.78000020980835,NU,Nubank,neobank
2022-02-28,7.650000095367432,NU,Nubank,neobank
2022-03-01,7.920000076293945,NU,Nubank,neobank
2022-03-02,7.769999980926514,NU,Nubank,neobank
2022-03-03,7.369999885559082,NU,Nubank,neobank
2022-03-04,7.159999847412109,NU,Nubank,neobank
2022-03-07,6.829999923706055,NU,Nubank,neobank
2022-03-08,7.579999923706055,NU,Nubank,neobank
2022-03-09,7.960000038146973,NU,Nubank,neobank
2022-03-10,7.050000190734863,NU,Nubank,neobank
2022-03-11,6.539999961853027,NU,Nubank,neobank
2022-03-14,5.929999828338623,NU,Nubank,neobank
2022-03-15,5.980000019073486,NU,Nubank,neobank
2022-03-16,6.880000114440918,NU,Nubank,neobank
2022-03-17,7.440000057220459,NU,Nubank,neobank
2022-03-18,7.860000133514404,NU,Nubank,neobank
2022-03-21,7.559999942779541,NU,Nubank,neobank
2022-03-22,8.020000457763672,NU,Nubank,neobank
2022-03-23,7.909999847412109,NU,Nubank,neobank
2022-03-24,8.149999618530273,NU,Nubank,neobank
2022-03-25,7.949999809265137,NU,Nubank,neobank
2022-03-28,8.0600004196167,NU,Nubank,neobank
2022-03-29,8.359999656677246,NU,Nubank,neobank
2022-03-30,8.0600004196167,NU,Nubank,neobank
2022-03-31,7.71999979019165,NU,Nubank,neobank
2022-04-01,8.0600004196167,NU,Nubank,neobank
2022-04-04,8.069999694824219,NU,Nubank,neobank
2022-04-05,7.849999904632568,NU,Nubank,neobank
2022-04-06,7.510000228881836,NU,Nubank,neobank
2022-04-07,7.309999942779541,NU,Nubank,neobank
2022-04-08,7.28000020980835,NU,Nubank,neobank
2022-04-11,7.400000095367432,NU,Nubank,neobank
2022-04-12,7.050000190734863,NU,Nubank,neobank
2022-04-13,7.159999847412109,NU,Nubank,neobank
2022-04-14,7.03000020980835,NU,Nubank,neobank
2022-04-18,6.889999866485596,NU,Nubank,neobank
2022-04-19,7.190000057220459,NU,Nubank,neobank
2022-04-20,7.159999847412109,NU,Nubank,neobank
2022-04-21,6.889999866485596,NU,Nubank,neobank
2022-04-22,6.679999828338623,NU,Nubank,neobank
2022-04-25,6.920000076293945,NU,Nubank,neobank
2022-04-26,6.309999942779541,NU,Nubank,neobank
2022-04-27,6.329999923706055,NU,Nubank,neobank
2022-04-28,6.159999847412109,NU,Nubank,neobank
2022-04-29,6.010000228881836,NU,Nubank,neobank
2022-05-02,5.960000038146973,NU,Nubank,neobank
2022-05-03,5.46999979019165,NU,Nubank,neobank
2022-05-04,5.769999980926514,NU,Nubank,neobank
2022-05-05,5.420000076293945,NU,Nubank,neobank
2022-05-06,5.230000019073486,NU,Nubank,neobank
2022-05-09,4.380000114440918,NU,Nubank,neobank
2022-05-10,4.369999885559082,NU,Nubank,neobank
2022-05-11,3.690000057220459,NU,Nubank,neobank
2022-05-12,4.0,NU,Nubank,neobank
2022-05-13,4.820000171661377,NU,Nubank,neobank
2022-05-16,4.349999904632568,NU,Nubank,neobank
2022-05-17,4.079999923706055,NU,Nubank,neobank
2022-05-18,3.819999933242798,NU,Nubank,neobank
2022-05-19,4.329999923706055,NU,Nubank,neobank
2022-05-20,3.809999942779541,NU,Nubank,neobank
2022-05-23,3.740000009536743,NU,Nubank,neobank
2022-05-24,3.3299999237060547,NU,Nubank,neobank
2022-05-25,3.5899999141693115,NU,Nubank,neobank
2022-05-26,3.5299999713897705,NU,Nubank,neobank
2022-05-27,4.03000020980835,NU,Nubank,neobank
2022-05-31,3.809999942779541,NU,Nubank,neobank
2022-06-01,3.819999933242798,NU,Nubank,neobank
2022-06-02,4.440000057220459,NU,Nubank,neobank
2022-06-03,4.5,NU,Nubank,neobank
2022-06-06,4.289999961853027,NU,Nubank,neobank
2022-06-07,4.320000171661377,NU,Nubank,neobank
2022-06-08,4.329999923706055,NU,Nubank,neobank
2022-06-09,3.859999895095825,NU,Nubank,neobank
2022-06-10,3.640000104904175,NU,Nubank,neobank
2022-06-13,3.509999990463257,NU,Nubank,neobank
2022-06-14,3.430000066757202,NU,Nubank,neobank
2022-06-15,3.5199999809265137,NU,Nubank,neobank
2022-06-16,3.309999942779541,NU,Nubank,neobank
2022-06-17,3.4700000286102295,NU,Nubank,neobank
2022-06-21,3.859999895095825,NU,Nubank,neobank
2022-06-22,3.940000057220459,NU,Nubank,neobank
2022-06-23,4.0,NU,Nubank,neobank
2022-06-24,4.059999942779541,NU,Nubank,neobank
2022-06-27,3.9800000190734863,NU,Nubank,neobank
2022-06-28,3.8399999141693115,NU,Nubank,neobank
2022-06-29,3.869999885559082,NU,Nubank,neobank
2022-06-30,3.740000009536743,NU,Nubank,neobank
2022-07-01,3.9100000858306885,NU,Nubank,neobank
2022-07-05,4.159999847412109,NU,Nubank,neobank
2022-07-06,4.059999942779541,NU,Nubank,neobank
2022-07-07,4.170000076293945,NU,Nubank,neobank
2022-07-08,3.9800000190734863,NU,Nubank,neobank
2022-07-11,3.7699999809265137,NU,Nubank,neobank
2022-07-12,3.950000047683716,NU,Nubank,neobank
2022-07-13,3.9800000190734863,NU,Nubank,neobank
2022-07-14,3.819999933242798,NU,Nubank,neobank
2022-07-15,3.8499999046325684,NU,Nubank,neobank
2022-07-18,3.890000104904175,NU,Nubank,neobank
2022-07-19,4.070000171661377,NU,Nubank,neobank
2022-07-20,4.619999885559082,NU,Nubank,neobank
2022-07-21,4.53000020980835,NU,Nubank,neobank
2022-07-22,4.21999979019165,NU,Nubank,neobank
2022-07-25,4.159999847412109,NU,Nubank,neobank
2022-07-26,3.7899999618530273,NU,Nubank,neobank
2022-07-27,4.039999961853027,NU,Nubank,neobank
2022-07-28,4.210000038146973,NU,Nubank,neobank
2022-07-29,4.210000038146973,NU,Nubank,neobank
2022-08-01,4.050000190734863,NU,Nubank,neobank
2022-08-02,4.090000152587891,NU,Nubank,neobank
2022-08-03,4.449999809265137,NU,Nubank,neobank
2022-08-04,4.670000076293945,NU,Nubank,neobank
2022-08-05,4.489999771118164,NU,Nubank,neobank
2022-08-08,4.75,NU,Nubank,neobank
2022-08-09,4.25,NU,Nubank,neobank
2022-08-10,4.420000076293945,NU,Nubank,neobank
2022-08-11,4.079999923706055,NU,Nubank,neobank
2022-08-12,4.25,NU,Nubank,neobank
2022-08-15,4.679999828338623,NU,Nubank,neobank
2022-08-16,5.519999980926514,NU,Nubank,neobank
2022-08-17,5.079999923706055,NU,Nubank,neobank
2022-08-18,5.039999961853027,NU,Nubank,neobank
2022-08-19,4.650000095367432,NU,Nubank,neobank
2022-08-22,4.53000020980835,NU,Nubank,neobank
2022-08-23,4.559999942779541,NU,Nubank,neobank
2022-08-24,4.949999809265137,NU,Nubank,neobank
2022-08-25,4.989999771118164,NU,Nubank,neobank
2022-08-26,4.940000057220459,NU,Nubank,neobank
2022-08-29,4.920000076293945,NU,Nubank,neobank
2022-08-30,4.889999866485596,NU,Nubank,neobank
2022-08-31,4.900000095367432,NU,Nubank,neobank
2022-09-01,4.900000095367432,NU,Nubank,neobank
2022-09-02,4.940000057220459,NU,Nubank,neobank
2022-09-06,4.71999979019165,NU,Nubank,neobank
2022-09-07,4.980000019073486,NU,Nubank,neobank
2022-09-08,5.059999942779541,NU,Nubank,neobank
2022-09-09,5.389999866485596,NU,Nubank,neobank
2022-09-12,5.510000228881836,NU,Nubank,neobank
2022-09-13,5.309999942779541,NU,Nubank,neobank
2022-09-14,5.420000076293945,NU,Nubank,neobank
2022-09-15,5.510000228881836,NU,Nubank,neobank
2022-09-16,5.28000020980835,NU,Nubank,neobank
2022-09-19,5.329999923706055,NU,Nubank,neobank
2022-09-20,5.21999979019165,NU,Nubank,neobank
2022-09-21,5.239999771118164,NU,Nubank,neobank
2022-09-22,4.980000019073486,NU,Nubank,neobank
2022-09-23,4.71999979019165,NU,Nubank,neobank
2022-09-26,4.510000228881836,NU,Nubank,neobank
2022-09-27,4.559999942779541,NU,Nubank,neobank
2022-09-28,4.809999942779541,NU,Nubank,neobank
2022-09-29,4.440000057220459,NU,Nubank,neobank
2022-09-30,4.400000095367432,NU,Nubank,neobank
2022-10-03,4.730000019073486,NU,Nubank,neobank
2022-10-04,4.920000076293945,NU,Nubank,neobank
2022-10-05,5.010000228881836,NU,Nubank,neobank
2022-10-06,4.690000057220459,NU,Nubank,neobank
2022-10-07,4.389999866485596,NU,Nubank,neobank
2022-10-10,4.289999961853027,NU,Nubank,neobank
2022-10-11,4.099999904632568,NU,Nubank,neobank
2022-10-12,4.110000133514404,NU,Nubank,neobank
2022-10-13,4.170000076293945,NU,Nubank,neobank
2022-10-14,4.119999885559082,NU,Nubank,neobank
2022-10-17,4.389999866485596,NU,Nubank,neobank
2022-10-18,4.400000095367432,NU,Nubank,neobank
2022-10-19,4.360000133514404,NU,Nubank,neobank
2022-10-20,4.380000114440918,NU,Nubank,neobank
2022-10-21,4.53000020980835,NU,Nubank,neobank
2022-10-24,4.300000190734863,NU,Nubank,neobank
2022-10-25,4.590000152587891,NU,Nubank,neobank
2022-10-26,4.389999866485596,NU,Nubank,neobank
2022-10-27,4.440000057220459,NU,Nubank,neobank
2022-10-28,4.590000152587891,NU,Nubank,neobank
2022-10-31,5.0,NU,Nubank,neobank
2022-11-01,5.090000152587891,NU,Nubank,neobank
2022-11-02,4.789999961853027,NU,Nubank,neobank
2022-11-03,4.929999828338623,NU,Nubank,neobank
2022-11-04,4.869999885559082,NU,Nubank,neobank
2022-11-07,4.809999942779541,NU,Nubank,neobank
2022-11-08,5.110000133514404,NU,Nubank,neobank
2022-11-09,4.690000057220459,NU,Nubank,neobank
2022-11-10,4.550000190734863,NU,Nubank,neobank
2022-11-11,4.440000057220459,NU,Nubank,neobank
2022-11-14,4.349999904632568,NU,Nubank,neobank
2022-11-15,4.909999847412109,NU,Nubank,neobank
2022-11-16,4.78000020980835,NU,Nubank,neobank
2022-11-17,4.380000114440918,NU,Nubank,neobank
2022-11-18,4.320000171661377,NU,Nubank,neobank
2022-11-21,4.309999942779541,NU,Nubank,neobank
2022-11-22,4.199999809265137,NU,Nubank,neobank
2022-11-23,4.440000057220459,NU,Nubank,neobank
2022-11-25,4.449999809265137,NU,Nubank,neobank
2022-11-28,4.21999979019165,NU,Nubank,neobank
2022-11-29,4.260000228881836,NU,Nubank,neobank
2022-11-30,4.449999809265137,NU,Nubank,neobank
2022-12-01,4.360000133514404,NU,Nubank,neobank
2022-12-02,4.460000038146973,NU,Nubank,neobank
2022-12-05,4.059999942779541,NU,Nubank,neobank
2022-12-06,4.059999942779541,NU,Nubank,neobank
2022-12-07,3.9700000286102295,NU,Nubank,neobank
2022-12-08,4.070000171661377,NU,Nubank,neobank
2022-12-09,3.930000066757202,NU,Nubank,neobank
2022-12-12,4.019999980926514,NU,Nubank,neobank
2022-12-13,3.880000114440918,NU,Nubank,neobank
2022-12-14,3.819999933242798,NU,Nubank,neobank
2022-12-15,3.740000009536743,NU,Nubank,neobank
2022-12-16,3.9000000953674316,NU,Nubank,neobank
2022-12-19,3.9100000858306885,NU,Nubank,neobank
2022-12-20,3.8299999237060547,NU,Nubank,neobank
2022-12-21,3.9100000858306885,NU,Nubank,neobank
2022-12-22,3.859999895095825,NU,Nubank,neobank
2022-12-23,3.890000104904175,NU,Nubank,neobank
2022-12-27,3.819999933242798,NU,Nubank,neobank
2022-12-28,3.9100000858306885,NU,Nubank,neobank
2022-12-29,4.059999942779541,NU,Nubank,neobank
2022-12-30,4.070000171661377,NU,Nubank,neobank
2023-01-03,3.559999942779541,NU,Nubank,neobank
2023-01-04,3.5199999809265137,NU,Nubank,neobank
2023-01-05,3.4800000190734863,NU,Nubank,neobank
2023-01-06,3.559999942779541,NU,Nubank,neobank
2023-01-09,3.6600000858306885,NU,Nubank,neobank
2023-01-10,3.6600000858306885,NU,Nubank,neobank
2023-01-11,3.7200000286102295,NU,Nubank,neobank
2023-01-12,3.6600000858306885,NU,Nubank,neobank
2023-01-13,3.680000066757202,NU,Nubank,neobank
2023-01-17,3.6700000762939453,NU,Nubank,neobank
2023-01-18,3.640000104904175,NU,Nubank,neobank
2023-01-19,3.619999885559082,NU,Nubank,neobank
2023-01-20,3.809999942779541,NU,Nubank,neobank
2023-01-23,3.9200000762939453,NU,Nubank,neobank
2023-01-24,4.03000020980835,NU,Nubank,neobank
2023-01-25,4.119999885559082,NU,Nubank,neobank
2023-01-26,4.230000019073486,NU,Nubank,neobank
2023-01-27,4.369999885559082,NU,Nubank,neobank
2023-01-30,4.400000095367432,NU,Nubank,neobank
2023-01-31,4.650000095367432,NU,Nubank,neobank
2023-02-01,4.769999980926514,NU,Nubank,neobank
2023-02-02,4.920000076293945,NU,Nubank,neobank
2023-02-03,4.900000095367432,NU,Nubank,neobank
2023-02-06,4.900000095367432,NU,Nubank,neobank
2023-02-07,4.909999847412109,NU,Nubank,neobank
2023-02-08,5.010000228881836,NU,Nubank,neobank
2023-02-09,4.829999923706055,NU,Nubank,neobank
2023-02-10,4.739999771118164,NU,Nubank,neobank
2023-02-13,4.869999885559082,NU,Nubank,neobank
2023-02-14,5.0,NU,Nubank,neobank
2023-02-15,5.239999771118164,NU,Nubank,neobank
2023-02-16,5.340000152587891,NU,Nubank,neobank
2023-02-17,4.989999771118164,NU,Nubank,neobank
2023-02-21,4.760000228881836,NU,Nubank,neobank
2023-02-22,4.829999923706055,NU,Nubank,neobank
2023-02-23,4.889999866485596,NU,Nubank,neobank
2023-02-24,4.940000057220459,NU,Nubank,neobank
2023-02-27,4.96999979019165,NU,Nubank,neobank
2023-02-28,5.039999961853027,NU,Nubank,neobank
2023-03-01,4.860000133514404,NU,Nubank,neobank
2023-03-02,4.670000076293945,NU,Nubank,neobank
2023-03-03,4.679999828338623,NU,Nubank,neobank
2023-03-06,4.949999809265137,NU,Nubank,neobank
2023-03-07,4.829999923706055,NU,Nubank,neobank
2023-03-08,4.989999771118164,NU,Nubank,neobank
2023-03-09,4.739999771118164,NU,Nubank,neobank
2023-03-10,4.489999771118164,NU,Nubank,neobank
2023-03-13,4.519999980926514,NU,Nubank,neobank
2023-03-14,4.480000019073486,NU,Nubank,neobank
2023-03-15,4.440000057220459,NU,Nubank,neobank
2023-03-16,4.610000133514404,NU,Nubank,neobank
2023-03-17,4.690000057220459,NU,Nubank,neobank
2023-03-20,4.429999828338623,NU,Nubank,neobank
2023-03-21,4.429999828338623,NU,Nubank,neobank
2023-03-22,4.320000171661377,NU,Nubank,neobank
2023-03-23,4.260000228881836,NU,Nubank,neobank
2023-03-24,4.170000076293945,NU,Nubank,neobank
2023-03-27,4.400000095367432,NU,Nubank,neobank
2023-03-28,4.360000133514404,NU,Nubank,neobank
2023-03-29,4.579999923706055,NU,Nubank,neobank
2023-03-30,4.809999942779541,NU,Nubank,neobank
2023-03-31,4.760000228881836,NU,Nubank,neobank
2023-04-03,4.519999980926514,NU,Nubank,neobank
2023-04-04,4.550000190734863,NU,Nubank,neobank
2023-04-05,4.480000019073486,NU,Nubank,neobank
2023-04-06,4.480000019073486,NU,Nubank,neobank
2023-04-10,4.519999980926514,NU,Nubank,neobank
2023-04-11,4.570000171661377,NU,Nubank,neobank
2023-04-12,4.420000076293945,NU,Nubank,neobank
2023-04-13,4.670000076293945,NU,Nubank,neobank
2023-04-14,4.659999847412109,NU,Nubank,neobank
2023-04-17,4.550000190734863,NU,Nubank,neobank
2023-04-18,4.860000133514404,NU,Nubank,neobank
2023-04-19,4.860000133514404,NU,Nubank,neobank
2023-04-20,4.889999866485596,NU,Nubank,neobank
2023-04-21,4.989999771118164,NU,Nubank,neobank
2023-04-24,4.920000076293945,NU,Nubank,neobank
2023-04-25,4.920000076293945,NU,Nubank,neobank
2023-04-26,4.940000057220459,NU,Nubank,neobank
2023-04-27,5.050000190734863,NU,Nubank,neobank
2023-04-28,5.159999847412109,NU,Nubank,neobank
2023-05-01,5.360000133514404,NU,Nubank,neobank
2023-05-02,5.190000057220459,NU,Nubank,neobank
2023-05-03,5.179999828338623,NU,Nubank,neobank
2023-05-04,5.239999771118164,NU,Nubank,neobank
2023-05-05,5.460000038146973,NU,Nubank,neobank
2023-05-08,5.920000076293945,NU,Nubank,neobank
2023-05-09,5.820000171661377,NU,Nubank,neobank
2023-05-10,5.909999847412109,NU,Nubank,neobank
2023-05-11,5.909999847412109,NU,Nubank,neobank
2023-05-12,5.809999942779541,NU,Nubank,neobank
2023-05-15,6.090000152587891,NU,Nubank,neobank
2023-05-16,6.099999904632568,NU,Nubank,neobank
2023-05-17,6.179999828338623,NU,Nubank,neobank
2023-05-18,6.389999866485596,NU,Nubank,neobank
2023-05-19,6.519999980926514,NU,Nubank,neobank
2023-05-22,6.639999866485596,NU,Nubank,neobank
2023-05-23,6.840000152587891,NU,Nubank,neobank
2023-05-24,6.809999942779541,NU,Nubank,neobank
2023-05-25,6.909999847412109,NU,Nubank,neobank
2023-05-26,6.789999961853027,NU,Nubank,neobank
2023-05-30,6.75,NU,Nubank,neobank
2023-05-31,6.739999771118164,NU,Nubank,neobank
2023-06-01,6.829999923706055,NU,Nubank,neobank
2023-06-02,6.96999979019165,NU,Nubank,neobank
2023-06-05,6.920000076293945,NU,Nubank,neobank
2023-06-06,7.130000114440918,NU,Nubank,neobank
2023-06-07,7.389999866485596,NU,Nubank,neobank
2023-06-08,7.269999980926514,NU,Nubank,neobank
2023-06-09,7.489999771118164,NU,Nubank,neobank
2023-06-12,7.619999885559082,NU,Nubank,neobank
2023-06-13,7.539999961853027,NU,Nubank,neobank
2023-06-14,7.349999904632568,NU,Nubank,neobank
2023-06-15,7.409999847412109,NU,Nubank,neobank
2023-06-16,7.539999961853027,NU,Nubank,neobank
2023-06-20,7.679999828338623,NU,Nubank,neobank
2023-06-21,7.710000038146973,NU,Nubank,neobank
2023-06-22,7.489999771118164,NU,Nubank,neobank
2023-06-23,7.559999942779541,NU,Nubank,neobank
2023-06-26,7.309999942779541,NU,Nubank,neobank
2023-06-27,7.650000095367432,NU,Nubank,neobank
2023-06-28,7.800000190734863,NU,Nubank,neobank
2023-06-29,7.789999961853027,NU,Nubank,neobank
2023-06-30,7.889999866485596,NU,Nubank,neobank
2023-07-03,7.960000038146973,NU,Nubank,neobank
2023-07-05,7.880000114440918,NU,Nubank,neobank
2023-07-06,7.670000076293945,NU,Nubank,neobank
2023-07-07,7.78000020980835,NU,Nubank,neobank
2023-07-10,7.820000171661377,NU,Nubank,neobank
2023-07-11,7.809999942779541,NU,Nubank,neobank
2023-07-12,7.900000095367432,NU,Nubank,neobank
2023-07-13,8.180000305175781,NU,Nubank,neobank
2023-07-14,7.71999979019165,NU,Nubank,neobank
2023-07-17,7.869999885559082,NU,Nubank,neobank
2023-07-18,7.639999866485596,NU,Nubank,neobank
2023-07-19,7.619999885559082,NU,Nubank,neobank
2023-07-20,7.699999809265137,NU,Nubank,neobank
2023-07-21,7.920000076293945,NU,Nubank,neobank
2023-07-24,7.860000133514404,NU,Nubank,neobank
2023-07-25,7.840000152587891,NU,Nubank,neobank
2023-07-26,7.849999904632568,NU,Nubank,neobank
2023-07-27,7.78000020980835,NU,Nubank,neobank
2023-07-28,7.900000095367432,NU,Nubank,neobank
2023-07-31,7.960000038146973,NU,Nubank,neobank
2023-08-01,7.909999847412109,NU,Nubank,neobank
2023-08-02,7.809999942779541,NU,Nubank,neobank
2023-08-03,7.769999980926514,NU,Nubank,neobank
2023-08-04,7.849999904632568,NU,Nubank,neobank
2023-08-07,7.840000152587891,NU,Nubank,neobank
2023-08-08,7.989999771118164,NU,Nubank,neobank
2023-08-09,7.829999923706055,NU,Nubank,neobank
2023-08-10,7.739999771118164,NU,Nubank,neobank
2023-08-11,7.760000228881836,NU,Nubank,neobank
2023-08-14,7.940000057220459,NU,Nubank,neobank
2023-08-15,7.909999847412109,NU,Nubank,neobank
2023-08-16,7.639999866485596,NU,Nubank,neobank
2023-08-17,7.139999866485596,NU,Nubank,neobank
2023-08-18,7.210000038146973,NU,Nubank,neobank
2023-08-21,7.349999904632568,NU,Nubank,neobank
2023-08-22,7.349999904632568,NU,Nubank,neobank
2023-08-23,7.25,NU,Nubank,neobank
2023-08-24,7.070000171661377,NU,Nubank,neobank
2023-08-25,7.110000133514404,NU,Nubank,neobank
2023-08-28,6.960000038146973,NU,Nubank,neobank
2023-08-29,6.940000057220459,NU,Nubank,neobank
2023-08-30,7.039999961853027,NU,Nubank,neobank
2023-08-31,6.849999904632568,NU,Nubank,neobank
2023-09-01,7.110000133514404,NU,Nubank,neobank
2023-09-05,6.809999942779541,NU,Nubank,neobank
2023-09-06,6.900000095367432,NU,Nubank,neobank
2023-09-07,6.829999923706055,NU,Nubank,neobank
2023-09-08,6.809999942779541,NU,Nubank,neobank
2023-09-11,7.380000114440918,NU,Nubank,neobank
2023-09-12,7.460000038146973,NU,Nubank,neobank
2023-09-13,7.550000190734863,NU,Nubank,neobank
2023-09-14,7.53000020980835,NU,Nubank,neobank
2023-09-15,7.360000133514404,NU,Nubank,neobank
2023-09-18,7.289999961853027,NU,Nubank,neobank
2023-09-19,7.210000038146973,NU,Nubank,neobank
2023-09-20,7.010000228881836,NU,Nubank,neobank
2023-09-21,6.880000114440918,NU,Nubank,neobank
2023-09-22,6.849999904632568,NU,Nubank,neobank
2023-09-25,6.940000057220459,NU,Nubank,neobank
2023-09-26,6.809999942779541,NU,Nubank,neobank
2023-09-27,7.099999904632568,NU,Nubank,neobank
2023-09-28,7.289999961853027,NU,Nubank,neobank
2023-09-29,7.25,NU,Nubank,neobank
2023-10-02,7.050000190734863,NU,Nubank,neobank
2023-10-03,6.840000152587891,NU,Nubank,neobank
2023-10-04,7.03000020980835,NU,Nubank,neobank
2023-10-05,7.139999866485596,NU,Nubank,neobank
2023-10-06,7.380000114440918,NU,Nubank,neobank
2023-10-09,7.309999942779541,NU,Nubank,neobank
2023-10-10,7.599999904632568,NU,Nubank,neobank
2023-10-11,7.840000152587891,NU,Nubank,neobank
2023-10-12,7.789999961853027,NU,Nubank,neobank
2023-10-13,7.760000228881836,NU,Nubank,neobank
2023-10-16,7.900000095367432,NU,Nubank,neobank
2023-10-17,7.880000114440918,NU,Nubank,neobank
2023-10-18,7.710000038146973,NU,Nubank,neobank
2023-10-19,8.229999542236328,NU,Nubank,neobank
2023-10-20,8.170000076293945,NU,Nubank,neobank
2023-10-23,8.15999984741211,NU,Nubank,neobank
2023-10-24,8.079999923706055,NU,Nubank,neobank
2023-10-25,7.980000019073486,NU,Nubank,neobank
2023-10-26,7.989999771118164,NU,Nubank,neobank
2023-10-27,8.010000228881836,NU,Nubank,neobank
2023-10-30,8.079999923706055,NU,Nubank,neobank
2023-10-31,8.199999809265137,NU,Nubank,neobank
2023-11-01,8.300000190734863,NU,Nubank,neobank
2023-11-02,8.229999542236328,NU,Nubank,neobank
2023-11-03,8.479999542236328,NU,Nubank,neobank
2023-11-06,8.3100004196167,NU,Nubank,neobank
2023-11-07,8.449999809265137,NU,Nubank,neobank
2023-11-08,8.329999923706055,NU,Nubank,neobank
2023-11-09,8.260000228881836,NU,Nubank,neobank
2023-11-10,8.520000457763672,NU,Nubank,neobank
2023-11-13,8.449999809265137,NU,Nubank,neobank
2023-11-14,8.829999923706055,NU,Nubank,neobank
2023-11-15,8.170000076293945,NU,Nubank,neobank
2023-11-16,7.849999904632568,NU,Nubank,neobank
2023-11-17,8.069999694824219,NU,Nubank,neobank
2023-11-20,8.149999618530273,NU,Nubank,neobank
2023-11-21,8.15999984741211,NU,Nubank,neobank
2023-11-22,8.100000381469727,NU,Nubank,neobank
2023-11-24,8.210000038146973,NU,Nubank,neobank
2023-11-27,8.15999984741211,NU,Nubank,neobank
2023-11-28,8.100000381469727,NU,Nubank,neobank
2023-11-29,8.220000267028809,NU,Nubank,neobank
2023-11-30,8.140000343322754,NU,Nubank,neobank
2023-12-01,8.300000190734863,NU,Nubank,neobank
2023-12-04,8.180000305175781,NU,Nubank,neobank
2023-12-05,8.210000038146973,NU,Nubank,neobank
2023-12-06,8.149999618530273,NU,Nubank,neobank
2023-12-07,8.140000343322754,NU,Nubank,neobank
2023-12-08,8.220000267028809,NU,Nubank,neobank
2023-12-11,8.180000305175781,NU,Nubank,neobank
2023-12-12,8.199999809265137,NU,Nubank,neobank
2023-12-13,8.550000190734863,NU,Nubank,neobank
2023-12-14,8.4399995803833,NU,Nubank,neobank
2023-12-15,8.300000190734863,NU,Nubank,neobank
2023-12-18,8.329999923706055,NU,Nubank,neobank
2023-12-19,8.4399995803833,NU,Nubank,neobank
2023-12-20,8.100000381469727,NU,Nubank,neobank
2023-12-21,8.229999542236328,NU,Nubank,neobank
2023-12-22,8.220000267028809,NU,Nubank,neobank
2023-12-26,8.300000190734863,NU,Nubank,neobank
2023-12-27,8.329999923706055,NU,Nubank,neobank
2023-12-28,8.369999885559082,NU,Nubank,neobank
2023-12-29,8.329999923706055,NU,Nubank,neobank
2024-01-02,8.130000114440918,NU,Nubank,neobank
2024-01-03,8.09000015258789,NU,Nubank,neobank
2024-01-04,8.239999771118164,NU,Nubank,neobank
2024-01-05,8.569999694824219,NU,Nubank,neobank
2024-01-08,8.890000343322754,NU,Nubank,neobank
2024-01-09,8.930000305175781,NU,Nubank,neobank
2024-01-10,9.079999923706055,NU,Nubank,neobank
2024-01-11,9.069999694824219,NU,Nubank,neobank
2024-01-12,9.260000228881836,NU,Nubank,neobank
2024-01-16,9.170000076293945,NU,Nubank,neobank
2024-01-17,9.09000015258789,NU,Nubank,neobank
2024-01-18,9.050000190734863,NU,Nubank,neobank
2024-01-19,9.170000076293945,NU,Nubank,neobank
2024-01-22,8.920000076293945,NU,Nubank,neobank
2024-01-23,8.949999809265137,NU,Nubank,neobank
2024-01-24,9.0,NU,Nubank,neobank
2024-01-25,9.329999923706055,NU,Nubank,neobank
2024-01-26,9.5,NU,Nubank,neobank
2024-01-29,9.369999885559082,NU,Nubank,neobank
2024-01-30,8.779999732971191,NU,Nubank,neobank
2024-01-31,8.609999656677246,NU,Nubank,neobank
2024-02-01,9.010000228881836,NU,Nubank,neobank
2024-02-02,9.369999885559082,NU,Nubank,neobank
2024-02-05,9.270000457763672,NU,Nubank,neobank
2024-02-06,9.380000114440918,NU,Nubank,neobank
2024-02-07,9.5600004196167,NU,Nubank,neobank
2024-02-08,9.640000343322754,NU,Nubank,neobank
2024-02-09,9.890000343322754,NU,Nubank,neobank
2024-02-12,9.880000114440918,NU,Nubank,neobank
2024-02-13,9.920000076293945,NU,Nubank,neobank
2024-02-14,10.369999885559082,NU,Nubank,neobank
2024-02-15,10.460000038146973,NU,Nubank,neobank
2024-02-16,10.359999656677246,NU,Nubank,neobank
2024-02-20,10.260000228881836,NU,Nubank,neobank
2024-02-21,10.09000015258789,NU,Nubank,neobank
2024-02-22,10.359999656677246,NU,Nubank,neobank
2024-02-23,10.220000267028809,NU,Nubank,neobank
2024-02-26,10.720000267028809,NU,Nubank,neobank
2024-02-27,11.140000343322754,NU,Nubank,neobank
2024-02-28,11.069999694824219,NU,Nubank,neobank
2024-02-29,11.079999923706055,NU,Nubank,neobank
2024-03-01,11.270000457763672,NU,Nubank,neobank
2024-03-04,11.140000343322754,NU,Nubank,neobank
2024-03-05,11.100000381469727,NU,Nubank,neobank
2024-03-06,11.25,NU,Nubank,neobank
2024-03-07,11.510000228881836,NU,Nubank,neobank
2024-03-08,11.069999694824219,NU,Nubank,neobank
2024-03-11,11.550000190734863,NU,Nubank,neobank
2024-03-12,11.40999984741211,NU,Nubank,neobank
2024-03-13,11.59000015258789,NU,Nubank,neobank
2024-03-14,11.619999885559082,NU,Nubank,neobank
2024-03-15,11.609999656677246,NU,Nubank,neobank
2024-03-18,11.789999961853027,NU,Nubank,neobank
2024-03-19,11.850000381469727,NU,Nubank,neobank
2024-03-20,12.130000114440918,NU,Nubank,neobank
2024-03-21,12.239999771118164,NU,Nubank,neobank
2024-03-22,12.25,NU,Nubank,neobank
2024-03-25,12.170000076293945,NU,Nubank,neobank
2024-03-26,12.229999542236328,NU,Nubank,neobank
2024-03-27,11.949999809265137,NU,Nubank,neobank
2024-03-28,11.930000305175781,NU,Nubank,neobank
2024-04-01,11.819999694824219,NU,Nubank,neobank
2024-04-02,11.859999656677246,NU,Nubank,neobank
2024-04-03,11.90999984741211,NU,Nubank,neobank
2024-04-04,11.789999961853027,NU,Nubank,neobank
2024-04-05,11.979999542236328,NU,Nubank,neobank
2024-04-08,11.989999771118164,NU,Nubank,neobank
2024-04-09,11.819999694824219,NU,Nubank,neobank
2024-04-10,11.569999694824219,NU,Nubank,neobank
2024-04-11,11.550000190734863,NU,Nubank,neobank
2024-04-12,11.289999961853027,NU,Nubank,neobank
2024-04-15,10.949999809265137,NU,Nubank,neobank
2024-04-16,10.84000015258789,NU,Nubank,neobank
2024-04-17,10.789999961853027,NU,Nubank,neobank
2024-04-18,10.65999984741211,NU,Nubank,neobank
2024-04-19,10.479999542236328,NU,Nubank,neobank
2024-04-22,10.609999656677246,NU,Nubank,neobank
2024-04-23,10.920000076293945,NU,Nubank,neobank
2024-04-24,10.770000457763672,NU,Nubank,neobank
2024-04-25,10.869999885559082,NU,Nubank,neobank
2024-04-26,11.050000190734863,NU,Nubank,neobank
2024-04-29,11.010000228881836,NU,Nubank,neobank
2024-04-30,10.859999656677246,NU,Nubank,neobank
2024-05-01,10.880000114440918,NU,Nubank,neobank
2024-05-02,10.960000038146973,NU,Nubank,neobank
2024-05-03,11.680000305175781,NU,Nubank,neobank
2024-05-06,12.0,NU,Nubank,neobank
2024-05-07,11.989999771118164,NU,Nubank,neobank
2024-05-08,12.0,NU,Nubank,neobank
2024-05-09,11.789999961853027,NU,Nubank,neobank
2024-05-10,11.760000228881836,NU,Nubank,neobank
2024-05-13,11.380000114440918,NU,Nubank,neobank
2024-05-14,11.550000190734863,NU,Nubank,neobank
2024-05-15,12.09000015258789,NU,Nubank,neobank
2024-05-16,11.710000038146973,NU,Nubank,neobank
2024-05-17,11.65999984741211,NU,Nubank,neobank
2024-05-20,11.670000076293945,NU,Nubank,neobank
2024-05-21,12.020000457763672,NU,Nubank,neobank
2024-05-22,11.699999809265137,NU,Nubank,neobank
2024-05-23,11.569999694824219,NU,Nubank,neobank
2024-05-24,11.729999542236328,NU,Nubank,neobank
2024-05-28,12.180000305175781,NU,Nubank,neobank
2024-05-29,11.710000038146973,NU,Nubank,neobank
2024-05-30,12.170000076293945,NU,Nubank,neobank
2024-05-31,11.880000114440918,NU,Nubank,neobank
2024-06-03,11.75,NU,Nubank,neobank
2024-06-04,11.40999984741211,NU,Nubank,neobank
2024-06-05,11.710000038146973,NU,Nubank,neobank
2024-06-06,12.140000343322754,NU,Nubank,neobank
2024-06-07,11.890000343322754,NU,Nubank,neobank
2024-06-10,11.819999694824219,NU,Nubank,neobank
2024-06-11,11.65999984741211,NU,Nubank,neobank
2024-06-12,11.579999923706055,NU,Nubank,neobank
2024-06-13,11.619999885559082,NU,Nubank,neobank
2024-06-14,11.760000228881836,NU,Nubank,neobank
2024-06-17,11.829999923706055,NU,Nubank,neobank
2024-06-18,11.6899995803833,NU,Nubank,neobank
2024-06-20,12.079999923706055,NU,Nubank,neobank
2024-06-21,12.25,NU,Nubank,neobank
2024-06-24,11.859999656677246,NU,Nubank,neobank
2024-06-25,12.5,NU,Nubank,neobank
2024-06-26,12.680000305175781,NU,Nubank,neobank
2024-06-27,12.920000076293945,NU,Nubank,neobank
2024-06-28,12.890000343322754,NU,Nubank,neobank
2024-07-01,12.359999656677246,NU,Nubank,neobank
2024-07-02,12.350000381469727,NU,Nubank,neobank
2024-07-03,12.430000305175781,NU,Nubank,neobank
2024-07-05,12.819999694824219,NU,Nubank,neobank
2024-07-08,12.84000015258789,NU,Nubank,neobank
2024-07-09,13.149999618530273,NU,Nubank,neobank
2024-07-10,13.210000038146973,NU,Nubank,neobank
2024-07-11,13.25,NU,Nubank,neobank
2024-07-12,13.40999984741211,NU,Nubank,neobank
2024-07-15,13.34000015258789,NU,Nubank,neobank
2024-07-16,13.579999923706055,NU,Nubank,neobank
2024-07-17,13.220000267028809,NU,Nubank,neobank
2024-07-18,13.109999656677246,NU,Nubank,neobank
2024-07-19,13.470000267028809,NU,Nubank,neobank
2024-07-22,12.989999771118164,NU,Nubank,neobank
2024-07-23,12.869999885559082,NU,Nubank,neobank
2024-07-24,12.539999961853027,NU,Nubank,neobank
2024-07-25,12.369999885559082,NU,Nubank,neobank
2024-07-26,12.40999984741211,NU,Nubank,neobank
2024-07-29,12.220000267028809,NU,Nubank,neobank
2024-07-30,12.020000457763672,NU,Nubank,neobank
2024-07-31,12.130000114440918,NU,Nubank,neobank
2024-08-01,11.520000457763672,NU,Nubank,neobank
2024-08-02,10.920000076293945,NU,Nubank,neobank
2024-08-05,10.710000038146973,NU,Nubank,neobank
2024-08-06,11.0600004196167,NU,Nubank,neobank
2024-08-07,11.130000114440918,NU,Nubank,neobank
2024-08-08,11.890000343322754,NU,Nubank,neobank
2024-08-09,12.399999618530273,NU,Nubank,neobank
2024-08-12,12.5,NU,Nubank,neobank
2024-08-13,12.710000038146973,NU,Nubank,neobank
2024-08-14,13.380000114440918,NU,Nubank,neobank
2024-08-15,13.779999732971191,NU,Nubank,neobank
2024-08-16,14.09000015258789,NU,Nubank,neobank
2024-08-19,14.449999809265137,NU,Nubank,neobank
2024-08-20,14.449999809265137,NU,Nubank,neobank
2024-08-21,14.399999618530273,NU,Nubank,neobank
2024-08-22,14.210000038146973,NU,Nubank,neobank
2024-08-23,14.420000076293945,NU,Nubank,neobank
2024-08-26,14.630000114440918,NU,Nubank,neobank
2024-08-27,14.699999809265137,NU,Nubank,neobank
2024-08-28,14.300000190734863,NU,Nubank,neobank
2024-08-29,14.229999542236328,NU,Nubank,neobank
2024-08-30,14.970000267028809,NU,Nubank,neobank
2024-09-03,14.84000015258789,NU,Nubank,neobank
2024-09-04,14.239999771118164,NU,Nubank,neobank
2024-09-05,14.34000015258789,NU,Nubank,neobank
2024-09-06,13.699999809265137,NU,Nubank,neobank
2024-09-09,13.8100004196167,NU,Nubank,neobank
2024-09-10,13.729999542236328,NU,Nubank,neobank
2024-09-11,14.279999732971191,NU,Nubank,neobank
2024-09-12,14.510000228881836,NU,Nubank,neobank
2024-09-13,14.739999771118164,NU,Nubank,neobank
2024-09-16,14.890000343322754,NU,Nubank,neobank
2024-09-17,15.140000343322754,NU,Nubank,neobank
2024-09-18,14.850000381469727,NU,Nubank,neobank
2024-09-19,14.800000190734863,NU,Nubank,neobank
2024-09-20,14.630000114440918,NU,Nubank,neobank
2024-09-23,14.6899995803833,NU,Nubank,neobank
2024-09-24,14.800000190734863,NU,Nubank,neobank
2024-09-25,14.779999732971191,NU,Nubank,neobank
2024-09-26,13.819999694824219,NU,Nubank,neobank
2024-09-27,13.869999885559082,NU,Nubank,neobank
2024-09-30,13.649999618530273,NU,Nubank,neobank
2024-10-01,13.430000305175781,NU,Nubank,neobank
2024-10-02,13.220000267028809,NU,Nubank,neobank
2024-10-03,13.100000381469727,NU,Nubank,neobank
2024-10-04,13.229999542236328,NU,Nubank,neobank
2024-10-07,13.149999618530273,NU,Nubank,neobank
2024-10-08,13.470000267028809,NU,Nubank,neobank
2024-10-09,13.329999923706055,NU,Nubank,neobank
2024-10-10,13.430000305175781,NU,Nubank,neobank
2024-10-11,13.710000038146973,NU,Nubank,neobank
2024-10-14,14.680000305175781,NU,Nubank,neobank
2024-10-15,14.180000305175781,NU,Nubank,neobank
2024-10-16,14.109999656677246,NU,Nubank,neobank
2024-10-17,14.15999984741211,NU,Nubank,neobank
2024-10-18,14.449999809265137,NU,Nubank,neobank
2024-10-21,14.539999961853027,NU,Nubank,neobank
2024-10-22,14.539999961853027,NU,Nubank,neobank
2024-10-23,14.75,NU,Nubank,neobank
2024-10-24,15.020000457763672,NU,Nubank,neobank
2024-10-25,14.9399995803833,NU,Nubank,neobank
2024-10-28,15.479999542236328,NU,Nubank,neobank
2024-10-29,15.65999984741211,NU,Nubank,neobank
2024-10-30,15.729999542236328,NU,Nubank,neobank
2024-10-31,15.09000015258789,NU,Nubank,neobank
2024-11-01,14.34000015258789,NU,Nubank,neobank
2024-11-04,14.369999885559082,NU,Nubank,neobank
2024-11-05,14.670000076293945,NU,Nubank,neobank
2024-11-06,15.029999732971191,NU,Nubank,neobank
2024-11-07,15.220000267028809,NU,Nubank,neobank
2024-11-08,15.229999542236328,NU,Nubank,neobank
2024-11-11,15.890000343322754,NU,Nubank,neobank
2024-11-12,15.84000015258789,NU,Nubank,neobank
2024-11-13,15.640000343322754,NU,Nubank,neobank
2024-11-14,15.1899995803833,NU,Nubank,neobank
2024-11-15,14.0600004196167,NU,Nubank,neobank
2024-11-18,13.649999618530273,NU,Nubank,neobank
2024-11-19,13.460000038146973,NU,Nubank,neobank
2024-11-20,13.319999694824219,NU,Nubank,neobank
2024-11-21,13.399999618530273,NU,Nubank,neobank
2024-11-22,13.90999984741211,NU,Nubank,neobank
2024-11-25,14.229999542236328,NU,Nubank,neobank
2024-11-26,13.9399995803833,NU,Nubank,neobank
2024-11-27,13.529999732971191,NU,Nubank,neobank
2024-11-29,12.529999732971191,NU,Nubank,neobank
2024-12-02,12.0,NU,Nubank,neobank
2024-12-03,11.670000076293945,NU,Nubank,neobank
2024-12-04,12.0,NU,Nubank,neobank
2024-12-05,11.960000038146973,NU,Nubank,neobank
2024-12-06,12.029999732971191,NU,Nubank,neobank
2024-12-09,11.930000305175781,NU,Nubank,neobank
2024-12-10,11.760000228881836,NU,Nubank,neobank
2024-12-11,12.260000228881836,NU,Nubank,neobank
2024-12-12,11.989999771118164,NU,Nubank,neobank
2024-12-13,11.9399995803833,NU,Nubank,neobank
2024-12-16,11.739999771118164,NU,Nubank,neobank
2024-12-17,11.699999809265137,NU,Nubank,neobank
2024-12-18,10.399999618530273,NU,Nubank,neobank
2024-12-19,10.329999923706055,NU,Nubank,neobank
2024-12-20,10.380000114440918,NU,Nubank,neobank
2024-12-23,10.239999771118164,NU,Nubank,neobank
2024-12-24,10.369999885559082,NU,Nubank,neobank
2024-12-26,10.359999656677246,NU,Nubank,neobank
2024-12-27,10.329999923706055,NU,Nubank,neobank
2024-12-30,10.649999618530273,NU,Nubank,neobank
2024-12-31,10.359999656677246,NU,Nubank,neobank
2025-01-02,10.630000114440918,NU,Nubank,neobank
2025-01-03,10.970000267028809,NU,Nubank,neobank
2025-01-06,11.149999618530273,NU,Nubank,neobank
2025-01-07,11.15999984741211,NU,Nubank,neobank
2025-01-08,11.140000343322754,NU,Nubank,neobank
2025-01-10,10.949999809265137,NU,Nubank,neobank
2025-01-13,11.079999923706055,NU,Nubank,neobank
2025-01-14,10.90999984741211,NU,Nubank,neobank
2025-01-15,11.40999984741211,NU,Nubank,neobank
2025-01-16,11.279999732971191,NU,Nubank,neobank
2025-01-17,11.529999732971191,NU,Nubank,neobank
2025-01-21,11.479999542236328,NU,Nubank,neobank
2025-01-22,11.989999771118164,NU,Nubank,neobank
2025-01-23,12.1899995803833,NU,Nubank,neobank
2025-01-24,12.34000015258789,NU,Nubank,neobank
2025-01-27,12.319999694824219,NU,Nubank,neobank
2025-01-28,12.640000343322754,NU,Nubank,neobank
2025-01-29,12.550000190734863,NU,Nubank,neobank
2025-01-30,13.4399995803833,NU,Nubank,neobank
2025-01-31,13.239999771118164,NU,Nubank,neobank
2025-02-03,13.140000343322754,NU,Nubank,neobank
2025-02-04,13.300000190734863,NU,Nubank,neobank
2025-02-05,13.5600004196167,NU,Nubank,neobank
2025-02-06,13.779999732971191,NU,Nubank,neobank
2025-02-07,13.729999542236328,NU,Nubank,neobank
2025-02-10,13.949999809265137,NU,Nubank,neobank
2025-02-11,13.9399995803833,NU,Nubank,neobank
2025-02-12,13.640000343322754,NU,Nubank,neobank
2025-02-13,13.789999961853027,NU,Nubank,neobank
2025-02-14,13.699999809265137,NU,Nubank,neobank
2025-02-18,13.539999961853027,NU,Nubank,neobank
2025-02-19,13.479999542236328,NU,Nubank,neobank
2025-02-20,13.34000015258789,NU,Nubank,neobank
2025-02-21,10.819999694824219,NU,Nubank,neobank
2025-02-24,11.020000457763672,NU,Nubank,neobank
2025-02-25,11.210000038146973,NU,Nubank,neobank
2025-02-26,11.479999542236328,NU,Nubank,neobank
2025-02-27,11.25,NU,Nubank,neobank
2025-02-28,10.75,NU,Nubank,neobank
2025-03-03,10.470000267028809,NU,Nubank,neobank
2025-03-04,10.460000038146973,NU,Nubank,neobank
2025-03-05,10.869999885559082,NU,Nubank,neobank
2025-03-06,10.649999618530273,NU,Nubank,neobank
2025-03-07,10.8100004196167,NU,Nubank,neobank
2025-03-10,10.119999885559082,NU,Nubank,neobank
2025-03-11,10.600000381469727,NU,Nubank,neobank
2025-03-12,10.890000343322754,NU,Nubank,neobank
2025-03-13,10.75,NU,Nubank,neobank
2025-03-14,11.729999542236328,NU,Nubank,neobank
2025-03-17,11.819999694824219,NU,Nubank,neobank
2025-03-18,11.5,NU,Nubank,neobank
2025-03-19,11.949999809265137,NU,Nubank,neobank
2025-03-20,11.399999618530273,NU,Nubank,neobank
2025-03-21,11.59000015258789,NU,Nubank,neobank
2025-03-24,11.6899995803833,NU,Nubank,neobank
2025-03-25,11.380000114440918,NU,Nubank,neobank
2025-03-26,10.920000076293945,NU,Nubank,neobank
2025-03-27,11.09000015258789,NU,Nubank,neobank
2025-03-28,10.350000381469727,NU,Nubank,neobank
2025-03-31,10.239999771118164,NU,Nubank,neobank
2025-04-01,10.430000305175781,NU,Nubank,neobank
2025-04-02,10.59000015258789,NU,Nubank,neobank
2025-04-03,10.270000457763672,NU,Nubank,neobank
2025-04-04,9.600000381469727,NU,Nubank,neobank
2025-04-07,9.720000267028809,NU,Nubank,neobank
2025-04-08,9.970000267028809,NU,Nubank,neobank
2025-04-09,10.920000076293945,NU,Nubank,neobank
2025-04-10,10.25,NU,Nubank,neobank
2025-04-11,10.550000190734863,NU,Nubank,neobank
2025-04-14,10.649999618530273,NU,Nubank,neobank
2025-04-15,10.84000015258789,NU,Nubank,neobank
2025-04-16,10.800000190734863,NU,Nubank,neobank
2025-04-17,11.0,NU,Nubank,neobank
2025-04-21,10.710000038146973,NU,Nubank,neobank
2025-04-22,11.1899995803833,NU,Nubank,neobank
2025-04-23,11.489999771118164,NU,Nubank,neobank
2025-04-24,11.75,NU,Nubank,neobank
2025-04-25,12.010000228881836,NU,Nubank,neobank
2025-04-28,12.140000343322754,NU,Nubank,neobank
2025-04-29,12.40999984741211,NU,Nubank,neobank
2025-04-30,12.430000305175781,NU,Nubank,neobank
2025-05-01,12.34000015258789,NU,Nubank,neobank
2025-05-02,12.449999809265137,NU,Nubank,neobank
2025-05-05,12.470000267028809,NU,Nubank,neobank
2025-05-06,12.4399995803833,NU,Nubank,neobank
2025-05-07,12.369999885559082,NU,Nubank,neobank
2025-05-08,12.800000190734863,NU,Nubank,neobank
2025-05-09,12.829999923706055,NU,Nubank,neobank
2025-05-12,12.949999809265137,NU,Nubank,neobank
2025-05-13,13.140000343322754,NU,Nubank,neobank
2025-05-14,13.489999771118164,NU,Nubank,neobank
2025-05-15,13.130000114440918,NU,Nubank,neobank
2025-05-16,13.050000190734863,NU,Nubank,neobank
2025-05-19,13.100000381469727,NU,Nubank,neobank
2025-05-20,12.770000457763672,NU,Nubank,neobank
2025-05-21,11.989999771118164,NU,Nubank,neobank
2025-05-22,12.25,NU,Nubank,neobank
2025-05-23,11.989999771118164,NU,Nubank,neobank
2025-05-27,11.9399995803833,NU,Nubank,neobank
2025-05-28,12.199999809265137,NU,Nubank,neobank
2025-05-29,11.989999771118164,NU,Nubank,neobank
2025-05-30,12.010000228881836,NU,Nubank,neobank
2025-06-02,12.0,NU,Nubank,neobank
2025-06-03,11.989999771118164,NU,Nubank,neobank
2025-06-04,11.9399995803833,NU,Nubank,neobank
2025-06-05,12.109999656677246,NU,Nubank,neobank
2025-06-06,12.149999618530273,NU,Nubank,neobank
2025-06-09,11.920000076293945,NU,Nubank,neobank
2025-06-10,11.970000267028809,NU,Nubank,neobank
2025-06-11,12.760000228881836,NU,Nubank,neobank
2025-06-12,12.0,NU,Nubank,neobank
2025-06-13,11.899999618530273,NU,Nubank,neobank
2025-06-16,12.390000343322754,NU,Nubank,neobank
2025-06-17,12.100000381469727,NU,Nubank,neobank
2025-06-18,12.239999771118164,NU,Nubank,neobank
2025-06-20,12.140000343322754,NU,Nubank,neobank
2025-06-23,12.34000015258789,NU,Nubank,neobank
2025-06-24,13.430000305175781,NU,Nubank,neobank
2025-06-25,13.229999542236328,NU,Nubank,neobank
2025-06-26,13.390000343322754,NU,Nubank,neobank
2025-06-27,13.25,NU,Nubank,neobank
2025-06-30,13.720000267028809,NU,Nubank,neobank
2025-07-01,13.640000343322754,NU,Nubank,neobank
2025-07-02,13.489999771118164,NU,Nubank,neobank
2025-07-03,13.600000381469727,NU,Nubank,neobank
2025-07-07,13.359999656677246,NU,Nubank,neobank
2025-07-08,13.59000015258789,NU,Nubank,neobank
2025-07-09,13.640000343322754,NU,Nubank,neobank
2025-07-10,13.029999732971191,NU,Nubank,neobank
2025-07-11,12.829999923706055,NU,Nubank,neobank
2025-07-14,13.069999694824219,NU,Nubank,neobank
2025-07-15,13.539999961853027,NU,Nubank,neobank
2025-07-16,13.850000381469727,NU,Nubank,neobank
2025-07-17,13.989999771118164,NU,Nubank,neobank
2025-07-18,13.020000457763672,NU,Nubank,neobank
2025-07-21,12.890000343322754,NU,Nubank,neobank
2025-07-22,12.789999961853027,NU,Nubank,neobank
2025-07-23,12.960000038146973,NU,Nubank,neobank
2025-07-24,12.75,NU,Nubank,neobank
2025-07-25,12.729999542236328,NU,Nubank,neobank
2025-07-28,12.609999656677246,NU,Nubank,neobank
2025-07-29,12.630000114440918,NU,Nubank,neobank
2025-07-30,12.619999885559082,NU,Nubank,neobank
2025-07-31,12.220000267028809,NU,Nubank,neobank
2025-08-01,12.050000190734863,NU,Nubank,neobank
2025-08-04,12.029999732971191,NU,Nubank,neobank
2025-08-05,12.149999618530273,NU,Nubank,neobank
2025-08-06,12.220000267028809,NU,Nubank,neobank
2025-08-07,12.40999984741211,NU,Nubank,neobank
2025-08-08,12.300000190734863,NU,Nubank,neobank
2025-08-11,11.920000076293945,NU,Nubank,neobank
2025-08-12,12.239999771118164,NU,Nubank,neobank
2025-08-13,12.369999885559082,NU,Nubank,neobank
2025-08-14,12.010000228881836,NU,Nubank,neobank
2025-08-15,13.100000381469727,NU,Nubank,neobank
2025-08-18,13.329999923706055,NU,Nubank,neobank
2025-08-19,13.119999885559082,NU,Nubank,neobank
2025-08-20,13.619999885559082,NU,Nubank,neobank
2025-08-21,13.670000076293945,NU,Nubank,neobank
2025-08-22,13.9399995803833,NU,Nubank,neobank
2025-08-25,14.229999542236328,NU,Nubank,neobank
2025-08-26,14.239999771118164,NU,Nubank,neobank
2025-08-27,14.640000343322754,NU,Nubank,neobank
2025-08-28,14.770000457763672,NU,Nubank,neobank
2025-08-29,14.800000190734863,NU,Nubank,neobank
2025-09-02,14.859999656677246,NU,Nubank,neobank
2025-09-03,14.899999618530273,NU,Nubank,neobank
2025-09-04,14.869999885559082,NU,Nubank,neobank
2025-09-05,14.739999771118164,NU,Nubank,neobank
2025-09-08,15.220000267028809,NU,Nubank,neobank
2025-09-09,15.460000038146973,NU,Nubank,neobank
2025-09-10,15.510000228881836,NU,Nubank,neobank
2025-09-11,15.619999885559082,NU,Nubank,neobank
2025-09-12,15.6899995803833,NU,Nubank,neobank
2025-09-15,15.90999984741211,NU,Nubank,neobank
2025-09-16,15.890000343322754,NU,Nubank,neobank
2025-09-17,15.960000038146973,NU,Nubank,neobank
2025-09-18,15.989999771118164,NU,Nubank,neobank
2025-09-19,16.170000076293945,NU,Nubank,neobank
2025-09-22,16.299999237060547,NU,Nubank,neobank
2025-09-23,16.149999618530273,NU,Nubank,neobank
2025-09-24,16.010000228881836,NU,Nubank,neobank
2025-09-25,15.779999732971191,NU,Nubank,neobank
2025-09-26,15.779999732971191,NU,Nubank,neobank
2025-09-29,15.949999809265137,NU,Nubank,neobank
2025-09-30,16.010000228881836,NU,Nubank,neobank
2025-10-01,15.1899995803833,NU,Nubank,neobank
2025-10-02,15.220000267028809,NU,Nubank,neobank
2025-10-03,15.3100004196167,NU,Nubank,neobank
2025-10-06,15.380000114440918,NU,Nubank,neobank
2025-10-07,15.130000114440918,NU,Nubank,neobank
2025-10-08,15.460000038146973,NU,Nubank,neobank
2025-10-09,15.369999885559082,NU,Nubank,neobank
2025-10-10,14.920000076293945,NU,Nubank,neobank
2025-10-13,15.079999923706055,NU,Nubank,neobank
2025-10-14,14.90999984741211,NU,Nubank,neobank
2025-10-15,15.180000305175781,NU,Nubank,neobank
2025-10-16,14.729999542236328,NU,Nubank,neobank
2025-10-17,15.0,NU,Nubank,neobank
2025-10-20,15.40999984741211,NU,Nubank,neobank
2025-10-21,15.239999771118164,NU,Nubank,neobank
2025-10-22,15.15999984741211,NU,Nubank,neobank
2025-10-23,15.899999618530273,NU,Nubank,neobank
2025-10-24,15.84000015258789,NU,Nubank,neobank
2025-10-27,16.0,NU,Nubank,neobank
2025-10-28,15.930000305175781,NU,Nubank,neobank
2025-10-29,16.09000015258789,NU,Nubank,neobank
2025-10-30,16.059999465942383,NU,Nubank,neobank
2025-10-31,16.110000610351562,NU,Nubank,neobank
2025-11-03,16.1299991607666,NU,Nubank,neobank
2025-11-04,15.800000190734863,NU,Nubank,neobank
2025-11-05,16.170000076293945,NU,Nubank,neobank
2025-11-06,15.9399995803833,NU,Nubank,neobank
2025-11-07,15.869999885559082,NU,Nubank,neobank
2025-11-10,16.020000457763672,NU,Nubank,neobank
2025-11-11,16.389999389648438,NU,Nubank,neobank
2025-11-12,16.18000030517578,NU,Nubank,neobank
2025-11-13,15.59000015258789,NU,Nubank,neobank
2025-11-14,15.819999694824219,NU,Nubank,neobank
2025-11-17,15.600000381469727,NU,Nubank,neobank
2025-11-18,15.319999694824219,NU,Nubank,neobank
2025-11-19,15.65999984741211,NU,Nubank,neobank
2025-11-20,15.319999694824219,NU,Nubank,neobank
2025-11-21,15.890000343322754,NU,Nubank,neobank
2025-11-24,15.920000076293945,NU,Nubank,neobank
2025-11-25,16.610000610351562,NU,Nubank,neobank
2025-11-26,17.25,NU,Nubank,neobank
2025-11-28,17.389999389648438,NU,Nubank,neobank
2025-12-01,17.479999542236328,NU,Nubank,neobank
2025-12-02,17.610000610351562,NU,Nubank,neobank
2025-12-03,17.440000534057617,NU,Nubank,neobank
2025-12-04,17.649999618530273,NU,Nubank,neobank
2025-12-05,16.700000762939453,NU,Nubank,neobank
2025-12-08,16.6200008392334,NU,Nubank,neobank
2025-12-09,16.68000030517578,NU,Nubank,neobank
2025-12-10,16.690000534057617,NU,Nubank,neobank
2025-12-11,16.81999969482422,NU,Nubank,neobank
2025-12-12,16.899999618530273,NU,Nubank,neobank
2025-12-15,16.649999618530273,NU,Nubank,neobank
2025-12-16,16.200000762939453,NU,Nubank,neobank
2025-12-17,15.859999656677246,NU,Nubank,neobank
2025-12-18,16.270000457763672,NU,Nubank,neobank
2025-12-19,16.34000015258789,NU,Nubank,neobank
2025-12-22,16.6200008392334,NU,Nubank,neobank
2025-12-23,16.760000228881836,NU,Nubank,neobank
2025-12-24,16.739999771118164,NU,Nubank,neobank
2025-12-26,16.760000228881836,NU,Nubank,neobank
2025-12-29,16.65999984741211,NU,Nubank,neobank
2025-12-30,16.8799991607666,NU,Nubank,neobank
2025-12-31,16.739999771118164,NU,Nubank,neobank
2026-01-02,17.020000457763672,NU,Nubank,neobank
2026-01-05,17.940000534057617,NU,Nubank,neobank
2026-01-06,17.860000610351562,NU,Nubank,neobank
2026-01-07,17.5,NU,Nubank,neobank
2026-01-08,17.610000610351562,NU,Nubank,neobank
2026-01-09,17.459999084472656,NU,Nubank,neobank
2026-01-12,17.040000915527344,NU,Nubank,neobank
2026-01-13,16.559999465942383,NU,Nubank,neobank
2026-01-14,16.639999389648438,NU,Nubank,neobank
2026-01-15,16.610000610351562,NU,Nubank,neobank
2026-01-16,16.600000381469727,NU,Nubank,neobank
2026-01-20,16.969999313354492,NU,Nubank,neobank
2026-01-21,17.239999771118164,NU,Nubank,neobank
2026-01-22,18.0,NU,Nubank,neobank
2026-01-23,18.040000915527344,NU,Nubank,neobank
2026-01-26,18.18000030517578,NU,Nubank,neobank
2026-01-27,18.549999237060547,NU,Nubank,neobank
2026-01-28,18.760000228881836,NU,Nubank,neobank
2026-01-29,18.760000228881836,NU,Nubank,neobank
2026-01-30,17.75,NU,Nubank,neobank
2026-02-02,18.110000610351562,NU,Nubank,neobank
2026-02-03,18.1200008392334,NU,Nubank,neobank
2026-02-04,17.020000457763672,NU,Nubank,neobank
2026-02-05,16.809999465942383,NU,Nubank,neobank
2026-02-06,17.399999618530273,NU,Nubank,neobank
2026-02-09,17.549999237060547,NU,Nubank,neobank
2026-02-10,17.56999969482422,NU,Nubank,neobank
2026-02-11,17.40999984741211,NU,Nubank,neobank
2026-02-12,17.040000915527344,NU,Nubank,neobank
2026-02-13,16.81999969482422,NU,Nubank,neobank
2026-02-17,16.81999969482422,NU,Nubank,neobank
2026-02-18,17.170000076293945,NU,Nubank,neobank
2026-02-19,17.31999969482422,NU,Nubank,neobank
2026-02-20,17.530000686645508,NU,Nubank,neobank
2026-02-23,16.190000534057617,NU,Nubank,neobank
2026-02-24,16.530000686645508,NU,Nubank,neobank
2026-02-25,16.649999618530273,NU,Nubank,neobank
2026-02-26,15.0600004196167,NU,Nubank,neobank
2026-02-27,14.979999542236328,NU,Nubank,neobank
2026-03-02,15.1899995803833,NU,Nubank,neobank
2026-03-03,14.760000228881836,NU,Nubank,neobank
2026-03-04,15.0,NU,Nubank,neobank
2026-03-05,14.819999694824219,NU,Nubank,neobank
2026-03-06,14.579999923706055,NU,Nubank,neobank
2026-03-09,14.670000076293945,NU,Nubank,neobank
2026-03-10,14.880000114440918,NU,Nubank,neobank
2026-03-11,14.489999771118164,NU,Nubank,neobank
2026-03-12,13.970000267028809,NU,Nubank,neobank
2026-03-13,13.890000343322754,NU,Nubank,neobank
2026-03-16,14.270000457763672,NU,Nubank,neobank
2026-03-17,14.25,NU,Nubank,neobank
2026-03-18,13.970000267028809,NU,Nubank,neobank
2026-03-19,14.15999984741211,NU,Nubank,neobank
2026-03-20,13.9399995803833,NU,Nubank,neobank
2026-03-23,14.680000305175781,NU,Nubank,neobank
2026-03-24,14.1899995803833,NU,Nubank,neobank
2026-03-25,14.319999694824219,NU,Nubank,neobank
2026-03-26,14.020000457763672,NU,Nubank,neobank
2026-03-27,13.600000381469727,NU,Nubank,neobank
2026-03-30,13.510000228881836,NU,Nubank,neobank
2026-03-31,14.369999885559082,NU,Nubank,neobank
2026-04-01,14.4399995803833,NU,Nubank,neobank
2026-04-02,14.149999618530273,NU,Nubank,neobank
2026-04-06,14.260000228881836,NU,Nubank,neobank
2026-04-07,14.149999618530273,NU,Nubank,neobank
2026-04-08,14.510000228881836,NU,Nubank,neobank
2026-04-09,14.869999885559082,NU,Nubank,neobank
2026-04-10,14.960000038146973,NU,Nubank,neobank
2026-04-13,14.949999809265137,NU,Nubank,neobank
2026-04-14,15.350000381469727,NU,Nubank,neobank
2026-04-15,15.34000015258789,NU,Nubank,neobank
2026-04-16,15.430000305175781,NU,Nubank,neobank
2026-04-17,15.34000015258789,NU,Nubank,neobank
2026-04-20,15.100000381469727,NU,Nubank,neobank
2026-04-21,15.050000190734863,NU,Nubank,neobank
2026-04-22,14.850000381469727,NU,Nubank,neobank
2026-04-23,14.460000038146973,NU,Nubank,neobank
2026-04-24,14.510000228881836,NU,Nubank,neobank
2026-04-27,14.640000343322754,NU,Nubank,neobank
2026-04-28,14.5,NU,Nubank,neobank
2026-04-29,14.039999961853027,NU,Nubank,neobank
2026-04-30,14.479999542236328,NU,Nubank,neobank
2026-05-01,14.4399995803833,NU,Nubank,neobank
2026-05-04,14.15999984741211,NU,Nubank,neobank
2026-05-05,14.25,NU,Nubank,neobank
2026-05-06,14.479999542236328,NU,Nubank,neobank
2026-05-07,14.260000228881836,NU,Nubank,neobank
2026-05-08,13.800000190734863,NU,Nubank,neobank
2026-05-11,13.5,NU,Nubank,neobank
2026-05-12,13.270000457763672,NU,Nubank,neobank
2026-05-13,12.819999694824219,NU,Nubank,neobank
2026-05-14,12.930000305175781,NU,Nubank,neobank
2026-05-15,12.1899995803833,NU,Nubank,neobank
2026-05-18,12.289999961853027,NU,Nubank,neobank
2026-05-19,12.289999961853027,NU,Nubank,neobank
2026-05-20,12.789999961853027,NU,Nubank,neobank
2026-05-21,13.15999984741211,NU,Nubank,neobank
2026-05-22,12.729999542236328,NU,Nubank,neobank
2026-05-26,12.979999542236328,NU,Nubank,neobank
2026-05-27,13.029999732971191,NU,Nubank,neobank
2026-05-28,13.050000190734863,NU,Nubank,neobank
2026-05-29,13.130000114440918,NU,Nubank,neobank
2026-06-01,12.989999771118164,NU,Nubank,neobank
2026-06-02,11.930000305175781,NU,Nubank,neobank
2026-06-03,11.640000343322754,NU,Nubank,neobank
2026-06-04,12.119999885559082,NU,Nubank,neobank
2026-06-05,11.970000267028809,NU,Nubank,neobank
2026-06-08,11.600000381469727,NU,Nubank,neobank
2026-06-09,11.880000114440918,NU,Nubank,neobank
2026-06-10,11.619999885559082,NU,Nubank,neobank
2026-06-11,12.09000015258789,NU,Nubank,neobank
2026-06-12,12.1899995803833,NU,Nubank,neobank
2026-06-15,12.430000305175781,NU,Nubank,neobank
2026-06-16,12.720000267028809,NU,Nubank,neobank
2026-06-17,12.890000343322754,NU,Nubank,neobank
2026-06-18,12.710000038146973,NU,Nubank,neobank
2026-06-22,12.789999961853027,NU,Nubank,neobank
2026-06-23,12.59000015258789,NU,Nubank,neobank
2026-06-24,12.460000038146973,NU,Nubank,neobank
2026-06-25,12.460000038146973,NU,Nubank,neobank
2026-06-26,13.170000076293945,NU,Nubank,neobank
2026-06-29,13.130000114440918,NU,Nubank,neobank
2026-06-30,13.359999656677246,NU,Nubank,neobank
2026-07-01,13.390000343322754,NU,Nubank,neobank
2026-07-02,13.609999656677246,NU,Nubank,neobank
2026-07-06,14.0600004196167,NU,Nubank,neobank
2026-07-07,13.609999656677246,NU,Nubank,neobank
2026-07-08,13.369999885559082,NU,Nubank,neobank
2026-07-09,13.670000076293945,NU,Nubank,neobank
2026-07-10,13.760000228881836,NU,Nubank,neobank
2026-07-13,13.670000076293945,NU,Nubank,neobank
2026-07-14,13.989999771118164,NU,Nubank,neobank
2026-07-15,13.880000114440918,NU,Nubank,neobank
2026-07-16,13.789999961853027,NU,Nubank,neobank
2026-07-17,13.59000015258789,NU,Nubank,neobank
2026-07-20,13.989999771118164,NU,Nubank,neobank
2026-07-21,14.390000343322754,NU,Nubank,neobank
2026-07-22,14.510000228881836,NU,Nubank,neobank
2026-07-23,14.1899995803833,NU,Nubank,neobank
2026-07-24,14.09000015258789,NU,Nubank,neobank
2026-07-27,14.529999732971191,NU,Nubank,neobank
2026-07-28,14.680000305175781,NU,Nubank,neobank
2026-07-29,14.039999961853027,NU,Nubank,neobank
2026-07-30,14.489999771118164,NU,Nubank,neobank
2026-07-31,14.329999923706055,NU,Nubank,neobank
2018-01-02,73.20599365234375,PYPL,PayPal,embedded_finance
2018-01-03,76.09101867675781,PYPL,PayPal,embedded_finance
2018-01-04,76.0711898803711,PYPL,PayPal,embedded_finance
2018-01-05,78.02426147460938,PYPL,PayPal,embedded_finance
2018-01-08,78.37126922607422,PYPL,PayPal,embedded_finance
2018-01-09,78.51007080078125,PYPL,PayPal,embedded_finance
2018-01-10,78.68852233886719,PYPL,PayPal,embedded_finance
2018-01-11,79.06525421142578,PYPL,PayPal,embedded_finance
2018-01-12,79.84847259521484,PYPL,PayPal,embedded_finance
2018-01-16,79.72949981689453,PYPL,PayPal,embedded_finance
2018-01-17,81.76190185546875,PYPL,PayPal,embedded_finance
2018-01-18,82.22787475585938,PYPL,PayPal,embedded_finance
2018-01-19,83.12013244628906,PYPL,PayPal,embedded_finance
2018-01-22,83.2589340209961,PYPL,PayPal,embedded_finance
2018-01-23,83.4869613647461,PYPL,PayPal,embedded_finance
2018-01-24,82.99124908447266,PYPL,PayPal,embedded_finance
2018-01-25,83.6158447265625,PYPL,PayPal,embedded_finance
2018-01-26,84.71631622314453,PYPL,PayPal,embedded_finance
2018-01-29,83.58610534667969,PYPL,PayPal,embedded_finance
2018-01-30,83.06065368652344,PYPL,PayPal,embedded_finance
2018-01-31,84.5874252319336,PYPL,PayPal,embedded_finance
2018-02-01,77.72685241699219,PYPL,PayPal,embedded_finance
2018-02-02,75.91255950927734,PYPL,PayPal,embedded_finance
2018-02-05,74.06356811523438,PYPL,PayPal,embedded_finance
2018-02-06,75.03020477294922,PYPL,PayPal,embedded_finance
2018-02-07,74.94097137451172,PYPL,PayPal,embedded_finance
2018-02-08,71.69905090332031,PYPL,PayPal,embedded_finance
2018-02-09,74.10818481445312,PYPL,PayPal,embedded_finance
2018-02-12,74.63363647460938,PYPL,PayPal,embedded_finance
2018-02-13,74.32630157470703,PYPL,PayPal,embedded_finance
2018-02-14,76.6065444946289,PYPL,PayPal,embedded_finance
2018-02-15,77.62275695800781,PYPL,PayPal,embedded_finance
2018-02-16,77.69711303710938,PYPL,PayPal,embedded_finance
2018-02-20,76.39835357666016,PYPL,PayPal,embedded_finance
2018-02-21,75.85307312011719,PYPL,PayPal,embedded_finance
2018-02-22,77.0328598022461,PYPL,PayPal,embedded_finance
2018-02-23,79.00577545166016,PYPL,PayPal,embedded_finance
2018-02-26,78.66869354248047,PYPL,PayPal,embedded_finance
2018-02-27,78.77774810791016,PYPL,PayPal,embedded_finance
2018-02-28,78.72817993164062,PYPL,PayPal,embedded_finance
2018-03-01,77.96479034423828,PYPL,PayPal,embedded_finance
2018-03-02,78.19281005859375,PYPL,PayPal,embedded_finance
2018-03-05,78.39109802246094,PYPL,PayPal,embedded_finance
2018-03-06,78.54972839355469,PYPL,PayPal,embedded_finance
2018-03-07,78.83722686767578,PYPL,PayPal,embedded_finance
2018-03-08,79.18423461914062,PYPL,PayPal,embedded_finance
2018-03-09,80.01701354980469,PYPL,PayPal,embedded_finance
2018-03-12,79.907958984375,PYPL,PayPal,embedded_finance
2018-03-13,79.51139068603516,PYPL,PayPal,embedded_finance
2018-03-14,82.59468841552734,PYPL,PayPal,embedded_finance
2018-03-15,81.86103820800781,PYPL,PayPal,embedded_finance
2018-03-16,81.45457458496094,PYPL,PayPal,embedded_finance
2018-03-19,79.61053466796875,PYPL,PayPal,embedded_finance
2018-03-20,80.16572570800781,PYPL,PayPal,embedded_finance
2018-03-21,80.34418487548828,PYPL,PayPal,embedded_finance
2018-03-22,77.8854751586914,PYPL,PayPal,embedded_finance
2018-03-23,75.78368377685547,PYPL,PayPal,embedded_finance
2018-03-26,78.27212524414062,PYPL,PayPal,embedded_finance
2018-03-27,75.65479278564453,PYPL,PayPal,embedded_finance
2018-03-28,74.41552734375,PYPL,PayPal,embedded_finance
2018-03-29,75.21856689453125,PYPL,PayPal,embedded_finance
2018-04-02,74.35604095458984,PYPL,PayPal,embedded_finance
2018-04-03,73.91981506347656,PYPL,PayPal,embedded_finance
2018-04-04,74.13792419433594,PYPL,PayPal,embedded_finance
2018-04-05,76.28929901123047,PYPL,PayPal,embedded_finance
2018-04-06,73.22582244873047,PYPL,PayPal,embedded_finance
2018-04-09,74.5444107055664,PYPL,PayPal,embedded_finance
2018-04-10,76.13066864013672,PYPL,PayPal,embedded_finance
2018-04-11,75.8431625366211,PYPL,PayPal,embedded_finance
2018-04-12,76.79491424560547,PYPL,PayPal,embedded_finance
2018-04-13,76.6065444946289,PYPL,PayPal,embedded_finance
2018-04-16,77.13201141357422,PYPL,PayPal,embedded_finance
2018-04-17,79.34284973144531,PYPL,PayPal,embedded_finance
2018-04-18,79.65019226074219,PYPL,PayPal,embedded_finance
2018-04-19,78.99585723876953,PYPL,PayPal,embedded_finance
2018-04-20,78.05401611328125,PYPL,PayPal,embedded_finance
2018-04-23,77.5384750366211,PYPL,PayPal,embedded_finance
2018-04-24,74.63363647460938,PYPL,PayPal,embedded_finance
2018-04-25,73.3646240234375,PYPL,PayPal,embedded_finance
2018-04-26,75.377197265625,PYPL,PayPal,embedded_finance
2018-04-27,73.49351501464844,PYPL,PayPal,embedded_finance
2018-04-30,73.96939086914062,PYPL,PayPal,embedded_finance
2018-05-01,74.16767883300781,PYPL,PayPal,embedded_finance
2018-05-02,71.11412048339844,PYPL,PayPal,embedded_finance
2018-05-03,72.81935119628906,PYPL,PayPal,embedded_finance
2018-05-04,73.3547134399414,PYPL,PayPal,embedded_finance
2018-05-07,74.02886962890625,PYPL,PayPal,embedded_finance
2018-05-08,75.06986236572266,PYPL,PayPal,embedded_finance
2018-05-09,76.34878540039062,PYPL,PayPal,embedded_finance
2018-05-10,78.51007080078125,PYPL,PayPal,embedded_finance
2018-05-11,78.51998138427734,PYPL,PayPal,embedded_finance
2018-05-14,78.1333236694336,PYPL,PayPal,embedded_finance
2018-05-15,77.1220932006836,PYPL,PayPal,embedded_finance
2018-05-16,77.1518325805664,PYPL,PayPal,embedded_finance
2018-05-17,78.51007080078125,PYPL,PayPal,embedded_finance
2018-05-18,80.0963363647461,PYPL,PayPal,embedded_finance
2018-05-21,80.55238342285156,PYPL,PayPal,embedded_finance
2018-05-22,79.92779541015625,PYPL,PayPal,embedded_finance
2018-05-23,80.38384246826172,PYPL,PayPal,embedded_finance
2018-05-24,80.84980010986328,PYPL,PayPal,embedded_finance
2018-05-25,80.26486206054688,PYPL,PayPal,embedded_finance
2018-05-29,80.03684997558594,PYPL,PayPal,embedded_finance
2018-05-30,80.89936828613281,PYPL,PayPal,embedded_finance
2018-05-31,81.36534118652344,PYPL,PayPal,embedded_finance
2018-06-01,82.53520202636719,PYPL,PayPal,embedded_finance
2018-06-04,83.8438720703125,PYPL,PayPal,embedded_finance
2018-06-05,84.31975555419922,PYPL,PayPal,embedded_finance
2018-06-06,84.47837829589844,PYPL,PayPal,embedded_finance
2018-06-07,82.5550308227539,PYPL,PayPal,embedded_finance
2018-06-08,83.6158447265625,PYPL,PayPal,embedded_finance
2018-06-11,83.16970825195312,PYPL,PayPal,embedded_finance
2018-06-12,84.29000854492188,PYPL,PayPal,embedded_finance
2018-06-13,84.53785705566406,PYPL,PayPal,embedded_finance
2018-06-14,84.87494659423828,PYPL,PayPal,embedded_finance
2018-06-15,84.5775146484375,PYPL,PayPal,embedded_finance
2018-06-18,85.11287689208984,PYPL,PayPal,embedded_finance
2018-06-19,83.79429626464844,PYPL,PayPal,embedded_finance
2018-06-20,85.21202087402344,PYPL,PayPal,embedded_finance
2018-06-21,85.23184967041016,PYPL,PayPal,embedded_finance
2018-06-22,84.38914489746094,PYPL,PayPal,embedded_finance
2018-06-25,81.48431396484375,PYPL,PayPal,embedded_finance
2018-06-26,81.61318969726562,PYPL,PayPal,embedded_finance
2018-06-27,79.97735595703125,PYPL,PayPal,embedded_finance
2018-06-28,81.77182006835938,PYPL,PayPal,embedded_finance
2018-06-29,82.5550308227539,PYPL,PayPal,embedded_finance
2018-07-02,83.16970825195312,PYPL,PayPal,embedded_finance
2018-07-03,82.5550308227539,PYPL,PayPal,embedded_finance
2018-07-05,83.86369323730469,PYPL,PayPal,embedded_finance
2018-07-06,85.20211029052734,PYPL,PayPal,embedded_finance
2018-07-09,85.4896240234375,PYPL,PayPal,embedded_finance
2018-07-10,85.43013000488281,PYPL,PayPal,embedded_finance
2018-07-11,85.50944519042969,PYPL,PayPal,embedded_finance
2018-07-12,88.36471557617188,PYPL,PayPal,embedded_finance
2018-07-13,87.23451232910156,PYPL,PayPal,embedded_finance
2018-07-16,87.01639556884766,PYPL,PayPal,embedded_finance
2018-07-17,87.81944274902344,PYPL,PayPal,embedded_finance
2018-07-18,87.46253204345703,PYPL,PayPal,embedded_finance
2018-07-19,86.6297378540039,PYPL,PayPal,embedded_finance
2018-07-20,86.71897888183594,PYPL,PayPal,embedded_finance
2018-07-23,88.47377014160156,PYPL,PayPal,embedded_finance
2018-07-24,90.62515258789062,PYPL,PayPal,embedded_finance
2018-07-25,90.58549499511719,PYPL,PayPal,embedded_finance
2018-07-26,88.3746337890625,PYPL,PayPal,embedded_finance
2018-07-27,84.72623443603516,PYPL,PayPal,embedded_finance
2018-07-30,81.6825942993164,PYPL,PayPal,embedded_finance
2018-07-31,81.43473815917969,PYPL,PayPal,embedded_finance
2018-08-01,82.74340057373047,PYPL,PayPal,embedded_finance
2018-08-02,84.7956314086914,PYPL,PayPal,embedded_finance
2018-08-03,84.45854949951172,PYPL,PayPal,embedded_finance
2018-08-06,85.0335693359375,PYPL,PayPal,embedded_finance
2018-08-07,85.55902862548828,PYPL,PayPal,embedded_finance
2018-08-08,85.99523162841797,PYPL,PayPal,embedded_finance
2018-08-09,86.42154693603516,PYPL,PayPal,embedded_finance
2018-08-10,86.26293182373047,PYPL,PayPal,embedded_finance
2018-08-13,86.26293182373047,PYPL,PayPal,embedded_finance
2018-08-14,86.97674560546875,PYPL,PayPal,embedded_finance
2018-08-15,84.45854949951172,PYPL,PayPal,embedded_finance
2018-08-16,84.5874252319336,PYPL,PayPal,embedded_finance
2018-08-17,84.71631622314453,PYPL,PayPal,embedded_finance
2018-08-20,85.01374053955078,PYPL,PayPal,embedded_finance
2018-08-21,85.47970581054688,PYPL,PayPal,embedded_finance
2018-08-22,86.20343017578125,PYPL,PayPal,embedded_finance
2018-08-23,86.6297378540039,PYPL,PayPal,embedded_finance
2018-08-24,89.3263931274414,PYPL,PayPal,embedded_finance
2018-08-27,89.19751739501953,PYPL,PayPal,embedded_finance
2018-08-28,89.8320083618164,PYPL,PayPal,embedded_finance
2018-08-29,91.82475280761719,PYPL,PayPal,embedded_finance
2018-08-30,91.29930114746094,PYPL,PayPal,embedded_finance
2018-08-31,91.53724670410156,PYPL,PayPal,embedded_finance
2018-09-04,92.27088928222656,PYPL,PayPal,embedded_finance
2018-09-05,88.28541564941406,PYPL,PayPal,embedded_finance
2018-09-06,88.23583221435547,PYPL,PayPal,embedded_finance
2018-09-07,88.05738067626953,PYPL,PayPal,embedded_finance
2018-09-10,89.02896881103516,PYPL,PayPal,embedded_finance
2018-09-11,90.64497375488281,PYPL,PayPal,embedded_finance
2018-09-12,91.60664367675781,PYPL,PayPal,embedded_finance
2018-09-13,91.39845275878906,PYPL,PayPal,embedded_finance
2018-09-14,90.00055694580078,PYPL,PayPal,embedded_finance
2018-09-17,87.91858673095703,PYPL,PayPal,embedded_finance
2018-09-18,88.94965362548828,PYPL,PayPal,embedded_finance
2018-09-19,88.54317474365234,PYPL,PayPal,embedded_finance
2018-09-20,89.82209777832031,PYPL,PayPal,embedded_finance
2018-09-21,89.84192657470703,PYPL,PayPal,embedded_finance
2018-09-24,88.85051727294922,PYPL,PayPal,embedded_finance
2018-09-25,89.26691436767578,PYPL,PayPal,embedded_finance
2018-09-26,89.07853698730469,PYPL,PayPal,embedded_finance
2018-09-27,88.22591400146484,PYPL,PayPal,embedded_finance
2018-09-28,87.0857925415039,PYPL,PayPal,embedded_finance
2018-10-01,86.79828643798828,PYPL,PayPal,embedded_finance
2018-10-02,85.93575286865234,PYPL,PayPal,embedded_finance
2018-10-03,86.40172576904297,PYPL,PayPal,embedded_finance
2018-10-04,83.6158447265625,PYPL,PayPal,embedded_finance
2018-10-05,82.46580505371094,PYPL,PayPal,embedded_finance
2018-10-08,79.8583984375,PYPL,PayPal,embedded_finance
2018-10-09,79.34284973144531,PYPL,PayPal,embedded_finance
2018-10-10,74.80216979980469,PYPL,PayPal,embedded_finance
2018-10-11,75.2483139038086,PYPL,PayPal,embedded_finance
2018-10-12,78.3514404296875,PYPL,PayPal,embedded_finance
2018-10-15,76.56689453125,PYPL,PayPal,embedded_finance
2018-10-16,79.91787719726562,PYPL,PayPal,embedded_finance
2018-10-17,79.40234375,PYPL,PayPal,embedded_finance
2018-10-18,76.81475067138672,PYPL,PayPal,embedded_finance
2018-10-19,84.05207061767578,PYPL,PayPal,embedded_finance
2018-10-22,84.69648742675781,PYPL,PayPal,embedded_finance
2018-10-23,86.818115234375,PYPL,PayPal,embedded_finance
2018-10-24,82.37657928466797,PYPL,PayPal,embedded_finance
2018-10-25,85.22193145751953,PYPL,PayPal,embedded_finance
2018-10-26,82.65418243408203,PYPL,PayPal,embedded_finance
2018-10-29,80.45323944091797,PYPL,PayPal,embedded_finance
2018-10-30,80.20538330078125,PYPL,PayPal,embedded_finance
2018-10-31,83.4671401977539,PYPL,PayPal,embedded_finance
2018-11-01,84.3098373413086,PYPL,PayPal,embedded_finance
2018-11-02,82.79297637939453,PYPL,PayPal,embedded_finance
2018-11-05,83.32833862304688,PYPL,PayPal,embedded_finance
2018-11-06,83.96284484863281,PYPL,PayPal,embedded_finance
2018-11-07,87.47245025634766,PYPL,PayPal,embedded_finance
2018-11-08,88.2754898071289,PYPL,PayPal,embedded_finance
2018-11-09,86.01507568359375,PYPL,PayPal,embedded_finance
2018-11-12,83.06065368652344,PYPL,PayPal,embedded_finance
2018-11-13,83.06065368652344,PYPL,PayPal,embedded_finance
2018-11-14,83.32833862304688,PYPL,PayPal,embedded_finance
2018-11-15,85.99523162841797,PYPL,PayPal,embedded_finance
2018-11-16,84.32966613769531,PYPL,PayPal,embedded_finance
2018-11-19,79.4419937133789,PYPL,PayPal,embedded_finance
2018-11-20,77.09234619140625,PYPL,PayPal,embedded_finance
2018-11-21,78.44066619873047,PYPL,PayPal,embedded_finance
2018-11-23,77.28070068359375,PYPL,PayPal,embedded_finance
2018-11-26,80.16572570800781,PYPL,PayPal,embedded_finance
2018-11-27,81.26619720458984,PYPL,PayPal,embedded_finance
2018-11-28,85.24176788330078,PYPL,PayPal,embedded_finance
2018-11-29,83.53654479980469,PYPL,PayPal,embedded_finance
2018-11-30,85.07322692871094,PYPL,PayPal,embedded_finance
2018-12-03,87.22460174560547,PYPL,PayPal,embedded_finance
2018-12-04,83.4671401977539,PYPL,PayPal,embedded_finance
2018-12-06,85.08313751220703,PYPL,PayPal,embedded_finance
2018-12-07,82.059326171875,PYPL,PayPal,embedded_finance
2018-12-10,84.20079040527344,PYPL,PayPal,embedded_finance
2018-12-11,84.77580261230469,PYPL,PayPal,embedded_finance
2018-12-12,85.7573013305664,PYPL,PayPal,embedded_finance
2018-12-13,86.80819702148438,PYPL,PayPal,embedded_finance
2018-12-14,85.1822738647461,PYPL,PayPal,embedded_finance
2018-12-17,83.3779067993164,PYPL,PayPal,embedded_finance
2018-12-18,84.77580261230469,PYPL,PayPal,embedded_finance
2018-12-19,83.30850982666016,PYPL,PayPal,embedded_finance
2018-12-20,81.73216247558594,PYPL,PayPal,embedded_finance
2018-12-21,77.46907806396484,PYPL,PayPal,embedded_finance
2018-12-24,76.39835357666016,PYPL,PayPal,embedded_finance
2018-12-26,82.08907318115234,PYPL,PayPal,embedded_finance
2018-12-27,83.58610534667969,PYPL,PayPal,embedded_finance
2018-12-28,82.54512023925781,PYPL,PayPal,embedded_finance
2018-12-31,83.36798858642578,PYPL,PayPal,embedded_finance
2019-01-02,85.01374053955078,PYPL,PayPal,embedded_finance
2019-01-03,81.38516235351562,PYPL,PayPal,embedded_finance
2019-01-04,85.5292739868164,PYPL,PayPal,embedded_finance
2019-01-07,86.18360900878906,PYPL,PayPal,embedded_finance
2019-01-08,87.93841552734375,PYPL,PayPal,embedded_finance
2019-01-09,88.78112030029297,PYPL,PayPal,embedded_finance
2019-01-10,89.9212417602539,PYPL,PayPal,embedded_finance
2019-01-11,89.87166595458984,PYPL,PayPal,embedded_finance
2019-01-14,89.653564453125,PYPL,PayPal,embedded_finance
2019-01-15,90.81350708007812,PYPL,PayPal,embedded_finance
2019-01-16,89.77252960205078,PYPL,PayPal,embedded_finance
2019-01-17,89.62380981445312,PYPL,PayPal,embedded_finance
2019-01-18,90.33763885498047,PYPL,PayPal,embedded_finance
2019-01-22,89.16776275634766,PYPL,PayPal,embedded_finance
2019-01-23,89.72296142578125,PYPL,PayPal,embedded_finance
2019-01-24,91.40835571289062,PYPL,PayPal,embedded_finance
2019-01-25,93.47049713134766,PYPL,PayPal,embedded_finance
2019-01-28,91.50751495361328,PYPL,PayPal,embedded_finance
2019-01-29,90.33763885498047,PYPL,PayPal,embedded_finance
2019-01-30,91.62646484375,PYPL,PayPal,embedded_finance
2019-01-31,87.99789428710938,PYPL,PayPal,embedded_finance
2019-02-01,89.23716735839844,PYPL,PayPal,embedded_finance
2019-02-04,90.87300109863281,PYPL,PayPal,embedded_finance
2019-02-05,91.4777603149414,PYPL,PayPal,embedded_finance
2019-02-06,91.45793151855469,PYPL,PayPal,embedded_finance
2019-02-07,90.06995391845703,PYPL,PayPal,embedded_finance
2019-02-08,91.0811996459961,PYPL,PayPal,embedded_finance
2019-02-11,91.89414978027344,PYPL,PayPal,embedded_finance
2019-02-12,93.56964874267578,PYPL,PayPal,embedded_finance
2019-02-13,93.20281982421875,PYPL,PayPal,embedded_finance
2019-02-14,93.60929870605469,PYPL,PayPal,embedded_finance
2019-02-15,94.09510040283203,PYPL,PayPal,embedded_finance
2019-02-19,94.20413970947266,PYPL,PayPal,embedded_finance
2019-02-20,93.91664123535156,PYPL,PayPal,embedded_finance
2019-02-21,94.14466094970703,PYPL,PayPal,embedded_finance
2019-02-22,95.1559066772461,PYPL,PayPal,embedded_finance
2019-02-25,95.86972045898438,PYPL,PayPal,embedded_finance
2019-02-26,95.76066589355469,PYPL,PayPal,embedded_finance
2019-02-27,97.01976776123047,PYPL,PayPal,embedded_finance
2019-02-28,97.22795867919922,PYPL,PayPal,embedded_finance
2019-03-01,97.95169067382812,PYPL,PayPal,embedded_finance
2019-03-04,95.74083709716797,PYPL,PayPal,embedded_finance
2019-03-05,95.70118713378906,PYPL,PayPal,embedded_finance
2019-03-06,95.63179016113281,PYPL,PayPal,embedded_finance
2019-03-07,95.3839340209961,PYPL,PayPal,embedded_finance
2019-03-08,94.86839294433594,PYPL,PayPal,embedded_finance
2019-03-11,96.61327362060547,PYPL,PayPal,embedded_finance
2019-03-12,96.66284942626953,PYPL,PayPal,embedded_finance
2019-03-13,98.45731353759766,PYPL,PayPal,embedded_finance
2019-03-14,98.17971801757812,PYPL,PayPal,embedded_finance
2019-03-15,99.86511993408203,PYPL,PayPal,embedded_finance
2019-03-18,99.40906524658203,PYPL,PayPal,embedded_finance
2019-03-19,100.66817474365234,PYPL,PayPal,embedded_finance
2019-03-20,101.43155670166016,PYPL,PayPal,embedded_finance
2019-03-21,103.25575256347656,PYPL,PayPal,embedded_finance
2019-03-22,100.40048217773438,PYPL,PayPal,embedded_finance
2019-03-25,100.67808532714844,PYPL,PayPal,embedded_finance
2019-03-26,102.26434326171875,PYPL,PayPal,embedded_finance
2019-03-27,102.1850357055664,PYPL,PayPal,embedded_finance
2019-03-28,102.96824645996094,PYPL,PayPal,embedded_finance
2019-03-29,102.94841003417969,PYPL,PayPal,embedded_finance
2019-04-01,104.64373779296875,PYPL,PayPal,embedded_finance
2019-04-02,104.32649230957031,PYPL,PayPal,embedded_finance
2019-04-03,103.79112243652344,PYPL,PayPal,embedded_finance
2019-04-04,103.56310272216797,PYPL,PayPal,embedded_finance
2019-04-05,104.82219696044922,PYPL,PayPal,embedded_finance
2019-04-08,105.65498352050781,PYPL,PayPal,embedded_finance
2019-04-09,106.01188659667969,PYPL,PayPal,embedded_finance
2019-04-10,106.58690643310547,PYPL,PayPal,embedded_finance
2019-04-11,105.5459213256836,PYPL,PayPal,embedded_finance
2019-04-12,107.548583984375,PYPL,PayPal,embedded_finance
2019-04-15,107.21149444580078,PYPL,PayPal,embedded_finance
2019-04-16,107.27098083496094,PYPL,PayPal,embedded_finance
2019-04-17,107.87574005126953,PYPL,PayPal,embedded_finance
2019-04-18,106.43819427490234,PYPL,PayPal,embedded_finance
2019-04-22,105.89291381835938,PYPL,PayPal,embedded_finance
2019-04-23,105.98214721679688,PYPL,PayPal,embedded_finance
2019-04-24,106.29940032958984,PYPL,PayPal,embedded_finance
2019-04-25,109.27364349365234,PYPL,PayPal,embedded_finance
2019-04-26,109.6107177734375,PYPL,PayPal,embedded_finance
2019-04-29,111.47457122802734,PYPL,PayPal,embedded_finance
2019-04-30,111.80174255371094,PYPL,PayPal,embedded_finance
2019-05-01,109.98746490478516,PYPL,PayPal,embedded_finance
2019-05-02,108.75809478759766,PYPL,PayPal,embedded_finance
2019-05-03,110.99869537353516,PYPL,PayPal,embedded_finance
2019-05-06,109.89822387695312,PYPL,PayPal,embedded_finance
2019-05-07,108.01453399658203,PYPL,PayPal,embedded_finance
2019-05-08,108.13351440429688,PYPL,PayPal,embedded_finance
2019-05-09,108.787841796875,PYPL,PayPal,embedded_finance
2019-05-10,109.46200561523438,PYPL,PayPal,embedded_finance
2019-05-13,105.9127426147461,PYPL,PayPal,embedded_finance
2019-05-14,108.15333557128906,PYPL,PayPal,embedded_finance
2019-05-15,110.54264831542969,PYPL,PayPal,embedded_finance
2019-05-16,112.89230346679688,PYPL,PayPal,embedded_finance
2019-05-17,111.83148956298828,PYPL,PayPal,embedded_finance
2019-05-20,111.18707275390625,PYPL,PayPal,embedded_finance
2019-05-21,111.46466064453125,PYPL,PayPal,embedded_finance
2019-05-22,111.50431823730469,PYPL,PayPal,embedded_finance
2019-05-23,108.95638275146484,PYPL,PayPal,embedded_finance
2019-05-24,108.90681457519531,PYPL,PayPal,embedded_finance
2019-05-28,110.83015441894531,PYPL,PayPal,embedded_finance
2019-05-29,109.13484191894531,PYPL,PayPal,embedded_finance
2019-05-30,110.45343017578125,PYPL,PayPal,embedded_finance
2019-05-31,108.80767822265625,PYPL,PayPal,embedded_finance
2019-06-03,104.6139907836914,PYPL,PayPal,embedded_finance
2019-06-04,107.79644012451172,PYPL,PayPal,embedded_finance
2019-06-05,109.81891632080078,PYPL,PayPal,embedded_finance
2019-06-06,110.82023620605469,PYPL,PayPal,embedded_finance
2019-06-07,113.04100799560547,PYPL,PayPal,embedded_finance
2019-06-10,114.62727355957031,PYPL,PayPal,embedded_finance
2019-06-11,113.61602783203125,PYPL,PayPal,embedded_finance
2019-06-12,113.51689147949219,PYPL,PayPal,embedded_finance
2019-06-13,114.7264175415039,PYPL,PayPal,embedded_finance
2019-06-14,115.17255401611328,PYPL,PayPal,embedded_finance
2019-06-17,116.15406036376953,PYPL,PayPal,embedded_finance
2019-06-18,114.98419189453125,PYPL,PayPal,embedded_finance
2019-06-19,116.13422393798828,PYPL,PayPal,embedded_finance
2019-06-20,117.77005767822266,PYPL,PayPal,embedded_finance
2019-06-21,115.21220397949219,PYPL,PayPal,embedded_finance
2019-06-24,115.49971771240234,PYPL,PayPal,embedded_finance
2019-06-25,113.45741271972656,PYPL,PayPal,embedded_finance
2019-06-26,113.1698989868164,PYPL,PayPal,embedded_finance
2019-06-27,112.69402313232422,PYPL,PayPal,embedded_finance
2019-06-28,113.47723388671875,PYPL,PayPal,embedded_finance
2019-07-01,114.04234313964844,PYPL,PayPal,embedded_finance
2019-07-02,115.17255401611328,PYPL,PayPal,embedded_finance
2019-07-03,116.66958618164062,PYPL,PayPal,embedded_finance
2019-07-05,116.15406036376953,PYPL,PayPal,embedded_finance
2019-07-08,115.94585418701172,PYPL,PayPal,embedded_finance
2019-07-09,117.3536605834961,PYPL,PayPal,embedded_finance
2019-07-10,118.61275482177734,PYPL,PayPal,embedded_finance
2019-07-11,119.61408996582031,PYPL,PayPal,embedded_finance
2019-07-12,119.0886459350586,PYPL,PayPal,embedded_finance
2019-07-15,119.8619384765625,PYPL,PayPal,embedded_finance
2019-07-16,118.6821517944336,PYPL,PayPal,embedded_finance
2019-07-17,117.78988647460938,PYPL,PayPal,embedded_finance
2019-07-18,118.84078979492188,PYPL,PayPal,embedded_finance
2019-07-19,117.6114273071289,PYPL,PayPal,embedded_finance
2019-07-22,117.67091369628906,PYPL,PayPal,embedded_finance
2019-07-23,119.18778228759766,PYPL,PayPal,embedded_finance
2019-07-24,120.25850677490234,PYPL,PayPal,embedded_finance
2019-07-25,114.1315689086914,PYPL,PayPal,embedded_finance
2019-07-26,114.4983901977539,PYPL,PayPal,embedded_finance
2019-07-29,110.49307250976562,PYPL,PayPal,embedded_finance
2019-07-30,111.07801818847656,PYPL,PayPal,embedded_finance
2019-07-31,109.45208740234375,PYPL,PayPal,embedded_finance
2019-08-01,109.84866333007812,PYPL,PayPal,embedded_finance
2019-08-02,106.1705093383789,PYPL,PayPal,embedded_finance
2019-08-05,102.71047973632812,PYPL,PayPal,embedded_finance
2019-08-06,104.12820434570312,PYPL,PayPal,embedded_finance
2019-08-07,105.71446228027344,PYPL,PayPal,embedded_finance
2019-08-08,105.87309265136719,PYPL,PayPal,embedded_finance
2019-08-09,103.91999816894531,PYPL,PayPal,embedded_finance
2019-08-12,101.8380355834961,PYPL,PayPal,embedded_finance
2019-08-13,105.12952423095703,PYPL,PayPal,embedded_finance
2019-08-14,102.38330078125,PYPL,PayPal,embedded_finance
2019-08-15,104.04888916015625,PYPL,PayPal,embedded_finance
2019-08-16,105.24849700927734,PYPL,PayPal,embedded_finance
2019-08-19,106.74553680419922,PYPL,PayPal,embedded_finance
2019-08-20,106.44811248779297,PYPL,PayPal,embedded_finance
2019-08-21,108.8770751953125,PYPL,PayPal,embedded_finance
2019-08-22,107.8360824584961,PYPL,PayPal,embedded_finance
2019-08-23,105.12952423095703,PYPL,PayPal,embedded_finance
2019-08-26,106.7356185913086,PYPL,PayPal,embedded_finance
2019-08-27,106.52742004394531,PYPL,PayPal,embedded_finance
2019-08-28,106.54724884033203,PYPL,PayPal,embedded_finance
2019-08-29,108.27230834960938,PYPL,PayPal,embedded_finance
2019-08-30,108.11369323730469,PYPL,PayPal,embedded_finance
2019-09-03,105.83343505859375,PYPL,PayPal,embedded_finance
2019-09-04,107.79644012451172,PYPL,PayPal,embedded_finance
2019-09-05,110.50299072265625,PYPL,PayPal,embedded_finance
2019-09-06,109.1051025390625,PYPL,PayPal,embedded_finance
2019-09-09,104.52476501464844,PYPL,PayPal,embedded_finance
2019-09-10,102.16520690917969,PYPL,PayPal,embedded_finance
2019-09-11,103.12686920166016,PYPL,PayPal,embedded_finance
2019-09-12,106.18042755126953,PYPL,PayPal,embedded_finance
2019-09-13,106.08129119873047,PYPL,PayPal,embedded_finance
2019-09-16,105.60540771484375,PYPL,PayPal,embedded_finance
2019-09-17,106.57698822021484,PYPL,PayPal,embedded_finance
2019-09-18,104.69330596923828,PYPL,PayPal,embedded_finance
2019-09-19,105.20884704589844,PYPL,PayPal,embedded_finance
2019-09-20,103.74154663085938,PYPL,PayPal,embedded_finance
2019-09-23,104.20751190185547,PYPL,PayPal,embedded_finance
2019-09-24,102.79971313476562,PYPL,PayPal,embedded_finance
2019-09-25,103.24584197998047,PYPL,PayPal,embedded_finance
2019-09-26,103.6523208618164,PYPL,PayPal,embedded_finance
2019-09-27,101.32250213623047,PYPL,PayPal,embedded_finance
2019-09-30,102.7005615234375,PYPL,PayPal,embedded_finance
2019-10-01,101.649658203125,PYPL,PayPal,embedded_finance
2019-10-02,98.87371063232422,PYPL,PayPal,embedded_finance
2019-10-03,100.16254425048828,PYPL,PayPal,embedded_finance
2019-10-04,101.90743255615234,PYPL,PayPal,embedded_finance
2019-10-07,100.74748229980469,PYPL,PayPal,embedded_finance
2019-10-08,98.47714233398438,PYPL,PayPal,embedded_finance
2019-10-09,99.03233337402344,PYPL,PayPal,embedded_finance
2019-10-10,99.6767578125,PYPL,PayPal,embedded_finance
2019-10-11,100.70782470703125,PYPL,PayPal,embedded_finance
2019-10-14,100.8763656616211,PYPL,PayPal,embedded_finance
2019-10-15,102.7005615234375,PYPL,PayPal,embedded_finance
2019-10-16,102.2048568725586,PYPL,PayPal,embedded_finance
2019-10-17,102.74021911621094,PYPL,PayPal,embedded_finance
2019-10-18,100.35091400146484,PYPL,PayPal,embedded_finance
2019-10-21,100.56902313232422,PYPL,PayPal,embedded_finance
2019-10-22,96.52405548095703,PYPL,PayPal,embedded_finance
2019-10-23,95.81023406982422,PYPL,PayPal,embedded_finance
2019-10-24,104.00923919677734,PYPL,PayPal,embedded_finance
2019-10-25,106.2696533203125,PYPL,PayPal,embedded_finance
2019-10-28,105.68472290039062,PYPL,PayPal,embedded_finance
2019-10-29,104.09845733642578,PYPL,PayPal,embedded_finance
2019-10-30,105.58557891845703,PYPL,PayPal,embedded_finance
2019-10-31,103.20618438720703,PYPL,PayPal,embedded_finance
2019-11-01,104.0786361694336,PYPL,PayPal,embedded_finance
2019-11-04,101.92725372314453,PYPL,PayPal,embedded_finance
2019-11-05,100.12287902832031,PYPL,PayPal,embedded_finance
2019-11-06,99.76597595214844,PYPL,PayPal,embedded_finance
2019-11-07,99.60735321044922,PYPL,PayPal,embedded_finance
2019-11-08,100.5491943359375,PYPL,PayPal,embedded_finance
2019-11-11,101.78845977783203,PYPL,PayPal,embedded_finance
2019-11-12,101.15396118164062,PYPL,PayPal,embedded_finance
2019-11-13,101.2431869506836,PYPL,PayPal,embedded_finance
2019-11-14,102.83936309814453,PYPL,PayPal,embedded_finance
2019-11-15,103.3053207397461,PYPL,PayPal,embedded_finance
2019-11-18,102.76996612548828,PYPL,PayPal,embedded_finance
2019-11-19,104.04888916015625,PYPL,PayPal,embedded_finance
2019-11-20,103.1962661743164,PYPL,PayPal,embedded_finance
2019-11-21,101.66949462890625,PYPL,PayPal,embedded_finance
2019-11-22,100.89618682861328,PYPL,PayPal,embedded_finance
2019-11-25,103.55318450927734,PYPL,PayPal,embedded_finance
2019-11-26,105.28814697265625,PYPL,PayPal,embedded_finance
2019-11-27,106.82484436035156,PYPL,PayPal,embedded_finance
2019-11-29,107.0826187133789,PYPL,PayPal,embedded_finance
2019-12-02,105.29806518554688,PYPL,PayPal,embedded_finance
2019-12-03,104.68338775634766,PYPL,PayPal,embedded_finance
2019-12-04,104.09845733642578,PYPL,PayPal,embedded_finance
2019-12-05,103.69197082519531,PYPL,PayPal,embedded_finance
2019-12-06,103.44412231445312,PYPL,PayPal,embedded_finance
2019-12-09,102.8889389038086,PYPL,PayPal,embedded_finance
2019-12-10,102.73031616210938,PYPL,PayPal,embedded_finance
2019-12-11,104.60408020019531,PYPL,PayPal,embedded_finance
2019-12-12,104.76270294189453,PYPL,PayPal,embedded_finance
2019-12-13,106.72570037841797,PYPL,PayPal,embedded_finance
2019-12-16,108.62921905517578,PYPL,PayPal,embedded_finance
2019-12-17,107.52874755859375,PYPL,PayPal,embedded_finance
2019-12-18,106.90415954589844,PYPL,PayPal,embedded_finance
2019-12-19,107.94513702392578,PYPL,PayPal,embedded_finance
2019-12-20,107.8162612915039,PYPL,PayPal,embedded_finance
2019-12-23,107.6774673461914,PYPL,PayPal,embedded_finance
2019-12-24,107.75678253173828,PYPL,PayPal,embedded_finance
2019-12-26,108.80767822265625,PYPL,PayPal,embedded_finance
2019-12-27,108.46068572998047,PYPL,PayPal,embedded_finance
2019-12-30,107.04296112060547,PYPL,PayPal,embedded_finance
2019-12-31,107.2412338256836,PYPL,PayPal,embedded_finance
2020-01-02,109.79908752441406,PYPL,PayPal,embedded_finance
2020-01-03,107.82617950439453,PYPL,PayPal,embedded_finance
2020-01-06,109.22406768798828,PYPL,PayPal,embedded_finance
2020-01-07,108.72835540771484,PYPL,PayPal,embedded_finance
2020-01-08,110.85990142822266,PYPL,PayPal,embedded_finance
2020-01-09,111.60346221923828,PYPL,PayPal,embedded_finance
2020-01-10,111.96037292480469,PYPL,PayPal,embedded_finance
2020-01-13,114.29019927978516,PYPL,PayPal,embedded_finance
2020-01-14,113.65568542480469,PYPL,PayPal,embedded_finance
2020-01-15,113.86388397216797,PYPL,PayPal,embedded_finance
2020-01-16,114.4091567993164,PYPL,PayPal,embedded_finance
2020-01-17,115.04366302490234,PYPL,PayPal,embedded_finance
2020-01-21,115.15271759033203,PYPL,PayPal,embedded_finance
2020-01-22,114.50830841064453,PYPL,PayPal,embedded_finance
2020-01-23,116.8777847290039,PYPL,PayPal,embedded_finance
2020-01-24,115.97560119628906,PYPL,PayPal,embedded_finance
2020-01-27,114.25053405761719,PYPL,PayPal,embedded_finance
2020-01-28,115.51954650878906,PYPL,PayPal,embedded_finance
2020-01-29,115.65835571289062,PYPL,PayPal,embedded_finance
2020-01-30,116.1144027709961,PYPL,PayPal,embedded_finance
2020-01-31,112.91212463378906,PYPL,PayPal,embedded_finance
2020-02-03,115.50963592529297,PYPL,PayPal,embedded_finance
2020-02-04,119.04898834228516,PYPL,PayPal,embedded_finance
2020-02-05,118.69207000732422,PYPL,PayPal,embedded_finance
2020-02-06,118.86061096191406,PYPL,PayPal,embedded_finance
2020-02-07,117.85928344726562,PYPL,PayPal,embedded_finance
2020-02-10,119.02914428710938,PYPL,PayPal,embedded_finance
2020-02-11,117.81962585449219,PYPL,PayPal,embedded_finance
2020-02-12,117.54203033447266,PYPL,PayPal,embedded_finance
2020-02-13,119.47528839111328,PYPL,PayPal,embedded_finance
2020-02-14,121.93399047851562,PYPL,PayPal,embedded_finance
2020-02-18,121.22017669677734,PYPL,PayPal,embedded_finance
2020-02-19,122.8460922241211,PYPL,PayPal,embedded_finance
2020-02-20,121.3788070678711,PYPL,PayPal,embedded_finance
2020-02-21,118.46404266357422,PYPL,PayPal,embedded_finance
2020-02-24,115.44023895263672,PYPL,PayPal,embedded_finance
2020-02-25,108.71844482421875,PYPL,PayPal,embedded_finance
2020-02-26,108.17317199707031,PYPL,PayPal,embedded_finance
2020-02-27,106.91407012939453,PYPL,PayPal,embedded_finance
2020-02-28,107.06278991699219,PYPL,PayPal,embedded_finance
2020-03-02,111.8909683227539,PYPL,PayPal,embedded_finance
2020-03-03,108.81758880615234,PYPL,PayPal,embedded_finance
2020-03-04,114.31002044677734,PYPL,PayPal,embedded_finance
2020-03-05,111.21681213378906,PYPL,PayPal,embedded_finance
2020-03-06,109.9378890991211,PYPL,PayPal,embedded_finance
2020-03-09,100.75739288330078,PYPL,PayPal,embedded_finance
2020-03-10,108.79776000976562,PYPL,PayPal,embedded_finance
2020-03-11,103.00790405273438,PYPL,PayPal,embedded_finance
2020-03-12,96.12748718261719,PYPL,PayPal,embedded_finance
2020-03-13,109.20423889160156,PYPL,PayPal,embedded_finance
2020-03-16,91.92389678955078,PYPL,PayPal,embedded_finance
2020-03-17,97.0296859741211,PYPL,PayPal,embedded_finance
2020-03-18,90.67471313476562,PYPL,PayPal,embedded_finance
2020-03-19,92.88557434082031,PYPL,PayPal,embedded_finance
2020-03-20,85.93575286865234,PYPL,PayPal,embedded_finance
2020-03-23,84.52794647216797,PYPL,PayPal,embedded_finance
2020-03-24,96.45465850830078,PYPL,PayPal,embedded_finance
2020-03-25,94.88822174072266,PYPL,PayPal,embedded_finance
2020-03-26,99.76597595214844,PYPL,PayPal,embedded_finance
2020-03-27,92.67737579345703,PYPL,PayPal,embedded_finance
2020-03-30,96.19688415527344,PYPL,PayPal,embedded_finance
2020-03-31,94.91796875,PYPL,PayPal,embedded_finance
2020-04-01,90.59540557861328,PYPL,PayPal,embedded_finance
2020-04-02,92.71702575683594,PYPL,PayPal,embedded_finance
2020-04-03,91.59672546386719,PYPL,PayPal,embedded_finance
2020-04-06,100.79704284667969,PYPL,PayPal,embedded_finance
2020-04-07,99.41897583007812,PYPL,PayPal,embedded_finance
2020-04-08,104.15794372558594,PYPL,PayPal,embedded_finance
2020-04-09,104.9312515258789,PYPL,PayPal,embedded_finance
2020-04-13,105.0700454711914,PYPL,PayPal,embedded_finance
2020-04-14,108.8423843383789,PYPL,PayPal,embedded_finance
2020-04-15,107.02313232421875,PYPL,PayPal,embedded_finance
2020-04-16,107.38003540039062,PYPL,PayPal,embedded_finance
2020-04-17,110.88964080810547,PYPL,PayPal,embedded_finance
2020-04-20,111.20689392089844,PYPL,PayPal,embedded_finance
2020-04-21,106.61664581298828,PYPL,PayPal,embedded_finance
2020-04-22,114.20096588134766,PYPL,PayPal,embedded_finance
2020-04-23,114.25053405761719,PYPL,PayPal,embedded_finance
2020-04-24,119.14812469482422,PYPL,PayPal,embedded_finance
2020-04-27,119.49510955810547,PYPL,PayPal,embedded_finance
2020-04-28,115.1427993774414,PYPL,PayPal,embedded_finance
2020-04-29,122.51892852783203,PYPL,PayPal,embedded_finance
2020-04-30,121.94390869140625,PYPL,PayPal,embedded_finance
2020-05-01,119.57443237304688,PYPL,PayPal,embedded_finance
2020-05-04,122.5982437133789,PYPL,PayPal,embedded_finance
2020-05-05,124.35304260253906,PYPL,PayPal,embedded_finance
2020-05-06,127.20830535888672,PYPL,PayPal,embedded_finance
2020-05-07,145.033935546875,PYPL,PayPal,embedded_finance
2020-05-08,143.71536254882812,PYPL,PayPal,embedded_finance
2020-05-11,142.7239532470703,PYPL,PayPal,embedded_finance
2020-05-12,139.819091796875,PYPL,PayPal,embedded_finance
2020-05-13,142.49591064453125,PYPL,PayPal,embedded_finance
2020-05-14,143.17007446289062,PYPL,PayPal,embedded_finance
2020-05-15,144.26063537597656,PYPL,PayPal,embedded_finance
2020-05-18,144.98435974121094,PYPL,PayPal,embedded_finance
2020-05-19,144.1416473388672,PYPL,PayPal,embedded_finance
2020-05-20,149.64401245117188,PYPL,PayPal,embedded_finance
2020-05-21,146.94735717773438,PYPL,PayPal,embedded_finance
2020-05-22,149.564697265625,PYPL,PayPal,embedded_finance
2020-05-26,145.73785400390625,PYPL,PayPal,embedded_finance
2020-05-27,144.70677185058594,PYPL,PayPal,embedded_finance
2020-05-28,147.51246643066406,PYPL,PayPal,embedded_finance
2020-05-29,153.67906188964844,PYPL,PayPal,embedded_finance
2020-06-01,153.20318603515625,PYPL,PayPal,embedded_finance
2020-06-02,156.13778686523438,PYPL,PayPal,embedded_finance
2020-06-03,155.43386840820312,PYPL,PayPal,embedded_finance
2020-06-04,153.2725830078125,PYPL,PayPal,embedded_finance
2020-06-05,154.66055297851562,PYPL,PayPal,embedded_finance
2020-06-08,154.7498016357422,PYPL,PayPal,embedded_finance
2020-06-09,155.51318359375,PYPL,PayPal,embedded_finance
2020-06-10,158.53700256347656,PYPL,PayPal,embedded_finance
2020-06-11,151.72596740722656,PYPL,PayPal,embedded_finance
2020-06-12,153.9269256591797,PYPL,PayPal,embedded_finance
2020-06-15,156.197265625,PYPL,PayPal,embedded_finance
2020-06-16,159.83575439453125,PYPL,PayPal,embedded_finance
2020-06-17,162.42332458496094,PYPL,PayPal,embedded_finance
2020-06-18,166.60711669921875,PYPL,PayPal,embedded_finance
2020-06-19,162.9488067626953,PYPL,PayPal,embedded_finance
2020-06-22,168.79811096191406,PYPL,PayPal,embedded_finance
2020-06-23,171.306396484375,PYPL,PayPal,embedded_finance
2020-06-24,166.5575408935547,PYPL,PayPal,embedded_finance
2020-06-25,171.01889038085938,PYPL,PayPal,embedded_finance
2020-06-26,169.40289306640625,PYPL,PayPal,embedded_finance
2020-06-29,166.90452575683594,PYPL,PayPal,embedded_finance
2020-06-30,172.73403930664062,PYPL,PayPal,embedded_finance
2020-07-01,175.90655517578125,PYPL,PayPal,embedded_finance
2020-07-02,175.68846130371094,PYPL,PayPal,embedded_finance
2020-07-06,174.6672821044922,PYPL,PayPal,embedded_finance
2020-07-07,175.7578582763672,PYPL,PayPal,embedded_finance
2020-07-08,180.01101684570312,PYPL,PayPal,embedded_finance
2020-07-09,181.65676879882812,PYPL,PayPal,embedded_finance
2020-07-10,176.86822509765625,PYPL,PayPal,embedded_finance
2020-07-13,170.03738403320312,PYPL,PayPal,embedded_finance
2020-07-14,170.82061767578125,PYPL,PayPal,embedded_finance
2020-07-15,170.58265686035156,PYPL,PayPal,embedded_finance
2020-07-16,168.3519744873047,PYPL,PayPal,embedded_finance
2020-07-17,172.42669677734375,PYPL,PayPal,embedded_finance
2020-07-20,177.28463745117188,PYPL,PayPal,embedded_finance
2020-07-21,174.07244873046875,PYPL,PayPal,embedded_finance
2020-07-22,176.8880615234375,PYPL,PayPal,embedded_finance
2020-07-23,172.36721801757812,PYPL,PayPal,embedded_finance
2020-07-24,171.078369140625,PYPL,PayPal,embedded_finance
2020-07-27,176.4518280029297,PYPL,PayPal,embedded_finance
2020-07-28,174.7565460205078,PYPL,PayPal,embedded_finance
2020-07-29,183.01502990722656,PYPL,PayPal,embedded_finance
2020-07-30,190.85707092285156,PYPL,PayPal,embedded_finance
2020-07-31,194.38653564453125,PYPL,PayPal,embedded_finance
2020-08-03,195.37794494628906,PYPL,PayPal,embedded_finance
2020-08-04,195.6356964111328,PYPL,PayPal,embedded_finance
2020-08-05,201.16778564453125,PYPL,PayPal,embedded_finance
2020-08-06,202.337646484375,PYPL,PayPal,embedded_finance
2020-08-07,196.92454528808594,PYPL,PayPal,embedded_finance
2020-08-10,191.66014099121094,PYPL,PayPal,embedded_finance
2020-08-11,187.40696716308594,PYPL,PayPal,embedded_finance
2020-08-12,189.67730712890625,PYPL,PayPal,embedded_finance
2020-08-13,191.4122772216797,PYPL,PayPal,embedded_finance
2020-08-14,189.8161163330078,PYPL,PayPal,embedded_finance
2020-08-17,194.60462951660156,PYPL,PayPal,embedded_finance
2020-08-18,192.89939880371094,PYPL,PayPal,embedded_finance
2020-08-19,190.78768920898438,PYPL,PayPal,embedded_finance
2020-08-20,196.4783935546875,PYPL,PayPal,embedded_finance
2020-08-21,195.100341796875,PYPL,PayPal,embedded_finance
2020-08-24,197.1724090576172,PYPL,PayPal,embedded_finance
2020-08-25,199.9384307861328,PYPL,PayPal,embedded_finance
2020-08-26,201.73289489746094,PYPL,PayPal,embedded_finance
2020-08-27,202.5855255126953,PYPL,PayPal,embedded_finance
2020-08-28,202.7243194580078,PYPL,PayPal,embedded_finance
2020-08-31,202.38722229003906,PYPL,PayPal,embedded_finance
2020-09-01,207.1361083984375,PYPL,PayPal,embedded_finance
2020-09-02,209.0098876953125,PYPL,PayPal,embedded_finance
2020-09-03,203.2299346923828,PYPL,PayPal,embedded_finance
2020-09-04,190.1928253173828,PYPL,PayPal,embedded_finance
2020-09-08,184.35340881347656,PYPL,PayPal,embedded_finance
2020-09-09,192.9291534423828,PYPL,PayPal,embedded_finance
2020-09-10,188.45787048339844,PYPL,PayPal,embedded_finance
2020-09-11,182.42015075683594,PYPL,PayPal,embedded_finance
2020-09-14,185.35475158691406,PYPL,PayPal,embedded_finance
2020-09-15,184.42282104492188,PYPL,PayPal,embedded_finance
2020-09-16,179.35670471191406,PYPL,PayPal,embedded_finance
2020-09-17,174.28062438964844,PYPL,PayPal,embedded_finance
2020-09-18,174.55824279785156,PYPL,PayPal,embedded_finance
2020-09-21,181.63694763183594,PYPL,PayPal,embedded_finance
2020-09-22,186.16769409179688,PYPL,PayPal,embedded_finance
2020-09-23,180.05067443847656,PYPL,PayPal,embedded_finance
2020-09-24,180.62570190429688,PYPL,PayPal,embedded_finance
2020-09-25,185.64224243164062,PYPL,PayPal,embedded_finance
2020-09-28,190.3712921142578,PYPL,PayPal,embedded_finance
2020-09-29,192.8300018310547,PYPL,PayPal,embedded_finance
2020-09-30,195.33827209472656,PYPL,PayPal,embedded_finance
2020-10-01,195.24905395507812,PYPL,PayPal,embedded_finance
2020-10-02,190.2622528076172,PYPL,PayPal,embedded_finance
2020-10-05,195.15982055664062,PYPL,PayPal,embedded_finance
2020-10-06,190.01438903808594,PYPL,PayPal,embedded_finance
2020-10-07,192.93905639648438,PYPL,PayPal,embedded_finance
2020-10-08,191.40237426757812,PYPL,PayPal,embedded_finance
2020-10-09,195.5762176513672,PYPL,PayPal,embedded_finance
2020-10-12,199.77980041503906,PYPL,PayPal,embedded_finance
2020-10-13,205.95631408691406,PYPL,PayPal,embedded_finance
2020-10-14,201.85186767578125,PYPL,PayPal,embedded_finance
2020-10-15,201.3958282470703,PYPL,PayPal,embedded_finance
2020-10-16,202.69456481933594,PYPL,PayPal,embedded_finance
2020-10-19,198.34225463867188,PYPL,PayPal,embedded_finance
2020-10-20,200.22593688964844,PYPL,PayPal,embedded_finance
2020-10-21,211.24057006835938,PYPL,PayPal,embedded_finance
2020-10-22,202.1790313720703,PYPL,PayPal,embedded_finance
2020-10-23,201.2966766357422,PYPL,PayPal,embedded_finance
2020-10-26,195.5266571044922,PYPL,PayPal,embedded_finance
2020-10-27,198.70907592773438,PYPL,PayPal,embedded_finance
2020-10-28,190.65879821777344,PYPL,PayPal,embedded_finance
2020-10-29,193.3653564453125,PYPL,PayPal,embedded_finance
2020-10-30,184.53187561035156,PYPL,PayPal,embedded_finance
2020-11-02,186.1478729248047,PYPL,PayPal,embedded_finance
2020-11-03,178.26611328125,PYPL,PayPal,embedded_finance
2020-11-04,192.62179565429688,PYPL,PayPal,embedded_finance
2020-11-05,202.8036346435547,PYPL,PayPal,embedded_finance
2020-11-06,200.98931884765625,PYPL,PayPal,embedded_finance
2020-11-09,183.13397216796875,PYPL,PayPal,embedded_finance
2020-11-10,181.78564453125,PYPL,PayPal,embedded_finance
2020-11-11,190.68853759765625,PYPL,PayPal,embedded_finance
2020-11-12,187.4763641357422,PYPL,PayPal,embedded_finance
2020-11-13,187.00048828125,PYPL,PayPal,embedded_finance
2020-11-16,190.29197692871094,PYPL,PayPal,embedded_finance
2020-11-17,190.6488800048828,PYPL,PayPal,embedded_finance
2020-11-18,188.48760986328125,PYPL,PayPal,embedded_finance
2020-11-19,189.26089477539062,PYPL,PayPal,embedded_finance
2020-11-20,191.0157012939453,PYPL,PayPal,embedded_finance
2020-11-23,199.0957489013672,PYPL,PayPal,embedded_finance
2020-11-24,204.23126220703125,PYPL,PayPal,embedded_finance
2020-11-25,212.61863708496094,PYPL,PayPal,embedded_finance
2020-11-27,209.57498168945312,PYPL,PayPal,embedded_finance
2020-11-30,212.2815399169922,PYPL,PayPal,embedded_finance
2020-12-01,214.68075561523438,PYPL,PayPal,embedded_finance
2020-12-02,210.73492431640625,PYPL,PayPal,embedded_finance
2020-12-03,212.69793701171875,PYPL,PayPal,embedded_finance
2020-12-04,215.90020751953125,PYPL,PayPal,embedded_finance
2020-12-07,216.05882263183594,PYPL,PayPal,embedded_finance
2020-12-08,215.07733154296875,PYPL,PayPal,embedded_finance
2020-12-09,208.99005126953125,PYPL,PayPal,embedded_finance
2020-12-10,213.49107360839844,PYPL,PayPal,embedded_finance
2020-12-11,212.22206115722656,PYPL,PayPal,embedded_finance
2020-12-14,218.89425659179688,PYPL,PayPal,embedded_finance
2020-12-15,219.69732666015625,PYPL,PayPal,embedded_finance
2020-12-16,228.22348022460938,PYPL,PayPal,embedded_finance
2020-12-17,233.48788452148438,PYPL,PayPal,embedded_finance
2020-12-18,234.4197998046875,PYPL,PayPal,embedded_finance
2020-12-21,235.6789093017578,PYPL,PayPal,embedded_finance
2020-12-22,241.39938354492188,PYPL,PayPal,embedded_finance
2020-12-23,237.38414001464844,PYPL,PayPal,embedded_finance
2020-12-24,236.59100341796875,PYPL,PayPal,embedded_finance
2020-12-28,233.70599365234375,PYPL,PayPal,embedded_finance
2020-12-29,229.04635620117188,PYPL,PayPal,embedded_finance
2020-12-30,229.522216796875,PYPL,PayPal,embedded_finance
2020-12-31,232.1891326904297,PYPL,PayPal,embedded_finance
2021-01-04,229.92872619628906,PYPL,PayPal,embedded_finance
2021-01-05,232.89303588867188,PYPL,PayPal,embedded_finance
2021-01-06,224.88243103027344,PYPL,PayPal,embedded_finance
2021-01-07,233.0218963623047,PYPL,PayPal,embedded_finance
2021-01-08,240.3782196044922,PYPL,PayPal,embedded_finance
2021-01-11,235.46080017089844,PYPL,PayPal,embedded_finance
2021-01-12,235.59959411621094,PYPL,PayPal,embedded_finance
2021-01-13,242.79727172851562,PYPL,PayPal,embedded_finance
2021-01-14,239.98165893554688,PYPL,PayPal,embedded_finance
2021-01-15,237.73114013671875,PYPL,PayPal,embedded_finance
2021-01-19,245.1270751953125,PYPL,PayPal,embedded_finance
2021-01-20,242.16275024414062,PYPL,PayPal,embedded_finance
2021-01-21,246.50515747070312,PYPL,PayPal,embedded_finance
2021-01-22,249.8363037109375,PYPL,PayPal,embedded_finance
2021-01-25,245.62278747558594,PYPL,PayPal,embedded_finance
2021-01-26,238.9307403564453,PYPL,PayPal,embedded_finance
2021-01-27,227.96571350097656,PYPL,PayPal,embedded_finance
2021-01-28,235.748291015625,PYPL,PayPal,embedded_finance
2021-01-29,232.29818725585938,PYPL,PayPal,embedded_finance
2021-02-01,239.77345275878906,PYPL,PayPal,embedded_finance
2021-02-02,246.96121215820312,PYPL,PayPal,embedded_finance
2021-02-03,249.73715209960938,PYPL,PayPal,embedded_finance
2021-02-04,268.1080627441406,PYPL,PayPal,embedded_finance
2021-02-05,267.1265563964844,PYPL,PayPal,embedded_finance
2021-02-08,279.7472839355469,PYPL,PayPal,embedded_finance
2021-02-09,281.75982666015625,PYPL,PayPal,embedded_finance
2021-02-10,280.7485656738281,PYPL,PayPal,embedded_finance
2021-02-11,282.58270263671875,PYPL,PayPal,embedded_finance
2021-02-12,295.80816650390625,PYPL,PayPal,embedded_finance
2021-02-16,302.1730651855469,PYPL,PayPal,embedded_finance
2021-02-17,294.6482238769531,PYPL,PayPal,embedded_finance
2021-02-18,288.31304931640625,PYPL,PayPal,embedded_finance
2021-02-19,284.45648193359375,PYPL,PayPal,embedded_finance
2021-02-22,271.49871826171875,PYPL,PayPal,embedded_finance
2021-02-23,262.72467041015625,PYPL,PayPal,embedded_finance
2021-02-24,263.7854919433594,PYPL,PayPal,embedded_finance
2021-02-25,251.7596435546875,PYPL,PayPal,embedded_finance
2021-02-26,257.6189270019531,PYPL,PayPal,embedded_finance
2021-03-01,271.2806091308594,PYPL,PayPal,embedded_finance
2021-03-02,266.87872314453125,PYPL,PayPal,embedded_finance
2021-03-03,252.87001037597656,PYPL,PayPal,embedded_finance
2021-03-04,237.01731872558594,PYPL,PayPal,embedded_finance
2021-03-05,236.9974822998047,PYPL,PayPal,embedded_finance
2021-03-08,224.1487579345703,PYPL,PayPal,embedded_finance
2021-03-09,239.68421936035156,PYPL,PayPal,embedded_finance
2021-03-10,239.9915771484375,PYPL,PayPal,embedded_finance
2021-03-11,251.6505889892578,PYPL,PayPal,embedded_finance
2021-03-12,248.20046997070312,PYPL,PayPal,embedded_finance
2021-03-15,247.83364868164062,PYPL,PayPal,embedded_finance
2021-03-16,247.1693878173828,PYPL,PayPal,embedded_finance
2021-03-17,249.3108367919922,PYPL,PayPal,embedded_finance
2021-03-18,236.36300659179688,PYPL,PayPal,embedded_finance
2021-03-19,239.20834350585938,PYPL,PayPal,embedded_finance
2021-03-22,242.28668212890625,PYPL,PayPal,embedded_finance
2021-03-23,241.67697143554688,PYPL,PayPal,embedded_finance
2021-03-24,232.25852966308594,PYPL,PayPal,embedded_finance
2021-03-25,232.2288055419922,PYPL,PayPal,embedded_finance
2021-03-26,238.96047973632812,PYPL,PayPal,embedded_finance
2021-03-29,233.64649963378906,PYPL,PayPal,embedded_finance
2021-03-30,234.509033203125,PYPL,PayPal,embedded_finance
2021-03-31,240.75494384765625,PYPL,PayPal,embedded_finance
2021-04-01,245.4145965576172,PYPL,PayPal,embedded_finance
2021-04-05,248.86471557617188,PYPL,PayPal,embedded_finance
2021-04-06,251.01608276367188,PYPL,PayPal,embedded_finance
2021-04-07,253.4053955078125,PYPL,PayPal,embedded_finance
2021-04-08,262.2289733886719,PYPL,PayPal,embedded_finance
2021-04-09,264.4794616699219,PYPL,PayPal,embedded_finance
2021-04-12,266.7200927734375,PYPL,PayPal,embedded_finance
2021-04-13,273.06512451171875,PYPL,PayPal,embedded_finance
2021-04-14,264.91571044921875,PYPL,PayPal,embedded_finance
2021-04-15,271.64739990234375,PYPL,PayPal,embedded_finance
2021-04-16,267.5528869628906,PYPL,PayPal,embedded_finance
2021-04-19,265.6097106933594,PYPL,PayPal,embedded_finance
2021-04-20,262.1595764160156,PYPL,PayPal,embedded_finance
2021-04-21,262.6156311035156,PYPL,PayPal,embedded_finance
2021-04-22,260.0180969238281,PYPL,PayPal,embedded_finance
2021-04-23,263.7458190917969,PYPL,PayPal,embedded_finance
2021-04-26,269.3869934082031,PYPL,PayPal,embedded_finance
2021-04-27,266.5118713378906,PYPL,PayPal,embedded_finance
2021-04-28,268.76239013671875,PYPL,PayPal,embedded_finance
2021-04-29,265.5502014160156,PYPL,PayPal,embedded_finance
2021-04-30,260.0379333496094,PYPL,PayPal,embedded_finance
2021-05-03,256.86541748046875,PYPL,PayPal,embedded_finance
2021-05-04,248.01210021972656,PYPL,PayPal,embedded_finance
2021-05-05,245.27578735351562,PYPL,PayPal,embedded_finance
2021-05-06,249.85614013671875,PYPL,PayPal,embedded_finance
2021-05-07,251.18463134765625,PYPL,PayPal,embedded_finance
2021-05-10,241.53817749023438,PYPL,PayPal,embedded_finance
2021-05-11,246.4654998779297,PYPL,PayPal,embedded_finance
2021-05-12,237.85011291503906,PYPL,PayPal,embedded_finance
2021-05-13,238.7324676513672,PYPL,PayPal,embedded_finance
2021-05-14,244.17532348632812,PYPL,PayPal,embedded_finance
2021-05-17,242.26190185546875,PYPL,PayPal,embedded_finance
2021-05-18,241.12176513671875,PYPL,PayPal,embedded_finance
2021-05-19,242.52957153320312,PYPL,PayPal,embedded_finance
2021-05-20,249.38023376464844,PYPL,PayPal,embedded_finance
2021-05-21,248.53753662109375,PYPL,PayPal,embedded_finance
2021-05-24,254.96192932128906,PYPL,PayPal,embedded_finance
2021-05-25,256.4291687011719,PYPL,PayPal,embedded_finance
2021-05-26,259.1258239746094,PYPL,PayPal,embedded_finance
2021-05-27,257.24212646484375,PYPL,PayPal,embedded_finance
2021-05-28,257.7874450683594,PYPL,PayPal,embedded_finance
2021-06-01,257.04388427734375,PYPL,PayPal,embedded_finance
2021-06-02,259.9189758300781,PYPL,PayPal,embedded_finance
2021-06-03,255.5765838623047,PYPL,PayPal,embedded_finance
2021-06-04,260.781494140625,PYPL,PayPal,embedded_finance
2021-06-07,258.3624572753906,PYPL,PayPal,embedded_finance
2021-06-08,260.8905334472656,PYPL,PayPal,embedded_finance
2021-06-09,261.3367004394531,PYPL,PayPal,embedded_finance
2021-06-10,267.15631103515625,PYPL,PayPal,embedded_finance
2021-06-11,269.11932373046875,PYPL,PayPal,embedded_finance
2021-06-14,272.5694274902344,PYPL,PayPal,embedded_finance
2021-06-15,269.5555419921875,PYPL,PayPal,embedded_finance
2021-06-16,266.5118713378906,PYPL,PayPal,embedded_finance
2021-06-17,275.72210693359375,PYPL,PayPal,embedded_finance
2021-06-18,280.9468688964844,PYPL,PayPal,embedded_finance
2021-06-21,280.6692810058594,PYPL,PayPal,embedded_finance
2021-06-22,284.2879333496094,PYPL,PayPal,embedded_finance
2021-06-23,285.6461486816406,PYPL,PayPal,embedded_finance
2021-06-24,290.69244384765625,PYPL,PayPal,embedded_finance
2021-06-25,287.11346435546875,PYPL,PayPal,embedded_finance
2021-06-28,291.128662109375,PYPL,PayPal,embedded_finance
2021-06-29,290.2463073730469,PYPL,PayPal,embedded_finance
2021-06-30,288.97735595703125,PYPL,PayPal,embedded_finance
2021-07-01,286.5185852050781,PYPL,PayPal,embedded_finance
2021-07-02,287.7479553222656,PYPL,PayPal,embedded_finance
2021-07-06,290.1273498535156,PYPL,PayPal,embedded_finance
2021-07-07,294.57879638671875,PYPL,PayPal,embedded_finance
2021-07-08,292.51666259765625,PYPL,PayPal,embedded_finance
2021-07-09,297.63238525390625,PYPL,PayPal,embedded_finance
2021-07-12,300.3686828613281,PYPL,PayPal,embedded_finance
2021-07-13,298.6039733886719,PYPL,PayPal,embedded_finance
2021-07-14,298.167724609375,PYPL,PayPal,embedded_finance
2021-07-15,293.96417236328125,PYPL,PayPal,embedded_finance
2021-07-16,292.10028076171875,PYPL,PayPal,embedded_finance
2021-07-19,292.31842041015625,PYPL,PayPal,embedded_finance
2021-07-20,295.5107421875,PYPL,PayPal,embedded_finance
2021-07-21,299.178955078125,PYPL,PayPal,embedded_finance
2021-07-22,301.0824890136719,PYPL,PayPal,embedded_finance
2021-07-23,305.8809509277344,PYPL,PayPal,embedded_finance
2021-07-26,304.165771484375,PYPL,PayPal,embedded_finance
2021-07-27,297.9000549316406,PYPL,PayPal,embedded_finance
2021-07-28,299.3871765136719,PYPL,PayPal,embedded_finance
2021-07-29,280.7386779785156,PYPL,PayPal,embedded_finance
2021-07-30,273.1642761230469,PYPL,PayPal,embedded_finance
2021-08-02,268.6632385253906,PYPL,PayPal,embedded_finance
2021-08-03,271.1517028808594,PYPL,PayPal,embedded_finance
2021-08-04,273.1345520019531,PYPL,PayPal,embedded_finance
2021-08-05,278.2601318359375,PYPL,PayPal,embedded_finance
2021-08-06,277.13983154296875,PYPL,PayPal,embedded_finance
2021-08-09,275.76177978515625,PYPL,PayPal,embedded_finance
2021-08-10,272.01422119140625,PYPL,PayPal,embedded_finance
2021-08-11,274.0367126464844,PYPL,PayPal,embedded_finance
2021-08-12,272.2323303222656,PYPL,PayPal,embedded_finance
2021-08-13,272.5495910644531,PYPL,PayPal,embedded_finance
2021-08-16,275.8906555175781,PYPL,PayPal,embedded_finance
2021-08-17,268.7723083496094,PYPL,PayPal,embedded_finance
2021-08-18,266.53167724609375,PYPL,PayPal,embedded_finance
2021-08-19,268.2567443847656,PYPL,PayPal,embedded_finance
2021-08-20,270.6163330078125,PYPL,PayPal,embedded_finance
2021-08-23,274.601806640625,PYPL,PayPal,embedded_finance
2021-08-24,277.1100769042969,PYPL,PayPal,embedded_finance
2021-08-25,275.30572509765625,PYPL,PayPal,embedded_finance
2021-08-26,271.2706604003906,PYPL,PayPal,embedded_finance
2021-08-27,275.9402160644531,PYPL,PayPal,embedded_finance
2021-08-30,285.9931640625,PYPL,PayPal,embedded_finance
2021-08-31,286.1815490722656,PYPL,PayPal,embedded_finance
2021-09-01,284.2879333496094,PYPL,PayPal,embedded_finance
2021-09-02,283.07843017578125,PYPL,PayPal,embedded_finance
2021-09-03,286.64752197265625,PYPL,PayPal,embedded_finance
2021-09-07,290.7420349121094,PYPL,PayPal,embedded_finance
2021-09-08,282.7809753417969,PYPL,PayPal,embedded_finance
2021-09-09,284.41680908203125,PYPL,PayPal,embedded_finance
2021-09-10,281.8787841796875,PYPL,PayPal,embedded_finance
2021-09-13,278.0816650390625,PYPL,PayPal,embedded_finance
2021-09-14,279.816650390625,PYPL,PayPal,embedded_finance
2021-09-15,280.0050048828125,PYPL,PayPal,embedded_finance
2021-09-16,280.5404052734375,PYPL,PayPal,embedded_finance
2021-09-17,273.9673156738281,PYPL,PayPal,embedded_finance
2021-09-20,267.592529296875,PYPL,PayPal,embedded_finance
2021-09-21,267.17608642578125,PYPL,PayPal,embedded_finance
2021-09-22,270.00164794921875,PYPL,PayPal,embedded_finance
2021-09-23,276.70361328125,PYPL,PayPal,embedded_finance
2021-09-24,275.72210693359375,PYPL,PayPal,embedded_finance
2021-09-27,271.04266357421875,PYPL,PayPal,embedded_finance
2021-09-28,259.93878173828125,PYPL,PayPal,embedded_finance
2021-09-29,256.7762145996094,PYPL,PayPal,embedded_finance
2021-09-30,257.9757995605469,PYPL,PayPal,embedded_finance
2021-10-01,262.377685546875,PYPL,PayPal,embedded_finance
2021-10-04,252.82044982910156,PYPL,PayPal,embedded_finance
2021-10-05,257.91632080078125,PYPL,PayPal,embedded_finance
2021-10-06,261.7927551269531,PYPL,PayPal,embedded_finance
2021-10-07,261.2772521972656,PYPL,PayPal,embedded_finance
2021-10-08,257.82708740234375,PYPL,PayPal,embedded_finance
2021-10-11,252.86012268066406,PYPL,PayPal,embedded_finance
2021-10-12,253.6532440185547,PYPL,PayPal,embedded_finance
2021-10-13,254.1588592529297,PYPL,PayPal,embedded_finance
2021-10-14,264.1622619628906,PYPL,PayPal,embedded_finance
2021-10-15,266.0459289550781,PYPL,PayPal,embedded_finance
2021-10-18,268.0088806152344,PYPL,PayPal,embedded_finance
2021-10-19,269.3671875,PYPL,PayPal,embedded_finance
2021-10-20,256.14166259765625,PYPL,PayPal,embedded_finance
2021-10-21,241.12176513671875,PYPL,PayPal,embedded_finance
2021-10-22,238.3358917236328,PYPL,PayPal,embedded_finance
2021-10-25,244.76025390625,PYPL,PayPal,embedded_finance
2021-10-26,240.91357421875,PYPL,PayPal,embedded_finance
2021-10-27,232.9227752685547,PYPL,PayPal,embedded_finance
2021-10-28,234.7965545654297,PYPL,PayPal,embedded_finance
2021-10-29,230.59295654296875,PYPL,PayPal,embedded_finance
2021-11-01,229.29420471191406,PYPL,PayPal,embedded_finance
2021-11-02,227.4898223876953,PYPL,PayPal,embedded_finance
2021-11-03,228.4019317626953,PYPL,PayPal,embedded_finance
2021-11-04,226.26048278808594,PYPL,PayPal,embedded_finance
2021-11-05,223.8414306640625,PYPL,PayPal,embedded_finance
2021-11-08,227.45016479492188,PYPL,PayPal,embedded_finance
2021-11-09,203.65623474121094,PYPL,PayPal,embedded_finance
2021-11-10,202.8829345703125,PYPL,PayPal,embedded_finance
2021-11-11,200.29534912109375,PYPL,PayPal,embedded_finance
2021-11-12,206.51150512695312,PYPL,PayPal,embedded_finance
2021-11-15,210.715087890625,PYPL,PayPal,embedded_finance
2021-11-16,213.81822204589844,PYPL,PayPal,embedded_finance
2021-11-17,204.4989471435547,PYPL,PayPal,embedded_finance
2021-11-18,198.77847290039062,PYPL,PayPal,embedded_finance
2021-11-19,191.94764709472656,PYPL,PayPal,embedded_finance
2021-11-22,187.85308837890625,PYPL,PayPal,embedded_finance
2021-11-23,186.43539428710938,PYPL,PayPal,embedded_finance
2021-11-24,187.0897216796875,PYPL,PayPal,embedded_finance
2021-11-26,186.1776123046875,PYPL,PayPal,embedded_finance
2021-11-29,185.63233947753906,PYPL,PayPal,embedded_finance
2021-11-30,183.30250549316406,PYPL,PayPal,embedded_finance
2021-12-01,177.78033447265625,PYPL,PayPal,embedded_finance
2021-12-02,185.5430908203125,PYPL,PayPal,embedded_finance
2021-12-03,182.35073852539062,PYPL,PayPal,embedded_finance
2021-12-06,183.27276611328125,PYPL,PayPal,embedded_finance
2021-12-07,189.37989807128906,PYPL,PayPal,embedded_finance
2021-12-08,195.65553283691406,PYPL,PayPal,embedded_finance
2021-12-09,190.10360717773438,PYPL,PayPal,embedded_finance
2021-12-10,186.89141845703125,PYPL,PayPal,embedded_finance
2021-12-13,184.77972412109375,PYPL,PayPal,embedded_finance
2021-12-14,185.19610595703125,PYPL,PayPal,embedded_finance
2021-12-15,189.02297973632812,PYPL,PayPal,embedded_finance
2021-12-16,187.12937927246094,PYPL,PayPal,embedded_finance
2021-12-17,184.60125732421875,PYPL,PayPal,embedded_finance
2021-12-20,181.11148071289062,PYPL,PayPal,embedded_finance
2021-12-21,187.51602172851562,PYPL,PayPal,embedded_finance
2021-12-22,190.03421020507812,PYPL,PayPal,embedded_finance
2021-12-23,190.3613739013672,PYPL,PayPal,embedded_finance
2021-12-27,190.3613739013672,PYPL,PayPal,embedded_finance
2021-12-28,188.46780395507812,PYPL,PayPal,embedded_finance
2021-12-29,188.33888244628906,PYPL,PayPal,embedded_finance
2021-12-30,190.23248291015625,PYPL,PayPal,embedded_finance
2021-12-31,186.96083068847656,PYPL,PayPal,embedded_finance
2022-01-03,193.26622009277344,PYPL,PayPal,embedded_finance
2022-01-04,189.4988555908203,PYPL,PayPal,embedded_finance
2022-01-05,185.5530242919922,PYPL,PayPal,embedded_finance
2022-01-06,190.61915588378906,PYPL,PayPal,embedded_finance
2022-01-07,185.98924255371094,PYPL,PayPal,embedded_finance
2022-01-10,181.37916564941406,PYPL,PayPal,embedded_finance
2022-01-11,189.87559509277344,PYPL,PayPal,embedded_finance
2022-01-12,185.59268188476562,PYPL,PayPal,embedded_finance
2022-01-13,179.45582580566406,PYPL,PayPal,embedded_finance
2022-01-14,176.8880615234375,PYPL,PayPal,embedded_finance
2022-01-18,172.9620819091797,PYPL,PayPal,embedded_finance
2022-01-19,172.0598907470703,PYPL,PayPal,embedded_finance
2022-01-20,171.7921905517578,PYPL,PayPal,embedded_finance
2022-01-21,162.1358184814453,PYPL,PayPal,embedded_finance
2022-01-24,160.77760314941406,PYPL,PayPal,embedded_finance
2022-01-25,156.8416748046875,PYPL,PayPal,embedded_finance
2022-01-26,155.6321563720703,PYPL,PayPal,embedded_finance
2022-01-27,156.75244140625,PYPL,PayPal,embedded_finance
2022-01-28,162.11599731445312,PYPL,PayPal,embedded_finance
2022-01-31,170.4636993408203,PYPL,PayPal,embedded_finance
2022-02-01,174.2905731201172,PYPL,PayPal,embedded_finance
2022-02-02,131.43173217773438,PYPL,PayPal,embedded_finance
2022-02-03,123.23274993896484,PYPL,PayPal,embedded_finance
2022-02-04,124.99746704101562,PYPL,PayPal,embedded_finance
2022-02-07,120.36756134033203,PYPL,PayPal,embedded_finance
2022-02-08,119.2274398803711,PYPL,PayPal,embedded_finance
2022-02-09,121.88442993164062,PYPL,PayPal,embedded_finance
2022-02-10,117.99807739257812,PYPL,PayPal,embedded_finance
2022-02-11,114.30010986328125,PYPL,PayPal,embedded_finance
2022-02-14,113.1401596069336,PYPL,PayPal,embedded_finance
2022-02-15,114.46864318847656,PYPL,PayPal,embedded_finance
2022-02-16,109.59088897705078,PYPL,PayPal,embedded_finance
2022-02-17,104.29674530029297,PYPL,PayPal,embedded_finance
2022-02-18,102.76005554199219,PYPL,PayPal,embedded_finance
2022-02-22,102.28416442871094,PYPL,PayPal,embedded_finance
2022-02-23,99.85520935058594,PYPL,PayPal,embedded_finance
2022-02-24,104.1182861328125,PYPL,PayPal,embedded_finance
2022-02-25,109.98746490478516,PYPL,PayPal,embedded_finance
2022-02-28,110.96895599365234,PYPL,PayPal,embedded_finance
2022-03-01,105.59549713134766,PYPL,PayPal,embedded_finance
2022-03-02,105.69464111328125,PYPL,PayPal,embedded_finance
2022-03-03,100.46987915039062,PYPL,PayPal,embedded_finance
2022-03-04,99.05216979980469,PYPL,PayPal,embedded_finance
2022-03-07,92.8062515258789,PYPL,PayPal,embedded_finance
2022-03-08,94.0851821899414,PYPL,PayPal,embedded_finance
2022-03-09,99.3594970703125,PYPL,PayPal,embedded_finance
2022-03-10,97.70384216308594,PYPL,PayPal,embedded_finance
2022-03-11,95.74083709716797,PYPL,PayPal,embedded_finance
2022-03-14,96.03826904296875,PYPL,PayPal,embedded_finance
2022-03-15,99.5974349975586,PYPL,PayPal,embedded_finance
2022-03-16,106.99339294433594,PYPL,PayPal,embedded_finance
2022-03-17,111.19698333740234,PYPL,PayPal,embedded_finance
2022-03-18,117.75022888183594,PYPL,PayPal,embedded_finance
2022-03-21,113.66560363769531,PYPL,PayPal,embedded_finance
2022-03-22,116.85795593261719,PYPL,PayPal,embedded_finance
2022-03-23,113.66560363769531,PYPL,PayPal,embedded_finance
2022-03-24,115.05358123779297,PYPL,PayPal,embedded_finance
2022-03-25,112.78324890136719,PYPL,PayPal,embedded_finance
2022-03-28,115.17255401611328,PYPL,PayPal,embedded_finance
2022-03-29,120.13953399658203,PYPL,PayPal,embedded_finance
2022-03-30,117.4726333618164,PYPL,PayPal,embedded_finance
2022-03-31,114.65701293945312,PYPL,PayPal,embedded_finance
2022-04-01,115.66825866699219,PYPL,PayPal,embedded_finance
2022-04-04,120.81369018554688,PYPL,PayPal,embedded_finance
2022-04-05,116.63984680175781,PYPL,PayPal,embedded_finance
2022-04-06,111.5241470336914,PYPL,PayPal,embedded_finance
2022-04-07,112.06942749023438,PYPL,PayPal,embedded_finance
2022-04-08,110.25513458251953,PYPL,PayPal,embedded_finance
2022-04-11,108.86715698242188,PYPL,PayPal,embedded_finance
2022-04-12,107.32054901123047,PYPL,PayPal,embedded_finance
2022-04-13,104.26700592041016,PYPL,PayPal,embedded_finance
2022-04-14,101.43155670166016,PYPL,PayPal,embedded_finance
2022-04-18,99.71641540527344,PYPL,PayPal,embedded_finance
2022-04-19,102.76996612548828,PYPL,PayPal,embedded_finance
2022-04-20,94.0851821899414,PYPL,PayPal,embedded_finance
2022-04-21,88.63240814208984,PYPL,PayPal,embedded_finance
2022-04-22,85.29132843017578,PYPL,PayPal,embedded_finance
2022-04-25,87.02631378173828,PYPL,PayPal,embedded_finance
2022-04-26,82.98133087158203,PYPL,PayPal,embedded_finance
2022-04-27,81.90069580078125,PYPL,PayPal,embedded_finance
2022-04-28,91.29930114746094,PYPL,PayPal,embedded_finance
2022-04-29,87.1750259399414,PYPL,PayPal,embedded_finance
2022-05-02,90.74411010742188,PYPL,PayPal,embedded_finance
2022-05-03,89.93115997314453,PYPL,PayPal,embedded_finance
2022-05-04,91.92389678955078,PYPL,PayPal,embedded_finance
2022-05-05,84.69648742675781,PYPL,PayPal,embedded_finance
2022-05-06,80.97868347167969,PYPL,PayPal,embedded_finance
2022-05-09,78.8471450805664,PYPL,PayPal,embedded_finance
2022-05-10,78.07384490966797,PYPL,PayPal,embedded_finance
2022-05-11,74.52457427978516,PYPL,PayPal,embedded_finance
2022-05-12,73.65213775634766,PYPL,PayPal,embedded_finance
2022-05-13,78.15316009521484,PYPL,PayPal,embedded_finance
2022-05-16,76.98329162597656,PYPL,PayPal,embedded_finance
2022-05-17,79.06525421142578,PYPL,PayPal,embedded_finance
2022-05-18,76.51732635498047,PYPL,PayPal,embedded_finance
2022-05-19,80.58212280273438,PYPL,PayPal,embedded_finance
2022-05-20,79.84847259521484,PYPL,PayPal,embedded_finance
2022-05-23,80.48297882080078,PYPL,PayPal,embedded_finance
2022-05-24,77.9747085571289,PYPL,PayPal,embedded_finance
2022-05-25,79.43208312988281,PYPL,PayPal,embedded_finance
2022-05-26,79.72949981689453,PYPL,PayPal,embedded_finance
2022-05-27,84.47837829589844,PYPL,PayPal,embedded_finance
2022-05-31,84.47837829589844,PYPL,PayPal,embedded_finance
2022-06-01,81.77182006835938,PYPL,PayPal,embedded_finance
2022-06-02,87.5616683959961,PYPL,PayPal,embedded_finance
2022-06-03,85.78704833984375,PYPL,PayPal,embedded_finance
2022-06-06,86.06463623046875,PYPL,PayPal,embedded_finance
2022-06-07,87.82936096191406,PYPL,PayPal,embedded_finance
2022-06-08,86.75862884521484,PYPL,PayPal,embedded_finance
2022-06-09,83.38782501220703,PYPL,PayPal,embedded_finance
2022-06-10,78.61912536621094,PYPL,PayPal,embedded_finance
2022-06-13,73.08702850341797,PYPL,PayPal,embedded_finance
2022-06-14,71.83784484863281,PYPL,PayPal,embedded_finance
2022-06-15,75.17891693115234,PYPL,PayPal,embedded_finance
2022-06-16,70.61841583251953,PYPL,PayPal,embedded_finance
2022-06-17,72.27407836914062,PYPL,PayPal,embedded_finance
2022-06-21,71.74862670898438,PYPL,PayPal,embedded_finance
2022-06-22,72.34347534179688,PYPL,PayPal,embedded_finance
2022-06-23,73.17625427246094,PYPL,PayPal,embedded_finance
2022-06-24,77.01303100585938,PYPL,PayPal,embedded_finance
2022-06-27,75.2879638671875,PYPL,PayPal,embedded_finance
2022-06-28,71.2033462524414,PYPL,PayPal,embedded_finance
2022-06-29,70.85635375976562,PYPL,PayPal,embedded_finance
2022-06-30,69.24034118652344,PYPL,PayPal,embedded_finance
2022-07-01,70.78695678710938,PYPL,PayPal,embedded_finance
2022-07-05,73.76119232177734,PYPL,PayPal,embedded_finance
2022-07-06,72.61115264892578,PYPL,PayPal,embedded_finance
2022-07-07,74.39570617675781,PYPL,PayPal,embedded_finance
2022-07-08,72.79953002929688,PYPL,PayPal,embedded_finance
2022-07-11,69.86494445800781,PYPL,PayPal,embedded_finance
2022-07-12,70.81669616699219,PYPL,PayPal,embedded_finance
2022-07-13,70.74729919433594,PYPL,PayPal,embedded_finance
2022-07-14,68.95284271240234,PYPL,PayPal,embedded_finance
2022-07-15,73.27540588378906,PYPL,PayPal,embedded_finance
2022-07-18,73.49351501464844,PYPL,PayPal,embedded_finance
2022-07-19,77.072509765625,PYPL,PayPal,embedded_finance
2022-07-20,79.5510482788086,PYPL,PayPal,embedded_finance
2022-07-21,82.03949737548828,PYPL,PayPal,embedded_finance
2022-07-22,80.3541030883789,PYPL,PayPal,embedded_finance
2022-07-25,80.94894409179688,PYPL,PayPal,embedded_finance
2022-07-26,76.37852478027344,PYPL,PayPal,embedded_finance
2022-07-27,85.67798614501953,PYPL,PayPal,embedded_finance
2022-07-28,85.12279510498047,PYPL,PayPal,embedded_finance
2022-07-29,85.78704833984375,PYPL,PayPal,embedded_finance
2022-08-01,87.8045654296875,PYPL,PayPal,embedded_finance
2022-08-02,88.86042022705078,PYPL,PayPal,embedded_finance
2022-08-03,97.0792465209961,PYPL,PayPal,embedded_finance
2022-08-04,96.14732360839844,PYPL,PayPal,embedded_finance
2022-08-05,94.50157165527344,PYPL,PayPal,embedded_finance
2022-08-08,95.43350219726562,PYPL,PayPal,embedded_finance
2022-08-09,93.66878509521484,PYPL,PayPal,embedded_finance
2022-08-10,98.06074523925781,PYPL,PayPal,embedded_finance
2022-08-11,98.25902557373047,PYPL,PayPal,embedded_finance
2022-08-12,100.23194122314453,PYPL,PayPal,embedded_finance
2022-08-15,100.638427734375,PYPL,PayPal,embedded_finance
2022-08-16,101.20352935791016,PYPL,PayPal,embedded_finance
2022-08-17,98.56637573242188,PYPL,PayPal,embedded_finance
2022-08-18,99.00259399414062,PYPL,PayPal,embedded_finance
2022-08-19,95.73092651367188,PYPL,PayPal,embedded_finance
2022-08-22,92.7765121459961,PYPL,PayPal,embedded_finance
2022-08-23,92.39977264404297,PYPL,PayPal,embedded_finance
2022-08-24,92.95496368408203,PYPL,PayPal,embedded_finance
2022-08-25,95.8895492553711,PYPL,PayPal,embedded_finance
2022-08-26,91.90406036376953,PYPL,PayPal,embedded_finance
2022-08-29,91.86441040039062,PYPL,PayPal,embedded_finance
2022-08-30,91.01179504394531,PYPL,PayPal,embedded_finance
2022-08-31,92.6377182006836,PYPL,PayPal,embedded_finance
2022-09-01,91.86441040039062,PYPL,PayPal,embedded_finance
2022-09-02,90.34754943847656,PYPL,PayPal,embedded_finance
2022-09-06,90.82838439941406,PYPL,PayPal,embedded_finance
2022-09-07,94.15457916259766,PYPL,PayPal,embedded_finance
2022-09-08,95.34426879882812,PYPL,PayPal,embedded_finance
2022-09-09,95.40376281738281,PYPL,PayPal,embedded_finance
2022-09-12,96.81156921386719,PYPL,PayPal,embedded_finance
2022-09-13,94.1942367553711,PYPL,PayPal,embedded_finance
2022-09-14,96.82148742675781,PYPL,PayPal,embedded_finance
2022-09-15,95.57229614257812,PYPL,PayPal,embedded_finance
2022-09-16,93.19290161132812,PYPL,PayPal,embedded_finance
2022-09-19,94.21406555175781,PYPL,PayPal,embedded_finance
2022-09-20,90.84325408935547,PYPL,PayPal,embedded_finance
2022-09-21,90.3971176147461,PYPL,PayPal,embedded_finance
2022-09-22,86.90734100341797,PYPL,PayPal,embedded_finance
2022-09-23,86.2232666015625,PYPL,PayPal,embedded_finance
2022-09-26,83.53654479980469,PYPL,PayPal,embedded_finance
2022-09-27,85.01374053955078,PYPL,PayPal,embedded_finance
2022-09-28,90.33763885498047,PYPL,PayPal,embedded_finance
2022-09-29,87.93841552734375,PYPL,PayPal,embedded_finance
2022-09-30,85.33099365234375,PYPL,PayPal,embedded_finance
2022-10-03,86.43146514892578,PYPL,PayPal,embedded_finance
2022-10-04,91.99330139160156,PYPL,PayPal,embedded_finance
2022-10-05,93.02436065673828,PYPL,PayPal,embedded_finance
2022-10-06,93.60929870605469,PYPL,PayPal,embedded_finance
2022-10-07,89.39578247070312,PYPL,PayPal,embedded_finance
2022-10-10,83.79429626464844,PYPL,PayPal,embedded_finance
2022-10-11,82.37657928466797,PYPL,PayPal,embedded_finance
2022-10-12,83.09039306640625,PYPL,PayPal,embedded_finance
2022-10-13,83.31842803955078,PYPL,PayPal,embedded_finance
2022-10-14,79.7790756225586,PYPL,PayPal,embedded_finance
2022-10-17,83.93309783935547,PYPL,PayPal,embedded_finance
2022-10-18,84.55768585205078,PYPL,PayPal,embedded_finance
2022-10-19,83.74473571777344,PYPL,PayPal,embedded_finance
2022-10-20,84.05207061767578,PYPL,PayPal,embedded_finance
2022-10-21,83.21928405761719,PYPL,PayPal,embedded_finance
2022-10-24,82.60460662841797,PYPL,PayPal,embedded_finance
2022-10-25,88.47377014160156,PYPL,PayPal,embedded_finance
2022-10-26,87.78970336914062,PYPL,PayPal,embedded_finance
2022-10-27,86.5999984741211,PYPL,PayPal,embedded_finance
2022-10-28,85.50944519042969,PYPL,PayPal,embedded_finance
2022-10-31,82.86238098144531,PYPL,PayPal,embedded_finance
2022-11-01,82.39640808105469,PYPL,PayPal,embedded_finance
2022-11-02,78.76782989501953,PYPL,PayPal,embedded_finance
2022-11-03,75.89273071289062,PYPL,PayPal,embedded_finance
2022-11-04,74.53449249267578,PYPL,PayPal,embedded_finance
2022-11-07,76.99320983886719,PYPL,PayPal,embedded_finance
2022-11-08,80.43340301513672,PYPL,PayPal,embedded_finance
2022-11-09,78.00444030761719,PYPL,PayPal,embedded_finance
2022-11-10,86.05473327636719,PYPL,PayPal,embedded_finance
2022-11-11,90.24840545654297,PYPL,PayPal,embedded_finance
2022-11-14,88.74146270751953,PYPL,PayPal,embedded_finance
2022-11-15,89.08845520019531,PYPL,PayPal,embedded_finance
2022-11-16,86.29267120361328,PYPL,PayPal,embedded_finance
2022-11-17,84.9046859741211,PYPL,PayPal,embedded_finance
2022-11-18,84.19087219238281,PYPL,PayPal,embedded_finance
2022-11-21,79.93769836425781,PYPL,PayPal,embedded_finance
2022-11-22,79.22389221191406,PYPL,PayPal,embedded_finance
2022-11-23,80.05667114257812,PYPL,PayPal,embedded_finance
2022-11-25,79.39242553710938,PYPL,PayPal,embedded_finance
2022-11-28,79.24371337890625,PYPL,PayPal,embedded_finance
2022-11-29,76.97337341308594,PYPL,PayPal,embedded_finance
2022-11-30,77.73676300048828,PYPL,PayPal,embedded_finance
2022-12-01,77.8557357788086,PYPL,PayPal,embedded_finance
2022-12-02,74.01896667480469,PYPL,PayPal,embedded_finance
2022-12-05,72.9878921508789,PYPL,PayPal,embedded_finance
2022-12-06,71.60982513427734,PYPL,PayPal,embedded_finance
2022-12-07,73.78102111816406,PYPL,PayPal,embedded_finance
2022-12-08,73.5827407836914,PYPL,PayPal,embedded_finance
2022-12-09,72.93832397460938,PYPL,PayPal,embedded_finance
2022-12-12,73.16634368896484,PYPL,PayPal,embedded_finance
2022-12-13,73.06719970703125,PYPL,PayPal,embedded_finance
2022-12-14,72.00638580322266,PYPL,PayPal,embedded_finance
2022-12-15,69.17094421386719,PYPL,PayPal,embedded_finance
2022-12-16,68.66532897949219,PYPL,PayPal,embedded_finance
2022-12-19,68.35798645019531,PYPL,PayPal,embedded_finance
2022-12-20,68.16961669921875,PYPL,PayPal,embedded_finance
2022-12-21,68.61575317382812,PYPL,PayPal,embedded_finance
2022-12-22,67.98124694824219,PYPL,PayPal,embedded_finance
2022-12-23,68.43729400634766,PYPL,PayPal,embedded_finance
2022-12-27,67.7433090209961,PYPL,PayPal,embedded_finance
2022-12-28,66.97000885009766,PYPL,PayPal,embedded_finance
2022-12-29,69.95416259765625,PYPL,PayPal,embedded_finance
2022-12-30,70.6084976196289,PYPL,PayPal,embedded_finance
2023-01-03,73.93965148925781,PYPL,PayPal,embedded_finance
2023-01-04,77.02294921875,PYPL,PayPal,embedded_finance
2023-01-05,75.6151351928711,PYPL,PayPal,embedded_finance
2023-01-06,75.8233413696289,PYPL,PayPal,embedded_finance
2023-01-09,76.41818237304688,PYPL,PayPal,embedded_finance
2023-01-10,77.25096893310547,PYPL,PayPal,embedded_finance
2023-01-11,77.86565399169922,PYPL,PayPal,embedded_finance
2023-01-12,79.09500122070312,PYPL,PayPal,embedded_finance
2023-01-13,78.79757690429688,PYPL,PayPal,embedded_finance
2023-01-17,79.49156188964844,PYPL,PayPal,embedded_finance
2023-01-18,76.64620208740234,PYPL,PayPal,embedded_finance
2023-01-19,76.09101867675781,PYPL,PayPal,embedded_finance
2023-01-20,78.41091918945312,PYPL,PayPal,embedded_finance
2023-01-23,78.8174057006836,PYPL,PayPal,embedded_finance
2023-01-24,78.89671325683594,PYPL,PayPal,embedded_finance
2023-01-25,78.42083740234375,PYPL,PayPal,embedded_finance
2023-01-26,80.11614990234375,PYPL,PayPal,embedded_finance
2023-01-27,81.12739562988281,PYPL,PayPal,embedded_finance
2023-01-30,78.95620727539062,PYPL,PayPal,embedded_finance
2023-01-31,80.79032135009766,PYPL,PayPal,embedded_finance
2023-02-01,82.19813537597656,PYPL,PayPal,embedded_finance
2023-02-02,86.21334838867188,PYPL,PayPal,embedded_finance
2023-02-03,84.78571319580078,PYPL,PayPal,embedded_finance
2023-02-06,81.62310028076172,PYPL,PayPal,embedded_finance
2023-02-07,82.515380859375,PYPL,PayPal,embedded_finance
2023-02-08,79.03551483154297,PYPL,PayPal,embedded_finance
2023-02-09,77.74667358398438,PYPL,PayPal,embedded_finance
2023-02-10,80.10625457763672,PYPL,PayPal,embedded_finance
2023-02-13,78.76782989501953,PYPL,PayPal,embedded_finance
2023-02-14,76.59663391113281,PYPL,PayPal,embedded_finance
2023-02-15,77.2410659790039,PYPL,PayPal,embedded_finance
2023-02-16,76.0711898803711,PYPL,PayPal,embedded_finance
2023-02-17,74.01896667480469,PYPL,PayPal,embedded_finance
2023-02-21,74.5939712524414,PYPL,PayPal,embedded_finance
2023-02-22,74.83192443847656,PYPL,PayPal,embedded_finance
2023-02-23,74.5444107055664,PYPL,PayPal,embedded_finance
2023-02-24,72.91849517822266,PYPL,PayPal,embedded_finance
2023-02-27,73.1365966796875,PYPL,PayPal,embedded_finance
2023-02-28,72.96806335449219,PYPL,PayPal,embedded_finance
2023-03-01,73.18617248535156,PYPL,PayPal,embedded_finance
2023-03-02,73.4637680053711,PYPL,PayPal,embedded_finance
2023-03-03,75.63497161865234,PYPL,PayPal,embedded_finance
2023-03-06,76.12075805664062,PYPL,PayPal,embedded_finance
2023-03-07,74.2668228149414,PYPL,PayPal,embedded_finance
2023-03-08,75.1888198852539,PYPL,PayPal,embedded_finance
2023-03-09,75.2780532836914,PYPL,PayPal,embedded_finance
2023-03-10,72.79953002929688,PYPL,PayPal,embedded_finance
2023-03-13,71.98656463623047,PYPL,PayPal,embedded_finance
2023-03-14,72.61115264892578,PYPL,PayPal,embedded_finance
2023-03-15,73.27540588378906,PYPL,PayPal,embedded_finance
2023-03-16,73.71162414550781,PYPL,PayPal,embedded_finance
2023-03-17,72.36329650878906,PYPL,PayPal,embedded_finance
2023-03-20,72.58141326904297,PYPL,PayPal,embedded_finance
2023-03-21,76.06127166748047,PYPL,PayPal,embedded_finance
2023-03-22,73.70170593261719,PYPL,PayPal,embedded_finance
2023-03-23,71.9369888305664,PYPL,PayPal,embedded_finance
2023-03-24,73.24565124511719,PYPL,PayPal,embedded_finance
2023-03-27,72.67063903808594,PYPL,PayPal,embedded_finance
2023-03-28,72.0757827758789,PYPL,PayPal,embedded_finance
2023-03-29,73.54308319091797,PYPL,PayPal,embedded_finance
2023-03-30,73.75127410888672,PYPL,PayPal,embedded_finance
2023-03-31,75.2879638671875,PYPL,PayPal,embedded_finance
2023-04-03,74.6435546875,PYPL,PayPal,embedded_finance
2023-04-04,74.61380767822266,PYPL,PayPal,embedded_finance
2023-04-05,72.97798156738281,PYPL,PayPal,embedded_finance
2023-04-06,74.3163833618164,PYPL,PayPal,embedded_finance
2023-04-10,73.88015747070312,PYPL,PayPal,embedded_finance
2023-04-11,72.94823455810547,PYPL,PayPal,embedded_finance
2023-04-12,72.86892700195312,PYPL,PayPal,embedded_finance
2023-04-13,74.87157440185547,PYPL,PayPal,embedded_finance
2023-04-14,75.8729019165039,PYPL,PayPal,embedded_finance
2023-04-17,76.6660385131836,PYPL,PayPal,embedded_finance
2023-04-18,75.76385498046875,PYPL,PayPal,embedded_finance
2023-04-19,74.67329406738281,PYPL,PayPal,embedded_finance
2023-04-20,72.94823455810547,PYPL,PayPal,embedded_finance
2023-04-21,73.54308319091797,PYPL,PayPal,embedded_finance
2023-04-24,73.65213775634766,PYPL,PayPal,embedded_finance
2023-04-25,71.16368103027344,PYPL,PayPal,embedded_finance
2023-04-26,71.44129180908203,PYPL,PayPal,embedded_finance
2023-04-27,73.63230895996094,PYPL,PayPal,embedded_finance
2023-04-28,75.34745788574219,PYPL,PayPal,embedded_finance
2023-05-01,74.46509552001953,PYPL,PayPal,embedded_finance
2023-05-02,71.65939331054688,PYPL,PayPal,embedded_finance
2023-05-03,70.81669616699219,PYPL,PayPal,embedded_finance
2023-05-04,71.19342803955078,PYPL,PayPal,embedded_finance
2023-05-05,74.32630157470703,PYPL,PayPal,embedded_finance
2023-05-08,74.87157440185547,PYPL,PayPal,embedded_finance
2023-05-09,65.3391342163086,PYPL,PayPal,embedded_finance
2023-05-10,62.8358154296875,PYPL,PayPal,embedded_finance
2023-05-11,63.628944396972656,PYPL,PayPal,embedded_finance
2023-05-12,61.16032028198242,PYPL,PayPal,embedded_finance
2023-05-15,61.71551513671875,PYPL,PayPal,embedded_finance
2023-05-16,60.2779655456543,PYPL,PayPal,embedded_finance
2023-05-17,60.93229675292969,PYPL,PayPal,embedded_finance
2023-05-18,60.743927001953125,PYPL,PayPal,embedded_finance
2023-05-19,60.39693069458008,PYPL,PayPal,embedded_finance
2023-05-22,62.48881912231445,PYPL,PayPal,embedded_finance
2023-05-23,61.4676628112793,PYPL,PayPal,embedded_finance
2023-05-24,61.269378662109375,PYPL,PayPal,embedded_finance
2023-05-25,58.86024475097656,PYPL,PayPal,embedded_finance
2023-05-26,59.702945709228516,PYPL,PayPal,embedded_finance
2023-05-30,61.51723098754883,PYPL,PayPal,embedded_finance
2023-05-31,61.45774841308594,PYPL,PayPal,embedded_finance
2023-06-01,62.508644104003906,PYPL,PayPal,embedded_finance
2023-06-02,63.410831451416016,PYPL,PayPal,embedded_finance
2023-06-05,63.956111907958984,PYPL,PayPal,embedded_finance
2023-06-06,64.46172332763672,PYPL,PayPal,embedded_finance
2023-06-07,63.49014663696289,PYPL,PayPal,embedded_finance
2023-06-08,63.68843078613281,PYPL,PayPal,embedded_finance
2023-06-09,62.94486999511719,PYPL,PayPal,embedded_finance
2023-06-12,63.18280792236328,PYPL,PayPal,embedded_finance
2023-06-13,63.01426696777344,PYPL,PayPal,embedded_finance
2023-06-14,63.053924560546875,PYPL,PayPal,embedded_finance
2023-06-15,65.28460693359375,PYPL,PayPal,embedded_finance
2023-06-16,65.85962677001953,PYPL,PayPal,embedded_finance
2023-06-20,68.29850006103516,PYPL,PayPal,embedded_finance
2023-06-21,67.6045150756836,PYPL,PayPal,embedded_finance
2023-06-22,67.98124694824219,PYPL,PayPal,embedded_finance
2023-06-23,66.36524963378906,PYPL,PayPal,embedded_finance
2023-06-26,65.86954498291016,PYPL,PayPal,embedded_finance
2023-06-27,65.66134643554688,PYPL,PayPal,embedded_finance
2023-06-28,65.46305847167969,PYPL,PayPal,embedded_finance
2023-06-29,65.29451751708984,PYPL,PayPal,embedded_finance
2023-06-30,66.15705108642578,PYPL,PayPal,embedded_finance
2023-07-03,67.5152816772461,PYPL,PayPal,embedded_finance
2023-07-05,68.25885009765625,PYPL,PayPal,embedded_finance
2023-07-06,65.57211303710938,PYPL,PayPal,embedded_finance
2023-07-07,66.21653747558594,PYPL,PayPal,embedded_finance
2023-07-10,68.68515014648438,PYPL,PayPal,embedded_finance
2023-07-11,70.0136489868164,PYPL,PayPal,embedded_finance
2023-07-12,69.98390197753906,PYPL,PayPal,embedded_finance
2023-07-13,71.76844787597656,PYPL,PayPal,embedded_finance
2023-07-14,71.48094177246094,PYPL,PayPal,embedded_finance
2023-07-17,72.8590087890625,PYPL,PayPal,embedded_finance
2023-07-18,73.73145294189453,PYPL,PayPal,embedded_finance
2023-07-19,73.5827407836914,PYPL,PayPal,embedded_finance
2023-07-20,72.39303588867188,PYPL,PayPal,embedded_finance
2023-07-21,72.36329650878906,PYPL,PayPal,embedded_finance
2023-07-24,73.05728912353516,PYPL,PayPal,embedded_finance
2023-07-25,72.33354949951172,PYPL,PayPal,embedded_finance
2023-07-26,72.79953002929688,PYPL,PayPal,embedded_finance
2023-07-27,71.41153717041016,PYPL,PayPal,embedded_finance
2023-07-28,73.34480285644531,PYPL,PayPal,embedded_finance
2023-07-31,75.16899871826172,PYPL,PayPal,embedded_finance
2023-08-01,74.8814926147461,PYPL,PayPal,embedded_finance
2023-08-02,72.57149505615234,PYPL,PayPal,embedded_finance
2023-08-03,63.628944396972656,PYPL,PayPal,embedded_finance
2023-08-04,62.211219787597656,PYPL,PayPal,embedded_finance
2023-08-07,63.86687469482422,PYPL,PayPal,embedded_finance
2023-08-08,62.64744186401367,PYPL,PayPal,embedded_finance
2023-08-09,61.48748779296875,PYPL,PayPal,embedded_finance
2023-08-10,62.250877380371094,PYPL,PayPal,embedded_finance
2023-08-11,61.01161575317383,PYPL,PayPal,embedded_finance
2023-08-14,62.72676086425781,PYPL,PayPal,embedded_finance
2023-08-15,58.95938491821289,PYPL,PayPal,embedded_finance
2023-08-16,59.167579650878906,PYPL,PayPal,embedded_finance
2023-08-17,58.09685134887695,PYPL,PayPal,embedded_finance
2023-08-18,58.909812927246094,PYPL,PayPal,embedded_finance
2023-08-21,58.99903869628906,PYPL,PayPal,embedded_finance
2023-08-22,60.456417083740234,PYPL,PayPal,embedded_finance
2023-08-23,61.22972106933594,PYPL,PayPal,embedded_finance
2023-08-24,60.18873596191406,PYPL,PayPal,embedded_finance
2023-08-25,60.66461944580078,PYPL,PayPal,embedded_finance
2023-08-28,61.1404914855957,PYPL,PayPal,embedded_finance
2023-08-29,61.9633674621582,PYPL,PayPal,embedded_finance
2023-08-30,62.875465393066406,PYPL,PayPal,embedded_finance
2023-08-31,61.97328186035156,PYPL,PayPal,embedded_finance
2023-09-01,63.0241813659668,PYPL,PayPal,embedded_finance
2023-09-05,63.192726135253906,PYPL,PayPal,embedded_finance
2023-09-06,62.26079177856445,PYPL,PayPal,embedded_finance
2023-09-07,61.12066650390625,PYPL,PayPal,embedded_finance
2023-09-08,60.456417083740234,PYPL,PayPal,embedded_finance
2023-09-11,61.39826583862305,PYPL,PayPal,embedded_finance
2023-09-12,62.27070999145508,PYPL,PayPal,embedded_finance
2023-09-13,62.30044937133789,PYPL,PayPal,embedded_finance
2023-09-14,63.8867073059082,PYPL,PayPal,embedded_finance
2023-09-15,63.6586799621582,PYPL,PayPal,embedded_finance
2023-09-18,62.39958953857422,PYPL,PayPal,embedded_finance
2023-09-19,61.656028747558594,PYPL,PayPal,embedded_finance
2023-09-20,60.33745193481445,PYPL,PayPal,embedded_finance
2023-09-21,58.11668014526367,PYPL,PayPal,embedded_finance
2023-09-22,57.38303756713867,PYPL,PayPal,embedded_finance
2023-09-25,58.35462188720703,PYPL,PayPal,embedded_finance
2023-09-26,58.42402267456055,PYPL,PayPal,embedded_finance
2023-09-27,56.84767150878906,PYPL,PayPal,embedded_finance
2023-09-28,57.680458068847656,PYPL,PayPal,embedded_finance
2023-09-29,57.95805358886719,PYPL,PayPal,embedded_finance
2023-10-02,58.05720138549805,PYPL,PayPal,embedded_finance
2023-10-03,56.808013916015625,PYPL,PayPal,embedded_finance
2023-10-04,58.06711196899414,PYPL,PayPal,embedded_finance
2023-10-05,56.98646926879883,PYPL,PayPal,embedded_finance
2023-10-06,57.27397918701172,PYPL,PayPal,embedded_finance
2023-10-09,57.46234893798828,PYPL,PayPal,embedded_finance
2023-10-10,57.22440719604492,PYPL,PayPal,embedded_finance
2023-10-11,57.5713996887207,PYPL,PayPal,embedded_finance
2023-10-12,55.87112808227539,PYPL,PayPal,embedded_finance
2023-10-13,55.271324157714844,PYPL,PayPal,embedded_finance
2023-10-16,56.510589599609375,PYPL,PayPal,embedded_finance
2023-10-17,56.66921615600586,PYPL,PayPal,embedded_finance
2023-10-18,55.32089614868164,PYPL,PayPal,embedded_finance
2023-10-19,54.339393615722656,PYPL,PayPal,embedded_finance
2023-10-20,52.93158721923828,PYPL,PayPal,embedded_finance
2023-10-23,52.99107360839844,PYPL,PayPal,embedded_finance
2023-10-24,53.7742919921875,PYPL,PayPal,embedded_finance
2023-10-25,51.04790496826172,PYPL,PayPal,embedded_finance
2023-10-26,51.305667877197266,PYPL,PayPal,embedded_finance
2023-10-27,49.95734786987305,PYPL,PayPal,embedded_finance
2023-10-30,50.61167907714844,PYPL,PayPal,embedded_finance
2023-10-31,51.35523986816406,PYPL,PayPal,embedded_finance
2023-11-01,51.2164421081543,PYPL,PayPal,embedded_finance
2023-11-02,54.587249755859375,PYPL,PayPal,embedded_finance
2023-11-03,55.618316650390625,PYPL,PayPal,embedded_finance
2023-11-06,54.151023864746094,PYPL,PayPal,embedded_finance
2023-11-07,54.16094207763672,PYPL,PayPal,embedded_finance
2023-11-08,54.607078552246094,PYPL,PayPal,embedded_finance
2023-11-09,53.813941955566406,PYPL,PayPal,embedded_finance
2023-11-10,54.29974365234375,PYPL,PayPal,embedded_finance
2023-11-13,53.92300033569336,PYPL,PayPal,embedded_finance
2023-11-14,56.193336486816406,PYPL,PayPal,embedded_finance
2023-11-15,57.74985885620117,PYPL,PayPal,embedded_finance
2023-11-16,56.33213806152344,PYPL,PayPal,embedded_finance
2023-11-17,56.054542541503906,PYPL,PayPal,embedded_finance
2023-11-20,56.50067901611328,PYPL,PayPal,embedded_finance
2023-11-21,54.92433166503906,PYPL,PayPal,embedded_finance
2023-11-22,55.856258392333984,PYPL,PayPal,embedded_finance
2023-11-24,55.28123474121094,PYPL,PayPal,embedded_finance
2023-11-27,55.90583038330078,PYPL,PayPal,embedded_finance
2023-11-28,57.96797180175781,PYPL,PayPal,embedded_finance
2023-11-29,57.472267150878906,PYPL,PayPal,embedded_finance
2023-11-30,57.1153564453125,PYPL,PayPal,embedded_finance
2023-12-01,59.137840270996094,PYPL,PayPal,embedded_finance
2023-12-04,59.33612060546875,PYPL,PayPal,embedded_finance
2023-12-05,57.422691345214844,PYPL,PayPal,embedded_finance
2023-12-06,59.01886749267578,PYPL,PayPal,embedded_finance
2023-12-07,57.977882385253906,PYPL,PayPal,embedded_finance
2023-12-08,58.43393325805664,PYPL,PayPal,embedded_finance
2023-12-11,58.533077239990234,PYPL,PayPal,embedded_finance
2023-12-12,58.38436508178711,PYPL,PayPal,embedded_finance
2023-12-13,61.19997787475586,PYPL,PayPal,embedded_finance
2023-12-14,61.338775634765625,PYPL,PayPal,embedded_finance
2023-12-15,60.734012603759766,PYPL,PayPal,embedded_finance
2023-12-18,60.94221496582031,PYPL,PayPal,embedded_finance
2023-12-19,62.46898651123047,PYPL,PayPal,embedded_finance
2023-12-20,61.20989227294922,PYPL,PayPal,embedded_finance
2023-12-21,61.52714538574219,PYPL,PayPal,embedded_finance
2023-12-22,61.30903625488281,PYPL,PayPal,embedded_finance
2023-12-26,62.02285385131836,PYPL,PayPal,embedded_finance
2023-12-27,62.141822814941406,PYPL,PayPal,embedded_finance
2023-12-28,62.538387298583984,PYPL,PayPal,embedded_finance
2023-12-29,60.88272476196289,PYPL,PayPal,embedded_finance
2024-01-02,60.93229675292969,PYPL,PayPal,embedded_finance
2024-01-03,58.1265983581543,PYPL,PayPal,embedded_finance
2024-01-04,57.948143005371094,PYPL,PayPal,embedded_finance
2024-01-05,59.60380172729492,PYPL,PayPal,embedded_finance
2024-01-08,61.20989227294922,PYPL,PayPal,embedded_finance
2024-01-09,60.525814056396484,PYPL,PayPal,embedded_finance
2024-01-10,60.43659210205078,PYPL,PayPal,embedded_finance
2024-01-11,60.823238372802734,PYPL,PayPal,embedded_finance
2024-01-12,60.47624588012695,PYPL,PayPal,embedded_finance
2024-01-16,57.948143005371094,PYPL,PayPal,embedded_finance
2024-01-17,59.37577438354492,PYPL,PayPal,embedded_finance
2024-01-18,61.556884765625,PYPL,PayPal,embedded_finance
2024-01-19,65.25485229492188,PYPL,PayPal,embedded_finance
2024-01-22,63.192726135253906,PYPL,PayPal,embedded_finance
2024-01-23,64.22379302978516,PYPL,PayPal,embedded_finance
2024-01-24,62.478904724121094,PYPL,PayPal,embedded_finance
2024-01-25,60.18873596191406,PYPL,PayPal,embedded_finance
2024-01-26,61.249549865722656,PYPL,PayPal,embedded_finance
2024-01-29,63.212547302246094,PYPL,PayPal,embedded_finance
2024-01-30,63.133235931396484,PYPL,PayPal,embedded_finance
2024-01-31,60.823238372802734,PYPL,PayPal,embedded_finance
2024-02-01,61.48748779296875,PYPL,PayPal,embedded_finance
2024-02-02,61.88405227661133,PYPL,PayPal,embedded_finance
2024-02-05,61.01161575317383,PYPL,PayPal,embedded_finance
2024-02-06,63.16297912597656,PYPL,PayPal,embedded_finance
2024-02-07,62.69701385498047,PYPL,PayPal,embedded_finance
2024-02-08,55.64806365966797,PYPL,PayPal,embedded_finance
2024-02-09,58.40419387817383,PYPL,PayPal,embedded_finance
2024-02-12,59.57406234741211,PYPL,PayPal,embedded_finance
2024-02-13,57.75977325439453,PYPL,PayPal,embedded_finance
2024-02-14,58.364532470703125,PYPL,PayPal,embedded_finance
2024-02-15,59.18741226196289,PYPL,PayPal,embedded_finance
2024-02-16,58.63221740722656,PYPL,PayPal,embedded_finance
2024-02-20,58.1265983581543,PYPL,PayPal,embedded_finance
2024-02-21,56.98646926879883,PYPL,PayPal,embedded_finance
2024-02-22,57.849002838134766,PYPL,PayPal,embedded_finance
2024-02-23,58.65204620361328,PYPL,PayPal,embedded_finance
2024-02-26,58.820587158203125,PYPL,PayPal,embedded_finance
2024-02-27,59.64345932006836,PYPL,PayPal,embedded_finance
2024-02-28,59.73268508911133,PYPL,PayPal,embedded_finance
2024-02-29,59.82191467285156,PYPL,PayPal,embedded_finance
2024-03-01,60.02019500732422,PYPL,PayPal,embedded_finance
2024-03-04,59.465003967285156,PYPL,PayPal,embedded_finance
2024-03-05,57.76968765258789,PYPL,PayPal,embedded_finance
2024-03-06,57.620975494384766,PYPL,PayPal,embedded_finance
2024-03-07,57.997711181640625,PYPL,PayPal,embedded_finance
2024-03-08,58.503334045410156,PYPL,PayPal,embedded_finance
2024-03-11,59.56414794921875,PYPL,PayPal,embedded_finance
2024-03-12,59.51457214355469,PYPL,PayPal,embedded_finance
2024-03-13,61.91379928588867,PYPL,PayPal,embedded_finance
2024-03-14,62.459075927734375,PYPL,PayPal,embedded_finance
2024-03-15,62.310359954833984,PYPL,PayPal,embedded_finance
2024-03-18,63.67851257324219,PYPL,PayPal,embedded_finance
2024-03-19,62.46898651123047,PYPL,PayPal,embedded_finance
2024-03-20,64.49147033691406,PYPL,PayPal,embedded_finance
2024-03-21,65.57211303710938,PYPL,PayPal,embedded_finance
2024-03-22,64.21387481689453,PYPL,PayPal,embedded_finance
2024-03-25,65.43331146240234,PYPL,PayPal,embedded_finance
2024-03-26,66.0975570678711,PYPL,PayPal,embedded_finance
2024-03-27,65.99842071533203,PYPL,PayPal,embedded_finance
2024-03-28,66.4148178100586,PYPL,PayPal,embedded_finance
2024-04-01,64.47164154052734,PYPL,PayPal,embedded_finance
2024-04-02,64.10482025146484,PYPL,PayPal,embedded_finance
2024-04-03,64.77897644042969,PYPL,PayPal,embedded_finance
2024-04-04,63.98585510253906,PYPL,PayPal,embedded_finance
2024-04-05,64.59061431884766,PYPL,PayPal,embedded_finance
2024-04-08,65.77040100097656,PYPL,PayPal,embedded_finance
2024-04-09,66.42473602294922,PYPL,PayPal,embedded_finance
2024-04-10,65.31434631347656,PYPL,PayPal,embedded_finance
2024-04-11,65.23503112792969,PYPL,PayPal,embedded_finance
2024-04-12,64.03541564941406,PYPL,PayPal,embedded_finance
2024-04-15,62.96469497680664,PYPL,PayPal,embedded_finance
2024-04-16,62.885379791259766,PYPL,PayPal,embedded_finance
2024-04-17,62.71684265136719,PYPL,PayPal,embedded_finance
2024-04-18,61.56679916381836,PYPL,PayPal,embedded_finance
2024-04-19,61.775001525878906,PYPL,PayPal,embedded_finance
2024-04-22,62.64744186401367,PYPL,PayPal,embedded_finance
2024-04-23,63.876792907714844,PYPL,PayPal,embedded_finance
2024-04-24,64.28327178955078,PYPL,PayPal,embedded_finance
2024-04-25,63.54962921142578,PYPL,PayPal,embedded_finance
2024-04-26,65.3936538696289,PYPL,PayPal,embedded_finance
2024-04-29,66.4148178100586,PYPL,PayPal,embedded_finance
2024-04-30,67.33683013916016,PYPL,PayPal,embedded_finance
2024-05-01,65.57211303710938,PYPL,PayPal,embedded_finance
2024-05-02,66.4049072265625,PYPL,PayPal,embedded_finance
2024-05-03,65.13589477539062,PYPL,PayPal,embedded_finance
2024-05-06,65.04666900634766,PYPL,PayPal,embedded_finance
2024-05-07,65.35400390625,PYPL,PayPal,embedded_finance
2024-05-08,63.26211929321289,PYPL,PayPal,embedded_finance
2024-05-09,63.8966178894043,PYPL,PayPal,embedded_finance
2024-05-10,62.389678955078125,PYPL,PayPal,embedded_finance
2024-05-13,63.40092086791992,PYPL,PayPal,embedded_finance
2024-05-14,64.0255126953125,PYPL,PayPal,embedded_finance
2024-05-15,63.351348876953125,PYPL,PayPal,embedded_finance
2024-05-16,63.54962921142578,PYPL,PayPal,embedded_finance
2024-05-17,63.92637252807617,PYPL,PayPal,embedded_finance
2024-05-20,64.21387481689453,PYPL,PayPal,embedded_finance
2024-05-21,63.54962921142578,PYPL,PayPal,embedded_finance
2024-05-22,61.656028747558594,PYPL,PayPal,embedded_finance
2024-05-23,61.05126953125,PYPL,PayPal,embedded_finance
2024-05-24,61.110748291015625,PYPL,PayPal,embedded_finance
2024-05-28,61.636199951171875,PYPL,PayPal,embedded_finance
2024-05-29,60.525814056396484,PYPL,PayPal,embedded_finance
2024-05-30,61.97328186035156,PYPL,PayPal,embedded_finance
2024-05-31,62.449161529541016,PYPL,PayPal,embedded_finance
2024-06-03,62.915122985839844,PYPL,PayPal,embedded_finance
2024-06-04,62.7862434387207,PYPL,PayPal,embedded_finance
2024-06-05,62.98452377319336,PYPL,PayPal,embedded_finance
2024-06-06,66.4445571899414,PYPL,PayPal,embedded_finance
2024-06-07,66.72215270996094,PYPL,PayPal,embedded_finance
2024-06-10,66.51395416259766,PYPL,PayPal,embedded_finance
2024-06-11,64.21387481689453,PYPL,PayPal,embedded_finance
2024-06-12,62.885379791259766,PYPL,PayPal,embedded_finance
2024-06-13,61.01161575317383,PYPL,PayPal,embedded_finance
2024-06-14,60.1143798828125,PYPL,PayPal,embedded_finance
2024-06-17,59.61371994018555,PYPL,PayPal,embedded_finance
2024-06-18,58.612388610839844,PYPL,PayPal,embedded_finance
2024-06-20,59.28654479980469,PYPL,PayPal,embedded_finance
2024-06-21,60.08959197998047,PYPL,PayPal,embedded_finance
2024-06-24,58.97921371459961,PYPL,PayPal,embedded_finance
2024-06-25,58.820587158203125,PYPL,PayPal,embedded_finance
2024-06-26,57.75977325439453,PYPL,PayPal,embedded_finance
2024-06-27,57.86882400512695,PYPL,PayPal,embedded_finance
2024-06-28,57.53174591064453,PYPL,PayPal,embedded_finance
2024-07-01,57.313636779785156,PYPL,PayPal,embedded_finance
2024-07-02,58.46367645263672,PYPL,PayPal,embedded_finance
2024-07-03,59.12792205810547,PYPL,PayPal,embedded_finance
2024-07-05,59.24689483642578,PYPL,PayPal,embedded_finance
2024-07-08,58.582645416259766,PYPL,PayPal,embedded_finance
2024-07-09,58.4934196472168,PYPL,PayPal,embedded_finance
2024-07-10,58.39427947998047,PYPL,PayPal,embedded_finance
2024-07-11,59.47492218017578,PYPL,PayPal,embedded_finance
2024-07-12,59.75251770019531,PYPL,PayPal,embedded_finance
2024-07-15,59.95079803466797,PYPL,PayPal,embedded_finance
2024-07-16,61.279293060302734,PYPL,PayPal,embedded_finance
2024-07-17,60.71418762207031,PYPL,PayPal,embedded_finance
2024-07-18,59.484832763671875,PYPL,PayPal,embedded_finance
2024-07-19,58.820587158203125,PYPL,PayPal,embedded_finance
2024-07-22,60.24822235107422,PYPL,PayPal,embedded_finance
2024-07-23,59.197322845458984,PYPL,PayPal,embedded_finance
2024-07-24,57.5713996887207,PYPL,PayPal,embedded_finance
2024-07-25,56.72870635986328,PYPL,PayPal,embedded_finance
2024-07-26,57.78951644897461,PYPL,PayPal,embedded_finance
2024-07-29,58.43393325805664,PYPL,PayPal,embedded_finance
2024-07-30,63.45048904418945,PYPL,PayPal,embedded_finance
2024-07-31,65.21520233154297,PYPL,PayPal,embedded_finance
2024-08-01,64.74923706054688,PYPL,PayPal,embedded_finance
2024-08-02,61.44783020019531,PYPL,PayPal,embedded_finance
2024-08-05,59.94088363647461,PYPL,PayPal,embedded_finance
2024-08-06,62.211219787597656,PYPL,PayPal,embedded_finance
2024-08-07,62.20130920410156,PYPL,PayPal,embedded_finance
2024-08-08,63.728084564208984,PYPL,PayPal,embedded_finance
2024-08-09,64.16431427001953,PYPL,PayPal,embedded_finance
2024-08-12,62.915122985839844,PYPL,PayPal,embedded_finance
2024-08-13,64.55095672607422,PYPL,PayPal,embedded_finance
2024-08-14,65.57211303710938,PYPL,PayPal,embedded_finance
2024-08-15,67.35665893554688,PYPL,PayPal,embedded_finance
2024-08-16,67.3764877319336,PYPL,PayPal,embedded_finance
2024-08-19,68.8338623046875,PYPL,PayPal,embedded_finance
2024-08-20,71.27274322509766,PYPL,PayPal,embedded_finance
2024-08-21,70.84644317626953,PYPL,PayPal,embedded_finance
2024-08-22,70.90591430664062,PYPL,PayPal,embedded_finance
2024-08-23,71.0843734741211,PYPL,PayPal,embedded_finance
2024-08-26,71.42145538330078,PYPL,PayPal,embedded_finance
2024-08-27,70.9753189086914,PYPL,PayPal,embedded_finance
2024-08-28,69.82527923583984,PYPL,PayPal,embedded_finance
2024-08-29,72.5318374633789,PYPL,PayPal,embedded_finance
2024-08-30,71.80810546875,PYPL,PayPal,embedded_finance
2024-09-03,71.38179779052734,PYPL,PayPal,embedded_finance
2024-09-04,71.98656463623047,PYPL,PayPal,embedded_finance
2024-09-05,71.41153717041016,PYPL,PayPal,embedded_finance
2024-09-06,68.29850006103516,PYPL,PayPal,embedded_finance
2024-09-09,68.75454711914062,PYPL,PayPal,embedded_finance
2024-09-10,68.25885009765625,PYPL,PayPal,embedded_finance
2024-09-11,68.75454711914062,PYPL,PayPal,embedded_finance
2024-09-12,69.7558822631836,PYPL,PayPal,embedded_finance
2024-09-13,69.49810791015625,PYPL,PayPal,embedded_finance
2024-09-16,70.45978546142578,PYPL,PayPal,embedded_finance
2024-09-17,71.15377044677734,PYPL,PayPal,embedded_finance
2024-09-18,72.49217987060547,PYPL,PayPal,embedded_finance
2024-09-19,76.90397644042969,PYPL,PayPal,embedded_finance
2024-09-20,76.1009292602539,PYPL,PayPal,embedded_finance
2024-09-23,77.00311279296875,PYPL,PayPal,embedded_finance
2024-09-24,77.6673583984375,PYPL,PayPal,embedded_finance
2024-09-25,76.6957778930664,PYPL,PayPal,embedded_finance
2024-09-26,79.39242553710938,PYPL,PayPal,embedded_finance
2024-09-27,77.21131134033203,PYPL,PayPal,embedded_finance
2024-09-30,77.36002349853516,PYPL,PayPal,embedded_finance
2024-10-01,76.8048324584961,PYPL,PayPal,embedded_finance
2024-10-02,76.77509307861328,PYPL,PayPal,embedded_finance
2024-10-03,76.64620208740234,PYPL,PayPal,embedded_finance
2024-10-04,78.67860412597656,PYPL,PayPal,embedded_finance
2024-10-07,79.57087707519531,PYPL,PayPal,embedded_finance
2024-10-08,80.46315002441406,PYPL,PayPal,embedded_finance
2024-10-09,80.94894409179688,PYPL,PayPal,embedded_finance
2024-10-10,78.30187225341797,PYPL,PayPal,embedded_finance
2024-10-11,79.81873321533203,PYPL,PayPal,embedded_finance
2024-10-14,79.97735595703125,PYPL,PayPal,embedded_finance
2024-10-15,78.86697387695312,PYPL,PayPal,embedded_finance
2024-10-16,80.12606811523438,PYPL,PayPal,embedded_finance
2024-10-17,79.13465118408203,PYPL,PayPal,embedded_finance
2024-10-18,80.24504089355469,PYPL,PayPal,embedded_finance
2024-10-21,79.86830139160156,PYPL,PayPal,embedded_finance
2024-10-22,80.21530151367188,PYPL,PayPal,embedded_finance
2024-10-23,80.135986328125,PYPL,PayPal,embedded_finance
2024-10-24,80.69117736816406,PYPL,PayPal,embedded_finance
2024-10-25,80.9985122680664,PYPL,PayPal,embedded_finance
2024-10-28,82.8722915649414,PYPL,PayPal,embedded_finance
2024-10-29,79.5906982421875,PYPL,PayPal,embedded_finance
2024-10-30,77.54839324951172,PYPL,PayPal,embedded_finance
2024-10-31,78.61912536621094,PYPL,PayPal,embedded_finance
2024-11-01,76.58671569824219,PYPL,PayPal,embedded_finance
2024-11-04,77.45915985107422,PYPL,PayPal,embedded_finance
2024-11-05,78.5695571899414,PYPL,PayPal,embedded_finance
2024-11-06,80.71100616455078,PYPL,PayPal,embedded_finance
2024-11-07,80.65151977539062,PYPL,PayPal,embedded_finance
2024-11-08,82.2972640991211,PYPL,PayPal,embedded_finance
2024-11-11,86.19352722167969,PYPL,PayPal,embedded_finance
2024-11-12,85.65816497802734,PYPL,PayPal,embedded_finance
2024-11-13,86.56034088134766,PYPL,PayPal,embedded_finance
2024-11-14,85.05339813232422,PYPL,PayPal,embedded_finance
2024-11-15,85.09305572509766,PYPL,PayPal,embedded_finance
2024-11-18,83.94300842285156,PYPL,PayPal,embedded_finance
2024-11-19,83.36798858642578,PYPL,PayPal,embedded_finance
2024-11-20,84.01241302490234,PYPL,PayPal,embedded_finance
2024-11-21,84.09172821044922,PYPL,PayPal,embedded_finance
2024-11-22,86.02497863769531,PYPL,PayPal,embedded_finance
2024-11-25,87.01639556884766,PYPL,PayPal,embedded_finance
2024-11-26,86.19352722167969,PYPL,PayPal,embedded_finance
2024-11-27,85.82669830322266,PYPL,PayPal,embedded_finance
2024-11-29,86.02497863769531,PYPL,PayPal,embedded_finance
2024-12-02,85.78704833984375,PYPL,PayPal,embedded_finance
2024-12-03,84.40897369384766,PYPL,PayPal,embedded_finance
2024-12-04,88.5630111694336,PYPL,PayPal,embedded_finance
2024-12-05,88.28044891357422,PYPL,PayPal,embedded_finance
2024-12-06,89.1082763671875,PYPL,PayPal,embedded_finance
2024-12-09,89.22725677490234,PYPL,PayPal,embedded_finance
2024-12-10,87.99789428710938,PYPL,PayPal,embedded_finance
2024-12-11,89.97080993652344,PYPL,PayPal,embedded_finance
2024-12-12,88.63240814208984,PYPL,PayPal,embedded_finance
2024-12-13,90.23848724365234,PYPL,PayPal,embedded_finance
2024-12-16,90.5160903930664,PYPL,PayPal,embedded_finance
2024-12-17,90.07986450195312,PYPL,PayPal,embedded_finance
2024-12-18,84.71631622314453,PYPL,PayPal,embedded_finance
2024-12-19,86.03489685058594,PYPL,PayPal,embedded_finance
2024-12-20,86.38188934326172,PYPL,PayPal,embedded_finance
2024-12-23,86.15386962890625,PYPL,PayPal,embedded_finance
2024-12-24,87.49227142333984,PYPL,PayPal,embedded_finance
2024-12-26,87.38322448730469,PYPL,PayPal,embedded_finance
2024-12-27,86.11421203613281,PYPL,PayPal,embedded_finance
2024-12-30,84.69648742675781,PYPL,PayPal,embedded_finance
2024-12-31,84.61717224121094,PYPL,PayPal,embedded_finance
2025-01-02,85.44004821777344,PYPL,PayPal,embedded_finance
2025-01-03,86.84785461425781,PYPL,PayPal,embedded_finance
2025-01-06,88.76128387451172,PYPL,PayPal,embedded_finance
2025-01-07,87.21468353271484,PYPL,PayPal,embedded_finance
2025-01-08,87.18494415283203,PYPL,PayPal,embedded_finance
2025-01-10,82.6442642211914,PYPL,PayPal,embedded_finance
2025-01-13,83.26884460449219,PYPL,PayPal,embedded_finance
2025-01-14,86.43146514892578,PYPL,PayPal,embedded_finance
2025-01-15,88.8703384399414,PYPL,PayPal,embedded_finance
2025-01-16,88.1565170288086,PYPL,PayPal,embedded_finance
2025-01-17,91.0217056274414,PYPL,PayPal,embedded_finance
2025-01-21,88.99922180175781,PYPL,PayPal,embedded_finance
2025-01-22,89.07853698730469,PYPL,PayPal,embedded_finance
2025-01-23,88.95956420898438,PYPL,PayPal,embedded_finance
2025-01-24,88.34489440917969,PYPL,PayPal,embedded_finance
2025-01-27,89.4651870727539,PYPL,PayPal,embedded_finance
2025-01-28,87.43279266357422,PYPL,PayPal,embedded_finance
2025-01-29,87.99789428710938,PYPL,PayPal,embedded_finance
2025-01-30,88.80094146728516,PYPL,PayPal,embedded_finance
2025-01-31,87.81944274902344,PYPL,PayPal,embedded_finance
2025-02-03,88.74146270751953,PYPL,PayPal,embedded_finance
2025-02-04,77.0576400756836,PYPL,PayPal,embedded_finance
2025-02-05,78.51998138427734,PYPL,PayPal,embedded_finance
2025-02-06,77.89539337158203,PYPL,PayPal,embedded_finance
2025-02-07,76.64620208740234,PYPL,PayPal,embedded_finance
2025-02-10,77.5682144165039,PYPL,PayPal,embedded_finance
2025-02-11,75.55565643310547,PYPL,PayPal,embedded_finance
2025-02-12,75.6151351928711,PYPL,PayPal,embedded_finance
2025-02-13,75.93238067626953,PYPL,PayPal,embedded_finance
2025-02-14,77.300537109375,PYPL,PayPal,embedded_finance
2025-02-18,77.94496154785156,PYPL,PayPal,embedded_finance
2025-02-19,77.68719482421875,PYPL,PayPal,embedded_finance
2025-02-20,76.96346282958984,PYPL,PayPal,embedded_finance
2025-02-21,74.30647277832031,PYPL,PayPal,embedded_finance
2025-02-24,74.60388946533203,PYPL,PayPal,embedded_finance
2025-02-25,73.43402862548828,PYPL,PayPal,embedded_finance
2025-02-26,71.43138122558594,PYPL,PayPal,embedded_finance
2025-02-27,70.12271118164062,PYPL,PayPal,embedded_finance
2025-02-28,70.43995666503906,PYPL,PayPal,embedded_finance
2025-03-03,69.151123046875,PYPL,PayPal,embedded_finance
2025-03-04,66.9006118774414,PYPL,PayPal,embedded_finance
2025-03-05,68.90325927734375,PYPL,PayPal,embedded_finance
2025-03-06,67.49545288085938,PYPL,PayPal,embedded_finance
2025-03-07,69.8748550415039,PYPL,PayPal,embedded_finance
2025-03-10,67.57477569580078,PYPL,PayPal,embedded_finance
2025-03-11,67.39631652832031,PYPL,PayPal,embedded_finance
2025-03-12,68.03082275390625,PYPL,PayPal,embedded_finance
2025-03-13,66.33551025390625,PYPL,PayPal,embedded_finance
2025-03-14,68.35798645019531,PYPL,PayPal,embedded_finance
2025-03-17,69.0519790649414,PYPL,PayPal,embedded_finance
2025-03-18,68.28858947753906,PYPL,PayPal,embedded_finance
2025-03-19,69.39897918701172,PYPL,PayPal,embedded_finance
2025-03-20,69.0718002319336,PYPL,PayPal,embedded_finance
2025-03-21,69.58734130859375,PYPL,PayPal,embedded_finance
2025-03-24,70.36064147949219,PYPL,PayPal,embedded_finance
2025-03-25,70.2515869140625,PYPL,PayPal,embedded_finance
2025-03-26,69.36923217773438,PYPL,PayPal,embedded_finance
2025-03-27,68.26876068115234,PYPL,PayPal,embedded_finance
2025-03-28,64.59061431884766,PYPL,PayPal,embedded_finance
2025-03-31,64.68975830078125,PYPL,PayPal,embedded_finance
2025-04-01,65.53246307373047,PYPL,PayPal,embedded_finance
2025-04-02,66.57344818115234,PYPL,PayPal,embedded_finance
2025-04-03,61.18014907836914,PYPL,PayPal,embedded_finance
2025-04-04,57.86882400512695,PYPL,PayPal,embedded_finance
2025-04-07,58.02745056152344,PYPL,PayPal,embedded_finance
2025-04-08,56.91707229614258,PYPL,PayPal,embedded_finance
2025-04-09,63.40092086791992,PYPL,PayPal,embedded_finance
2025-04-10,60.04002380371094,PYPL,PayPal,embedded_finance
2025-04-11,62.05259704589844,PYPL,PayPal,embedded_finance
2025-04-14,61.73534393310547,PYPL,PayPal,embedded_finance
2025-04-15,61.4676628112793,PYPL,PayPal,embedded_finance
2025-04-16,59.72277069091797,PYPL,PayPal,embedded_finance
2025-04-17,60.47624588012695,PYPL,PayPal,embedded_finance
2025-04-21,59.76738739013672,PYPL,PayPal,embedded_finance
2025-04-22,60.89263916015625,PYPL,PayPal,embedded_finance
2025-04-23,61.923709869384766,PYPL,PayPal,embedded_finance
2025-04-24,64.21387481689453,PYPL,PayPal,embedded_finance
2025-04-25,64.77897644042969,PYPL,PayPal,embedded_finance
2025-04-28,64.37251281738281,PYPL,PayPal,embedded_finance
2025-04-29,65.75057220458984,PYPL,PayPal,embedded_finance
2025-04-30,65.27468872070312,PYPL,PayPal,embedded_finance
2025-05-01,64.848388671875,PYPL,PayPal,embedded_finance
2025-05-02,66.66266632080078,PYPL,PayPal,embedded_finance
2025-05-05,67.95150756835938,PYPL,PayPal,embedded_finance
2025-05-06,67.46571350097656,PYPL,PayPal,embedded_finance
2025-05-07,68.1002197265625,PYPL,PayPal,embedded_finance
2025-05-08,69.8748550415039,PYPL,PayPal,embedded_finance
2025-05-09,69.65674591064453,PYPL,PayPal,embedded_finance
2025-05-12,71.68913269042969,PYPL,PayPal,embedded_finance
2025-05-13,71.6693115234375,PYPL,PayPal,embedded_finance
2025-05-14,72.05596160888672,PYPL,PayPal,embedded_finance
2025-05-15,70.95548248291016,PYPL,PayPal,embedded_finance
2025-05-16,71.56025695800781,PYPL,PayPal,embedded_finance
2025-05-19,71.69905090332031,PYPL,PayPal,embedded_finance
2025-05-20,71.98656463623047,PYPL,PayPal,embedded_finance
2025-05-21,71.03480529785156,PYPL,PayPal,embedded_finance
2025-05-22,70.8365249633789,PYPL,PayPal,embedded_finance
2025-05-23,69.25025939941406,PYPL,PayPal,embedded_finance
2025-05-27,70.86626434326172,PYPL,PayPal,embedded_finance
2025-05-28,70.82661437988281,PYPL,PayPal,embedded_finance
2025-05-29,70.32099151611328,PYPL,PayPal,embedded_finance
2025-05-30,69.67656707763672,PYPL,PayPal,embedded_finance
2025-06-02,70.32099151611328,PYPL,PayPal,embedded_finance
2025-06-03,70.7175521850586,PYPL,PayPal,embedded_finance
2025-06-04,72.17494201660156,PYPL,PayPal,embedded_finance
2025-06-05,71.84776306152344,PYPL,PayPal,embedded_finance
2025-06-06,72.79953002929688,PYPL,PayPal,embedded_finance
2025-06-09,72.91849517822266,PYPL,PayPal,embedded_finance
2025-06-10,74.11810302734375,PYPL,PayPal,embedded_finance
2025-06-11,73.96939086914062,PYPL,PayPal,embedded_finance
2025-06-12,74.16767883300781,PYPL,PayPal,embedded_finance
2025-06-13,70.22183990478516,PYPL,PayPal,embedded_finance
2025-06-16,71.63956451416016,PYPL,PayPal,embedded_finance
2025-06-17,70.06322479248047,PYPL,PayPal,embedded_finance
2025-06-18,67.98124694824219,PYPL,PayPal,embedded_finance
2025-06-20,69.44854736328125,PYPL,PayPal,embedded_finance
2025-06-23,71.39171600341797,PYPL,PayPal,embedded_finance
2025-06-24,72.94823455810547,PYPL,PayPal,embedded_finance
2025-06-25,72.44261169433594,PYPL,PayPal,embedded_finance
2025-06-26,72.541748046875,PYPL,PayPal,embedded_finance
2025-06-27,73.0077133178711,PYPL,PayPal,embedded_finance
2025-06-30,73.68187713623047,PYPL,PayPal,embedded_finance
2025-07-01,74.6435546875,PYPL,PayPal,embedded_finance
2025-07-02,75.65479278564453,PYPL,PayPal,embedded_finance
2025-07-03,75.93238067626953,PYPL,PayPal,embedded_finance
2025-07-07,75.52591705322266,PYPL,PayPal,embedded_finance
2025-07-08,74.38578033447266,PYPL,PayPal,embedded_finance
2025-07-09,74.18750762939453,PYPL,PayPal,embedded_finance
2025-07-10,75.0500259399414,PYPL,PayPal,embedded_finance
2025-07-11,70.74729919433594,PYPL,PayPal,embedded_finance
2025-07-14,73.25557708740234,PYPL,PayPal,embedded_finance
2025-07-15,72.33354949951172,PYPL,PayPal,embedded_finance
2025-07-16,72.34347534179688,PYPL,PayPal,embedded_finance
2025-07-17,73.22582244873047,PYPL,PayPal,embedded_finance
2025-07-18,73.53317260742188,PYPL,PayPal,embedded_finance
2025-07-21,74.1775894165039,PYPL,PayPal,embedded_finance
2025-07-22,75.34745788574219,PYPL,PayPal,embedded_finance
2025-07-23,76.00179290771484,PYPL,PayPal,embedded_finance
2025-07-24,77.1518325805664,PYPL,PayPal,embedded_finance
2025-07-25,77.31045532226562,PYPL,PayPal,embedded_finance
2025-07-28,77.54839324951172,PYPL,PayPal,embedded_finance
2025-07-29,70.8365249633789,PYPL,PayPal,embedded_finance
2025-07-30,69.11145782470703,PYPL,PayPal,embedded_finance
2025-07-31,68.16961669921875,PYPL,PayPal,embedded_finance
2025-08-01,66.5337905883789,PYPL,PayPal,embedded_finance
2025-08-04,67.42605590820312,PYPL,PayPal,embedded_finance
2025-08-05,67.24760437011719,PYPL,PayPal,embedded_finance
2025-08-06,68.82394409179688,PYPL,PayPal,embedded_finance
2025-08-07,67.6342544555664,PYPL,PayPal,embedded_finance
2025-08-08,67.06915283203125,PYPL,PayPal,embedded_finance
2025-08-11,66.5040512084961,PYPL,PayPal,embedded_finance
2025-08-12,67.38639831542969,PYPL,PayPal,embedded_finance
2025-08-13,70.0235595703125,PYPL,PayPal,embedded_finance
2025-08-14,68.78429412841797,PYPL,PayPal,embedded_finance
2025-08-15,68.63558959960938,PYPL,PayPal,embedded_finance
2025-08-18,68.9330062866211,PYPL,PayPal,embedded_finance
2025-08-19,68.4571304321289,PYPL,PayPal,embedded_finance
2025-08-20,67.49545288085938,PYPL,PayPal,embedded_finance
2025-08-21,66.97000885009766,PYPL,PayPal,embedded_finance
2025-08-22,69.29983520507812,PYPL,PayPal,embedded_finance
2025-08-25,68.88343811035156,PYPL,PayPal,embedded_finance
2025-08-26,69.57742309570312,PYPL,PayPal,embedded_finance
2025-08-27,69.0519790649414,PYPL,PayPal,embedded_finance
2025-08-28,69.45845031738281,PYPL,PayPal,embedded_finance
2025-08-29,69.58734130859375,PYPL,PayPal,embedded_finance
2025-09-02,68.65541076660156,PYPL,PayPal,embedded_finance
2025-09-03,69.04206085205078,PYPL,PayPal,embedded_finance
2025-09-04,67.87220001220703,PYPL,PayPal,embedded_finance
2025-09-05,67.67391204833984,PYPL,PayPal,embedded_finance
2025-09-08,67.81271362304688,PYPL,PayPal,embedded_finance
2025-09-09,67.0988998413086,PYPL,PayPal,embedded_finance
2025-09-10,65.076416015625,PYPL,PayPal,embedded_finance
2025-09-11,66.6924057006836,PYPL,PayPal,embedded_finance
2025-09-12,66.315673828125,PYPL,PayPal,embedded_finance
2025-09-15,66.5337905883789,PYPL,PayPal,embedded_finance
2025-09-16,66.27601623535156,PYPL,PayPal,embedded_finance
2025-09-17,68.03082275390625,PYPL,PayPal,embedded_finance
2025-09-18,67.93167877197266,PYPL,PayPal,embedded_finance
2025-09-19,67.6342544555664,PYPL,PayPal,embedded_finance
2025-09-22,67.0988998413086,PYPL,PayPal,embedded_finance
2025-09-23,66.73206329345703,PYPL,PayPal,embedded_finance
2025-09-24,67.27735137939453,PYPL,PayPal,embedded_finance
2025-09-25,66.16695404052734,PYPL,PayPal,embedded_finance
2025-09-26,66.72215270996094,PYPL,PayPal,embedded_finance
2025-09-29,69.08171844482422,PYPL,PayPal,embedded_finance
2025-09-30,66.48421478271484,PYPL,PayPal,embedded_finance
2025-10-01,66.08765411376953,PYPL,PayPal,embedded_finance
2025-10-02,68.3381576538086,PYPL,PayPal,embedded_finance
2025-10-03,68.65541076660156,PYPL,PayPal,embedded_finance
2025-10-06,70.67789459228516,PYPL,PayPal,embedded_finance
2025-10-07,73.96939086914062,PYPL,PayPal,embedded_finance
2025-10-08,75.47633361816406,PYPL,PayPal,embedded_finance
2025-10-09,75.099609375,PYPL,PayPal,embedded_finance
2025-10-10,69.24034118652344,PYPL,PayPal,embedded_finance
2025-10-13,68.26876068115234,PYPL,PayPal,embedded_finance
2025-10-14,68.5562744140625,PYPL,PayPal,embedded_finance
2025-10-15,67.39631652832031,PYPL,PayPal,embedded_finance
2025-10-16,65.4828872680664,PYPL,PayPal,embedded_finance
2025-10-17,66.83120727539062,PYPL,PayPal,embedded_finance
2025-10-20,68.60584259033203,PYPL,PayPal,embedded_finance
2025-10-21,69.44854736328125,PYPL,PayPal,embedded_finance
2025-10-22,67.48554229736328,PYPL,PayPal,embedded_finance
2025-10-23,69.06189727783203,PYPL,PayPal,embedded_finance
2025-10-24,69.17094421386719,PYPL,PayPal,embedded_finance
2025-10-27,69.6468276977539,PYPL,PayPal,embedded_finance
2025-10-28,72.39303588867188,PYPL,PayPal,embedded_finance
2025-10-29,69.08171844482422,PYPL,PayPal,embedded_finance
2025-10-30,67.34674835205078,PYPL,PayPal,embedded_finance
2025-10-31,68.67523956298828,PYPL,PayPal,embedded_finance
2025-11-03,67.75321960449219,PYPL,PayPal,embedded_finance
2025-11-04,65.51263427734375,PYPL,PayPal,embedded_finance
2025-11-05,67.47562408447266,PYPL,PayPal,embedded_finance
2025-11-06,65.69108581542969,PYPL,PayPal,embedded_finance
2025-11-07,65.65142822265625,PYPL,PayPal,embedded_finance
2025-11-10,65.68116760253906,PYPL,PayPal,embedded_finance
2025-11-11,66.82129669189453,PYPL,PayPal,embedded_finance
2025-11-12,66.62300109863281,PYPL,PayPal,embedded_finance
2025-11-13,64.7690658569336,PYPL,PayPal,embedded_finance
2025-11-14,62.27070999145508,PYPL,PayPal,embedded_finance
2025-11-17,61.35860824584961,PYPL,PayPal,embedded_finance
2025-11-18,60.1788215637207,PYPL,PayPal,embedded_finance
2025-11-19,59.73165512084961,PYPL,PayPal,embedded_finance
2025-11-20,57.73927307128906,PYPL,PayPal,embedded_finance
2025-11-21,60.188758850097656,PYPL,PayPal,embedded_finance
2025-11-24,60.1788215637207,PYPL,PayPal,embedded_finance
2025-11-25,60.83467102050781,PYPL,PayPal,embedded_finance
2025-11-26,61.44083023071289,PYPL,PayPal,embedded_finance
2025-11-28,62.295413970947266,PYPL,PayPal,embedded_finance
2025-12-01,62.18611145019531,PYPL,PayPal,embedded_finance
2025-12-02,62.504093170166016,PYPL,PayPal,embedded_finance
2025-12-03,60.85454177856445,PYPL,PayPal,embedded_finance
2025-12-04,61.34145736694336,PYPL,PayPal,embedded_finance
2025-12-05,61.88799285888672,PYPL,PayPal,embedded_finance
2025-12-08,60.735294342041016,PYPL,PayPal,embedded_finance
2025-12-09,60.39743423461914,PYPL,PayPal,embedded_finance
2025-12-10,60.77504348754883,PYPL,PayPal,embedded_finance
2025-12-11,61.30170822143555,PYPL,PayPal,embedded_finance
2025-12-12,61.27190017700195,PYPL,PayPal,embedded_finance
2025-12-15,60.35769271850586,PYPL,PayPal,embedded_finance
2025-12-16,60.94397735595703,PYPL,PayPal,embedded_finance
2025-12-17,59.80121612548828,PYPL,PayPal,embedded_finance
2025-12-18,59.06586837768555,PYPL,PayPal,embedded_finance
2025-12-19,59.43354415893555,PYPL,PayPal,embedded_finance
2025-12-22,59.48322677612305,PYPL,PayPal,embedded_finance
2025-12-23,59.03606033325195,PYPL,PayPal,embedded_finance
2025-12-24,59.6620979309082,PYPL,PayPal,embedded_finance
2025-12-26,59.59253692626953,PYPL,PayPal,embedded_finance
2025-12-29,59.11555862426758,PYPL,PayPal,embedded_finance
2025-12-30,58.72800827026367,PYPL,PayPal,embedded_finance
2025-12-31,58.012542724609375,PYPL,PayPal,embedded_finance
2026-01-02,57.774051666259766,PYPL,PayPal,embedded_finance
2026-01-05,58.91681671142578,PYPL,PayPal,embedded_finance
2026-01-06,59.43354415893555,PYPL,PayPal,embedded_finance
2026-01-07,58.1417236328125,PYPL,PayPal,embedded_finance
2026-01-08,57.903236389160156,PYPL,PayPal,embedded_finance
2026-01-09,57.29707717895508,PYPL,PayPal,embedded_finance
2026-01-12,56.929405212402344,PYPL,PayPal,embedded_finance
2026-01-13,56.20399856567383,PYPL,PayPal,embedded_finance
2026-01-14,57.29707717895508,PYPL,PayPal,embedded_finance
2026-01-15,56.382869720458984,PYPL,PayPal,embedded_finance
2026-01-16,56.53192138671875,PYPL,PayPal,embedded_finance
2026-01-20,54.733314514160156,PYPL,PayPal,embedded_finance
2026-01-21,55.538211822509766,PYPL,PayPal,embedded_finance
2026-01-22,56.790283203125,PYPL,PayPal,embedded_finance
2026-01-23,56.26362228393555,PYPL,PayPal,embedded_finance
2026-01-26,56.24374771118164,PYPL,PayPal,embedded_finance
2026-01-27,55.160606384277344,PYPL,PayPal,embedded_finance
2026-01-28,53.7396125793457,PYPL,PayPal,embedded_finance
2026-01-29,52.77571487426758,PYPL,PayPal,embedded_finance
2026-01-30,52.35835647583008,PYPL,PayPal,embedded_finance
2026-02-02,52.0006217956543,PYPL,PayPal,embedded_finance
2026-02-03,41.437530517578125,PYPL,PayPal,embedded_finance
2026-02-04,40.77174758911133,PYPL,PayPal,embedded_finance
2026-02-05,39.648860931396484,PYPL,PayPal,embedded_finance
2026-02-06,40.165584564208984,PYPL,PayPal,embedded_finance
2026-02-09,40.890995025634766,PYPL,PayPal,embedded_finance
2026-02-10,41.22885513305664,PYPL,PayPal,embedded_finance
2026-02-11,40.2053337097168,PYPL,PayPal,embedded_finance
2026-02-12,38.834022521972656,PYPL,PayPal,embedded_finance
2026-02-13,40.036407470703125,PYPL,PayPal,embedded_finance
2026-02-17,40.55313491821289,PYPL,PayPal,embedded_finance
2026-02-18,41.18910598754883,PYPL,PayPal,embedded_finance
2026-02-19,41.467342376708984,PYPL,PayPal,embedded_finance
2026-02-20,41.38784408569336,PYPL,PayPal,embedded_finance
2026-02-23,43.772735595703125,PYPL,PayPal,embedded_finance
2026-02-24,46.72404479980469,PYPL,PayPal,embedded_finance
2026-02-25,47.02215576171875,PYPL,PayPal,embedded_finance
2026-02-26,45.24342346191406,PYPL,PayPal,embedded_finance
2026-02-27,45.91914367675781,PYPL,PayPal,embedded_finance
2026-03-02,45.342796325683594,PYPL,PayPal,embedded_finance
2026-03-03,46.088077545166016,PYPL,PayPal,embedded_finance
2026-03-04,46.596397399902344,PYPL,PayPal,embedded_finance
2026-03-05,47.48347473144531,PYPL,PayPal,embedded_finance
2026-03-06,46.815677642822266,PYPL,PayPal,embedded_finance
2026-03-09,46.008338928222656,PYPL,PayPal,embedded_finance
2026-03-10,44.8720817565918,PYPL,PayPal,embedded_finance
2026-03-11,45.4202766418457,PYPL,PayPal,embedded_finance
2026-03-12,44.21425247192383,PYPL,PayPal,embedded_finance
2026-03-13,44.752479553222656,PYPL,PayPal,embedded_finance
2026-03-16,45.27076721191406,PYPL,PayPal,embedded_finance
2026-03-17,45.97843551635742,PYPL,PayPal,embedded_finance
2026-03-18,44.44349670410156,PYPL,PayPal,embedded_finance
2026-03-19,44.04480743408203,PYPL,PayPal,embedded_finance
2026-03-20,43.86539840698242,PYPL,PayPal,embedded_finance
2026-03-23,45.34054183959961,PYPL,PayPal,embedded_finance
2026-03-24,44.06474304199219,PYPL,PayPal,embedded_finance
2026-03-25,44.702640533447266,PYPL,PayPal,embedded_finance
2026-03-26,45.051490783691406,PYPL,PayPal,embedded_finance
2026-03-27,43.446781158447266,PYPL,PayPal,embedded_finance
2026-03-30,44.523231506347656,PYPL,PayPal,embedded_finance
2026-03-31,45.08139419555664,PYPL,PayPal,embedded_finance
2026-04-01,44.48336410522461,PYPL,PayPal,embedded_finance
2026-04-02,45.19103240966797,PYPL,PayPal,embedded_finance
2026-04-06,45.330570220947266,PYPL,PayPal,embedded_finance
2026-04-07,44.72257614135742,PYPL,PayPal,embedded_finance
2026-04-08,45.69935607910156,PYPL,PayPal,embedded_finance
2026-04-09,45.82892990112305,PYPL,PayPal,embedded_finance
2026-04-10,45.09136199951172,PYPL,PayPal,embedded_finance
2026-04-13,47.35390090942383,PYPL,PayPal,embedded_finance
2026-04-14,47.81239318847656,PYPL,PayPal,embedded_finance
2026-04-15,49.407135009765625,PYPL,PayPal,embedded_finance
2026-04-16,49.64634704589844,PYPL,PayPal,embedded_finance
2026-04-17,50.643062591552734,PYPL,PayPal,embedded_finance
2026-04-20,51.290924072265625,PYPL,PayPal,embedded_finance
2026-04-21,50.71282958984375,PYPL,PayPal,embedded_finance
2026-04-22,51.05171203613281,PYPL,PayPal,embedded_finance
2026-04-23,49.58654022216797,PYPL,PayPal,embedded_finance
2026-04-24,50.314144134521484,PYPL,PayPal,embedded_finance
2026-04-27,49.606475830078125,PYPL,PayPal,embedded_finance
2026-04-28,49.47690200805664,PYPL,PayPal,embedded_finance
2026-04-29,50.77263259887695,PYPL,PayPal,embedded_finance
2026-04-30,49.97526168823242,PYPL,PayPal,embedded_finance
2026-05-01,50.27427291870117,PYPL,PayPal,embedded_finance
2026-05-04,50.22443771362305,PYPL,PayPal,embedded_finance
2026-05-05,46.33725357055664,PYPL,PayPal,embedded_finance
2026-05-06,46.117977142333984,PYPL,PayPal,embedded_finance
2026-05-07,46.06814193725586,PYPL,PayPal,embedded_finance
2026-05-08,45.22093200683594,PYPL,PayPal,embedded_finance
2026-05-11,44.92191696166992,PYPL,PayPal,embedded_finance
2026-05-12,45.29070281982422,PYPL,PayPal,embedded_finance
2026-05-13,45.08139419555664,PYPL,PayPal,embedded_finance
2026-05-14,44.89201736450195,PYPL,PayPal,embedded_finance
2026-05-15,44.26408767700195,PYPL,PayPal,embedded_finance
2026-05-18,44.239166259765625,PYPL,PayPal,embedded_finance
2026-05-19,43.68599319458008,PYPL,PayPal,embedded_finance
2026-05-20,44.22920227050781,PYPL,PayPal,embedded_finance
2026-05-21,44.154449462890625,PYPL,PayPal,embedded_finance
2026-05-22,44.084678649902344,PYPL,PayPal,embedded_finance
2026-05-26,44.01490783691406,PYPL,PayPal,embedded_finance
2026-05-27,43.6162223815918,PYPL,PayPal,embedded_finance
2026-05-28,44.31392288208008,PYPL,PayPal,embedded_finance
2026-05-29,44.602970123291016,PYPL,PayPal,embedded_finance
2026-06-01,45.04152297973633,PYPL,PayPal,embedded_finance
2026-06-02,44.383689880371094,PYPL,PayPal,embedded_finance
2026-06-03,42.470001220703125,PYPL,PayPal,embedded_finance
2026-06-04,42.75,PYPL,PayPal,embedded_finance
2026-06-05,41.290000915527344,PYPL,PayPal,embedded_finance
2026-06-08,41.2599983215332,PYPL,PayPal,embedded_finance
2026-06-09,41.459999084472656,PYPL,PayPal,embedded_finance
2026-06-10,40.70000076293945,PYPL,PayPal,embedded_finance
2026-06-11,41.2400016784668,PYPL,PayPal,embedded_finance
2026-06-12,41.529998779296875,PYPL,PayPal,embedded_finance
2026-06-15,42.4900016784668,PYPL,PayPal,embedded_finance
2026-06-16,43.650001525878906,PYPL,PayPal,embedded_finance
2026-06-17,42.08000183105469,PYPL,PayPal,embedded_finance
2026-06-18,42.5099983215332,PYPL,PayPal,embedded_finance
2026-06-22,42.34000015258789,PYPL,PayPal,embedded_finance
2026-06-23,41.70000076293945,PYPL,PayPal,embedded_finance
2026-06-24,42.47999954223633,PYPL,PayPal,embedded_finance
2026-06-25,42.380001068115234,PYPL,PayPal,embedded_finance
2026-06-26,44.290000915527344,PYPL,PayPal,embedded_finance
2026-06-29,44.380001068115234,PYPL,PayPal,embedded_finance
2026-06-30,43.18000030517578,PYPL,PayPal,embedded_finance
2026-07-01,44.06999969482422,PYPL,PayPal,embedded_finance
2026-07-02,45.470001220703125,PYPL,PayPal,embedded_finance
2026-07-06,45.09000015258789,PYPL,PayPal,embedded_finance
2026-07-07,45.650001525878906,PYPL,PayPal,embedded_finance
2026-07-08,44.529998779296875,PYPL,PayPal,embedded_finance
2026-07-09,45.31999969482422,PYPL,PayPal,embedded_finance
2026-07-10,46.31999969482422,PYPL,PayPal,embedded_finance
2026-07-13,47.650001525878906,PYPL,PayPal,embedded_finance
2026-07-14,47.369998931884766,PYPL,PayPal,embedded_finance
2026-07-15,55.52000045776367,PYPL,PayPal,embedded_finance
2026-07-16,56.72999954223633,PYPL,PayPal,embedded_finance
2026-07-17,56.560001373291016,PYPL,PayPal,embedded_finance
2026-07-20,56.81999969482422,PYPL,PayPal,embedded_finance
2026-07-21,55.849998474121094,PYPL,PayPal,embedded_finance
2026-07-22,55.5099983215332,PYPL,PayPal,embedded_finance
2026-07-23,56.0,PYPL,PayPal,embedded_finance
2026-07-24,56.150001525878906,PYPL,PayPal,embedded_finance
2026-07-27,56.06999969482422,PYPL,PayPal,embedded_finance
2026-07-28,58.31999969482422,PYPL,PayPal,embedded_finance
2026-07-29,58.349998474121094,PYPL,PayPal,embedded_finance
2026-07-30,57.650001525878906,PYPL,PayPal,embedded_finance
2026-07-31,57.209999084472656,PYPL,PayPal,embedded_finance
2018-01-02,36.16999816894531,XYZ,Block (Square/Cash App),embedded_finance
2018-01-03,37.310001373291016,XYZ,Block (Square/Cash App),embedded_finance
2018-01-04,38.099998474121094,XYZ,Block (Square/Cash App),embedded_finance
2018-01-05,41.13999938964844,XYZ,Block (Square/Cash App),embedded_finance
2018-01-08,40.7599983215332,XYZ,Block (Square/Cash App),embedded_finance
2018-01-09,40.880001068115234,XYZ,Block (Square/Cash App),embedded_finance
2018-01-10,40.84000015258789,XYZ,Block (Square/Cash App),embedded_finance
2018-01-11,42.29999923706055,XYZ,Block (Square/Cash App),embedded_finance
2018-01-12,41.25,XYZ,Block (Square/Cash App),embedded_finance
2018-01-16,39.31999969482422,XYZ,Block (Square/Cash App),embedded_finance
2018-01-17,40.060001373291016,XYZ,Block (Square/Cash App),embedded_finance
2018-01-18,40.27000045776367,XYZ,Block (Square/Cash App),embedded_finance
2018-01-19,42.560001373291016,XYZ,Block (Square/Cash App),embedded_finance
2018-01-22,45.290000915527344,XYZ,Block (Square/Cash App),embedded_finance
2018-01-23,45.0099983215332,XYZ,Block (Square/Cash App),embedded_finance
2018-01-24,44.31999969482422,XYZ,Block (Square/Cash App),embedded_finance
2018-01-25,45.119998931884766,XYZ,Block (Square/Cash App),embedded_finance
2018-01-26,45.970001220703125,XYZ,Block (Square/Cash App),embedded_finance
2018-01-29,45.43000030517578,XYZ,Block (Square/Cash App),embedded_finance
2018-01-30,45.52000045776367,XYZ,Block (Square/Cash App),embedded_finance
2018-01-31,46.90999984741211,XYZ,Block (Square/Cash App),embedded_finance
2018-02-01,44.45000076293945,XYZ,Block (Square/Cash App),embedded_finance
2018-02-02,43.61000061035156,XYZ,Block (Square/Cash App),embedded_finance
2018-02-05,41.02000045776367,XYZ,Block (Square/Cash App),embedded_finance
2018-02-06,41.61000061035156,XYZ,Block (Square/Cash App),embedded_finance
2018-02-07,41.66999816894531,XYZ,Block (Square/Cash App),embedded_finance
2018-02-08,39.5,XYZ,Block (Square/Cash App),embedded_finance
2018-02-09,39.56999969482422,XYZ,Block (Square/Cash App),embedded_finance
2018-02-12,39.91999816894531,XYZ,Block (Square/Cash App),embedded_finance
2018-02-13,42.11000061035156,XYZ,Block (Square/Cash App),embedded_finance
2018-02-14,41.849998474121094,XYZ,Block (Square/Cash App),embedded_finance
2018-02-15,44.290000915527344,XYZ,Block (Square/Cash App),embedded_finance
2018-02-16,44.11000061035156,XYZ,Block (Square/Cash App),embedded_finance
2018-02-20,44.93000030517578,XYZ,Block (Square/Cash App),embedded_finance
2018-02-21,44.099998474121094,XYZ,Block (Square/Cash App),embedded_finance
2018-02-22,44.900001525878906,XYZ,Block (Square/Cash App),embedded_finance
2018-02-23,44.86000061035156,XYZ,Block (Square/Cash App),embedded_finance
2018-02-26,46.54999923706055,XYZ,Block (Square/Cash App),embedded_finance
2018-02-27,45.90999984741211,XYZ,Block (Square/Cash App),embedded_finance
2018-02-28,46.04999923706055,XYZ,Block (Square/Cash App),embedded_finance
2018-03-01,46.0099983215332,XYZ,Block (Square/Cash App),embedded_finance
2018-03-02,46.02000045776367,XYZ,Block (Square/Cash App),embedded_finance
2018-03-05,50.41999816894531,XYZ,Block (Square/Cash App),embedded_finance
2018-03-06,49.599998474121094,XYZ,Block (Square/Cash App),embedded_finance
2018-03-07,50.720001220703125,XYZ,Block (Square/Cash App),embedded_finance
2018-03-08,52.25,XYZ,Block (Square/Cash App),embedded_finance
2018-03-09,52.4900016784668,XYZ,Block (Square/Cash App),embedded_finance
2018-03-12,53.189998626708984,XYZ,Block (Square/Cash App),embedded_finance
2018-03-13,51.83000183105469,XYZ,Block (Square/Cash App),embedded_finance
2018-03-14,54.61000061035156,XYZ,Block (Square/Cash App),embedded_finance
2018-03-15,54.84000015258789,XYZ,Block (Square/Cash App),embedded_finance
2018-03-16,54.88999938964844,XYZ,Block (Square/Cash App),embedded_finance
2018-03-19,54.58000183105469,XYZ,Block (Square/Cash App),embedded_finance
2018-03-20,57.689998626708984,XYZ,Block (Square/Cash App),embedded_finance
2018-03-21,57.09000015258789,XYZ,Block (Square/Cash App),embedded_finance
2018-03-22,55.15999984741211,XYZ,Block (Square/Cash App),embedded_finance
2018-03-23,51.66999816894531,XYZ,Block (Square/Cash App),embedded_finance
2018-03-26,53.54999923706055,XYZ,Block (Square/Cash App),embedded_finance
2018-03-27,51.060001373291016,XYZ,Block (Square/Cash App),embedded_finance
2018-03-28,47.38999938964844,XYZ,Block (Square/Cash App),embedded_finance
2018-03-29,49.20000076293945,XYZ,Block (Square/Cash App),embedded_finance
2018-04-02,47.68000030517578,XYZ,Block (Square/Cash App),embedded_finance
2018-04-03,47.58000183105469,XYZ,Block (Square/Cash App),embedded_finance
2018-04-04,47.66999816894531,XYZ,Block (Square/Cash App),embedded_finance
2018-04-05,48.02000045776367,XYZ,Block (Square/Cash App),embedded_finance
2018-04-06,45.869998931884766,XYZ,Block (Square/Cash App),embedded_finance
2018-04-09,45.88999938964844,XYZ,Block (Square/Cash App),embedded_finance
2018-04-10,47.79999923706055,XYZ,Block (Square/Cash App),embedded_finance
2018-04-11,47.7599983215332,XYZ,Block (Square/Cash App),embedded_finance
2018-04-12,49.689998626708984,XYZ,Block (Square/Cash App),embedded_finance
2018-04-13,47.5,XYZ,Block (Square/Cash App),embedded_finance
2018-04-16,47.029998779296875,XYZ,Block (Square/Cash App),embedded_finance
2018-04-17,49.130001068115234,XYZ,Block (Square/Cash App),embedded_finance
2018-04-18,51.380001068115234,XYZ,Block (Square/Cash App),embedded_finance
2018-04-19,50.630001068115234,XYZ,Block (Square/Cash App),embedded_finance
2018-04-20,51.459999084472656,XYZ,Block (Square/Cash App),embedded_finance
2018-04-23,50.349998474121094,XYZ,Block (Square/Cash App),embedded_finance
2018-04-24,46.0099983215332,XYZ,Block (Square/Cash App),embedded_finance
2018-04-25,44.75,XYZ,Block (Square/Cash App),embedded_finance
2018-04-26,46.7400016784668,XYZ,Block (Square/Cash App),embedded_finance
2018-04-27,47.56999969482422,XYZ,Block (Square/Cash App),embedded_finance
2018-04-30,47.34000015258789,XYZ,Block (Square/Cash App),embedded_finance
2018-05-01,48.20000076293945,XYZ,Block (Square/Cash App),embedded_finance
2018-05-02,48.65999984741211,XYZ,Block (Square/Cash App),embedded_finance
2018-05-03,49.209999084472656,XYZ,Block (Square/Cash App),embedded_finance
2018-05-04,49.099998474121094,XYZ,Block (Square/Cash App),embedded_finance
2018-05-07,51.119998931884766,XYZ,Block (Square/Cash App),embedded_finance
2018-05-08,53.31999969482422,XYZ,Block (Square/Cash App),embedded_finance
2018-05-09,54.2599983215332,XYZ,Block (Square/Cash App),embedded_finance
2018-05-10,54.650001525878906,XYZ,Block (Square/Cash App),embedded_finance
2018-05-11,54.72999954223633,XYZ,Block (Square/Cash App),embedded_finance
2018-05-14,54.279998779296875,XYZ,Block (Square/Cash App),embedded_finance
2018-05-15,54.650001525878906,XYZ,Block (Square/Cash App),embedded_finance
2018-05-16,56.59000015258789,XYZ,Block (Square/Cash App),embedded_finance
2018-05-17,54.81999969482422,XYZ,Block (Square/Cash App),embedded_finance
2018-05-18,55.040000915527344,XYZ,Block (Square/Cash App),embedded_finance
2018-05-21,56.38999938964844,XYZ,Block (Square/Cash App),embedded_finance
2018-05-22,54.630001068115234,XYZ,Block (Square/Cash App),embedded_finance
2018-05-23,55.09000015258789,XYZ,Block (Square/Cash App),embedded_finance
2018-05-24,55.54999923706055,XYZ,Block (Square/Cash App),embedded_finance
2018-05-25,55.77000045776367,XYZ,Block (Square/Cash App),embedded_finance
2018-05-29,56.91999816894531,XYZ,Block (Square/Cash App),embedded_finance
2018-05-30,57.90999984741211,XYZ,Block (Square/Cash App),embedded_finance
2018-05-31,58.25,XYZ,Block (Square/Cash App),embedded_finance
2018-06-01,59.40999984741211,XYZ,Block (Square/Cash App),embedded_finance
2018-06-04,61.20000076293945,XYZ,Block (Square/Cash App),embedded_finance
2018-06-05,61.56999969482422,XYZ,Block (Square/Cash App),embedded_finance
2018-06-06,62.720001220703125,XYZ,Block (Square/Cash App),embedded_finance
2018-06-07,60.66999816894531,XYZ,Block (Square/Cash App),embedded_finance
2018-06-08,61.779998779296875,XYZ,Block (Square/Cash App),embedded_finance
2018-06-11,61.290000915527344,XYZ,Block (Square/Cash App),embedded_finance
2018-06-12,63.209999084472656,XYZ,Block (Square/Cash App),embedded_finance
2018-06-13,62.5,XYZ,Block (Square/Cash App),embedded_finance
2018-06-14,63.880001068115234,XYZ,Block (Square/Cash App),embedded_finance
2018-06-15,64.4800033569336,XYZ,Block (Square/Cash App),embedded_finance
2018-06-18,66.19999694824219,XYZ,Block (Square/Cash App),embedded_finance
2018-06-19,65.95999908447266,XYZ,Block (Square/Cash App),embedded_finance
2018-06-20,67.58999633789062,XYZ,Block (Square/Cash App),embedded_finance
2018-06-21,67.0999984741211,XYZ,Block (Square/Cash App),embedded_finance
2018-06-22,65.75,XYZ,Block (Square/Cash App),embedded_finance
2018-06-25,61.88999938964844,XYZ,Block (Square/Cash App),embedded_finance
2018-06-26,62.54999923706055,XYZ,Block (Square/Cash App),embedded_finance
2018-06-27,60.09000015258789,XYZ,Block (Square/Cash App),embedded_finance
2018-06-28,61.54999923706055,XYZ,Block (Square/Cash App),embedded_finance
2018-06-29,61.63999938964844,XYZ,Block (Square/Cash App),embedded_finance
2018-07-02,63.13999938964844,XYZ,Block (Square/Cash App),embedded_finance
2018-07-03,61.75,XYZ,Block (Square/Cash App),embedded_finance
2018-07-05,64.1500015258789,XYZ,Block (Square/Cash App),embedded_finance
2018-07-06,66.44000244140625,XYZ,Block (Square/Cash App),embedded_finance
2018-07-09,66.4800033569336,XYZ,Block (Square/Cash App),embedded_finance
2018-07-10,64.76000213623047,XYZ,Block (Square/Cash App),embedded_finance
2018-07-11,65.33000183105469,XYZ,Block (Square/Cash App),embedded_finance
2018-07-12,67.27999877929688,XYZ,Block (Square/Cash App),embedded_finance
2018-07-13,66.97000122070312,XYZ,Block (Square/Cash App),embedded_finance
2018-07-16,66.94999694824219,XYZ,Block (Square/Cash App),embedded_finance
2018-07-17,68.33000183105469,XYZ,Block (Square/Cash App),embedded_finance
2018-07-18,68.29000091552734,XYZ,Block (Square/Cash App),embedded_finance
2018-07-19,70.31999969482422,XYZ,Block (Square/Cash App),embedded_finance
2018-07-20,70.41000366210938,XYZ,Block (Square/Cash App),embedded_finance
2018-07-23,71.5999984741211,XYZ,Block (Square/Cash App),embedded_finance
2018-07-24,69.36000061035156,XYZ,Block (Square/Cash App),embedded_finance
2018-07-25,72.52999877929688,XYZ,Block (Square/Cash App),embedded_finance
2018-07-26,71.98999786376953,XYZ,Block (Square/Cash App),embedded_finance
2018-07-27,69.8499984741211,XYZ,Block (Square/Cash App),embedded_finance
2018-07-30,65.62000274658203,XYZ,Block (Square/Cash App),embedded_finance
2018-07-31,64.6500015258789,XYZ,Block (Square/Cash App),embedded_finance
2018-08-01,66.86000061035156,XYZ,Block (Square/Cash App),embedded_finance
2018-08-02,72.6500015258789,XYZ,Block (Square/Cash App),embedded_finance
2018-08-03,68.36000061035156,XYZ,Block (Square/Cash App),embedded_finance
2018-08-06,70.91999816894531,XYZ,Block (Square/Cash App),embedded_finance
2018-08-07,71.0,XYZ,Block (Square/Cash App),embedded_finance
2018-08-08,70.81999969482422,XYZ,Block (Square/Cash App),embedded_finance
2018-08-09,69.37999725341797,XYZ,Block (Square/Cash App),embedded_finance
2018-08-10,70.5999984741211,XYZ,Block (Square/Cash App),embedded_finance
2018-08-13,72.37000274658203,XYZ,Block (Square/Cash App),embedded_finance
2018-08-14,74.97000122070312,XYZ,Block (Square/Cash App),embedded_finance
2018-08-15,72.23999786376953,XYZ,Block (Square/Cash App),embedded_finance
2018-08-16,72.76000213623047,XYZ,Block (Square/Cash App),embedded_finance
2018-08-17,72.9000015258789,XYZ,Block (Square/Cash App),embedded_finance
2018-08-20,74.26000213623047,XYZ,Block (Square/Cash App),embedded_finance
2018-08-21,75.19000244140625,XYZ,Block (Square/Cash App),embedded_finance
2018-08-22,76.44000244140625,XYZ,Block (Square/Cash App),embedded_finance
2018-08-23,77.12000274658203,XYZ,Block (Square/Cash App),embedded_finance
2018-08-24,78.18000030517578,XYZ,Block (Square/Cash App),embedded_finance
2018-08-27,78.25,XYZ,Block (Square/Cash App),embedded_finance
2018-08-28,80.80000305175781,XYZ,Block (Square/Cash App),embedded_finance
2018-08-29,85.69999694824219,XYZ,Block (Square/Cash App),embedded_finance
2018-08-30,87.76000213623047,XYZ,Block (Square/Cash App),embedded_finance
2018-08-31,88.63999938964844,XYZ,Block (Square/Cash App),embedded_finance
2018-09-04,91.25,XYZ,Block (Square/Cash App),embedded_finance
2018-09-05,87.19999694824219,XYZ,Block (Square/Cash App),embedded_finance
2018-09-06,88.54000091552734,XYZ,Block (Square/Cash App),embedded_finance
2018-09-07,89.97000122070312,XYZ,Block (Square/Cash App),embedded_finance
2018-09-10,89.38999938964844,XYZ,Block (Square/Cash App),embedded_finance
2018-09-11,92.27999877929688,XYZ,Block (Square/Cash App),embedded_finance
2018-09-12,90.44000244140625,XYZ,Block (Square/Cash App),embedded_finance
2018-09-13,90.22000122070312,XYZ,Block (Square/Cash App),embedded_finance
2018-09-14,90.81999969482422,XYZ,Block (Square/Cash App),embedded_finance
2018-09-17,86.86000061035156,XYZ,Block (Square/Cash App),embedded_finance
2018-09-18,87.98999786376953,XYZ,Block (Square/Cash App),embedded_finance
2018-09-19,84.80000305175781,XYZ,Block (Square/Cash App),embedded_finance
2018-09-20,86.51000213623047,XYZ,Block (Square/Cash App),embedded_finance
2018-09-21,85.30000305175781,XYZ,Block (Square/Cash App),embedded_finance
2018-09-24,86.04000091552734,XYZ,Block (Square/Cash App),embedded_finance
2018-09-25,95.3499984741211,XYZ,Block (Square/Cash App),embedded_finance
2018-09-26,94.6500015258789,XYZ,Block (Square/Cash App),embedded_finance
2018-09-27,97.95999908447266,XYZ,Block (Square/Cash App),embedded_finance
2018-09-28,99.01000213623047,XYZ,Block (Square/Cash App),embedded_finance
2018-10-01,97.27999877929688,XYZ,Block (Square/Cash App),embedded_finance
2018-10-02,97.83000183105469,XYZ,Block (Square/Cash App),embedded_finance
2018-10-03,96.95999908447266,XYZ,Block (Square/Cash App),embedded_finance
2018-10-04,94.48999786376953,XYZ,Block (Square/Cash App),embedded_finance
2018-10-05,94.11000061035156,XYZ,Block (Square/Cash App),embedded_finance
2018-10-08,86.05999755859375,XYZ,Block (Square/Cash App),embedded_finance
2018-10-09,86.16999816894531,XYZ,Block (Square/Cash App),embedded_finance
2018-10-10,77.44999694824219,XYZ,Block (Square/Cash App),embedded_finance
2018-10-11,69.02999877929688,XYZ,Block (Square/Cash App),embedded_finance
2018-10-12,73.97000122070312,XYZ,Block (Square/Cash App),embedded_finance
2018-10-15,73.7699966430664,XYZ,Block (Square/Cash App),embedded_finance
2018-10-16,78.72000122070312,XYZ,Block (Square/Cash App),embedded_finance
2018-10-17,78.05000305175781,XYZ,Block (Square/Cash App),embedded_finance
2018-10-18,74.95999908447266,XYZ,Block (Square/Cash App),embedded_finance
2018-10-19,74.06999969482422,XYZ,Block (Square/Cash App),embedded_finance
2018-10-22,75.72000122070312,XYZ,Block (Square/Cash App),embedded_finance
2018-10-23,74.1500015258789,XYZ,Block (Square/Cash App),embedded_finance
2018-10-24,69.33999633789062,XYZ,Block (Square/Cash App),embedded_finance
2018-10-25,73.48999786376953,XYZ,Block (Square/Cash App),embedded_finance
2018-10-26,71.12000274658203,XYZ,Block (Square/Cash App),embedded_finance
2018-10-29,67.27999877929688,XYZ,Block (Square/Cash App),embedded_finance
2018-10-30,68.76000213623047,XYZ,Block (Square/Cash App),embedded_finance
2018-10-31,73.44999694824219,XYZ,Block (Square/Cash App),embedded_finance
2018-11-01,76.73999786376953,XYZ,Block (Square/Cash App),embedded_finance
2018-11-02,77.76000213623047,XYZ,Block (Square/Cash App),embedded_finance
2018-11-05,75.01000213623047,XYZ,Block (Square/Cash App),embedded_finance
2018-11-06,77.30999755859375,XYZ,Block (Square/Cash App),embedded_finance
2018-11-07,82.69000244140625,XYZ,Block (Square/Cash App),embedded_finance
2018-11-08,75.2300033569336,XYZ,Block (Square/Cash App),embedded_finance
2018-11-09,73.2699966430664,XYZ,Block (Square/Cash App),embedded_finance
2018-11-12,69.83000183105469,XYZ,Block (Square/Cash App),embedded_finance
2018-11-13,71.8499984741211,XYZ,Block (Square/Cash App),embedded_finance
2018-11-14,69.80999755859375,XYZ,Block (Square/Cash App),embedded_finance
2018-11-15,73.5999984741211,XYZ,Block (Square/Cash App),embedded_finance
2018-11-16,70.58999633789062,XYZ,Block (Square/Cash App),embedded_finance
2018-11-19,62.970001220703125,XYZ,Block (Square/Cash App),embedded_finance
2018-11-20,61.81999969482422,XYZ,Block (Square/Cash App),embedded_finance
2018-11-21,62.619998931884766,XYZ,Block (Square/Cash App),embedded_finance
2018-11-23,63.470001220703125,XYZ,Block (Square/Cash App),embedded_finance
2018-11-26,66.5199966430664,XYZ,Block (Square/Cash App),embedded_finance
2018-11-27,65.87999725341797,XYZ,Block (Square/Cash App),embedded_finance
2018-11-28,69.88999938964844,XYZ,Block (Square/Cash App),embedded_finance
2018-11-29,69.9000015258789,XYZ,Block (Square/Cash App),embedded_finance
2018-11-30,69.83999633789062,XYZ,Block (Square/Cash App),embedded_finance
2018-12-03,71.94999694824219,XYZ,Block (Square/Cash App),embedded_finance
2018-12-04,63.5099983215332,XYZ,Block (Square/Cash App),embedded_finance
2018-12-06,65.69000244140625,XYZ,Block (Square/Cash App),embedded_finance
2018-12-07,60.779998779296875,XYZ,Block (Square/Cash App),embedded_finance
2018-12-10,63.380001068115234,XYZ,Block (Square/Cash App),embedded_finance
2018-12-11,61.779998779296875,XYZ,Block (Square/Cash App),embedded_finance
2018-12-12,63.650001525878906,XYZ,Block (Square/Cash App),embedded_finance
2018-12-13,62.900001525878906,XYZ,Block (Square/Cash App),embedded_finance
2018-12-14,62.13999938964844,XYZ,Block (Square/Cash App),embedded_finance
2018-12-17,58.619998931884766,XYZ,Block (Square/Cash App),embedded_finance
2018-12-18,59.91999816894531,XYZ,Block (Square/Cash App),embedded_finance
2018-12-19,59.029998779296875,XYZ,Block (Square/Cash App),embedded_finance
2018-12-20,55.900001525878906,XYZ,Block (Square/Cash App),embedded_finance
2018-12-21,52.5099983215332,XYZ,Block (Square/Cash App),embedded_finance
2018-12-24,50.720001220703125,XYZ,Block (Square/Cash App),embedded_finance
2018-12-26,55.31999969482422,XYZ,Block (Square/Cash App),embedded_finance
2018-12-27,56.150001525878906,XYZ,Block (Square/Cash App),embedded_finance
2018-12-28,55.869998931884766,XYZ,Block (Square/Cash App),embedded_finance
2018-12-31,56.09000015258789,XYZ,Block (Square/Cash App),embedded_finance
2019-01-02,57.20000076293945,XYZ,Block (Square/Cash App),embedded_finance
2019-01-03,52.41999816894531,XYZ,Block (Square/Cash App),embedded_finance
2019-01-04,58.18000030517578,XYZ,Block (Square/Cash App),embedded_finance
2019-01-07,60.720001220703125,XYZ,Block (Square/Cash App),embedded_finance
2019-01-08,63.119998931884766,XYZ,Block (Square/Cash App),embedded_finance
2019-01-09,65.93000030517578,XYZ,Block (Square/Cash App),embedded_finance
2019-01-10,66.0999984741211,XYZ,Block (Square/Cash App),embedded_finance
2019-01-11,66.2300033569336,XYZ,Block (Square/Cash App),embedded_finance
2019-01-14,65.18000030517578,XYZ,Block (Square/Cash App),embedded_finance
2019-01-15,65.95999908447266,XYZ,Block (Square/Cash App),embedded_finance
2019-01-16,65.9000015258789,XYZ,Block (Square/Cash App),embedded_finance
2019-01-17,68.83999633789062,XYZ,Block (Square/Cash App),embedded_finance
2019-01-18,72.23999786376953,XYZ,Block (Square/Cash App),embedded_finance
2019-01-22,67.8499984741211,XYZ,Block (Square/Cash App),embedded_finance
2019-01-23,69.0999984741211,XYZ,Block (Square/Cash App),embedded_finance
2019-01-24,73.94000244140625,XYZ,Block (Square/Cash App),embedded_finance
2019-01-25,77.97000122070312,XYZ,Block (Square/Cash App),embedded_finance
2019-01-28,76.22000122070312,XYZ,Block (Square/Cash App),embedded_finance
2019-01-29,68.55999755859375,XYZ,Block (Square/Cash App),embedded_finance
2019-01-30,71.52999877929688,XYZ,Block (Square/Cash App),embedded_finance
2019-01-31,71.3499984741211,XYZ,Block (Square/Cash App),embedded_finance
2019-02-01,70.80000305175781,XYZ,Block (Square/Cash App),embedded_finance
2019-02-04,71.75,XYZ,Block (Square/Cash App),embedded_finance
2019-02-05,72.27999877929688,XYZ,Block (Square/Cash App),embedded_finance
2019-02-06,72.66999816894531,XYZ,Block (Square/Cash App),embedded_finance
2019-02-07,71.94999694824219,XYZ,Block (Square/Cash App),embedded_finance
2019-02-08,73.48999786376953,XYZ,Block (Square/Cash App),embedded_finance
2019-02-11,74.31999969482422,XYZ,Block (Square/Cash App),embedded_finance
2019-02-12,75.58999633789062,XYZ,Block (Square/Cash App),embedded_finance
2019-02-13,75.62999725341797,XYZ,Block (Square/Cash App),embedded_finance
2019-02-14,75.66999816894531,XYZ,Block (Square/Cash App),embedded_finance
2019-02-15,75.63999938964844,XYZ,Block (Square/Cash App),embedded_finance
2019-02-19,76.63999938964844,XYZ,Block (Square/Cash App),embedded_finance
2019-02-20,75.97000122070312,XYZ,Block (Square/Cash App),embedded_finance
2019-02-21,74.43000030517578,XYZ,Block (Square/Cash App),embedded_finance
2019-02-22,76.08000183105469,XYZ,Block (Square/Cash App),embedded_finance
2019-02-25,77.12999725341797,XYZ,Block (Square/Cash App),embedded_finance
2019-02-26,77.94999694824219,XYZ,Block (Square/Cash App),embedded_finance
2019-02-27,79.31999969482422,XYZ,Block (Square/Cash App),embedded_finance
2019-02-28,81.23999786376953,XYZ,Block (Square/Cash App),embedded_finance
2019-03-01,77.45999908447266,XYZ,Block (Square/Cash App),embedded_finance
2019-03-04,74.69000244140625,XYZ,Block (Square/Cash App),embedded_finance
2019-03-05,76.04000091552734,XYZ,Block (Square/Cash App),embedded_finance
2019-03-06,75.13999938964844,XYZ,Block (Square/Cash App),embedded_finance
2019-03-07,74.11000061035156,XYZ,Block (Square/Cash App),embedded_finance
2019-03-08,74.4000015258789,XYZ,Block (Square/Cash App),embedded_finance
2019-03-11,75.52999877929688,XYZ,Block (Square/Cash App),embedded_finance
2019-03-12,76.7699966430664,XYZ,Block (Square/Cash App),embedded_finance
2019-03-13,77.8499984741211,XYZ,Block (Square/Cash App),embedded_finance
2019-03-14,77.37999725341797,XYZ,Block (Square/Cash App),embedded_finance
2019-03-15,76.6500015258789,XYZ,Block (Square/Cash App),embedded_finance
2019-03-18,75.2300033569336,XYZ,Block (Square/Cash App),embedded_finance
2019-03-19,76.80999755859375,XYZ,Block (Square/Cash App),embedded_finance
2019-03-20,75.26000213623047,XYZ,Block (Square/Cash App),embedded_finance
2019-03-21,78.52999877929688,XYZ,Block (Square/Cash App),embedded_finance
2019-03-22,75.08999633789062,XYZ,Block (Square/Cash App),embedded_finance
2019-03-25,74.55000305175781,XYZ,Block (Square/Cash App),embedded_finance
2019-03-26,73.93000030517578,XYZ,Block (Square/Cash App),embedded_finance
2019-03-27,72.97000122070312,XYZ,Block (Square/Cash App),embedded_finance
2019-03-28,74.26000213623047,XYZ,Block (Square/Cash App),embedded_finance
2019-03-29,74.91999816894531,XYZ,Block (Square/Cash App),embedded_finance
2019-04-01,76.31999969482422,XYZ,Block (Square/Cash App),embedded_finance
2019-04-02,75.5999984741211,XYZ,Block (Square/Cash App),embedded_finance
2019-04-03,77.05000305175781,XYZ,Block (Square/Cash App),embedded_finance
2019-04-04,74.5199966430664,XYZ,Block (Square/Cash App),embedded_finance
2019-04-05,75.02999877929688,XYZ,Block (Square/Cash App),embedded_finance
2019-04-08,75.0,XYZ,Block (Square/Cash App),embedded_finance
2019-04-09,74.5999984741211,XYZ,Block (Square/Cash App),embedded_finance
2019-04-10,74.73999786376953,XYZ,Block (Square/Cash App),embedded_finance
2019-04-11,75.5,XYZ,Block (Square/Cash App),embedded_finance
2019-04-12,75.27999877929688,XYZ,Block (Square/Cash App),embedded_finance
2019-04-15,74.38999938964844,XYZ,Block (Square/Cash App),embedded_finance
2019-04-16,73.48999786376953,XYZ,Block (Square/Cash App),embedded_finance
2019-04-17,72.76000213623047,XYZ,Block (Square/Cash App),embedded_finance
2019-04-18,70.73999786376953,XYZ,Block (Square/Cash App),embedded_finance
2019-04-22,72.58000183105469,XYZ,Block (Square/Cash App),embedded_finance
2019-04-23,72.44999694824219,XYZ,Block (Square/Cash App),embedded_finance
2019-04-24,71.98999786376953,XYZ,Block (Square/Cash App),embedded_finance
2019-04-25,72.6500015258789,XYZ,Block (Square/Cash App),embedded_finance
2019-04-26,71.55000305175781,XYZ,Block (Square/Cash App),embedded_finance
2019-04-29,72.72000122070312,XYZ,Block (Square/Cash App),embedded_finance
2019-04-30,72.81999969482422,XYZ,Block (Square/Cash App),embedded_finance
2019-05-01,73.62000274658203,XYZ,Block (Square/Cash App),embedded_finance
2019-05-02,67.73999786376953,XYZ,Block (Square/Cash App),embedded_finance
2019-05-03,68.5199966430664,XYZ,Block (Square/Cash App),embedded_finance
2019-05-06,70.13999938964844,XYZ,Block (Square/Cash App),embedded_finance
2019-05-07,68.41999816894531,XYZ,Block (Square/Cash App),embedded_finance
2019-05-08,67.25,XYZ,Block (Square/Cash App),embedded_finance
2019-05-09,66.38999938964844,XYZ,Block (Square/Cash App),embedded_finance
2019-05-10,65.98999786376953,XYZ,Block (Square/Cash App),embedded_finance
2019-05-13,62.38999938964844,XYZ,Block (Square/Cash App),embedded_finance
2019-05-14,64.11000061035156,XYZ,Block (Square/Cash App),embedded_finance
2019-05-15,65.2300033569336,XYZ,Block (Square/Cash App),embedded_finance
2019-05-16,66.4000015258789,XYZ,Block (Square/Cash App),embedded_finance
2019-05-17,65.30999755859375,XYZ,Block (Square/Cash App),embedded_finance
2019-05-20,64.38999938964844,XYZ,Block (Square/Cash App),embedded_finance
2019-05-21,65.91999816894531,XYZ,Block (Square/Cash App),embedded_finance
2019-05-22,66.45999908447266,XYZ,Block (Square/Cash App),embedded_finance
2019-05-23,63.75,XYZ,Block (Square/Cash App),embedded_finance
2019-05-24,64.66000366210938,XYZ,Block (Square/Cash App),embedded_finance
2019-05-28,65.81999969482422,XYZ,Block (Square/Cash App),embedded_finance
2019-05-29,63.22999954223633,XYZ,Block (Square/Cash App),embedded_finance
2019-05-30,63.66999816894531,XYZ,Block (Square/Cash App),embedded_finance
2019-05-31,61.95000076293945,XYZ,Block (Square/Cash App),embedded_finance
2019-06-03,60.619998931884766,XYZ,Block (Square/Cash App),embedded_finance
2019-06-04,63.38999938964844,XYZ,Block (Square/Cash App),embedded_finance
2019-06-05,64.93000030517578,XYZ,Block (Square/Cash App),embedded_finance
2019-06-06,65.7699966430664,XYZ,Block (Square/Cash App),embedded_finance
2019-06-07,68.45999908447266,XYZ,Block (Square/Cash App),embedded_finance
2019-06-10,70.37000274658203,XYZ,Block (Square/Cash App),embedded_finance
2019-06-11,70.18000030517578,XYZ,Block (Square/Cash App),embedded_finance
2019-06-12,70.45999908447266,XYZ,Block (Square/Cash App),embedded_finance
2019-06-13,72.18000030517578,XYZ,Block (Square/Cash App),embedded_finance
2019-06-14,71.58999633789062,XYZ,Block (Square/Cash App),embedded_finance
2019-06-17,72.20999908447266,XYZ,Block (Square/Cash App),embedded_finance
2019-06-18,71.81999969482422,XYZ,Block (Square/Cash App),embedded_finance
2019-06-19,72.66000366210938,XYZ,Block (Square/Cash App),embedded_finance
2019-06-20,74.41999816894531,XYZ,Block (Square/Cash App),embedded_finance
2019-06-21,72.87000274658203,XYZ,Block (Square/Cash App),embedded_finance
2019-06-24,72.70999908447266,XYZ,Block (Square/Cash App),embedded_finance
2019-06-25,69.87000274658203,XYZ,Block (Square/Cash App),embedded_finance
2019-06-26,69.94999694824219,XYZ,Block (Square/Cash App),embedded_finance
2019-06-27,71.27999877929688,XYZ,Block (Square/Cash App),embedded_finance
2019-06-28,72.52999877929688,XYZ,Block (Square/Cash App),embedded_finance
2019-07-01,73.19999694824219,XYZ,Block (Square/Cash App),embedded_finance
2019-07-02,73.97000122070312,XYZ,Block (Square/Cash App),embedded_finance
2019-07-03,74.26000213623047,XYZ,Block (Square/Cash App),embedded_finance
2019-07-05,74.30999755859375,XYZ,Block (Square/Cash App),embedded_finance
2019-07-08,73.43000030517578,XYZ,Block (Square/Cash App),embedded_finance
2019-07-09,77.95999908447266,XYZ,Block (Square/Cash App),embedded_finance
2019-07-10,78.37000274658203,XYZ,Block (Square/Cash App),embedded_finance
2019-07-11,79.44000244140625,XYZ,Block (Square/Cash App),embedded_finance
2019-07-12,82.27999877929688,XYZ,Block (Square/Cash App),embedded_finance
2019-07-15,82.16999816894531,XYZ,Block (Square/Cash App),embedded_finance
2019-07-16,80.58999633789062,XYZ,Block (Square/Cash App),embedded_finance
2019-07-17,80.87000274658203,XYZ,Block (Square/Cash App),embedded_finance
2019-07-18,81.05999755859375,XYZ,Block (Square/Cash App),embedded_finance
2019-07-19,78.51000213623047,XYZ,Block (Square/Cash App),embedded_finance
2019-07-22,78.56999969482422,XYZ,Block (Square/Cash App),embedded_finance
2019-07-23,78.83999633789062,XYZ,Block (Square/Cash App),embedded_finance
2019-07-24,80.43000030517578,XYZ,Block (Square/Cash App),embedded_finance
2019-07-25,80.0199966430664,XYZ,Block (Square/Cash App),embedded_finance
2019-07-26,81.80999755859375,XYZ,Block (Square/Cash App),embedded_finance
2019-07-29,80.19999694824219,XYZ,Block (Square/Cash App),embedded_finance
2019-07-30,80.48999786376953,XYZ,Block (Square/Cash App),embedded_finance
2019-07-31,80.41000366210938,XYZ,Block (Square/Cash App),embedded_finance
2019-08-01,80.9800033569336,XYZ,Block (Square/Cash App),embedded_finance
2019-08-02,69.5999984741211,XYZ,Block (Square/Cash App),embedded_finance
2019-08-05,64.8499984741211,XYZ,Block (Square/Cash App),embedded_finance
2019-08-06,64.5999984741211,XYZ,Block (Square/Cash App),embedded_finance
2019-08-07,65.0,XYZ,Block (Square/Cash App),embedded_finance
2019-08-08,66.2699966430664,XYZ,Block (Square/Cash App),embedded_finance
2019-08-09,65.01000213623047,XYZ,Block (Square/Cash App),embedded_finance
2019-08-12,62.29999923706055,XYZ,Block (Square/Cash App),embedded_finance
2019-08-13,63.0,XYZ,Block (Square/Cash App),embedded_finance
2019-08-14,61.54999923706055,XYZ,Block (Square/Cash App),embedded_finance
2019-08-15,62.0,XYZ,Block (Square/Cash App),embedded_finance
2019-08-16,62.869998931884766,XYZ,Block (Square/Cash App),embedded_finance
2019-08-19,64.08000183105469,XYZ,Block (Square/Cash App),embedded_finance
2019-08-20,64.37000274658203,XYZ,Block (Square/Cash App),embedded_finance
2019-08-21,65.41000366210938,XYZ,Block (Square/Cash App),embedded_finance
2019-08-22,64.68000030517578,XYZ,Block (Square/Cash App),embedded_finance
2019-08-23,61.779998779296875,XYZ,Block (Square/Cash App),embedded_finance
2019-08-26,62.79999923706055,XYZ,Block (Square/Cash App),embedded_finance
2019-08-27,61.75,XYZ,Block (Square/Cash App),embedded_finance
2019-08-28,62.150001525878906,XYZ,Block (Square/Cash App),embedded_finance
2019-08-29,62.84000015258789,XYZ,Block (Square/Cash App),embedded_finance
2019-08-30,61.84000015258789,XYZ,Block (Square/Cash App),embedded_finance
2019-09-03,61.130001068115234,XYZ,Block (Square/Cash App),embedded_finance
2019-09-04,61.16999816894531,XYZ,Block (Square/Cash App),embedded_finance
2019-09-05,63.02000045776367,XYZ,Block (Square/Cash App),embedded_finance
2019-09-06,62.0,XYZ,Block (Square/Cash App),embedded_finance
2019-09-09,61.470001220703125,XYZ,Block (Square/Cash App),embedded_finance
2019-09-10,60.54999923706055,XYZ,Block (Square/Cash App),embedded_finance
2019-09-11,59.20000076293945,XYZ,Block (Square/Cash App),embedded_finance
2019-09-12,57.790000915527344,XYZ,Block (Square/Cash App),embedded_finance
2019-09-13,58.290000915527344,XYZ,Block (Square/Cash App),embedded_finance
2019-09-16,59.25,XYZ,Block (Square/Cash App),embedded_finance
2019-09-17,59.599998474121094,XYZ,Block (Square/Cash App),embedded_finance
2019-09-18,59.75,XYZ,Block (Square/Cash App),embedded_finance
2019-09-19,59.029998779296875,XYZ,Block (Square/Cash App),embedded_finance
2019-09-20,57.849998474121094,XYZ,Block (Square/Cash App),embedded_finance
2019-09-23,56.7599983215332,XYZ,Block (Square/Cash App),embedded_finance
2019-09-24,57.5,XYZ,Block (Square/Cash App),embedded_finance
2019-09-25,58.5099983215332,XYZ,Block (Square/Cash App),embedded_finance
2019-09-26,60.79999923706055,XYZ,Block (Square/Cash App),embedded_finance
2019-09-27,60.75,XYZ,Block (Square/Cash App),embedded_finance
2019-09-30,61.95000076293945,XYZ,Block (Square/Cash App),embedded_finance
2019-10-01,61.630001068115234,XYZ,Block (Square/Cash App),embedded_finance
2019-10-02,60.08000183105469,XYZ,Block (Square/Cash App),embedded_finance
2019-10-03,62.04999923706055,XYZ,Block (Square/Cash App),embedded_finance
2019-10-04,62.650001525878906,XYZ,Block (Square/Cash App),embedded_finance
2019-10-07,62.25,XYZ,Block (Square/Cash App),embedded_finance
2019-10-08,60.79999923706055,XYZ,Block (Square/Cash App),embedded_finance
2019-10-09,62.220001220703125,XYZ,Block (Square/Cash App),embedded_finance
2019-10-10,62.029998779296875,XYZ,Block (Square/Cash App),embedded_finance
2019-10-11,61.540000915527344,XYZ,Block (Square/Cash App),embedded_finance
2019-10-14,61.83000183105469,XYZ,Block (Square/Cash App),embedded_finance
2019-10-15,64.29000091552734,XYZ,Block (Square/Cash App),embedded_finance
2019-10-16,63.0,XYZ,Block (Square/Cash App),embedded_finance
2019-10-17,63.400001525878906,XYZ,Block (Square/Cash App),embedded_finance
2019-10-18,60.45000076293945,XYZ,Block (Square/Cash App),embedded_finance
2019-10-21,61.150001525878906,XYZ,Block (Square/Cash App),embedded_finance
2019-10-22,58.83000183105469,XYZ,Block (Square/Cash App),embedded_finance
2019-10-23,58.36000061035156,XYZ,Block (Square/Cash App),embedded_finance
2019-10-24,61.720001220703125,XYZ,Block (Square/Cash App),embedded_finance
2019-10-25,62.88999938964844,XYZ,Block (Square/Cash App),embedded_finance
2019-10-28,62.79999923706055,XYZ,Block (Square/Cash App),embedded_finance
2019-10-29,62.40999984741211,XYZ,Block (Square/Cash App),embedded_finance
2019-10-30,62.15999984741211,XYZ,Block (Square/Cash App),embedded_finance
2019-10-31,61.43000030517578,XYZ,Block (Square/Cash App),embedded_finance
2019-11-01,62.599998474121094,XYZ,Block (Square/Cash App),embedded_finance
2019-11-04,62.380001068115234,XYZ,Block (Square/Cash App),embedded_finance
2019-11-05,61.060001373291016,XYZ,Block (Square/Cash App),embedded_finance
2019-11-06,61.34000015258789,XYZ,Block (Square/Cash App),embedded_finance
2019-11-07,64.41000366210938,XYZ,Block (Square/Cash App),embedded_finance
2019-11-08,62.45000076293945,XYZ,Block (Square/Cash App),embedded_finance
2019-11-11,63.790000915527344,XYZ,Block (Square/Cash App),embedded_finance
2019-11-12,61.540000915527344,XYZ,Block (Square/Cash App),embedded_finance
2019-11-13,61.5099983215332,XYZ,Block (Square/Cash App),embedded_finance
2019-11-14,62.9900016784668,XYZ,Block (Square/Cash App),embedded_finance
2019-11-15,64.69999694824219,XYZ,Block (Square/Cash App),embedded_finance
2019-11-18,65.73999786376953,XYZ,Block (Square/Cash App),embedded_finance
2019-11-19,66.37000274658203,XYZ,Block (Square/Cash App),embedded_finance
2019-11-20,67.16999816894531,XYZ,Block (Square/Cash App),embedded_finance
2019-11-21,67.41999816894531,XYZ,Block (Square/Cash App),embedded_finance
2019-11-22,67.75,XYZ,Block (Square/Cash App),embedded_finance
2019-11-25,68.25,XYZ,Block (Square/Cash App),embedded_finance
2019-11-26,68.94000244140625,XYZ,Block (Square/Cash App),embedded_finance
2019-11-27,69.6500015258789,XYZ,Block (Square/Cash App),embedded_finance
2019-11-29,69.12000274658203,XYZ,Block (Square/Cash App),embedded_finance
2019-12-02,66.87999725341797,XYZ,Block (Square/Cash App),embedded_finance
2019-12-03,67.04000091552734,XYZ,Block (Square/Cash App),embedded_finance
2019-12-04,67.77999877929688,XYZ,Block (Square/Cash App),embedded_finance
2019-12-05,67.13999938964844,XYZ,Block (Square/Cash App),embedded_finance
2019-12-06,67.9800033569336,XYZ,Block (Square/Cash App),embedded_finance
2019-12-09,67.05999755859375,XYZ,Block (Square/Cash App),embedded_finance
2019-12-10,65.83999633789062,XYZ,Block (Square/Cash App),embedded_finance
2019-12-11,65.75,XYZ,Block (Square/Cash App),embedded_finance
2019-12-12,65.86000061035156,XYZ,Block (Square/Cash App),embedded_finance
2019-12-13,64.80000305175781,XYZ,Block (Square/Cash App),embedded_finance
2019-12-16,66.52999877929688,XYZ,Block (Square/Cash App),embedded_finance
2019-12-17,65.55000305175781,XYZ,Block (Square/Cash App),embedded_finance
2019-12-18,65.13999938964844,XYZ,Block (Square/Cash App),embedded_finance
2019-12-19,64.55000305175781,XYZ,Block (Square/Cash App),embedded_finance
2019-12-20,63.630001068115234,XYZ,Block (Square/Cash App),embedded_finance
2019-12-23,62.79999923706055,XYZ,Block (Square/Cash App),embedded_finance
2019-12-24,63.959999084472656,XYZ,Block (Square/Cash App),embedded_finance
2019-12-26,64.02999877929688,XYZ,Block (Square/Cash App),embedded_finance
2019-12-27,63.79999923706055,XYZ,Block (Square/Cash App),embedded_finance
2019-12-30,61.79999923706055,XYZ,Block (Square/Cash App),embedded_finance
2019-12-31,62.560001373291016,XYZ,Block (Square/Cash App),embedded_finance
2020-01-02,63.83000183105469,XYZ,Block (Square/Cash App),embedded_finance
2020-01-03,63.0,XYZ,Block (Square/Cash App),embedded_finance
2020-01-06,62.56999969482422,XYZ,Block (Square/Cash App),embedded_finance
2020-01-07,64.58999633789062,XYZ,Block (Square/Cash App),embedded_finance
2020-01-08,67.5999984741211,XYZ,Block (Square/Cash App),embedded_finance
2020-01-09,67.93000030517578,XYZ,Block (Square/Cash App),embedded_finance
2020-01-10,67.98999786376953,XYZ,Block (Square/Cash App),embedded_finance
2020-01-13,68.66000366210938,XYZ,Block (Square/Cash App),embedded_finance
2020-01-14,68.16999816894531,XYZ,Block (Square/Cash App),embedded_finance
2020-01-15,70.36000061035156,XYZ,Block (Square/Cash App),embedded_finance
2020-01-16,69.5199966430664,XYZ,Block (Square/Cash App),embedded_finance
2020-01-17,69.37999725341797,XYZ,Block (Square/Cash App),embedded_finance
2020-01-21,68.30999755859375,XYZ,Block (Square/Cash App),embedded_finance
2020-01-22,68.69000244140625,XYZ,Block (Square/Cash App),embedded_finance
2020-01-23,69.29000091552734,XYZ,Block (Square/Cash App),embedded_finance
2020-01-24,71.13999938964844,XYZ,Block (Square/Cash App),embedded_finance
2020-01-27,71.05000305175781,XYZ,Block (Square/Cash App),embedded_finance
2020-01-28,74.80000305175781,XYZ,Block (Square/Cash App),embedded_finance
2020-01-29,76.16000366210938,XYZ,Block (Square/Cash App),embedded_finance
2020-01-30,76.0999984741211,XYZ,Block (Square/Cash App),embedded_finance
2020-01-31,74.69000244140625,XYZ,Block (Square/Cash App),embedded_finance
2020-02-03,79.80000305175781,XYZ,Block (Square/Cash App),embedded_finance
2020-02-04,80.9000015258789,XYZ,Block (Square/Cash App),embedded_finance
2020-02-05,78.25,XYZ,Block (Square/Cash App),embedded_finance
2020-02-06,78.51000213623047,XYZ,Block (Square/Cash App),embedded_finance
2020-02-07,78.86000061035156,XYZ,Block (Square/Cash App),embedded_finance
2020-02-10,80.16999816894531,XYZ,Block (Square/Cash App),embedded_finance
2020-02-11,79.87999725341797,XYZ,Block (Square/Cash App),embedded_finance
2020-02-12,80.0,XYZ,Block (Square/Cash App),embedded_finance
2020-02-13,80.98999786376953,XYZ,Block (Square/Cash App),embedded_finance
2020-02-14,81.86000061035156,XYZ,Block (Square/Cash App),embedded_finance
2020-02-18,82.41999816894531,XYZ,Block (Square/Cash App),embedded_finance
2020-02-19,85.23999786376953,XYZ,Block (Square/Cash App),embedded_finance
2020-02-20,85.69999694824219,XYZ,Block (Square/Cash App),embedded_finance
2020-02-21,83.48999786376953,XYZ,Block (Square/Cash App),embedded_finance
2020-02-24,80.20999908447266,XYZ,Block (Square/Cash App),embedded_finance
2020-02-25,77.05000305175781,XYZ,Block (Square/Cash App),embedded_finance
2020-02-26,76.58999633789062,XYZ,Block (Square/Cash App),embedded_finance
2020-02-27,79.30999755859375,XYZ,Block (Square/Cash App),embedded_finance
2020-02-28,83.33000183105469,XYZ,Block (Square/Cash App),embedded_finance
2020-03-02,80.66999816894531,XYZ,Block (Square/Cash App),embedded_finance
2020-03-03,78.83999633789062,XYZ,Block (Square/Cash App),embedded_finance
2020-03-04,79.26000213623047,XYZ,Block (Square/Cash App),embedded_finance
2020-03-05,76.31999969482422,XYZ,Block (Square/Cash App),embedded_finance
2020-03-06,73.08999633789062,XYZ,Block (Square/Cash App),embedded_finance
2020-03-09,65.7300033569336,XYZ,Block (Square/Cash App),embedded_finance
2020-03-10,67.23999786376953,XYZ,Block (Square/Cash App),embedded_finance
2020-03-11,62.439998626708984,XYZ,Block (Square/Cash App),embedded_finance
2020-03-12,53.56999969482422,XYZ,Block (Square/Cash App),embedded_finance
2020-03-13,57.77000045776367,XYZ,Block (Square/Cash App),embedded_finance
2020-03-16,41.27000045776367,XYZ,Block (Square/Cash App),embedded_finance
2020-03-17,44.72999954223633,XYZ,Block (Square/Cash App),embedded_finance
2020-03-18,39.5,XYZ,Block (Square/Cash App),embedded_finance
2020-03-19,40.0,XYZ,Block (Square/Cash App),embedded_finance
2020-03-20,38.09000015258789,XYZ,Block (Square/Cash App),embedded_finance
2020-03-23,40.0099983215332,XYZ,Block (Square/Cash App),embedded_finance
2020-03-24,46.310001373291016,XYZ,Block (Square/Cash App),embedded_finance
2020-03-25,52.38999938964844,XYZ,Block (Square/Cash App),embedded_finance
2020-03-26,56.029998779296875,XYZ,Block (Square/Cash App),embedded_finance
2020-03-27,53.34000015258789,XYZ,Block (Square/Cash App),embedded_finance
2020-03-30,55.0,XYZ,Block (Square/Cash App),embedded_finance
2020-03-31,52.380001068115234,XYZ,Block (Square/Cash App),embedded_finance
2020-04-01,46.810001373291016,XYZ,Block (Square/Cash App),embedded_finance
2020-04-02,45.880001068115234,XYZ,Block (Square/Cash App),embedded_finance
2020-04-03,43.720001220703125,XYZ,Block (Square/Cash App),embedded_finance
2020-04-06,50.41999816894531,XYZ,Block (Square/Cash App),embedded_finance
2020-04-07,50.310001373291016,XYZ,Block (Square/Cash App),embedded_finance
2020-04-08,57.040000915527344,XYZ,Block (Square/Cash App),embedded_finance
2020-04-09,59.209999084472656,XYZ,Block (Square/Cash App),embedded_finance
2020-04-13,59.41999816894531,XYZ,Block (Square/Cash App),embedded_finance
2020-04-14,62.40999984741211,XYZ,Block (Square/Cash App),embedded_finance
2020-04-15,61.380001068115234,XYZ,Block (Square/Cash App),embedded_finance
2020-04-16,57.31999969482422,XYZ,Block (Square/Cash App),embedded_finance
2020-04-17,61.09000015258789,XYZ,Block (Square/Cash App),embedded_finance
2020-04-20,61.060001373291016,XYZ,Block (Square/Cash App),embedded_finance
2020-04-21,57.400001525878906,XYZ,Block (Square/Cash App),embedded_finance
2020-04-22,60.959999084472656,XYZ,Block (Square/Cash App),embedded_finance
2020-04-23,61.81999969482422,XYZ,Block (Square/Cash App),embedded_finance
2020-04-24,62.0099983215332,XYZ,Block (Square/Cash App),embedded_finance
2020-04-27,63.54999923706055,XYZ,Block (Square/Cash App),embedded_finance
2020-04-28,61.75,XYZ,Block (Square/Cash App),embedded_finance
2020-04-29,65.7699966430664,XYZ,Block (Square/Cash App),embedded_finance
2020-04-30,65.13999938964844,XYZ,Block (Square/Cash App),embedded_finance
2020-05-01,63.0,XYZ,Block (Square/Cash App),embedded_finance
2020-05-04,63.689998626708984,XYZ,Block (Square/Cash App),embedded_finance
2020-05-05,66.69000244140625,XYZ,Block (Square/Cash App),embedded_finance
2020-05-06,68.0999984741211,XYZ,Block (Square/Cash App),embedded_finance
2020-05-07,74.62000274658203,XYZ,Block (Square/Cash App),embedded_finance
2020-05-08,76.05000305175781,XYZ,Block (Square/Cash App),embedded_finance
2020-05-11,74.9000015258789,XYZ,Block (Square/Cash App),embedded_finance
2020-05-12,75.20999908447266,XYZ,Block (Square/Cash App),embedded_finance
2020-05-13,73.79000091552734,XYZ,Block (Square/Cash App),embedded_finance
2020-05-14,78.19999694824219,XYZ,Block (Square/Cash App),embedded_finance
2020-05-15,80.26000213623047,XYZ,Block (Square/Cash App),embedded_finance
2020-05-18,76.62999725341797,XYZ,Block (Square/Cash App),embedded_finance
2020-05-19,79.25,XYZ,Block (Square/Cash App),embedded_finance
2020-05-20,82.04000091552734,XYZ,Block (Square/Cash App),embedded_finance
2020-05-21,81.48999786376953,XYZ,Block (Square/Cash App),embedded_finance
2020-05-22,81.48999786376953,XYZ,Block (Square/Cash App),embedded_finance
2020-05-26,80.79000091552734,XYZ,Block (Square/Cash App),embedded_finance
2020-05-27,81.0199966430664,XYZ,Block (Square/Cash App),embedded_finance
2020-05-28,79.62000274658203,XYZ,Block (Square/Cash App),embedded_finance
2020-05-29,81.08000183105469,XYZ,Block (Square/Cash App),embedded_finance
2020-06-01,82.72000122070312,XYZ,Block (Square/Cash App),embedded_finance
2020-06-02,88.0,XYZ,Block (Square/Cash App),embedded_finance
2020-06-03,91.97000122070312,XYZ,Block (Square/Cash App),embedded_finance
2020-06-04,87.72000122070312,XYZ,Block (Square/Cash App),embedded_finance
2020-06-05,89.93000030517578,XYZ,Block (Square/Cash App),embedded_finance
2020-06-08,89.62000274658203,XYZ,Block (Square/Cash App),embedded_finance
2020-06-09,89.52999877929688,XYZ,Block (Square/Cash App),embedded_finance
2020-06-10,91.91000366210938,XYZ,Block (Square/Cash App),embedded_finance
2020-06-11,86.08999633789062,XYZ,Block (Square/Cash App),embedded_finance
2020-06-12,86.72000122070312,XYZ,Block (Square/Cash App),embedded_finance
2020-06-15,91.0,XYZ,Block (Square/Cash App),embedded_finance
2020-06-16,94.73999786376953,XYZ,Block (Square/Cash App),embedded_finance
2020-06-17,97.02999877929688,XYZ,Block (Square/Cash App),embedded_finance
2020-06-18,98.2699966430664,XYZ,Block (Square/Cash App),embedded_finance
2020-06-19,97.9800033569336,XYZ,Block (Square/Cash App),embedded_finance
2020-06-22,104.22000122070312,XYZ,Block (Square/Cash App),embedded_finance
2020-06-23,104.75,XYZ,Block (Square/Cash App),embedded_finance
2020-06-24,100.87999725341797,XYZ,Block (Square/Cash App),embedded_finance
2020-06-25,104.77999877929688,XYZ,Block (Square/Cash App),embedded_finance
2020-06-26,104.30000305175781,XYZ,Block (Square/Cash App),embedded_finance
2020-06-29,103.68000030517578,XYZ,Block (Square/Cash App),embedded_finance
2020-06-30,104.94000244140625,XYZ,Block (Square/Cash App),embedded_finance
2020-07-01,115.9000015258789,XYZ,Block (Square/Cash App),embedded_finance
2020-07-02,113.38999938964844,XYZ,Block (Square/Cash App),embedded_finance
2020-07-06,118.97000122070312,XYZ,Block (Square/Cash App),embedded_finance
2020-07-07,125.5999984741211,XYZ,Block (Square/Cash App),embedded_finance
2020-07-08,133.35000610351562,XYZ,Block (Square/Cash App),embedded_finance
2020-07-09,129.38999938964844,XYZ,Block (Square/Cash App),embedded_finance
2020-07-10,128.0500030517578,XYZ,Block (Square/Cash App),embedded_finance
2020-07-13,118.6500015258789,XYZ,Block (Square/Cash App),embedded_finance
2020-07-14,121.23999786376953,XYZ,Block (Square/Cash App),embedded_finance
2020-07-15,122.19999694824219,XYZ,Block (Square/Cash App),embedded_finance
2020-07-16,119.94999694824219,XYZ,Block (Square/Cash App),embedded_finance
2020-07-17,120.7300033569336,XYZ,Block (Square/Cash App),embedded_finance
2020-07-20,128.38999938964844,XYZ,Block (Square/Cash App),embedded_finance
2020-07-21,126.98999786376953,XYZ,Block (Square/Cash App),embedded_finance
2020-07-22,129.17999267578125,XYZ,Block (Square/Cash App),embedded_finance
2020-07-23,122.93000030517578,XYZ,Block (Square/Cash App),embedded_finance
2020-07-24,121.41000366210938,XYZ,Block (Square/Cash App),embedded_finance
2020-07-27,125.75,XYZ,Block (Square/Cash App),embedded_finance
2020-07-28,123.51000213623047,XYZ,Block (Square/Cash App),embedded_finance
2020-07-29,128.5500030517578,XYZ,Block (Square/Cash App),embedded_finance
2020-07-30,129.1300048828125,XYZ,Block (Square/Cash App),embedded_finance
2020-07-31,129.85000610351562,XYZ,Block (Square/Cash App),embedded_finance
2020-08-03,134.8000030517578,XYZ,Block (Square/Cash App),embedded_finance
2020-08-04,136.8300018310547,XYZ,Block (Square/Cash App),embedded_finance
2020-08-05,146.5500030517578,XYZ,Block (Square/Cash App),embedded_finance
2020-08-06,154.0,XYZ,Block (Square/Cash App),embedded_finance
2020-08-07,147.22000122070312,XYZ,Block (Square/Cash App),embedded_finance
2020-08-10,139.33999633789062,XYZ,Block (Square/Cash App),embedded_finance
2020-08-11,138.25,XYZ,Block (Square/Cash App),embedded_finance
2020-08-12,139.02000427246094,XYZ,Block (Square/Cash App),embedded_finance
2020-08-13,143.19000244140625,XYZ,Block (Square/Cash App),embedded_finance
2020-08-14,141.9600067138672,XYZ,Block (Square/Cash App),embedded_finance
2020-08-17,152.47999572753906,XYZ,Block (Square/Cash App),embedded_finance
2020-08-18,151.0399932861328,XYZ,Block (Square/Cash App),embedded_finance
2020-08-19,150.3699951171875,XYZ,Block (Square/Cash App),embedded_finance
2020-08-20,155.86000061035156,XYZ,Block (Square/Cash App),embedded_finance
2020-08-21,155.10000610351562,XYZ,Block (Square/Cash App),embedded_finance
2020-08-24,151.7899932861328,XYZ,Block (Square/Cash App),embedded_finance
2020-08-25,155.0,XYZ,Block (Square/Cash App),embedded_finance
2020-08-26,153.74000549316406,XYZ,Block (Square/Cash App),embedded_finance
2020-08-27,155.61000061035156,XYZ,Block (Square/Cash App),embedded_finance
2020-08-28,155.92999267578125,XYZ,Block (Square/Cash App),embedded_finance
2020-08-31,159.55999755859375,XYZ,Block (Square/Cash App),embedded_finance
2020-09-01,166.66000366210938,XYZ,Block (Square/Cash App),embedded_finance
2020-09-02,162.8800048828125,XYZ,Block (Square/Cash App),embedded_finance
2020-09-03,152.86000061035156,XYZ,Block (Square/Cash App),embedded_finance
2020-09-04,146.38999938964844,XYZ,Block (Square/Cash App),embedded_finance
2020-09-08,139.11000061035156,XYZ,Block (Square/Cash App),embedded_finance
2020-09-09,144.2100067138672,XYZ,Block (Square/Cash App),embedded_finance
2020-09-10,141.07000732421875,XYZ,Block (Square/Cash App),embedded_finance
2020-09-11,137.4499969482422,XYZ,Block (Square/Cash App),embedded_finance
2020-09-14,144.39999389648438,XYZ,Block (Square/Cash App),embedded_finance
2020-09-15,154.5,XYZ,Block (Square/Cash App),embedded_finance
2020-09-16,151.0500030517578,XYZ,Block (Square/Cash App),embedded_finance
2020-09-17,145.63999938964844,XYZ,Block (Square/Cash App),embedded_finance
2020-09-18,145.00999450683594,XYZ,Block (Square/Cash App),embedded_finance
2020-09-21,151.1199951171875,XYZ,Block (Square/Cash App),embedded_finance
2020-09-22,155.58999633789062,XYZ,Block (Square/Cash App),embedded_finance
2020-09-23,149.58999633789062,XYZ,Block (Square/Cash App),embedded_finance
2020-09-24,152.30999755859375,XYZ,Block (Square/Cash App),embedded_finance
2020-09-25,157.72000122070312,XYZ,Block (Square/Cash App),embedded_finance
2020-09-28,160.75999450683594,XYZ,Block (Square/Cash App),embedded_finance
2020-09-29,164.80999755859375,XYZ,Block (Square/Cash App),embedded_finance
2020-09-30,162.5500030517578,XYZ,Block (Square/Cash App),embedded_finance
2020-10-01,168.49000549316406,XYZ,Block (Square/Cash App),embedded_finance
2020-10-02,169.61000061035156,XYZ,Block (Square/Cash App),embedded_finance
2020-10-05,180.9199981689453,XYZ,Block (Square/Cash App),embedded_finance
2020-10-06,175.33999633789062,XYZ,Block (Square/Cash App),embedded_finance
2020-10-07,180.17999267578125,XYZ,Block (Square/Cash App),embedded_finance
2020-10-08,183.5,XYZ,Block (Square/Cash App),embedded_finance
2020-10-09,187.27999877929688,XYZ,Block (Square/Cash App),embedded_finance
2020-10-12,185.1699981689453,XYZ,Block (Square/Cash App),embedded_finance
2020-10-13,190.47000122070312,XYZ,Block (Square/Cash App),embedded_finance
2020-10-14,187.49000549316406,XYZ,Block (Square/Cash App),embedded_finance
2020-10-15,188.60000610351562,XYZ,Block (Square/Cash App),embedded_finance
2020-10-16,186.35000610351562,XYZ,Block (Square/Cash App),embedded_finance
2020-10-19,186.9600067138672,XYZ,Block (Square/Cash App),embedded_finance
2020-10-20,185.74000549316406,XYZ,Block (Square/Cash App),embedded_finance
2020-10-21,177.82000732421875,XYZ,Block (Square/Cash App),embedded_finance
2020-10-22,175.92999267578125,XYZ,Block (Square/Cash App),embedded_finance
2020-10-23,176.77000427246094,XYZ,Block (Square/Cash App),embedded_finance
2020-10-26,169.88999938964844,XYZ,Block (Square/Cash App),embedded_finance
2020-10-27,171.02000427246094,XYZ,Block (Square/Cash App),embedded_finance
2020-10-28,167.1300048828125,XYZ,Block (Square/Cash App),embedded_finance
2020-10-29,169.86000061035156,XYZ,Block (Square/Cash App),embedded_finance
2020-10-30,154.8800048828125,XYZ,Block (Square/Cash App),embedded_finance
2020-11-02,155.22999572753906,XYZ,Block (Square/Cash App),embedded_finance
2020-11-03,158.2100067138672,XYZ,Block (Square/Cash App),embedded_finance
2020-11-04,171.2899932861328,XYZ,Block (Square/Cash App),embedded_finance
2020-11-05,175.22999572753906,XYZ,Block (Square/Cash App),embedded_finance
2020-11-06,198.0800018310547,XYZ,Block (Square/Cash App),embedded_finance
2020-11-09,184.0800018310547,XYZ,Block (Square/Cash App),embedded_finance
2020-11-10,172.0,XYZ,Block (Square/Cash App),embedded_finance
2020-11-11,183.4199981689453,XYZ,Block (Square/Cash App),embedded_finance
2020-11-12,178.50999450683594,XYZ,Block (Square/Cash App),embedded_finance
2020-11-13,177.19000244140625,XYZ,Block (Square/Cash App),embedded_finance
2020-11-16,179.16000366210938,XYZ,Block (Square/Cash App),embedded_finance
2020-11-17,187.89999389648438,XYZ,Block (Square/Cash App),embedded_finance
2020-11-18,185.5399932861328,XYZ,Block (Square/Cash App),embedded_finance
2020-11-19,191.66000366210938,XYZ,Block (Square/Cash App),embedded_finance
2020-11-20,195.97000122070312,XYZ,Block (Square/Cash App),embedded_finance
2020-11-23,207.77999877929688,XYZ,Block (Square/Cash App),embedded_finance
2020-11-24,202.89999389648438,XYZ,Block (Square/Cash App),embedded_finance
2020-11-25,212.9199981689453,XYZ,Block (Square/Cash App),embedded_finance
2020-11-27,212.52000427246094,XYZ,Block (Square/Cash App),embedded_finance
2020-11-30,210.9600067138672,XYZ,Block (Square/Cash App),embedded_finance
2020-12-01,203.0,XYZ,Block (Square/Cash App),embedded_finance
2020-12-02,202.0,XYZ,Block (Square/Cash App),embedded_finance
2020-12-03,205.52999877929688,XYZ,Block (Square/Cash App),embedded_finance
2020-12-04,208.14999389648438,XYZ,Block (Square/Cash App),embedded_finance
2020-12-07,212.5800018310547,XYZ,Block (Square/Cash App),embedded_finance
2020-12-08,213.00999450683594,XYZ,Block (Square/Cash App),embedded_finance
2020-12-09,207.0399932861328,XYZ,Block (Square/Cash App),embedded_finance
2020-12-10,217.25,XYZ,Block (Square/Cash App),embedded_finance
2020-12-11,216.58999633789062,XYZ,Block (Square/Cash App),embedded_finance
2020-12-14,215.86000061035156,XYZ,Block (Square/Cash App),embedded_finance
2020-12-15,219.99000549316406,XYZ,Block (Square/Cash App),embedded_finance
2020-12-16,227.0800018310547,XYZ,Block (Square/Cash App),embedded_finance
2020-12-17,230.74000549316406,XYZ,Block (Square/Cash App),embedded_finance
2020-12-18,235.4499969482422,XYZ,Block (Square/Cash App),embedded_finance
2020-12-21,233.5,XYZ,Block (Square/Cash App),embedded_finance
2020-12-22,241.5800018310547,XYZ,Block (Square/Cash App),embedded_finance
2020-12-23,230.67999267578125,XYZ,Block (Square/Cash App),embedded_finance
2020-12-24,228.27999877929688,XYZ,Block (Square/Cash App),embedded_finance
2020-12-28,223.33999633789062,XYZ,Block (Square/Cash App),embedded_finance
2020-12-29,214.0,XYZ,Block (Square/Cash App),embedded_finance
2020-12-30,221.0399932861328,XYZ,Block (Square/Cash App),embedded_finance
2020-12-31,217.63999938964844,XYZ,Block (Square/Cash App),embedded_finance
2021-01-04,221.16000366210938,XYZ,Block (Square/Cash App),embedded_finance
2021-01-05,229.75,XYZ,Block (Square/Cash App),embedded_finance
2021-01-06,226.88999938964844,XYZ,Block (Square/Cash App),embedded_finance
2021-01-07,239.47999572753906,XYZ,Block (Square/Cash App),embedded_finance
2021-01-08,241.4499969482422,XYZ,Block (Square/Cash App),embedded_finance
2021-01-11,225.5,XYZ,Block (Square/Cash App),embedded_finance
2021-01-12,227.52000427246094,XYZ,Block (Square/Cash App),embedded_finance
2021-01-13,230.9199981689453,XYZ,Block (Square/Cash App),embedded_finance
2021-01-14,232.7899932861328,XYZ,Block (Square/Cash App),embedded_finance
2021-01-15,227.75,XYZ,Block (Square/Cash App),embedded_finance
2021-01-19,227.25999450683594,XYZ,Block (Square/Cash App),embedded_finance
2021-01-20,226.64999389648438,XYZ,Block (Square/Cash App),embedded_finance
2021-01-21,219.6199951171875,XYZ,Block (Square/Cash App),embedded_finance
2021-01-22,222.8800048828125,XYZ,Block (Square/Cash App),embedded_finance
2021-01-25,216.63999938964844,XYZ,Block (Square/Cash App),embedded_finance
2021-01-26,209.1699981689453,XYZ,Block (Square/Cash App),embedded_finance
2021-01-27,202.4600067138672,XYZ,Block (Square/Cash App),embedded_finance
2021-01-28,219.91000366210938,XYZ,Block (Square/Cash App),embedded_finance
2021-01-29,215.9600067138672,XYZ,Block (Square/Cash App),embedded_finance
2021-02-01,221.94000244140625,XYZ,Block (Square/Cash App),embedded_finance
2021-02-02,227.6300048828125,XYZ,Block (Square/Cash App),embedded_finance
2021-02-03,227.94000244140625,XYZ,Block (Square/Cash App),embedded_finance
2021-02-04,237.72000122070312,XYZ,Block (Square/Cash App),embedded_finance
2021-02-05,240.3800048828125,XYZ,Block (Square/Cash App),embedded_finance
2021-02-08,259.9700012207031,XYZ,Block (Square/Cash App),embedded_finance
2021-02-09,258.1199951171875,XYZ,Block (Square/Cash App),embedded_finance
2021-02-10,257.489990234375,XYZ,Block (Square/Cash App),embedded_finance
2021-02-11,265.92999267578125,XYZ,Block (Square/Cash App),embedded_finance
2021-02-12,272.75,XYZ,Block (Square/Cash App),embedded_finance
2021-02-16,276.0199890136719,XYZ,Block (Square/Cash App),embedded_finance
2021-02-17,270.94000244140625,XYZ,Block (Square/Cash App),embedded_finance
2021-02-18,270.8500061035156,XYZ,Block (Square/Cash App),embedded_finance
2021-02-19,276.57000732421875,XYZ,Block (Square/Cash App),embedded_finance
2021-02-22,268.0799865722656,XYZ,Block (Square/Cash App),embedded_finance
2021-02-23,256.5899963378906,XYZ,Block (Square/Cash App),embedded_finance
2021-02-24,237.32000732421875,XYZ,Block (Square/Cash App),embedded_finance
2021-02-25,227.11000061035156,XYZ,Block (Square/Cash App),embedded_finance
2021-02-26,230.02999877929688,XYZ,Block (Square/Cash App),embedded_finance
2021-03-01,241.0,XYZ,Block (Square/Cash App),embedded_finance
2021-03-02,252.1999969482422,XYZ,Block (Square/Cash App),embedded_finance
2021-03-03,234.1999969482422,XYZ,Block (Square/Cash App),embedded_finance
2021-03-04,218.41000366210938,XYZ,Block (Square/Cash App),embedded_finance
2021-03-05,216.44000244140625,XYZ,Block (Square/Cash App),embedded_finance
2021-03-08,201.8699951171875,XYZ,Block (Square/Cash App),embedded_finance
2021-03-09,225.08999633789062,XYZ,Block (Square/Cash App),embedded_finance
2021-03-10,226.72999572753906,XYZ,Block (Square/Cash App),embedded_finance
2021-03-11,241.72000122070312,XYZ,Block (Square/Cash App),embedded_finance
2021-03-12,242.11000061035156,XYZ,Block (Square/Cash App),embedded_finance
2021-03-15,251.22999572753906,XYZ,Block (Square/Cash App),embedded_finance
2021-03-16,243.36000061035156,XYZ,Block (Square/Cash App),embedded_finance
2021-03-17,246.47000122070312,XYZ,Block (Square/Cash App),embedded_finance
2021-03-18,224.3000030517578,XYZ,Block (Square/Cash App),embedded_finance
2021-03-19,224.83999633789062,XYZ,Block (Square/Cash App),embedded_finance
2021-03-22,226.1300048828125,XYZ,Block (Square/Cash App),embedded_finance
2021-03-23,223.1999969482422,XYZ,Block (Square/Cash App),embedded_finance
2021-03-24,213.50999450683594,XYZ,Block (Square/Cash App),embedded_finance
2021-03-25,208.47000122070312,XYZ,Block (Square/Cash App),embedded_finance
2021-03-26,213.60000610351562,XYZ,Block (Square/Cash App),embedded_finance
2021-03-29,207.17999267578125,XYZ,Block (Square/Cash App),embedded_finance
2021-03-30,212.8300018310547,XYZ,Block (Square/Cash App),embedded_finance
2021-03-31,227.0500030517578,XYZ,Block (Square/Cash App),embedded_finance
2021-04-01,229.50999450683594,XYZ,Block (Square/Cash App),embedded_finance
2021-04-05,229.9499969482422,XYZ,Block (Square/Cash App),embedded_finance
2021-04-06,236.5,XYZ,Block (Square/Cash App),embedded_finance
2021-04-07,245.1199951171875,XYZ,Block (Square/Cash App),embedded_finance
2021-04-08,258.3699951171875,XYZ,Block (Square/Cash App),embedded_finance
2021-04-09,261.6499938964844,XYZ,Block (Square/Cash App),embedded_finance
2021-04-12,265.20001220703125,XYZ,Block (Square/Cash App),embedded_finance
2021-04-13,273.2300109863281,XYZ,Block (Square/Cash App),embedded_finance
2021-04-14,258.3999938964844,XYZ,Block (Square/Cash App),embedded_finance
2021-04-15,263.0799865722656,XYZ,Block (Square/Cash App),embedded_finance
2021-04-16,256.1000061035156,XYZ,Block (Square/Cash App),embedded_finance
2021-04-19,245.3300018310547,XYZ,Block (Square/Cash App),embedded_finance
2021-04-20,245.5,XYZ,Block (Square/Cash App),embedded_finance
2021-04-21,245.25,XYZ,Block (Square/Cash App),embedded_finance
2021-04-22,245.11000061035156,XYZ,Block (Square/Cash App),embedded_finance
2021-04-23,246.42999267578125,XYZ,Block (Square/Cash App),embedded_finance
2021-04-26,255.77000427246094,XYZ,Block (Square/Cash App),embedded_finance
2021-04-27,253.7899932861328,XYZ,Block (Square/Cash App),embedded_finance
2021-04-28,254.1999969482422,XYZ,Block (Square/Cash App),embedded_finance
2021-04-29,247.75999450683594,XYZ,Block (Square/Cash App),embedded_finance
2021-04-30,244.82000732421875,XYZ,Block (Square/Cash App),embedded_finance
2021-05-03,243.67999267578125,XYZ,Block (Square/Cash App),embedded_finance
2021-05-04,231.19000244140625,XYZ,Block (Square/Cash App),embedded_finance
2021-05-05,231.8699951171875,XYZ,Block (Square/Cash App),embedded_finance
2021-05-06,223.9600067138672,XYZ,Block (Square/Cash App),embedded_finance
2021-05-07,233.35000610351562,XYZ,Block (Square/Cash App),embedded_finance
2021-05-10,216.42999267578125,XYZ,Block (Square/Cash App),embedded_finance
2021-05-11,220.64999389648438,XYZ,Block (Square/Cash App),embedded_finance
2021-05-12,206.6699981689453,XYZ,Block (Square/Cash App),embedded_finance
2021-05-13,197.1300048828125,XYZ,Block (Square/Cash App),embedded_finance
2021-05-14,207.85000610351562,XYZ,Block (Square/Cash App),embedded_finance
2021-05-17,202.9199981689453,XYZ,Block (Square/Cash App),embedded_finance
2021-05-18,203.16000366210938,XYZ,Block (Square/Cash App),embedded_finance
2021-05-19,200.11000061035156,XYZ,Block (Square/Cash App),embedded_finance
2021-05-20,204.91000366210938,XYZ,Block (Square/Cash App),embedded_finance
2021-05-21,200.00999450683594,XYZ,Block (Square/Cash App),embedded_finance
2021-05-24,210.9499969482422,XYZ,Block (Square/Cash App),embedded_finance
2021-05-25,216.1999969482422,XYZ,Block (Square/Cash App),embedded_finance
2021-05-26,222.33999633789062,XYZ,Block (Square/Cash App),embedded_finance
2021-05-27,220.89999389648438,XYZ,Block (Square/Cash App),embedded_finance
2021-05-28,222.52000427246094,XYZ,Block (Square/Cash App),embedded_finance
2021-06-01,221.9499969482422,XYZ,Block (Square/Cash App),embedded_finance
2021-06-02,220.41000366210938,XYZ,Block (Square/Cash App),embedded_finance
2021-06-03,211.42999267578125,XYZ,Block (Square/Cash App),embedded_finance
2021-06-04,213.69000244140625,XYZ,Block (Square/Cash App),embedded_finance
2021-06-07,216.9499969482422,XYZ,Block (Square/Cash App),embedded_finance
2021-06-08,214.1199951171875,XYZ,Block (Square/Cash App),embedded_finance
2021-06-09,210.2100067138672,XYZ,Block (Square/Cash App),embedded_finance
2021-06-10,217.13999938964844,XYZ,Block (Square/Cash App),embedded_finance
2021-06-11,219.33999633789062,XYZ,Block (Square/Cash App),embedded_finance
2021-06-14,230.9499969482422,XYZ,Block (Square/Cash App),embedded_finance
2021-06-15,227.75,XYZ,Block (Square/Cash App),embedded_finance
2021-06-16,225.11000061035156,XYZ,Block (Square/Cash App),embedded_finance
2021-06-17,236.1300048828125,XYZ,Block (Square/Cash App),embedded_finance
2021-06-18,237.0500030517578,XYZ,Block (Square/Cash App),embedded_finance
2021-06-21,233.88999938964844,XYZ,Block (Square/Cash App),embedded_finance
2021-06-22,235.97000122070312,XYZ,Block (Square/Cash App),embedded_finance
2021-06-23,238.6999969482422,XYZ,Block (Square/Cash App),embedded_finance
2021-06-24,244.14999389648438,XYZ,Block (Square/Cash App),embedded_finance
2021-06-25,239.94000244140625,XYZ,Block (Square/Cash App),embedded_finance
2021-06-28,246.60000610351562,XYZ,Block (Square/Cash App),embedded_finance
2021-06-29,248.8699951171875,XYZ,Block (Square/Cash App),embedded_finance
2021-06-30,243.8000030517578,XYZ,Block (Square/Cash App),embedded_finance
2021-07-01,241.85000610351562,XYZ,Block (Square/Cash App),embedded_finance
2021-07-02,241.0800018310547,XYZ,Block (Square/Cash App),embedded_finance
2021-07-06,246.6999969482422,XYZ,Block (Square/Cash App),embedded_finance
2021-07-07,244.63999938964844,XYZ,Block (Square/Cash App),embedded_finance
2021-07-08,235.89999389648438,XYZ,Block (Square/Cash App),embedded_finance
2021-07-09,241.88999938964844,XYZ,Block (Square/Cash App),embedded_finance
2021-07-12,243.35000610351562,XYZ,Block (Square/Cash App),embedded_finance
2021-07-13,241.42999267578125,XYZ,Block (Square/Cash App),embedded_finance
2021-07-14,239.0,XYZ,Block (Square/Cash App),embedded_finance
2021-07-15,235.16000366210938,XYZ,Block (Square/Cash App),embedded_finance
2021-07-16,237.52000427246094,XYZ,Block (Square/Cash App),embedded_finance
2021-07-19,233.69000244140625,XYZ,Block (Square/Cash App),embedded_finance
2021-07-20,246.47000122070312,XYZ,Block (Square/Cash App),embedded_finance
2021-07-21,257.25,XYZ,Block (Square/Cash App),embedded_finance
2021-07-22,260.5899963378906,XYZ,Block (Square/Cash App),embedded_finance
2021-07-23,264.0,XYZ,Block (Square/Cash App),embedded_finance
2021-07-26,261.989990234375,XYZ,Block (Square/Cash App),embedded_finance
2021-07-27,251.72999572753906,XYZ,Block (Square/Cash App),embedded_finance
2021-07-28,258.6099853515625,XYZ,Block (Square/Cash App),embedded_finance
2021-07-29,255.27999877929688,XYZ,Block (Square/Cash App),embedded_finance
2021-07-30,247.25999450683594,XYZ,Block (Square/Cash App),embedded_finance
2021-08-02,272.3800048828125,XYZ,Block (Square/Cash App),embedded_finance
2021-08-03,269.489990234375,XYZ,Block (Square/Cash App),embedded_finance
2021-08-04,266.4200134277344,XYZ,Block (Square/Cash App),embedded_finance
2021-08-05,281.80999755859375,XYZ,Block (Square/Cash App),embedded_finance
2021-08-06,275.1000061035156,XYZ,Block (Square/Cash App),embedded_finance
2021-08-09,279.7300109863281,XYZ,Block (Square/Cash App),embedded_finance
2021-08-10,273.0799865722656,XYZ,Block (Square/Cash App),embedded_finance
2021-08-11,271.0899963378906,XYZ,Block (Square/Cash App),embedded_finance
2021-08-12,268.5899963378906,XYZ,Block (Square/Cash App),embedded_finance
2021-08-13,267.8800048828125,XYZ,Block (Square/Cash App),embedded_finance
2021-08-16,263.3999938964844,XYZ,Block (Square/Cash App),embedded_finance
2021-08-17,260.8800048828125,XYZ,Block (Square/Cash App),embedded_finance
2021-08-18,259.6600036621094,XYZ,Block (Square/Cash App),embedded_finance
2021-08-19,257.3500061035156,XYZ,Block (Square/Cash App),embedded_finance
2021-08-20,263.04998779296875,XYZ,Block (Square/Cash App),embedded_finance
2021-08-23,270.44000244140625,XYZ,Block (Square/Cash App),embedded_finance
2021-08-24,270.1700134277344,XYZ,Block (Square/Cash App),embedded_finance
2021-08-25,267.57000732421875,XYZ,Block (Square/Cash App),embedded_finance
2021-08-26,262.1300048828125,XYZ,Block (Square/Cash App),embedded_finance
2021-08-27,268.010009765625,XYZ,Block (Square/Cash App),embedded_finance
2021-08-30,271.9200134277344,XYZ,Block (Square/Cash App),embedded_finance
2021-08-31,268.07000732421875,XYZ,Block (Square/Cash App),embedded_finance
2021-09-01,268.25,XYZ,Block (Square/Cash App),embedded_finance
2021-09-02,265.94000244140625,XYZ,Block (Square/Cash App),embedded_finance
2021-09-03,269.739990234375,XYZ,Block (Square/Cash App),embedded_finance
2021-09-07,265.8299865722656,XYZ,Block (Square/Cash App),embedded_finance
2021-09-08,254.72000122070312,XYZ,Block (Square/Cash App),embedded_finance
2021-09-09,251.5399932861328,XYZ,Block (Square/Cash App),embedded_finance
2021-09-10,247.89999389648438,XYZ,Block (Square/Cash App),embedded_finance
2021-09-13,246.67999267578125,XYZ,Block (Square/Cash App),embedded_finance
2021-09-14,247.0500030517578,XYZ,Block (Square/Cash App),embedded_finance
2021-09-15,248.8000030517578,XYZ,Block (Square/Cash App),embedded_finance
2021-09-16,255.08999633789062,XYZ,Block (Square/Cash App),embedded_finance
2021-09-17,255.7899932861328,XYZ,Block (Square/Cash App),embedded_finance
2021-09-20,250.22999572753906,XYZ,Block (Square/Cash App),embedded_finance
2021-09-21,251.3000030517578,XYZ,Block (Square/Cash App),embedded_finance
2021-09-22,261.07000732421875,XYZ,Block (Square/Cash App),embedded_finance
2021-09-23,266.7200012207031,XYZ,Block (Square/Cash App),embedded_finance
2021-09-24,262.5,XYZ,Block (Square/Cash App),embedded_finance
2021-09-27,258.1099853515625,XYZ,Block (Square/Cash App),embedded_finance
2021-09-28,242.6999969482422,XYZ,Block (Square/Cash App),embedded_finance
2021-09-29,236.0399932861328,XYZ,Block (Square/Cash App),embedded_finance
2021-09-30,239.83999633789062,XYZ,Block (Square/Cash App),embedded_finance
2021-10-01,239.2899932861328,XYZ,Block (Square/Cash App),embedded_finance
2021-10-04,226.25,XYZ,Block (Square/Cash App),embedded_finance
2021-10-05,235.97999572753906,XYZ,Block (Square/Cash App),embedded_finance
2021-10-06,239.1199951171875,XYZ,Block (Square/Cash App),embedded_finance
2021-10-07,249.16000366210938,XYZ,Block (Square/Cash App),embedded_finance
2021-10-08,238.49000549316406,XYZ,Block (Square/Cash App),embedded_finance
2021-10-11,232.3300018310547,XYZ,Block (Square/Cash App),embedded_finance
2021-10-12,237.41000366210938,XYZ,Block (Square/Cash App),embedded_finance
2021-10-13,242.72999572753906,XYZ,Block (Square/Cash App),embedded_finance
2021-10-14,247.41000366210938,XYZ,Block (Square/Cash App),embedded_finance
2021-10-15,249.0,XYZ,Block (Square/Cash App),embedded_finance
2021-10-18,252.1999969482422,XYZ,Block (Square/Cash App),embedded_finance
2021-10-19,254.41000366210938,XYZ,Block (Square/Cash App),embedded_finance
2021-10-20,255.35000610351562,XYZ,Block (Square/Cash App),embedded_finance
2021-10-21,265.0799865722656,XYZ,Block (Square/Cash App),embedded_finance
2021-10-22,253.05999755859375,XYZ,Block (Square/Cash App),embedded_finance
2021-10-25,262.0,XYZ,Block (Square/Cash App),embedded_finance
2021-10-26,263.3900146484375,XYZ,Block (Square/Cash App),embedded_finance
2021-10-27,253.02000427246094,XYZ,Block (Square/Cash App),embedded_finance
2021-10-28,261.3299865722656,XYZ,Block (Square/Cash App),embedded_finance
2021-10-29,254.5,XYZ,Block (Square/Cash App),embedded_finance
2021-11-01,255.0399932861328,XYZ,Block (Square/Cash App),embedded_finance
2021-11-02,249.00999450683594,XYZ,Block (Square/Cash App),embedded_finance
2021-11-03,252.47999572753906,XYZ,Block (Square/Cash App),embedded_finance
2021-11-04,247.4600067138672,XYZ,Block (Square/Cash App),embedded_finance
2021-11-05,237.3800048828125,XYZ,Block (Square/Cash App),embedded_finance
2021-11-08,236.77000427246094,XYZ,Block (Square/Cash App),embedded_finance
2021-11-09,230.77999877929688,XYZ,Block (Square/Cash App),embedded_finance
2021-11-10,227.2100067138672,XYZ,Block (Square/Cash App),embedded_finance
2021-11-11,226.50999450683594,XYZ,Block (Square/Cash App),embedded_finance
2021-11-12,227.3000030517578,XYZ,Block (Square/Cash App),embedded_finance
2021-11-15,233.02000427246094,XYZ,Block (Square/Cash App),embedded_finance
2021-11-16,238.47000122070312,XYZ,Block (Square/Cash App),embedded_finance
2021-11-17,231.85000610351562,XYZ,Block (Square/Cash App),embedded_finance
2021-11-18,230.35000610351562,XYZ,Block (Square/Cash App),embedded_finance
2021-11-19,225.13999938964844,XYZ,Block (Square/Cash App),embedded_finance
2021-11-22,211.30999755859375,XYZ,Block (Square/Cash App),embedded_finance
2021-11-23,210.5500030517578,XYZ,Block (Square/Cash App),embedded_finance
2021-11-24,215.64999389648438,XYZ,Block (Square/Cash App),embedded_finance
2021-11-26,212.0800018310547,XYZ,Block (Square/Cash App),embedded_finance
2021-11-29,212.8699951171875,XYZ,Block (Square/Cash App),embedded_finance
2021-11-30,208.3300018310547,XYZ,Block (Square/Cash App),embedded_finance
2021-12-01,194.5,XYZ,Block (Square/Cash App),embedded_finance
2021-12-02,192.14999389648438,XYZ,Block (Square/Cash App),embedded_finance
2021-12-03,181.30999755859375,XYZ,Block (Square/Cash App),embedded_finance
2021-12-06,179.72000122070312,XYZ,Block (Square/Cash App),embedded_finance
2021-12-07,189.50999450683594,XYZ,Block (Square/Cash App),embedded_finance
2021-12-08,194.77999877929688,XYZ,Block (Square/Cash App),embedded_finance
2021-12-09,186.75,XYZ,Block (Square/Cash App),embedded_finance
2021-12-10,181.32000732421875,XYZ,Block (Square/Cash App),embedded_finance
2021-12-13,175.44000244140625,XYZ,Block (Square/Cash App),embedded_finance
2021-12-14,170.72000122070312,XYZ,Block (Square/Cash App),embedded_finance
2021-12-15,173.8000030517578,XYZ,Block (Square/Cash App),embedded_finance
2021-12-16,165.8800048828125,XYZ,Block (Square/Cash App),embedded_finance
2021-12-17,167.05999755859375,XYZ,Block (Square/Cash App),embedded_finance
2021-12-20,158.3000030517578,XYZ,Block (Square/Cash App),embedded_finance
2021-12-21,170.47000122070312,XYZ,Block (Square/Cash App),embedded_finance
2021-12-22,167.3800048828125,XYZ,Block (Square/Cash App),embedded_finance
2021-12-23,167.7100067138672,XYZ,Block (Square/Cash App),embedded_finance
2021-12-27,168.47999572753906,XYZ,Block (Square/Cash App),embedded_finance
2021-12-28,163.6699981689453,XYZ,Block (Square/Cash App),embedded_finance
2021-12-29,161.85000610351562,XYZ,Block (Square/Cash App),embedded_finance
2021-12-30,165.33999633789062,XYZ,Block (Square/Cash App),embedded_finance
2021-12-31,161.50999450683594,XYZ,Block (Square/Cash App),embedded_finance
2022-01-03,164.02999877929688,XYZ,Block (Square/Cash App),embedded_finance
2022-01-04,156.3300018310547,XYZ,Block (Square/Cash App),embedded_finance
2022-01-05,143.49000549316406,XYZ,Block (Square/Cash App),embedded_finance
2022-01-06,144.66000366210938,XYZ,Block (Square/Cash App),embedded_finance
2022-01-07,141.5399932861328,XYZ,Block (Square/Cash App),embedded_finance
2022-01-10,144.47999572753906,XYZ,Block (Square/Cash App),embedded_finance
2022-01-11,148.42999267578125,XYZ,Block (Square/Cash App),embedded_finance
2022-01-12,145.47000122070312,XYZ,Block (Square/Cash App),embedded_finance
2022-01-13,136.9499969482422,XYZ,Block (Square/Cash App),embedded_finance
2022-01-14,133.2899932861328,XYZ,Block (Square/Cash App),embedded_finance
2022-01-18,130.0,XYZ,Block (Square/Cash App),embedded_finance
2022-01-19,128.13999938964844,XYZ,Block (Square/Cash App),embedded_finance
2022-01-20,127.58000183105469,XYZ,Block (Square/Cash App),embedded_finance
2022-01-21,118.0999984741211,XYZ,Block (Square/Cash App),embedded_finance
2022-01-24,117.30000305175781,XYZ,Block (Square/Cash App),embedded_finance
2022-01-25,115.30000305175781,XYZ,Block (Square/Cash App),embedded_finance
2022-01-26,111.0,XYZ,Block (Square/Cash App),embedded_finance
2022-01-27,105.63999938964844,XYZ,Block (Square/Cash App),embedded_finance
2022-01-28,110.37999725341797,XYZ,Block (Square/Cash App),embedded_finance
2022-01-31,122.29000091552734,XYZ,Block (Square/Cash App),embedded_finance
2022-02-01,127.61000061035156,XYZ,Block (Square/Cash App),embedded_finance
2022-02-02,114.04000091552734,XYZ,Block (Square/Cash App),embedded_finance
2022-02-03,101.5,XYZ,Block (Square/Cash App),embedded_finance
2022-02-04,108.87000274658203,XYZ,Block (Square/Cash App),embedded_finance
2022-02-07,102.80999755859375,XYZ,Block (Square/Cash App),embedded_finance
2022-02-08,102.29000091552734,XYZ,Block (Square/Cash App),embedded_finance
2022-02-09,112.83999633789062,XYZ,Block (Square/Cash App),embedded_finance
2022-02-10,108.94000244140625,XYZ,Block (Square/Cash App),embedded_finance
2022-02-11,107.87999725341797,XYZ,Block (Square/Cash App),embedded_finance
2022-02-14,111.63999938964844,XYZ,Block (Square/Cash App),embedded_finance
2022-02-15,115.20999908447266,XYZ,Block (Square/Cash App),embedded_finance
2022-02-16,109.0,XYZ,Block (Square/Cash App),embedded_finance
2022-02-17,104.0199966430664,XYZ,Block (Square/Cash App),embedded_finance
2022-02-18,97.72000122070312,XYZ,Block (Square/Cash App),embedded_finance
2022-02-22,93.91000366210938,XYZ,Block (Square/Cash App),embedded_finance
2022-02-23,88.72000122070312,XYZ,Block (Square/Cash App),embedded_finance
2022-02-24,94.98999786376953,XYZ,Block (Square/Cash App),embedded_finance
2022-02-25,119.81999969482422,XYZ,Block (Square/Cash App),embedded_finance
2022-02-28,127.5,XYZ,Block (Square/Cash App),embedded_finance
2022-03-01,126.05999755859375,XYZ,Block (Square/Cash App),embedded_finance
2022-03-02,124.26000213623047,XYZ,Block (Square/Cash App),embedded_finance
2022-03-03,114.22000122070312,XYZ,Block (Square/Cash App),embedded_finance
2022-03-04,106.5199966430664,XYZ,Block (Square/Cash App),embedded_finance
2022-03-07,97.51000213623047,XYZ,Block (Square/Cash App),embedded_finance
2022-03-08,100.62000274658203,XYZ,Block (Square/Cash App),embedded_finance
2022-03-09,111.91999816894531,XYZ,Block (Square/Cash App),embedded_finance
2022-03-10,108.87000274658203,XYZ,Block (Square/Cash App),embedded_finance
2022-03-11,101.93000030517578,XYZ,Block (Square/Cash App),embedded_finance
2022-03-14,94.8499984741211,XYZ,Block (Square/Cash App),embedded_finance
2022-03-15,103.08999633789062,XYZ,Block (Square/Cash App),embedded_finance
2022-03-16,116.05000305175781,XYZ,Block (Square/Cash App),embedded_finance
2022-03-17,127.95999908447266,XYZ,Block (Square/Cash App),embedded_finance
2022-03-18,140.63999938964844,XYZ,Block (Square/Cash App),embedded_finance
2022-03-21,134.82000732421875,XYZ,Block (Square/Cash App),embedded_finance
2022-03-22,141.7899932861328,XYZ,Block (Square/Cash App),embedded_finance
2022-03-23,135.39999389648438,XYZ,Block (Square/Cash App),embedded_finance
2022-03-24,135.05999755859375,XYZ,Block (Square/Cash App),embedded_finance
2022-03-25,130.3300018310547,XYZ,Block (Square/Cash App),embedded_finance
2022-03-28,138.1199951171875,XYZ,Block (Square/Cash App),embedded_finance
2022-03-29,146.83999633789062,XYZ,Block (Square/Cash App),embedded_finance
2022-03-30,140.10000610351562,XYZ,Block (Square/Cash App),embedded_finance
2022-03-31,135.60000610351562,XYZ,Block (Square/Cash App),embedded_finance
2022-04-01,133.6199951171875,XYZ,Block (Square/Cash App),embedded_finance
2022-04-04,145.19000244140625,XYZ,Block (Square/Cash App),embedded_finance
2022-04-05,135.9199981689453,XYZ,Block (Square/Cash App),embedded_finance
2022-04-06,128.77000427246094,XYZ,Block (Square/Cash App),embedded_finance
2022-04-07,125.93000030517578,XYZ,Block (Square/Cash App),embedded_finance
2022-04-08,123.22000122070312,XYZ,Block (Square/Cash App),embedded_finance
2022-04-11,123.08000183105469,XYZ,Block (Square/Cash App),embedded_finance
2022-04-12,122.88999938964844,XYZ,Block (Square/Cash App),embedded_finance
2022-04-13,126.05000305175781,XYZ,Block (Square/Cash App),embedded_finance
2022-04-14,121.30999755859375,XYZ,Block (Square/Cash App),embedded_finance
2022-04-18,119.38999938964844,XYZ,Block (Square/Cash App),embedded_finance
2022-04-19,125.62000274658203,XYZ,Block (Square/Cash App),embedded_finance
2022-04-20,114.5199966430664,XYZ,Block (Square/Cash App),embedded_finance
2022-04-21,107.70999908447266,XYZ,Block (Square/Cash App),embedded_finance
2022-04-22,102.66999816894531,XYZ,Block (Square/Cash App),embedded_finance
2022-04-25,107.37999725341797,XYZ,Block (Square/Cash App),embedded_finance
2022-04-26,100.47000122070312,XYZ,Block (Square/Cash App),embedded_finance
2022-04-27,99.93000030517578,XYZ,Block (Square/Cash App),embedded_finance
2022-04-28,104.63999938964844,XYZ,Block (Square/Cash App),embedded_finance
2022-04-29,99.54000091552734,XYZ,Block (Square/Cash App),embedded_finance
2022-05-02,105.86000061035156,XYZ,Block (Square/Cash App),embedded_finance
2022-05-03,102.33000183105469,XYZ,Block (Square/Cash App),embedded_finance
2022-05-04,106.79000091552734,XYZ,Block (Square/Cash App),embedded_finance
2022-05-05,95.55000305175781,XYZ,Block (Square/Cash App),embedded_finance
2022-05-06,96.19000244140625,XYZ,Block (Square/Cash App),embedded_finance
2022-05-09,83.86000061035156,XYZ,Block (Square/Cash App),embedded_finance
2022-05-10,84.38999938964844,XYZ,Block (Square/Cash App),embedded_finance
2022-05-11,71.22000122070312,XYZ,Block (Square/Cash App),embedded_finance
2022-05-12,75.76000213623047,XYZ,Block (Square/Cash App),embedded_finance
2022-05-13,84.1500015258789,XYZ,Block (Square/Cash App),embedded_finance
2022-05-16,79.69999694824219,XYZ,Block (Square/Cash App),embedded_finance
2022-05-17,84.79000091552734,XYZ,Block (Square/Cash App),embedded_finance
2022-05-18,82.05999755859375,XYZ,Block (Square/Cash App),embedded_finance
2022-05-19,87.13999938964844,XYZ,Block (Square/Cash App),embedded_finance
2022-05-20,83.44000244140625,XYZ,Block (Square/Cash App),embedded_finance
2022-05-23,83.4000015258789,XYZ,Block (Square/Cash App),embedded_finance
2022-05-24,75.87999725341797,XYZ,Block (Square/Cash App),embedded_finance
2022-05-25,77.94999694824219,XYZ,Block (Square/Cash App),embedded_finance
2022-05-26,83.41000366210938,XYZ,Block (Square/Cash App),embedded_finance
2022-05-27,90.5199966430664,XYZ,Block (Square/Cash App),embedded_finance
2022-05-31,87.51000213623047,XYZ,Block (Square/Cash App),embedded_finance
2022-06-01,81.91000366210938,XYZ,Block (Square/Cash App),embedded_finance
2022-06-02,87.44000244140625,XYZ,Block (Square/Cash App),embedded_finance
2022-06-03,83.0999984741211,XYZ,Block (Square/Cash App),embedded_finance
2022-06-06,83.37999725341797,XYZ,Block (Square/Cash App),embedded_finance
2022-06-07,84.5999984741211,XYZ,Block (Square/Cash App),embedded_finance
2022-06-08,84.75,XYZ,Block (Square/Cash App),embedded_finance
2022-06-09,76.58000183105469,XYZ,Block (Square/Cash App),embedded_finance
2022-06-10,71.87000274658203,XYZ,Block (Square/Cash App),embedded_finance
2022-06-13,62.7599983215332,XYZ,Block (Square/Cash App),embedded_finance
2022-06-14,60.29999923706055,XYZ,Block (Square/Cash App),embedded_finance
2022-06-15,62.90999984741211,XYZ,Block (Square/Cash App),embedded_finance
2022-06-16,57.5099983215332,XYZ,Block (Square/Cash App),embedded_finance
2022-06-17,58.5099983215332,XYZ,Block (Square/Cash App),embedded_finance
2022-06-21,60.52000045776367,XYZ,Block (Square/Cash App),embedded_finance
2022-06-22,60.650001525878906,XYZ,Block (Square/Cash App),embedded_finance
2022-06-23,67.2699966430664,XYZ,Block (Square/Cash App),embedded_finance
2022-06-24,71.0,XYZ,Block (Square/Cash App),embedded_finance
2022-06-27,69.43000030517578,XYZ,Block (Square/Cash App),embedded_finance
2022-06-28,65.5999984741211,XYZ,Block (Square/Cash App),embedded_finance
2022-06-29,63.84000015258789,XYZ,Block (Square/Cash App),embedded_finance
2022-06-30,61.459999084472656,XYZ,Block (Square/Cash App),embedded_finance
2022-07-01,63.900001525878906,XYZ,Block (Square/Cash App),embedded_finance
2022-07-05,66.7300033569336,XYZ,Block (Square/Cash App),embedded_finance
2022-07-06,64.97000122070312,XYZ,Block (Square/Cash App),embedded_finance
2022-07-07,68.62999725341797,XYZ,Block (Square/Cash App),embedded_finance
2022-07-08,67.0199966430664,XYZ,Block (Square/Cash App),embedded_finance
2022-07-11,63.22999954223633,XYZ,Block (Square/Cash App),embedded_finance
2022-07-12,65.02999877929688,XYZ,Block (Square/Cash App),embedded_finance
2022-07-13,64.1500015258789,XYZ,Block (Square/Cash App),embedded_finance
2022-07-14,62.41999816894531,XYZ,Block (Square/Cash App),embedded_finance
2022-07-15,65.9800033569336,XYZ,Block (Square/Cash App),embedded_finance
2022-07-18,66.2699966430664,XYZ,Block (Square/Cash App),embedded_finance
2022-07-19,69.25,XYZ,Block (Square/Cash App),embedded_finance
2022-07-20,74.77999877929688,XYZ,Block (Square/Cash App),embedded_finance
2022-07-21,74.76000213623047,XYZ,Block (Square/Cash App),embedded_finance
2022-07-22,71.80000305175781,XYZ,Block (Square/Cash App),embedded_finance
2022-07-25,71.43000030517578,XYZ,Block (Square/Cash App),embedded_finance
2022-07-26,66.38999938964844,XYZ,Block (Square/Cash App),embedded_finance
2022-07-27,72.76000213623047,XYZ,Block (Square/Cash App),embedded_finance
2022-07-28,74.68000030517578,XYZ,Block (Square/Cash App),embedded_finance
2022-07-29,76.05999755859375,XYZ,Block (Square/Cash App),embedded_finance
2022-08-01,77.80999755859375,XYZ,Block (Square/Cash App),embedded_finance
2022-08-02,79.08999633789062,XYZ,Block (Square/Cash App),embedded_finance
2022-08-03,88.06999969482422,XYZ,Block (Square/Cash App),embedded_finance
2022-08-04,89.69999694824219,XYZ,Block (Square/Cash App),embedded_finance
2022-08-05,87.7300033569336,XYZ,Block (Square/Cash App),embedded_finance
2022-08-08,85.5,XYZ,Block (Square/Cash App),embedded_finance
2022-08-09,81.12999725341797,XYZ,Block (Square/Cash App),embedded_finance
2022-08-10,88.83999633789062,XYZ,Block (Square/Cash App),embedded_finance
2022-08-11,85.98999786376953,XYZ,Block (Square/Cash App),embedded_finance
2022-08-12,87.94999694824219,XYZ,Block (Square/Cash App),embedded_finance
2022-08-15,86.72000122070312,XYZ,Block (Square/Cash App),embedded_finance
2022-08-16,85.87999725341797,XYZ,Block (Square/Cash App),embedded_finance
2022-08-17,80.33000183105469,XYZ,Block (Square/Cash App),embedded_finance
2022-08-18,79.72000122070312,XYZ,Block (Square/Cash App),embedded_finance
2022-08-19,74.36000061035156,XYZ,Block (Square/Cash App),embedded_finance
2022-08-22,73.01000213623047,XYZ,Block (Square/Cash App),embedded_finance
2022-08-23,70.94000244140625,XYZ,Block (Square/Cash App),embedded_finance
2022-08-24,72.62000274658203,XYZ,Block (Square/Cash App),embedded_finance
2022-08-25,74.62999725341797,XYZ,Block (Square/Cash App),embedded_finance
2022-08-26,68.87000274658203,XYZ,Block (Square/Cash App),embedded_finance
2022-08-29,67.75,XYZ,Block (Square/Cash App),embedded_finance
2022-08-30,69.05000305175781,XYZ,Block (Square/Cash App),embedded_finance
2022-08-31,68.91000366210938,XYZ,Block (Square/Cash App),embedded_finance
2022-09-01,68.75,XYZ,Block (Square/Cash App),embedded_finance
2022-09-02,66.33000183105469,XYZ,Block (Square/Cash App),embedded_finance
2022-09-06,65.30000305175781,XYZ,Block (Square/Cash App),embedded_finance
2022-09-07,67.81999969482422,XYZ,Block (Square/Cash App),embedded_finance
2022-09-08,70.58999633789062,XYZ,Block (Square/Cash App),embedded_finance
2022-09-09,74.29000091552734,XYZ,Block (Square/Cash App),embedded_finance
2022-09-12,75.25,XYZ,Block (Square/Cash App),embedded_finance
2022-09-13,69.58000183105469,XYZ,Block (Square/Cash App),embedded_finance
2022-09-14,68.55999755859375,XYZ,Block (Square/Cash App),embedded_finance
2022-09-15,69.18000030517578,XYZ,Block (Square/Cash App),embedded_finance
2022-09-16,64.88999938964844,XYZ,Block (Square/Cash App),embedded_finance
2022-09-19,63.709999084472656,XYZ,Block (Square/Cash App),embedded_finance
2022-09-20,61.470001220703125,XYZ,Block (Square/Cash App),embedded_finance
2022-09-21,59.45000076293945,XYZ,Block (Square/Cash App),embedded_finance
2022-09-22,55.93000030517578,XYZ,Block (Square/Cash App),embedded_finance
2022-09-23,56.27000045776367,XYZ,Block (Square/Cash App),embedded_finance
2022-09-26,54.13999938964844,XYZ,Block (Square/Cash App),embedded_finance
2022-09-27,55.08000183105469,XYZ,Block (Square/Cash App),embedded_finance
2022-09-28,59.06999969482422,XYZ,Block (Square/Cash App),embedded_finance
2022-09-29,55.900001525878906,XYZ,Block (Square/Cash App),embedded_finance
2022-09-30,54.9900016784668,XYZ,Block (Square/Cash App),embedded_finance
2022-10-03,55.779998779296875,XYZ,Block (Square/Cash App),embedded_finance
2022-10-04,62.40999984741211,XYZ,Block (Square/Cash App),embedded_finance
2022-10-05,62.150001525878906,XYZ,Block (Square/Cash App),embedded_finance
2022-10-06,61.93000030517578,XYZ,Block (Square/Cash App),embedded_finance
2022-10-07,57.40999984741211,XYZ,Block (Square/Cash App),embedded_finance
2022-10-10,56.619998931884766,XYZ,Block (Square/Cash App),embedded_finance
2022-10-11,53.45000076293945,XYZ,Block (Square/Cash App),embedded_finance
2022-10-12,56.13999938964844,XYZ,Block (Square/Cash App),embedded_finance
2022-10-13,56.22999954223633,XYZ,Block (Square/Cash App),embedded_finance
2022-10-14,51.5099983215332,XYZ,Block (Square/Cash App),embedded_finance
2022-10-17,55.91999816894531,XYZ,Block (Square/Cash App),embedded_finance
2022-10-18,57.27000045776367,XYZ,Block (Square/Cash App),embedded_finance
2022-10-19,53.939998626708984,XYZ,Block (Square/Cash App),embedded_finance
2022-10-20,55.18000030517578,XYZ,Block (Square/Cash App),embedded_finance
2022-10-21,55.9900016784668,XYZ,Block (Square/Cash App),embedded_finance
2022-10-24,56.9900016784668,XYZ,Block (Square/Cash App),embedded_finance
2022-10-25,59.65999984741211,XYZ,Block (Square/Cash App),embedded_finance
2022-10-26,59.470001220703125,XYZ,Block (Square/Cash App),embedded_finance
2022-10-27,60.2599983215332,XYZ,Block (Square/Cash App),embedded_finance
2022-10-28,61.290000915527344,XYZ,Block (Square/Cash App),embedded_finance
2022-10-31,60.06999969482422,XYZ,Block (Square/Cash App),embedded_finance
2022-11-01,59.0,XYZ,Block (Square/Cash App),embedded_finance
2022-11-02,54.63999938964844,XYZ,Block (Square/Cash App),embedded_finance
2022-11-03,53.90999984741211,XYZ,Block (Square/Cash App),embedded_finance
2022-11-04,60.11000061035156,XYZ,Block (Square/Cash App),embedded_finance
2022-11-07,62.66999816894531,XYZ,Block (Square/Cash App),embedded_finance
2022-11-08,62.5099983215332,XYZ,Block (Square/Cash App),embedded_finance
2022-11-09,57.209999084472656,XYZ,Block (Square/Cash App),embedded_finance
2022-11-10,67.4000015258789,XYZ,Block (Square/Cash App),embedded_finance
2022-11-11,71.66000366210938,XYZ,Block (Square/Cash App),embedded_finance
2022-11-14,70.2699966430664,XYZ,Block (Square/Cash App),embedded_finance
2022-11-15,73.37999725341797,XYZ,Block (Square/Cash App),embedded_finance
2022-11-16,69.55000305175781,XYZ,Block (Square/Cash App),embedded_finance
2022-11-17,67.98999786376953,XYZ,Block (Square/Cash App),embedded_finance
2022-11-18,65.81999969482422,XYZ,Block (Square/Cash App),embedded_finance
2022-11-21,61.849998474121094,XYZ,Block (Square/Cash App),embedded_finance
2022-11-22,62.720001220703125,XYZ,Block (Square/Cash App),embedded_finance
2022-11-23,63.91999816894531,XYZ,Block (Square/Cash App),embedded_finance
2022-11-25,63.380001068115234,XYZ,Block (Square/Cash App),embedded_finance
2022-11-28,61.369998931884766,XYZ,Block (Square/Cash App),embedded_finance
2022-11-29,62.11000061035156,XYZ,Block (Square/Cash App),embedded_finance
2022-11-30,67.7699966430664,XYZ,Block (Square/Cash App),embedded_finance
2022-12-01,69.16999816894531,XYZ,Block (Square/Cash App),embedded_finance
2022-12-02,68.18000030517578,XYZ,Block (Square/Cash App),embedded_finance
2022-12-05,63.13999938964844,XYZ,Block (Square/Cash App),embedded_finance
2022-12-06,61.29999923706055,XYZ,Block (Square/Cash App),embedded_finance
2022-12-07,61.06999969482422,XYZ,Block (Square/Cash App),embedded_finance
2022-12-08,63.369998931884766,XYZ,Block (Square/Cash App),embedded_finance
2022-12-09,64.5999984741211,XYZ,Block (Square/Cash App),embedded_finance
2022-12-12,66.19999694824219,XYZ,Block (Square/Cash App),embedded_finance
2022-12-13,71.02999877929688,XYZ,Block (Square/Cash App),embedded_finance
2022-12-14,71.25,XYZ,Block (Square/Cash App),embedded_finance
2022-12-15,65.88999938964844,XYZ,Block (Square/Cash App),embedded_finance
2022-12-16,62.5099983215332,XYZ,Block (Square/Cash App),embedded_finance
2022-12-19,60.439998626708984,XYZ,Block (Square/Cash App),embedded_finance
2022-12-20,61.40999984741211,XYZ,Block (Square/Cash App),embedded_finance
2022-12-21,62.58000183105469,XYZ,Block (Square/Cash App),embedded_finance
2022-12-22,60.59000015258789,XYZ,Block (Square/Cash App),embedded_finance
2022-12-23,60.88999938964844,XYZ,Block (Square/Cash App),embedded_finance
2022-12-27,59.86000061035156,XYZ,Block (Square/Cash App),embedded_finance
2022-12-28,59.08000183105469,XYZ,Block (Square/Cash App),embedded_finance
2022-12-29,62.91999816894531,XYZ,Block (Square/Cash App),embedded_finance
2022-12-30,62.84000015258789,XYZ,Block (Square/Cash App),embedded_finance
2023-01-03,64.63999938964844,XYZ,Block (Square/Cash App),embedded_finance
2023-01-04,66.30000305175781,XYZ,Block (Square/Cash App),embedded_finance
2023-01-05,64.70999908447266,XYZ,Block (Square/Cash App),embedded_finance
2023-01-06,68.98999786376953,XYZ,Block (Square/Cash App),embedded_finance
2023-01-09,69.05999755859375,XYZ,Block (Square/Cash App),embedded_finance
2023-01-10,70.02999877929688,XYZ,Block (Square/Cash App),embedded_finance
2023-01-11,71.66999816894531,XYZ,Block (Square/Cash App),embedded_finance
2023-01-12,71.80000305175781,XYZ,Block (Square/Cash App),embedded_finance
2023-01-13,71.6500015258789,XYZ,Block (Square/Cash App),embedded_finance
2023-01-17,75.0999984741211,XYZ,Block (Square/Cash App),embedded_finance
2023-01-18,72.11000061035156,XYZ,Block (Square/Cash App),embedded_finance
2023-01-19,70.94000244140625,XYZ,Block (Square/Cash App),embedded_finance
2023-01-20,76.16000366210938,XYZ,Block (Square/Cash App),embedded_finance
2023-01-23,81.66000366210938,XYZ,Block (Square/Cash App),embedded_finance
2023-01-24,80.79000091552734,XYZ,Block (Square/Cash App),embedded_finance
2023-01-25,80.7699966430664,XYZ,Block (Square/Cash App),embedded_finance
2023-01-26,81.19000244140625,XYZ,Block (Square/Cash App),embedded_finance
2023-01-27,83.83000183105469,XYZ,Block (Square/Cash App),embedded_finance
2023-01-30,79.79000091552734,XYZ,Block (Square/Cash App),embedded_finance
2023-01-31,81.72000122070312,XYZ,Block (Square/Cash App),embedded_finance
2023-02-01,83.9000015258789,XYZ,Block (Square/Cash App),embedded_finance
2023-02-02,88.41000366210938,XYZ,Block (Square/Cash App),embedded_finance
2023-02-03,84.70999908447266,XYZ,Block (Square/Cash App),embedded_finance
2023-02-06,82.55000305175781,XYZ,Block (Square/Cash App),embedded_finance
2023-02-07,83.18000030517578,XYZ,Block (Square/Cash App),embedded_finance
2023-02-08,81.12999725341797,XYZ,Block (Square/Cash App),embedded_finance
2023-02-09,76.18000030517578,XYZ,Block (Square/Cash App),embedded_finance
2023-02-10,75.2300033569336,XYZ,Block (Square/Cash App),embedded_finance
2023-02-13,76.81999969482422,XYZ,Block (Square/Cash App),embedded_finance
2023-02-14,78.80000305175781,XYZ,Block (Square/Cash App),embedded_finance
2023-02-15,82.69000244140625,XYZ,Block (Square/Cash App),embedded_finance
2023-02-16,78.62999725341797,XYZ,Block (Square/Cash App),embedded_finance
2023-02-17,75.0199966430664,XYZ,Block (Square/Cash App),embedded_finance
2023-02-21,71.94999694824219,XYZ,Block (Square/Cash App),embedded_finance
2023-02-22,72.94000244140625,XYZ,Block (Square/Cash App),embedded_finance
2023-02-23,74.1500015258789,XYZ,Block (Square/Cash App),embedded_finance
2023-02-24,77.36000061035156,XYZ,Block (Square/Cash App),embedded_finance
2023-02-27,75.13999938964844,XYZ,Block (Square/Cash App),embedded_finance
2023-02-28,76.7300033569336,XYZ,Block (Square/Cash App),embedded_finance
2023-03-01,76.62999725341797,XYZ,Block (Square/Cash App),embedded_finance
2023-03-02,78.04000091552734,XYZ,Block (Square/Cash App),embedded_finance
2023-03-03,80.87999725341797,XYZ,Block (Square/Cash App),embedded_finance
2023-03-06,80.80999755859375,XYZ,Block (Square/Cash App),embedded_finance
2023-03-07,78.04000091552734,XYZ,Block (Square/Cash App),embedded_finance
2023-03-08,77.94999694824219,XYZ,Block (Square/Cash App),embedded_finance
2023-03-09,73.80000305175781,XYZ,Block (Square/Cash App),embedded_finance
2023-03-10,71.01000213623047,XYZ,Block (Square/Cash App),embedded_finance
2023-03-13,69.45999908447266,XYZ,Block (Square/Cash App),embedded_finance
2023-03-14,73.62999725341797,XYZ,Block (Square/Cash App),embedded_finance
2023-03-15,74.06999969482422,XYZ,Block (Square/Cash App),embedded_finance
2023-03-16,75.08999633789062,XYZ,Block (Square/Cash App),embedded_finance
2023-03-17,73.9800033569336,XYZ,Block (Square/Cash App),embedded_finance
2023-03-20,74.5,XYZ,Block (Square/Cash App),embedded_finance
2023-03-21,77.45999908447266,XYZ,Block (Square/Cash App),embedded_finance
2023-03-22,72.6500015258789,XYZ,Block (Square/Cash App),embedded_finance
2023-03-23,61.880001068115234,XYZ,Block (Square/Cash App),embedded_finance
2023-03-24,60.68000030517578,XYZ,Block (Square/Cash App),embedded_finance
2023-03-27,64.4000015258789,XYZ,Block (Square/Cash App),embedded_finance
2023-03-28,63.7599983215332,XYZ,Block (Square/Cash App),embedded_finance
2023-03-29,66.48999786376953,XYZ,Block (Square/Cash App),embedded_finance
2023-03-30,68.48999786376953,XYZ,Block (Square/Cash App),embedded_finance
2023-03-31,68.6500015258789,XYZ,Block (Square/Cash App),embedded_finance
2023-04-03,67.83000183105469,XYZ,Block (Square/Cash App),embedded_finance
2023-04-04,68.83999633789062,XYZ,Block (Square/Cash App),embedded_finance
2023-04-05,67.66000366210938,XYZ,Block (Square/Cash App),embedded_finance
2023-04-06,68.0999984741211,XYZ,Block (Square/Cash App),embedded_finance
2023-04-10,66.36000061035156,XYZ,Block (Square/Cash App),embedded_finance
2023-04-11,66.41999816894531,XYZ,Block (Square/Cash App),embedded_finance
2023-04-12,62.7400016784668,XYZ,Block (Square/Cash App),embedded_finance
2023-04-13,64.55999755859375,XYZ,Block (Square/Cash App),embedded_finance
2023-04-14,64.04000091552734,XYZ,Block (Square/Cash App),embedded_finance
2023-04-17,64.19000244140625,XYZ,Block (Square/Cash App),embedded_finance
2023-04-18,63.900001525878906,XYZ,Block (Square/Cash App),embedded_finance
2023-04-19,62.869998931884766,XYZ,Block (Square/Cash App),embedded_finance
2023-04-20,62.36000061035156,XYZ,Block (Square/Cash App),embedded_finance
2023-04-21,63.47999954223633,XYZ,Block (Square/Cash App),embedded_finance
2023-04-24,64.5,XYZ,Block (Square/Cash App),embedded_finance
2023-04-25,61.0,XYZ,Block (Square/Cash App),embedded_finance
2023-04-26,60.56999969482422,XYZ,Block (Square/Cash App),embedded_finance
2023-04-27,60.58000183105469,XYZ,Block (Square/Cash App),embedded_finance
2023-04-28,60.790000915527344,XYZ,Block (Square/Cash App),embedded_finance
2023-05-01,60.220001220703125,XYZ,Block (Square/Cash App),embedded_finance
2023-05-02,57.7599983215332,XYZ,Block (Square/Cash App),embedded_finance
2023-05-03,59.31999969482422,XYZ,Block (Square/Cash App),embedded_finance
2023-05-04,60.43000030517578,XYZ,Block (Square/Cash App),embedded_finance
2023-05-05,59.25,XYZ,Block (Square/Cash App),embedded_finance
2023-05-08,58.79999923706055,XYZ,Block (Square/Cash App),embedded_finance
2023-05-09,59.31999969482422,XYZ,Block (Square/Cash App),embedded_finance
2023-05-10,57.529998779296875,XYZ,Block (Square/Cash App),embedded_finance
2023-05-11,57.310001373291016,XYZ,Block (Square/Cash App),embedded_finance
2023-05-12,55.560001373291016,XYZ,Block (Square/Cash App),embedded_finance
2023-05-15,56.869998931884766,XYZ,Block (Square/Cash App),embedded_finance
2023-05-16,55.540000915527344,XYZ,Block (Square/Cash App),embedded_finance
2023-05-17,57.7599983215332,XYZ,Block (Square/Cash App),embedded_finance
2023-05-18,59.52000045776367,XYZ,Block (Square/Cash App),embedded_finance
2023-05-19,58.650001525878906,XYZ,Block (Square/Cash App),embedded_finance
2023-05-22,60.619998931884766,XYZ,Block (Square/Cash App),embedded_finance
2023-05-23,61.560001373291016,XYZ,Block (Square/Cash App),embedded_finance
2023-05-24,61.86000061035156,XYZ,Block (Square/Cash App),embedded_finance
2023-05-25,59.29999923706055,XYZ,Block (Square/Cash App),embedded_finance
2023-05-26,59.0,XYZ,Block (Square/Cash App),embedded_finance
2023-05-30,58.84000015258789,XYZ,Block (Square/Cash App),embedded_finance
2023-05-31,60.38999938964844,XYZ,Block (Square/Cash App),embedded_finance
2023-06-01,61.5,XYZ,Block (Square/Cash App),embedded_finance
2023-06-02,63.459999084472656,XYZ,Block (Square/Cash App),embedded_finance
2023-06-05,63.540000915527344,XYZ,Block (Square/Cash App),embedded_finance
2023-06-06,65.9800033569336,XYZ,Block (Square/Cash App),embedded_finance
2023-06-07,66.23999786376953,XYZ,Block (Square/Cash App),embedded_finance
2023-06-08,65.08999633789062,XYZ,Block (Square/Cash App),embedded_finance
2023-06-09,64.94000244140625,XYZ,Block (Square/Cash App),embedded_finance
2023-06-12,64.19999694824219,XYZ,Block (Square/Cash App),embedded_finance
2023-06-13,65.5199966430664,XYZ,Block (Square/Cash App),embedded_finance
2023-06-14,63.689998626708984,XYZ,Block (Square/Cash App),embedded_finance
2023-06-15,66.19000244140625,XYZ,Block (Square/Cash App),embedded_finance
2023-06-16,66.51000213623047,XYZ,Block (Square/Cash App),embedded_finance
2023-06-20,66.80000305175781,XYZ,Block (Square/Cash App),embedded_finance
2023-06-21,65.45999908447266,XYZ,Block (Square/Cash App),embedded_finance
2023-06-22,64.11000061035156,XYZ,Block (Square/Cash App),embedded_finance
2023-06-23,62.86000061035156,XYZ,Block (Square/Cash App),embedded_finance
2023-06-26,61.75,XYZ,Block (Square/Cash App),embedded_finance
2023-06-27,63.93000030517578,XYZ,Block (Square/Cash App),embedded_finance
2023-06-28,64.7699966430664,XYZ,Block (Square/Cash App),embedded_finance
2023-06-29,64.38999938964844,XYZ,Block (Square/Cash App),embedded_finance
2023-06-30,66.56999969482422,XYZ,Block (Square/Cash App),embedded_finance
2023-07-03,66.19999694824219,XYZ,Block (Square/Cash App),embedded_finance
2023-07-05,68.97000122070312,XYZ,Block (Square/Cash App),embedded_finance
2023-07-06,64.61000061035156,XYZ,Block (Square/Cash App),embedded_finance
2023-07-07,67.2699966430664,XYZ,Block (Square/Cash App),embedded_finance
2023-07-10,69.05999755859375,XYZ,Block (Square/Cash App),embedded_finance
2023-07-11,71.0999984741211,XYZ,Block (Square/Cash App),embedded_finance
2023-07-12,71.22000122070312,XYZ,Block (Square/Cash App),embedded_finance
2023-07-13,76.19999694824219,XYZ,Block (Square/Cash App),embedded_finance
2023-07-14,75.45999908447266,XYZ,Block (Square/Cash App),embedded_finance
2023-07-17,78.05999755859375,XYZ,Block (Square/Cash App),embedded_finance
2023-07-18,79.02999877929688,XYZ,Block (Square/Cash App),embedded_finance
2023-07-19,78.19000244140625,XYZ,Block (Square/Cash App),embedded_finance
2023-07-20,76.16999816894531,XYZ,Block (Square/Cash App),embedded_finance
2023-07-21,76.12000274658203,XYZ,Block (Square/Cash App),embedded_finance
2023-07-24,77.13999938964844,XYZ,Block (Square/Cash App),embedded_finance
2023-07-25,76.87000274658203,XYZ,Block (Square/Cash App),embedded_finance
2023-07-26,77.41000366210938,XYZ,Block (Square/Cash App),embedded_finance
2023-07-27,75.7699966430664,XYZ,Block (Square/Cash App),embedded_finance
2023-07-28,78.36000061035156,XYZ,Block (Square/Cash App),embedded_finance
2023-07-31,80.52999877929688,XYZ,Block (Square/Cash App),embedded_finance
2023-08-01,78.76000213623047,XYZ,Block (Square/Cash App),embedded_finance
2023-08-02,74.48999786376953,XYZ,Block (Square/Cash App),embedded_finance
2023-08-03,73.55000305175781,XYZ,Block (Square/Cash App),embedded_finance
2023-08-04,63.52000045776367,XYZ,Block (Square/Cash App),embedded_finance
2023-08-07,64.01000213623047,XYZ,Block (Square/Cash App),embedded_finance
2023-08-08,62.380001068115234,XYZ,Block (Square/Cash App),embedded_finance
2023-08-09,62.709999084472656,XYZ,Block (Square/Cash App),embedded_finance
2023-08-10,62.2400016784668,XYZ,Block (Square/Cash App),embedded_finance
2023-08-11,60.56999969482422,XYZ,Block (Square/Cash App),embedded_finance
2023-08-14,60.150001525878906,XYZ,Block (Square/Cash App),embedded_finance
2023-08-15,58.36000061035156,XYZ,Block (Square/Cash App),embedded_finance
2023-08-16,57.4900016784668,XYZ,Block (Square/Cash App),embedded_finance
2023-08-17,56.099998474121094,XYZ,Block (Square/Cash App),embedded_finance
2023-08-18,56.880001068115234,XYZ,Block (Square/Cash App),embedded_finance
2023-08-21,57.560001373291016,XYZ,Block (Square/Cash App),embedded_finance
2023-08-22,56.06999969482422,XYZ,Block (Square/Cash App),embedded_finance
2023-08-23,57.220001220703125,XYZ,Block (Square/Cash App),embedded_finance
2023-08-24,55.630001068115234,XYZ,Block (Square/Cash App),embedded_finance
2023-08-25,55.86000061035156,XYZ,Block (Square/Cash App),embedded_finance
2023-08-28,55.869998931884766,XYZ,Block (Square/Cash App),embedded_finance
2023-08-29,57.7599983215332,XYZ,Block (Square/Cash App),embedded_finance
2023-08-30,57.720001220703125,XYZ,Block (Square/Cash App),embedded_finance
2023-08-31,57.650001525878906,XYZ,Block (Square/Cash App),embedded_finance
2023-09-01,58.16999816894531,XYZ,Block (Square/Cash App),embedded_finance
2023-09-05,58.7400016784668,XYZ,Block (Square/Cash App),embedded_finance
2023-09-06,57.63999938964844,XYZ,Block (Square/Cash App),embedded_finance
2023-09-07,56.040000915527344,XYZ,Block (Square/Cash App),embedded_finance
2023-09-08,53.08000183105469,XYZ,Block (Square/Cash App),embedded_finance
2023-09-11,53.939998626708984,XYZ,Block (Square/Cash App),embedded_finance
2023-09-12,54.33000183105469,XYZ,Block (Square/Cash App),embedded_finance
2023-09-13,54.150001525878906,XYZ,Block (Square/Cash App),embedded_finance
2023-09-14,53.849998474121094,XYZ,Block (Square/Cash App),embedded_finance
2023-09-15,52.83000183105469,XYZ,Block (Square/Cash App),embedded_finance
2023-09-18,51.25,XYZ,Block (Square/Cash App),embedded_finance
2023-09-19,49.79999923706055,XYZ,Block (Square/Cash App),embedded_finance
2023-09-20,47.56999969482422,XYZ,Block (Square/Cash App),embedded_finance
2023-09-21,45.619998931884766,XYZ,Block (Square/Cash App),embedded_finance
2023-09-22,44.709999084472656,XYZ,Block (Square/Cash App),embedded_finance
2023-09-25,45.59000015258789,XYZ,Block (Square/Cash App),embedded_finance
2023-09-26,44.810001373291016,XYZ,Block (Square/Cash App),embedded_finance
2023-09-27,44.13999938964844,XYZ,Block (Square/Cash App),embedded_finance
2023-09-28,44.349998474121094,XYZ,Block (Square/Cash App),embedded_finance
2023-09-29,44.2599983215332,XYZ,Block (Square/Cash App),embedded_finance
2023-10-02,43.189998626708984,XYZ,Block (Square/Cash App),embedded_finance
2023-10-03,41.900001525878906,XYZ,Block (Square/Cash App),embedded_finance
2023-10-04,41.900001525878906,XYZ,Block (Square/Cash App),embedded_finance
2023-10-05,42.63999938964844,XYZ,Block (Square/Cash App),embedded_finance
2023-10-06,43.83000183105469,XYZ,Block (Square/Cash App),embedded_finance
2023-10-09,43.709999084472656,XYZ,Block (Square/Cash App),embedded_finance
2023-10-10,46.0,XYZ,Block (Square/Cash App),embedded_finance
2023-10-11,46.689998626708984,XYZ,Block (Square/Cash App),embedded_finance
2023-10-12,45.45000076293945,XYZ,Block (Square/Cash App),embedded_finance
2023-10-13,43.16999816894531,XYZ,Block (Square/Cash App),embedded_finance
2023-10-16,44.7599983215332,XYZ,Block (Square/Cash App),embedded_finance
2023-10-17,45.900001525878906,XYZ,Block (Square/Cash App),embedded_finance
2023-10-18,44.58000183105469,XYZ,Block (Square/Cash App),embedded_finance
2023-10-19,44.16999816894531,XYZ,Block (Square/Cash App),embedded_finance
2023-10-20,43.97999954223633,XYZ,Block (Square/Cash App),embedded_finance
2023-10-23,43.900001525878906,XYZ,Block (Square/Cash App),embedded_finance
2023-10-24,45.349998474121094,XYZ,Block (Square/Cash App),embedded_finance
2023-10-25,41.720001220703125,XYZ,Block (Square/Cash App),embedded_finance
2023-10-26,41.68000030517578,XYZ,Block (Square/Cash App),embedded_finance
2023-10-27,40.02000045776367,XYZ,Block (Square/Cash App),embedded_finance
2023-10-30,39.220001220703125,XYZ,Block (Square/Cash App),embedded_finance
2023-10-31,40.25,XYZ,Block (Square/Cash App),embedded_finance
2023-11-01,40.959999084472656,XYZ,Block (Square/Cash App),embedded_finance
2023-11-02,43.97999954223633,XYZ,Block (Square/Cash App),embedded_finance
2023-11-03,48.68000030517578,XYZ,Block (Square/Cash App),embedded_finance
2023-11-06,49.52000045776367,XYZ,Block (Square/Cash App),embedded_finance
2023-11-07,51.04999923706055,XYZ,Block (Square/Cash App),embedded_finance
2023-11-08,52.27000045776367,XYZ,Block (Square/Cash App),embedded_finance
2023-11-09,51.04999923706055,XYZ,Block (Square/Cash App),embedded_finance
2023-11-10,51.5,XYZ,Block (Square/Cash App),embedded_finance
2023-11-13,52.02000045776367,XYZ,Block (Square/Cash App),embedded_finance
2023-11-14,55.099998474121094,XYZ,Block (Square/Cash App),embedded_finance
2023-11-15,56.29999923706055,XYZ,Block (Square/Cash App),embedded_finance
2023-11-16,56.279998779296875,XYZ,Block (Square/Cash App),embedded_finance
2023-11-17,58.189998626708984,XYZ,Block (Square/Cash App),embedded_finance
2023-11-20,59.27000045776367,XYZ,Block (Square/Cash App),embedded_finance
2023-11-21,58.66999816894531,XYZ,Block (Square/Cash App),embedded_finance
2023-11-22,59.02000045776367,XYZ,Block (Square/Cash App),embedded_finance
2023-11-24,59.650001525878906,XYZ,Block (Square/Cash App),embedded_finance
2023-11-27,60.310001373291016,XYZ,Block (Square/Cash App),embedded_finance
2023-11-28,63.34000015258789,XYZ,Block (Square/Cash App),embedded_finance
2023-11-29,63.72999954223633,XYZ,Block (Square/Cash App),embedded_finance
2023-11-30,63.43000030517578,XYZ,Block (Square/Cash App),embedded_finance
2023-12-01,65.04000091552734,XYZ,Block (Square/Cash App),embedded_finance
2023-12-04,65.0,XYZ,Block (Square/Cash App),embedded_finance
2023-12-05,64.88999938964844,XYZ,Block (Square/Cash App),embedded_finance
2023-12-06,68.0,XYZ,Block (Square/Cash App),embedded_finance
2023-12-07,68.47000122070312,XYZ,Block (Square/Cash App),embedded_finance
2023-12-08,69.16999816894531,XYZ,Block (Square/Cash App),embedded_finance
2023-12-11,68.55999755859375,XYZ,Block (Square/Cash App),embedded_finance
2023-12-12,69.56999969482422,XYZ,Block (Square/Cash App),embedded_finance
2023-12-13,70.05999755859375,XYZ,Block (Square/Cash App),embedded_finance
2023-12-14,74.76000213623047,XYZ,Block (Square/Cash App),embedded_finance
2023-12-15,74.20999908447266,XYZ,Block (Square/Cash App),embedded_finance
2023-12-18,73.87999725341797,XYZ,Block (Square/Cash App),embedded_finance
2023-12-19,77.30999755859375,XYZ,Block (Square/Cash App),embedded_finance
2023-12-20,76.11000061035156,XYZ,Block (Square/Cash App),embedded_finance
2023-12-21,76.9000015258789,XYZ,Block (Square/Cash App),embedded_finance
2023-12-22,77.13999938964844,XYZ,Block (Square/Cash App),embedded_finance
2023-12-26,78.18000030517578,XYZ,Block (Square/Cash App),embedded_finance
2023-12-27,79.5999984741211,XYZ,Block (Square/Cash App),embedded_finance
2023-12-28,79.51000213623047,XYZ,Block (Square/Cash App),embedded_finance
2023-12-29,77.3499984741211,XYZ,Block (Square/Cash App),embedded_finance
2024-01-02,72.22000122070312,XYZ,Block (Square/Cash App),embedded_finance
2024-01-03,68.62999725341797,XYZ,Block (Square/Cash App),embedded_finance
2024-01-04,68.1500015258789,XYZ,Block (Square/Cash App),embedded_finance
2024-01-05,66.95999908447266,XYZ,Block (Square/Cash App),embedded_finance
2024-01-08,69.30999755859375,XYZ,Block (Square/Cash App),embedded_finance
2024-01-09,69.52999877929688,XYZ,Block (Square/Cash App),embedded_finance
2024-01-10,67.9000015258789,XYZ,Block (Square/Cash App),embedded_finance
2024-01-11,67.87000274658203,XYZ,Block (Square/Cash App),embedded_finance
2024-01-12,66.4800033569336,XYZ,Block (Square/Cash App),embedded_finance
2024-01-16,65.16000366210938,XYZ,Block (Square/Cash App),embedded_finance
2024-01-17,63.900001525878906,XYZ,Block (Square/Cash App),embedded_finance
2024-01-18,64.47000122070312,XYZ,Block (Square/Cash App),embedded_finance
2024-01-19,65.8499984741211,XYZ,Block (Square/Cash App),embedded_finance
2024-01-22,66.69000244140625,XYZ,Block (Square/Cash App),embedded_finance
2024-01-23,66.19999694824219,XYZ,Block (Square/Cash App),embedded_finance
2024-01-24,62.56999969482422,XYZ,Block (Square/Cash App),embedded_finance
2024-01-25,62.709999084472656,XYZ,Block (Square/Cash App),embedded_finance
2024-01-26,64.97000122070312,XYZ,Block (Square/Cash App),embedded_finance
2024-01-29,68.9800033569336,XYZ,Block (Square/Cash App),embedded_finance
2024-01-30,68.22000122070312,XYZ,Block (Square/Cash App),embedded_finance
2024-01-31,65.01000213623047,XYZ,Block (Square/Cash App),embedded_finance
2024-02-01,66.66999816894531,XYZ,Block (Square/Cash App),embedded_finance
2024-02-02,67.87999725341797,XYZ,Block (Square/Cash App),embedded_finance
2024-02-05,65.8499984741211,XYZ,Block (Square/Cash App),embedded_finance
2024-02-06,67.0,XYZ,Block (Square/Cash App),embedded_finance
2024-02-07,68.30999755859375,XYZ,Block (Square/Cash App),embedded_finance
2024-02-08,68.83000183105469,XYZ,Block (Square/Cash App),embedded_finance
2024-02-09,66.87999725341797,XYZ,Block (Square/Cash App),embedded_finance
2024-02-12,68.83999633789062,XYZ,Block (Square/Cash App),embedded_finance
2024-02-13,64.9800033569336,XYZ,Block (Square/Cash App),embedded_finance
2024-02-14,67.41000366210938,XYZ,Block (Square/Cash App),embedded_finance
2024-02-15,69.4800033569336,XYZ,Block (Square/Cash App),embedded_finance
2024-02-16,65.63999938964844,XYZ,Block (Square/Cash App),embedded_finance
2024-02-20,65.7300033569336,XYZ,Block (Square/Cash App),embedded_finance
2024-02-21,64.47000122070312,XYZ,Block (Square/Cash App),embedded_finance
2024-02-22,67.95999908447266,XYZ,Block (Square/Cash App),embedded_finance
2024-02-23,78.91999816894531,XYZ,Block (Square/Cash App),embedded_finance
2024-02-26,74.66000366210938,XYZ,Block (Square/Cash App),embedded_finance
2024-02-27,77.70999908447266,XYZ,Block (Square/Cash App),embedded_finance
2024-02-28,78.41999816894531,XYZ,Block (Square/Cash App),embedded_finance
2024-02-29,79.47000122070312,XYZ,Block (Square/Cash App),embedded_finance
2024-03-01,79.25,XYZ,Block (Square/Cash App),embedded_finance
2024-03-04,77.0,XYZ,Block (Square/Cash App),embedded_finance
2024-03-05,74.43000030517578,XYZ,Block (Square/Cash App),embedded_finance
2024-03-06,75.52999877929688,XYZ,Block (Square/Cash App),embedded_finance
2024-03-07,77.22000122070312,XYZ,Block (Square/Cash App),embedded_finance
2024-03-08,80.73999786376953,XYZ,Block (Square/Cash App),embedded_finance
2024-03-11,81.52999877929688,XYZ,Block (Square/Cash App),embedded_finance
2024-03-12,81.70999908447266,XYZ,Block (Square/Cash App),embedded_finance
2024-03-13,85.72000122070312,XYZ,Block (Square/Cash App),embedded_finance
2024-03-14,81.23999786376953,XYZ,Block (Square/Cash App),embedded_finance
2024-03-15,80.16999816894531,XYZ,Block (Square/Cash App),embedded_finance
2024-03-18,80.86000061035156,XYZ,Block (Square/Cash App),embedded_finance
2024-03-19,79.31999969482422,XYZ,Block (Square/Cash App),embedded_finance
2024-03-20,81.45999908447266,XYZ,Block (Square/Cash App),embedded_finance
2024-03-21,84.05000305175781,XYZ,Block (Square/Cash App),embedded_finance
2024-03-22,80.7699966430664,XYZ,Block (Square/Cash App),embedded_finance
2024-03-25,82.62000274658203,XYZ,Block (Square/Cash App),embedded_finance
2024-03-26,83.80000305175781,XYZ,Block (Square/Cash App),embedded_finance
2024-03-27,83.18000030517578,XYZ,Block (Square/Cash App),embedded_finance
2024-03-28,84.58000183105469,XYZ,Block (Square/Cash App),embedded_finance
2024-04-01,81.45999908447266,XYZ,Block (Square/Cash App),embedded_finance
2024-04-02,79.20999908447266,XYZ,Block (Square/Cash App),embedded_finance
2024-04-03,79.6500015258789,XYZ,Block (Square/Cash App),embedded_finance
2024-04-04,74.7300033569336,XYZ,Block (Square/Cash App),embedded_finance
2024-04-05,77.16999816894531,XYZ,Block (Square/Cash App),embedded_finance
2024-04-08,78.3499984741211,XYZ,Block (Square/Cash App),embedded_finance
2024-04-09,79.9800033569336,XYZ,Block (Square/Cash App),embedded_finance
2024-04-10,78.51000213623047,XYZ,Block (Square/Cash App),embedded_finance
2024-04-11,80.05999755859375,XYZ,Block (Square/Cash App),embedded_finance
2024-04-12,76.98999786376953,XYZ,Block (Square/Cash App),embedded_finance
2024-04-15,73.5,XYZ,Block (Square/Cash App),embedded_finance
2024-04-16,73.13999938964844,XYZ,Block (Square/Cash App),embedded_finance
2024-04-17,73.51000213623047,XYZ,Block (Square/Cash App),embedded_finance
2024-04-18,72.05999755859375,XYZ,Block (Square/Cash App),embedded_finance
2024-04-19,70.41999816894531,XYZ,Block (Square/Cash App),embedded_finance
2024-04-22,71.5999984741211,XYZ,Block (Square/Cash App),embedded_finance
2024-04-23,75.20999908447266,XYZ,Block (Square/Cash App),embedded_finance
2024-04-24,74.02999877929688,XYZ,Block (Square/Cash App),embedded_finance
2024-04-25,72.79000091552734,XYZ,Block (Square/Cash App),embedded_finance
2024-04-26,74.4800033569336,XYZ,Block (Square/Cash App),embedded_finance
2024-04-29,75.30999755859375,XYZ,Block (Square/Cash App),embedded_finance
2024-04-30,73.0,XYZ,Block (Square/Cash App),embedded_finance
2024-05-01,66.83999633789062,XYZ,Block (Square/Cash App),embedded_finance
2024-05-02,70.30000305175781,XYZ,Block (Square/Cash App),embedded_finance
2024-05-03,69.47000122070312,XYZ,Block (Square/Cash App),embedded_finance
2024-05-06,73.52999877929688,XYZ,Block (Square/Cash App),embedded_finance
2024-05-07,71.5999984741211,XYZ,Block (Square/Cash App),embedded_finance
2024-05-08,71.13999938964844,XYZ,Block (Square/Cash App),embedded_finance
2024-05-09,73.19999694824219,XYZ,Block (Square/Cash App),embedded_finance
2024-05-10,71.30999755859375,XYZ,Block (Square/Cash App),embedded_finance
2024-05-13,69.73999786376953,XYZ,Block (Square/Cash App),embedded_finance
2024-05-14,71.19999694824219,XYZ,Block (Square/Cash App),embedded_finance
2024-05-15,71.5199966430664,XYZ,Block (Square/Cash App),embedded_finance
2024-05-16,71.75,XYZ,Block (Square/Cash App),embedded_finance
2024-05-17,72.26000213623047,XYZ,Block (Square/Cash App),embedded_finance
2024-05-20,73.54000091552734,XYZ,Block (Square/Cash App),embedded_finance
2024-05-21,71.51000213623047,XYZ,Block (Square/Cash App),embedded_finance
2024-05-22,67.33999633789062,XYZ,Block (Square/Cash App),embedded_finance
2024-05-23,66.62000274658203,XYZ,Block (Square/Cash App),embedded_finance
2024-05-24,66.33999633789062,XYZ,Block (Square/Cash App),embedded_finance
2024-05-28,66.08000183105469,XYZ,Block (Square/Cash App),embedded_finance
2024-05-29,65.55999755859375,XYZ,Block (Square/Cash App),embedded_finance
2024-05-30,65.0199966430664,XYZ,Block (Square/Cash App),embedded_finance
2024-05-31,64.08000183105469,XYZ,Block (Square/Cash App),embedded_finance
2024-06-03,64.30000305175781,XYZ,Block (Square/Cash App),embedded_finance
2024-06-04,64.25,XYZ,Block (Square/Cash App),embedded_finance
2024-06-05,64.80000305175781,XYZ,Block (Square/Cash App),embedded_finance
2024-06-06,66.4000015258789,XYZ,Block (Square/Cash App),embedded_finance
2024-06-07,65.0999984741211,XYZ,Block (Square/Cash App),embedded_finance
2024-06-10,64.33999633789062,XYZ,Block (Square/Cash App),embedded_finance
2024-06-11,64.16000366210938,XYZ,Block (Square/Cash App),embedded_finance
2024-06-12,64.62999725341797,XYZ,Block (Square/Cash App),embedded_finance
2024-06-13,62.36000061035156,XYZ,Block (Square/Cash App),embedded_finance
2024-06-14,62.150001525878906,XYZ,Block (Square/Cash App),embedded_finance
2024-06-17,62.5,XYZ,Block (Square/Cash App),embedded_finance
2024-06-18,61.900001525878906,XYZ,Block (Square/Cash App),embedded_finance
2024-06-20,62.7400016784668,XYZ,Block (Square/Cash App),embedded_finance
2024-06-21,62.970001220703125,XYZ,Block (Square/Cash App),embedded_finance
2024-06-24,64.4000015258789,XYZ,Block (Square/Cash App),embedded_finance
2024-06-25,64.0199966430664,XYZ,Block (Square/Cash App),embedded_finance
2024-06-26,63.290000915527344,XYZ,Block (Square/Cash App),embedded_finance
2024-06-27,63.38999938964844,XYZ,Block (Square/Cash App),embedded_finance
2024-06-28,64.48999786376953,XYZ,Block (Square/Cash App),embedded_finance
2024-07-01,63.84000015258789,XYZ,Block (Square/Cash App),embedded_finance
2024-07-02,64.58000183105469,XYZ,Block (Square/Cash App),embedded_finance
2024-07-03,64.44000244140625,XYZ,Block (Square/Cash App),embedded_finance
2024-07-05,65.77999877929688,XYZ,Block (Square/Cash App),embedded_finance
2024-07-08,64.2300033569336,XYZ,Block (Square/Cash App),embedded_finance
2024-07-09,64.51000213623047,XYZ,Block (Square/Cash App),embedded_finance
2024-07-10,64.33999633789062,XYZ,Block (Square/Cash App),embedded_finance
2024-07-11,66.48999786376953,XYZ,Block (Square/Cash App),embedded_finance
2024-07-12,68.73999786376953,XYZ,Block (Square/Cash App),embedded_finance
2024-07-15,72.05999755859375,XYZ,Block (Square/Cash App),embedded_finance
2024-07-16,72.06999969482422,XYZ,Block (Square/Cash App),embedded_finance
2024-07-17,71.8499984741211,XYZ,Block (Square/Cash App),embedded_finance
2024-07-18,68.0,XYZ,Block (Square/Cash App),embedded_finance
2024-07-19,68.0999984741211,XYZ,Block (Square/Cash App),embedded_finance
2024-07-22,68.25,XYZ,Block (Square/Cash App),embedded_finance
2024-07-23,66.88999938964844,XYZ,Block (Square/Cash App),embedded_finance
2024-07-24,61.709999084472656,XYZ,Block (Square/Cash App),embedded_finance
2024-07-25,61.58000183105469,XYZ,Block (Square/Cash App),embedded_finance
2024-07-26,60.18000030517578,XYZ,Block (Square/Cash App),embedded_finance
2024-07-29,60.7400016784668,XYZ,Block (Square/Cash App),embedded_finance
2024-07-30,60.09000015258789,XYZ,Block (Square/Cash App),embedded_finance
2024-07-31,61.880001068115234,XYZ,Block (Square/Cash App),embedded_finance
2024-08-01,59.900001525878906,XYZ,Block (Square/Cash App),embedded_finance
2024-08-02,60.380001068115234,XYZ,Block (Square/Cash App),embedded_finance
2024-08-05,57.209999084472656,XYZ,Block (Square/Cash App),embedded_finance
2024-08-06,57.25,XYZ,Block (Square/Cash App),embedded_finance
2024-08-07,58.04999923706055,XYZ,Block (Square/Cash App),embedded_finance
2024-08-08,61.209999084472656,XYZ,Block (Square/Cash App),embedded_finance
2024-08-09,62.13999938964844,XYZ,Block (Square/Cash App),embedded_finance
2024-08-12,61.09000015258789,XYZ,Block (Square/Cash App),embedded_finance
2024-08-13,63.369998931884766,XYZ,Block (Square/Cash App),embedded_finance
2024-08-14,62.20000076293945,XYZ,Block (Square/Cash App),embedded_finance
2024-08-15,64.25,XYZ,Block (Square/Cash App),embedded_finance
2024-08-16,65.87000274658203,XYZ,Block (Square/Cash App),embedded_finance
2024-08-19,66.87999725341797,XYZ,Block (Square/Cash App),embedded_finance
2024-08-20,64.87999725341797,XYZ,Block (Square/Cash App),embedded_finance
2024-08-21,65.6500015258789,XYZ,Block (Square/Cash App),embedded_finance
2024-08-22,63.84000015258789,XYZ,Block (Square/Cash App),embedded_finance
2024-08-23,65.36000061035156,XYZ,Block (Square/Cash App),embedded_finance
2024-08-26,65.55999755859375,XYZ,Block (Square/Cash App),embedded_finance
2024-08-27,66.63999938964844,XYZ,Block (Square/Cash App),embedded_finance
2024-08-28,64.68000030517578,XYZ,Block (Square/Cash App),embedded_finance
2024-08-29,66.41999816894531,XYZ,Block (Square/Cash App),embedded_finance
2024-08-30,66.08000183105469,XYZ,Block (Square/Cash App),embedded_finance
2024-09-03,64.16999816894531,XYZ,Block (Square/Cash App),embedded_finance
2024-09-04,64.08000183105469,XYZ,Block (Square/Cash App),embedded_finance
2024-09-05,64.58000183105469,XYZ,Block (Square/Cash App),embedded_finance
2024-09-06,61.2400016784668,XYZ,Block (Square/Cash App),embedded_finance
2024-09-09,61.310001373291016,XYZ,Block (Square/Cash App),embedded_finance
2024-09-10,61.369998931884766,XYZ,Block (Square/Cash App),embedded_finance
2024-09-11,63.380001068115234,XYZ,Block (Square/Cash App),embedded_finance
2024-09-12,63.66999816894531,XYZ,Block (Square/Cash App),embedded_finance
2024-09-13,63.9900016784668,XYZ,Block (Square/Cash App),embedded_finance
2024-09-16,65.77999877929688,XYZ,Block (Square/Cash App),embedded_finance
2024-09-17,67.33000183105469,XYZ,Block (Square/Cash App),embedded_finance
2024-09-18,66.73999786376953,XYZ,Block (Square/Cash App),embedded_finance
2024-09-19,68.63999938964844,XYZ,Block (Square/Cash App),embedded_finance
2024-09-20,67.45999908447266,XYZ,Block (Square/Cash App),embedded_finance
2024-09-23,67.83000183105469,XYZ,Block (Square/Cash App),embedded_finance
2024-09-24,67.54000091552734,XYZ,Block (Square/Cash App),embedded_finance
2024-09-25,65.23999786376953,XYZ,Block (Square/Cash App),embedded_finance
2024-09-26,66.5199966430664,XYZ,Block (Square/Cash App),embedded_finance
2024-09-27,66.97000122070312,XYZ,Block (Square/Cash App),embedded_finance
2024-09-30,67.12999725341797,XYZ,Block (Square/Cash App),embedded_finance
2024-10-01,65.94000244140625,XYZ,Block (Square/Cash App),embedded_finance
2024-10-02,65.05999755859375,XYZ,Block (Square/Cash App),embedded_finance
2024-10-03,65.63999938964844,XYZ,Block (Square/Cash App),embedded_finance
2024-10-04,67.0199966430664,XYZ,Block (Square/Cash App),embedded_finance
2024-10-07,65.70999908447266,XYZ,Block (Square/Cash App),embedded_finance
2024-10-08,68.25,XYZ,Block (Square/Cash App),embedded_finance
2024-10-09,68.2699966430664,XYZ,Block (Square/Cash App),embedded_finance
2024-10-10,70.0199966430664,XYZ,Block (Square/Cash App),embedded_finance
2024-10-11,69.69999694824219,XYZ,Block (Square/Cash App),embedded_finance
2024-10-14,71.6500015258789,XYZ,Block (Square/Cash App),embedded_finance
2024-10-15,71.79000091552734,XYZ,Block (Square/Cash App),embedded_finance
2024-10-16,73.52999877929688,XYZ,Block (Square/Cash App),embedded_finance
2024-10-17,73.68000030517578,XYZ,Block (Square/Cash App),embedded_finance
2024-10-18,74.66000366210938,XYZ,Block (Square/Cash App),embedded_finance
2024-10-21,73.91000366210938,XYZ,Block (Square/Cash App),embedded_finance
2024-10-22,72.81999969482422,XYZ,Block (Square/Cash App),embedded_finance
2024-10-23,71.38999938964844,XYZ,Block (Square/Cash App),embedded_finance
2024-10-24,72.55000305175781,XYZ,Block (Square/Cash App),embedded_finance
2024-10-25,72.61000061035156,XYZ,Block (Square/Cash App),embedded_finance
2024-10-28,74.4800033569336,XYZ,Block (Square/Cash App),embedded_finance
2024-10-29,73.22000122070312,XYZ,Block (Square/Cash App),embedded_finance
2024-10-30,73.29000091552734,XYZ,Block (Square/Cash App),embedded_finance
2024-10-31,72.31999969482422,XYZ,Block (Square/Cash App),embedded_finance
2024-11-01,72.1500015258789,XYZ,Block (Square/Cash App),embedded_finance
2024-11-04,72.69000244140625,XYZ,Block (Square/Cash App),embedded_finance
2024-11-05,72.37999725341797,XYZ,Block (Square/Cash App),embedded_finance
2024-11-06,77.63999938964844,XYZ,Block (Square/Cash App),embedded_finance
2024-11-07,75.2699966430664,XYZ,Block (Square/Cash App),embedded_finance
2024-11-08,74.55999755859375,XYZ,Block (Square/Cash App),embedded_finance
2024-11-11,83.4000015258789,XYZ,Block (Square/Cash App),embedded_finance
2024-11-12,87.25,XYZ,Block (Square/Cash App),embedded_finance
2024-11-13,85.81999969482422,XYZ,Block (Square/Cash App),embedded_finance
2024-11-14,83.41999816894531,XYZ,Block (Square/Cash App),embedded_finance
2024-11-15,84.30000305175781,XYZ,Block (Square/Cash App),embedded_finance
2024-11-18,90.79000091552734,XYZ,Block (Square/Cash App),embedded_finance
2024-11-19,92.41999816894531,XYZ,Block (Square/Cash App),embedded_finance
2024-11-20,89.69999694824219,XYZ,Block (Square/Cash App),embedded_finance
2024-11-21,92.69999694824219,XYZ,Block (Square/Cash App),embedded_finance
2024-11-22,92.26000213623047,XYZ,Block (Square/Cash App),embedded_finance
2024-11-25,90.75,XYZ,Block (Square/Cash App),embedded_finance
2024-11-26,89.01000213623047,XYZ,Block (Square/Cash App),embedded_finance
2024-11-27,88.77999877929688,XYZ,Block (Square/Cash App),embedded_finance
2024-11-29,88.55000305175781,XYZ,Block (Square/Cash App),embedded_finance
2024-12-02,92.77999877929688,XYZ,Block (Square/Cash App),embedded_finance
2024-12-03,93.19999694824219,XYZ,Block (Square/Cash App),embedded_finance
2024-12-04,98.91999816894531,XYZ,Block (Square/Cash App),embedded_finance
2024-12-05,95.87000274658203,XYZ,Block (Square/Cash App),embedded_finance
2024-12-06,98.25,XYZ,Block (Square/Cash App),embedded_finance
2024-12-09,95.41999816894531,XYZ,Block (Square/Cash App),embedded_finance
2024-12-10,94.04000091552734,XYZ,Block (Square/Cash App),embedded_finance
2024-12-11,98.19000244140625,XYZ,Block (Square/Cash App),embedded_finance
2024-12-12,94.11000061035156,XYZ,Block (Square/Cash App),embedded_finance
2024-12-13,91.9800033569336,XYZ,Block (Square/Cash App),embedded_finance
2024-12-16,93.77999877929688,XYZ,Block (Square/Cash App),embedded_finance
2024-12-17,94.55000305175781,XYZ,Block (Square/Cash App),embedded_finance
2024-12-18,87.30000305175781,XYZ,Block (Square/Cash App),embedded_finance
2024-12-19,87.63999938964844,XYZ,Block (Square/Cash App),embedded_finance
2024-12-20,89.6500015258789,XYZ,Block (Square/Cash App),embedded_finance
2024-12-23,89.29000091552734,XYZ,Block (Square/Cash App),embedded_finance
2024-12-24,91.08000183105469,XYZ,Block (Square/Cash App),embedded_finance
2024-12-26,91.4800033569336,XYZ,Block (Square/Cash App),embedded_finance
2024-12-27,88.97000122070312,XYZ,Block (Square/Cash App),embedded_finance
2024-12-30,87.4800033569336,XYZ,Block (Square/Cash App),embedded_finance
2024-12-31,84.98999786376953,XYZ,Block (Square/Cash App),embedded_finance
2025-01-02,86.75,XYZ,Block (Square/Cash App),embedded_finance
2025-01-03,92.16000366210938,XYZ,Block (Square/Cash App),embedded_finance
2025-01-06,91.94000244140625,XYZ,Block (Square/Cash App),embedded_finance
2025-01-07,87.68000030517578,XYZ,Block (Square/Cash App),embedded_finance
2025-01-08,86.75,XYZ,Block (Square/Cash App),embedded_finance
2025-01-10,82.54000091552734,XYZ,Block (Square/Cash App),embedded_finance
2025-01-13,82.01000213623047,XYZ,Block (Square/Cash App),embedded_finance
2025-01-14,82.41999816894531,XYZ,Block (Square/Cash App),embedded_finance
2025-01-15,84.79000091552734,XYZ,Block (Square/Cash App),embedded_finance
2025-01-16,86.37999725341797,XYZ,Block (Square/Cash App),embedded_finance
2025-01-17,86.95999908447266,XYZ,Block (Square/Cash App),embedded_finance
2025-01-21,89.5,XYZ,Block (Square/Cash App),embedded_finance
2025-01-22,87.4800033569336,XYZ,Block (Square/Cash App),embedded_finance
2025-01-23,87.80000305175781,XYZ,Block (Square/Cash App),embedded_finance
2025-01-24,88.66999816894531,XYZ,Block (Square/Cash App),embedded_finance
2025-01-27,85.01000213623047,XYZ,Block (Square/Cash App),embedded_finance
2025-01-28,88.63999938964844,XYZ,Block (Square/Cash App),embedded_finance
2025-01-29,90.02999877929688,XYZ,Block (Square/Cash App),embedded_finance
2025-01-30,92.94999694824219,XYZ,Block (Square/Cash App),embedded_finance
2025-01-31,90.81999969482422,XYZ,Block (Square/Cash App),embedded_finance
2025-02-03,90.19999694824219,XYZ,Block (Square/Cash App),embedded_finance
2025-02-04,86.16999816894531,XYZ,Block (Square/Cash App),embedded_finance
2025-02-05,86.0,XYZ,Block (Square/Cash App),embedded_finance
2025-02-06,86.08000183105469,XYZ,Block (Square/Cash App),embedded_finance
2025-02-07,85.31999969482422,XYZ,Block (Square/Cash App),embedded_finance
2025-02-10,84.8499984741211,XYZ,Block (Square/Cash App),embedded_finance
2025-02-11,82.58999633789062,XYZ,Block (Square/Cash App),embedded_finance
2025-02-12,82.98999786376953,XYZ,Block (Square/Cash App),embedded_finance
2025-02-13,84.29000091552734,XYZ,Block (Square/Cash App),embedded_finance
2025-02-14,84.0,XYZ,Block (Square/Cash App),embedded_finance
2025-02-18,84.18000030517578,XYZ,Block (Square/Cash App),embedded_finance
2025-02-19,83.88999938964844,XYZ,Block (Square/Cash App),embedded_finance
2025-02-20,83.04000091552734,XYZ,Block (Square/Cash App),embedded_finance
2025-02-21,68.3499984741211,XYZ,Block (Square/Cash App),embedded_finance
2025-02-24,65.91999816894531,XYZ,Block (Square/Cash App),embedded_finance
2025-02-25,62.84000015258789,XYZ,Block (Square/Cash App),embedded_finance
2025-02-26,65.29000091552734,XYZ,Block (Square/Cash App),embedded_finance
2025-02-27,64.27999877929688,XYZ,Block (Square/Cash App),embedded_finance
2025-02-28,65.30000305175781,XYZ,Block (Square/Cash App),embedded_finance
2025-03-03,62.790000915527344,XYZ,Block (Square/Cash App),embedded_finance
2025-03-04,59.43000030517578,XYZ,Block (Square/Cash App),embedded_finance
2025-03-05,61.119998931884766,XYZ,Block (Square/Cash App),embedded_finance
2025-03-06,59.79999923706055,XYZ,Block (Square/Cash App),embedded_finance
2025-03-07,60.0,XYZ,Block (Square/Cash App),embedded_finance
2025-03-10,54.7400016784668,XYZ,Block (Square/Cash App),embedded_finance
2025-03-11,55.290000915527344,XYZ,Block (Square/Cash App),embedded_finance
2025-03-12,55.900001525878906,XYZ,Block (Square/Cash App),embedded_finance
2025-03-13,54.040000915527344,XYZ,Block (Square/Cash App),embedded_finance
2025-03-14,57.220001220703125,XYZ,Block (Square/Cash App),embedded_finance
2025-03-17,58.650001525878906,XYZ,Block (Square/Cash App),embedded_finance
2025-03-18,59.650001525878906,XYZ,Block (Square/Cash App),embedded_finance
2025-03-19,61.369998931884766,XYZ,Block (Square/Cash App),embedded_finance
2025-03-20,61.0,XYZ,Block (Square/Cash App),embedded_finance
2025-03-21,61.11000061035156,XYZ,Block (Square/Cash App),embedded_finance
2025-03-24,62.58000183105469,XYZ,Block (Square/Cash App),embedded_finance
2025-03-25,61.33000183105469,XYZ,Block (Square/Cash App),embedded_finance
2025-03-26,59.04999923706055,XYZ,Block (Square/Cash App),embedded_finance
2025-03-27,56.9900016784668,XYZ,Block (Square/Cash App),embedded_finance
2025-03-28,55.33000183105469,XYZ,Block (Square/Cash App),embedded_finance
2025-03-31,54.33000183105469,XYZ,Block (Square/Cash App),embedded_finance
2025-04-01,55.40999984741211,XYZ,Block (Square/Cash App),embedded_finance
2025-04-02,57.86000061035156,XYZ,Block (Square/Cash App),embedded_finance
2025-04-03,53.970001220703125,XYZ,Block (Square/Cash App),embedded_finance
2025-04-04,50.2599983215332,XYZ,Block (Square/Cash App),embedded_finance
2025-04-07,50.470001220703125,XYZ,Block (Square/Cash App),embedded_finance
2025-04-08,49.08000183105469,XYZ,Block (Square/Cash App),embedded_finance
2025-04-09,55.9900016784668,XYZ,Block (Square/Cash App),embedded_finance
2025-04-10,52.90999984741211,XYZ,Block (Square/Cash App),embedded_finance
2025-04-11,53.939998626708984,XYZ,Block (Square/Cash App),embedded_finance
2025-04-14,54.65999984741211,XYZ,Block (Square/Cash App),embedded_finance
2025-04-15,55.08000183105469,XYZ,Block (Square/Cash App),embedded_finance
2025-04-16,53.75,XYZ,Block (Square/Cash App),embedded_finance
2025-04-17,53.900001525878906,XYZ,Block (Square/Cash App),embedded_finance
2025-04-21,52.38999938964844,XYZ,Block (Square/Cash App),embedded_finance
2025-04-22,54.33000183105469,XYZ,Block (Square/Cash App),embedded_finance
2025-04-23,55.65999984741211,XYZ,Block (Square/Cash App),embedded_finance
2025-04-24,57.5,XYZ,Block (Square/Cash App),embedded_finance
2025-04-25,58.09000015258789,XYZ,Block (Square/Cash App),embedded_finance
2025-04-28,58.31999969482422,XYZ,Block (Square/Cash App),embedded_finance
2025-04-29,59.560001373291016,XYZ,Block (Square/Cash App),embedded_finance
2025-04-30,58.470001220703125,XYZ,Block (Square/Cash App),embedded_finance
2025-05-01,58.47999954223633,XYZ,Block (Square/Cash App),embedded_finance
2025-05-02,46.529998779296875,XYZ,Block (Square/Cash App),embedded_finance
2025-05-05,46.63999938964844,XYZ,Block (Square/Cash App),embedded_finance
2025-05-06,47.290000915527344,XYZ,Block (Square/Cash App),embedded_finance
2025-05-07,47.95000076293945,XYZ,Block (Square/Cash App),embedded_finance
2025-05-08,50.11000061035156,XYZ,Block (Square/Cash App),embedded_finance
2025-05-09,50.36000061035156,XYZ,Block (Square/Cash App),embedded_finance
2025-05-12,55.02000045776367,XYZ,Block (Square/Cash App),embedded_finance
2025-05-13,58.16999816894531,XYZ,Block (Square/Cash App),embedded_finance
2025-05-14,58.5,XYZ,Block (Square/Cash App),embedded_finance
2025-05-15,57.0099983215332,XYZ,Block (Square/Cash App),embedded_finance
2025-05-16,57.65999984741211,XYZ,Block (Square/Cash App),embedded_finance
2025-05-19,58.33000183105469,XYZ,Block (Square/Cash App),embedded_finance
2025-05-20,57.34000015258789,XYZ,Block (Square/Cash App),embedded_finance
2025-05-21,55.439998626708984,XYZ,Block (Square/Cash App),embedded_finance
2025-05-22,58.349998474121094,XYZ,Block (Square/Cash App),embedded_finance
2025-05-23,58.7400016784668,XYZ,Block (Square/Cash App),embedded_finance
2025-05-27,62.150001525878906,XYZ,Block (Square/Cash App),embedded_finance
2025-05-28,61.810001373291016,XYZ,Block (Square/Cash App),embedded_finance
2025-05-29,62.15999984741211,XYZ,Block (Square/Cash App),embedded_finance
2025-05-30,61.75,XYZ,Block (Square/Cash App),embedded_finance
2025-06-02,61.7599983215332,XYZ,Block (Square/Cash App),embedded_finance
2025-06-03,63.5099983215332,XYZ,Block (Square/Cash App),embedded_finance
2025-06-04,63.86000061035156,XYZ,Block (Square/Cash App),embedded_finance
2025-06-05,63.599998474121094,XYZ,Block (Square/Cash App),embedded_finance
2025-06-06,64.98999786376953,XYZ,Block (Square/Cash App),embedded_finance
2025-06-09,65.83999633789062,XYZ,Block (Square/Cash App),embedded_finance
2025-06-10,64.4800033569336,XYZ,Block (Square/Cash App),embedded_finance
2025-06-11,64.05999755859375,XYZ,Block (Square/Cash App),embedded_finance
2025-06-12,63.849998474121094,XYZ,Block (Square/Cash App),embedded_finance
2025-06-13,61.56999969482422,XYZ,Block (Square/Cash App),embedded_finance
2025-06-16,64.81999969482422,XYZ,Block (Square/Cash App),embedded_finance
2025-06-17,63.31999969482422,XYZ,Block (Square/Cash App),embedded_finance
2025-06-18,63.09000015258789,XYZ,Block (Square/Cash App),embedded_finance
2025-06-20,63.59000015258789,XYZ,Block (Square/Cash App),embedded_finance
2025-06-23,63.619998931884766,XYZ,Block (Square/Cash App),embedded_finance
2025-06-24,65.33999633789062,XYZ,Block (Square/Cash App),embedded_finance
2025-06-25,64.80999755859375,XYZ,Block (Square/Cash App),embedded_finance
2025-06-26,65.11000061035156,XYZ,Block (Square/Cash App),embedded_finance
2025-06-27,66.62999725341797,XYZ,Block (Square/Cash App),embedded_finance
2025-06-30,67.93000030517578,XYZ,Block (Square/Cash App),embedded_finance
2025-07-01,68.2699966430664,XYZ,Block (Square/Cash App),embedded_finance
2025-07-02,69.22000122070312,XYZ,Block (Square/Cash App),embedded_finance
2025-07-03,69.2300033569336,XYZ,Block (Square/Cash App),embedded_finance
2025-07-07,69.41000366210938,XYZ,Block (Square/Cash App),embedded_finance
2025-07-08,67.83999633789062,XYZ,Block (Square/Cash App),embedded_finance
2025-07-09,69.01000213623047,XYZ,Block (Square/Cash App),embedded_finance
2025-07-10,68.76000213623047,XYZ,Block (Square/Cash App),embedded_finance
2025-07-11,65.13999938964844,XYZ,Block (Square/Cash App),embedded_finance
2025-07-14,68.68000030517578,XYZ,Block (Square/Cash App),embedded_finance
2025-07-15,66.01000213623047,XYZ,Block (Square/Cash App),embedded_finance
2025-07-16,69.02999877929688,XYZ,Block (Square/Cash App),embedded_finance
2025-07-17,70.7300033569336,XYZ,Block (Square/Cash App),embedded_finance
2025-07-18,72.81999969482422,XYZ,Block (Square/Cash App),embedded_finance
2025-07-21,78.08000183105469,XYZ,Block (Square/Cash App),embedded_finance
2025-07-22,79.2699966430664,XYZ,Block (Square/Cash App),embedded_finance
2025-07-23,79.69999694824219,XYZ,Block (Square/Cash App),embedded_finance
2025-07-24,79.7699966430664,XYZ,Block (Square/Cash App),embedded_finance
2025-07-25,80.73999786376953,XYZ,Block (Square/Cash App),embedded_finance
2025-07-28,80.56999969482422,XYZ,Block (Square/Cash App),embedded_finance
2025-07-29,78.18000030517578,XYZ,Block (Square/Cash App),embedded_finance
2025-07-30,77.58999633789062,XYZ,Block (Square/Cash App),embedded_finance
2025-07-31,77.26000213623047,XYZ,Block (Square/Cash App),embedded_finance
2025-08-01,74.02999877929688,XYZ,Block (Square/Cash App),embedded_finance
2025-08-04,76.12000274658203,XYZ,Block (Square/Cash App),embedded_finance
2025-08-05,75.29000091552734,XYZ,Block (Square/Cash App),embedded_finance
2025-08-06,76.12999725341797,XYZ,Block (Square/Cash App),embedded_finance
2025-08-07,76.8499984741211,XYZ,Block (Square/Cash App),embedded_finance
2025-08-08,73.38999938964844,XYZ,Block (Square/Cash App),embedded_finance
2025-08-11,73.02999877929688,XYZ,Block (Square/Cash App),embedded_finance
2025-08-12,74.54000091552734,XYZ,Block (Square/Cash App),embedded_finance
2025-08-13,76.94999694824219,XYZ,Block (Square/Cash App),embedded_finance
2025-08-14,76.04000091552734,XYZ,Block (Square/Cash App),embedded_finance
2025-08-15,75.80000305175781,XYZ,Block (Square/Cash App),embedded_finance
2025-08-18,76.7300033569336,XYZ,Block (Square/Cash App),embedded_finance
2025-08-19,74.30000305175781,XYZ,Block (Square/Cash App),embedded_finance
2025-08-20,74.18000030517578,XYZ,Block (Square/Cash App),embedded_finance
2025-08-21,74.08999633789062,XYZ,Block (Square/Cash App),embedded_finance
2025-08-22,79.12000274658203,XYZ,Block (Square/Cash App),embedded_finance
2025-08-25,79.08000183105469,XYZ,Block (Square/Cash App),embedded_finance
2025-08-26,78.77999877929688,XYZ,Block (Square/Cash App),embedded_finance
2025-08-27,79.38999938964844,XYZ,Block (Square/Cash App),embedded_finance
2025-08-28,80.77999877929688,XYZ,Block (Square/Cash App),embedded_finance
2025-08-29,79.63999938964844,XYZ,Block (Square/Cash App),embedded_finance
2025-09-02,76.2300033569336,XYZ,Block (Square/Cash App),embedded_finance
2025-09-03,75.79000091552734,XYZ,Block (Square/Cash App),embedded_finance
2025-09-04,75.75,XYZ,Block (Square/Cash App),embedded_finance
2025-09-05,74.94000244140625,XYZ,Block (Square/Cash App),embedded_finance
2025-09-08,75.81999969482422,XYZ,Block (Square/Cash App),embedded_finance
2025-09-09,75.51000213623047,XYZ,Block (Square/Cash App),embedded_finance
2025-09-10,73.75,XYZ,Block (Square/Cash App),embedded_finance
2025-09-11,74.2300033569336,XYZ,Block (Square/Cash App),embedded_finance
2025-09-12,72.87000274658203,XYZ,Block (Square/Cash App),embedded_finance
2025-09-15,74.62999725341797,XYZ,Block (Square/Cash App),embedded_finance
2025-09-16,75.77999877929688,XYZ,Block (Square/Cash App),embedded_finance
2025-09-17,75.70999908447266,XYZ,Block (Square/Cash App),embedded_finance
2025-09-18,77.37000274658203,XYZ,Block (Square/Cash App),embedded_finance
2025-09-19,77.02999877929688,XYZ,Block (Square/Cash App),embedded_finance
2025-09-22,77.41000366210938,XYZ,Block (Square/Cash App),embedded_finance
2025-09-23,76.54000091552734,XYZ,Block (Square/Cash App),embedded_finance
2025-09-24,76.48999786376953,XYZ,Block (Square/Cash App),embedded_finance
2025-09-25,73.68000030517578,XYZ,Block (Square/Cash App),embedded_finance
2025-09-26,73.66999816894531,XYZ,Block (Square/Cash App),embedded_finance
2025-09-29,75.38999938964844,XYZ,Block (Square/Cash App),embedded_finance
2025-09-30,72.2699966430664,XYZ,Block (Square/Cash App),embedded_finance
2025-10-01,73.4000015258789,XYZ,Block (Square/Cash App),embedded_finance
2025-10-02,76.80999755859375,XYZ,Block (Square/Cash App),embedded_finance
2025-10-03,76.94999694824219,XYZ,Block (Square/Cash App),embedded_finance
2025-10-06,77.77999877929688,XYZ,Block (Square/Cash App),embedded_finance
2025-10-07,79.0199966430664,XYZ,Block (Square/Cash App),embedded_finance
2025-10-08,81.11000061035156,XYZ,Block (Square/Cash App),embedded_finance
2025-10-09,80.8499984741211,XYZ,Block (Square/Cash App),embedded_finance
2025-10-10,74.66999816894531,XYZ,Block (Square/Cash App),embedded_finance
2025-10-13,75.0199966430664,XYZ,Block (Square/Cash App),embedded_finance
2025-10-14,76.18000030517578,XYZ,Block (Square/Cash App),embedded_finance
2025-10-15,76.12999725341797,XYZ,Block (Square/Cash App),embedded_finance
2025-10-16,74.54000091552734,XYZ,Block (Square/Cash App),embedded_finance
2025-10-17,75.19999694824219,XYZ,Block (Square/Cash App),embedded_finance
2025-10-20,76.5,XYZ,Block (Square/Cash App),embedded_finance
2025-10-21,77.7300033569336,XYZ,Block (Square/Cash App),embedded_finance
2025-10-22,75.91999816894531,XYZ,Block (Square/Cash App),embedded_finance
2025-10-23,78.55999755859375,XYZ,Block (Square/Cash App),embedded_finance
2025-10-24,79.54000091552734,XYZ,Block (Square/Cash App),embedded_finance
2025-10-27,80.1500015258789,XYZ,Block (Square/Cash App),embedded_finance
2025-10-28,80.18000030517578,XYZ,Block (Square/Cash App),embedded_finance
2025-10-29,76.51000213623047,XYZ,Block (Square/Cash App),embedded_finance
2025-10-30,73.91999816894531,XYZ,Block (Square/Cash App),embedded_finance
2025-10-31,75.94000244140625,XYZ,Block (Square/Cash App),embedded_finance
2025-11-03,74.30000305175781,XYZ,Block (Square/Cash App),embedded_finance
2025-11-04,72.58000183105469,XYZ,Block (Square/Cash App),embedded_finance
2025-11-05,73.6500015258789,XYZ,Block (Square/Cash App),embedded_finance
2025-11-06,70.93000030517578,XYZ,Block (Square/Cash App),embedded_finance
2025-11-07,65.44999694824219,XYZ,Block (Square/Cash App),embedded_finance
2025-11-10,66.80000305175781,XYZ,Block (Square/Cash App),embedded_finance
2025-11-11,65.91000366210938,XYZ,Block (Square/Cash App),embedded_finance
2025-11-12,65.7699966430664,XYZ,Block (Square/Cash App),embedded_finance
2025-11-13,62.29999923706055,XYZ,Block (Square/Cash App),embedded_finance
2025-11-14,60.47999954223633,XYZ,Block (Square/Cash App),embedded_finance
2025-11-17,58.88999938964844,XYZ,Block (Square/Cash App),embedded_finance
2025-11-18,57.63999938964844,XYZ,Block (Square/Cash App),embedded_finance
2025-11-19,62.0,XYZ,Block (Square/Cash App),embedded_finance
2025-11-20,61.95000076293945,XYZ,Block (Square/Cash App),embedded_finance
2025-11-21,61.95000076293945,XYZ,Block (Square/Cash App),embedded_finance
2025-11-24,61.86000061035156,XYZ,Block (Square/Cash App),embedded_finance
2025-11-25,63.689998626708984,XYZ,Block (Square/Cash App),embedded_finance
2025-11-26,65.02999877929688,XYZ,Block (Square/Cash App),embedded_finance
2025-11-28,66.80000305175781,XYZ,Block (Square/Cash App),embedded_finance
2025-12-01,64.3499984741211,XYZ,Block (Square/Cash App),embedded_finance
2025-12-02,60.11000061035156,XYZ,Block (Square/Cash App),embedded_finance
2025-12-03,61.11000061035156,XYZ,Block (Square/Cash App),embedded_finance
2025-12-04,62.189998626708984,XYZ,Block (Square/Cash App),embedded_finance
2025-12-05,61.11000061035156,XYZ,Block (Square/Cash App),embedded_finance
2025-12-08,61.040000915527344,XYZ,Block (Square/Cash App),embedded_finance
2025-12-09,61.56999969482422,XYZ,Block (Square/Cash App),embedded_finance
2025-12-10,63.290000915527344,XYZ,Block (Square/Cash App),embedded_finance
2025-12-11,63.61000061035156,XYZ,Block (Square/Cash App),embedded_finance
2025-12-12,64.75,XYZ,Block (Square/Cash App),embedded_finance
2025-12-15,64.0199966430664,XYZ,Block (Square/Cash App),embedded_finance
2025-12-16,64.55000305175781,XYZ,Block (Square/Cash App),embedded_finance
2025-12-17,63.77000045776367,XYZ,Block (Square/Cash App),embedded_finance
2025-12-18,64.38999938964844,XYZ,Block (Square/Cash App),embedded_finance
2025-12-19,65.33000183105469,XYZ,Block (Square/Cash App),embedded_finance
2025-12-22,65.1500015258789,XYZ,Block (Square/Cash App),embedded_finance
2025-12-23,64.94000244140625,XYZ,Block (Square/Cash App),embedded_finance
2025-12-24,66.05000305175781,XYZ,Block (Square/Cash App),embedded_finance
2025-12-26,66.2699966430664,XYZ,Block (Square/Cash App),embedded_finance
2025-12-29,65.91999816894531,XYZ,Block (Square/Cash App),embedded_finance
2025-12-30,65.54000091552734,XYZ,Block (Square/Cash App),embedded_finance
2025-12-31,65.08999633789062,XYZ,Block (Square/Cash App),embedded_finance
2026-01-02,65.1500015258789,XYZ,Block (Square/Cash App),embedded_finance
2026-01-05,68.44999694824219,XYZ,Block (Square/Cash App),embedded_finance
2026-01-06,70.0,XYZ,Block (Square/Cash App),embedded_finance
2026-01-07,71.47000122070312,XYZ,Block (Square/Cash App),embedded_finance
2026-01-08,70.16000366210938,XYZ,Block (Square/Cash App),embedded_finance
2026-01-09,69.55000305175781,XYZ,Block (Square/Cash App),embedded_finance
2026-01-12,70.26000213623047,XYZ,Block (Square/Cash App),embedded_finance
2026-01-13,67.26000213623047,XYZ,Block (Square/Cash App),embedded_finance
2026-01-14,65.61000061035156,XYZ,Block (Square/Cash App),embedded_finance
2026-01-15,64.91999816894531,XYZ,Block (Square/Cash App),embedded_finance
2026-01-16,65.94999694824219,XYZ,Block (Square/Cash App),embedded_finance
2026-01-20,62.630001068115234,XYZ,Block (Square/Cash App),embedded_finance
2026-01-21,64.0,XYZ,Block (Square/Cash App),embedded_finance
2026-01-22,65.05000305175781,XYZ,Block (Square/Cash App),embedded_finance
2026-01-23,66.83000183105469,XYZ,Block (Square/Cash App),embedded_finance
2026-01-26,65.9000015258789,XYZ,Block (Square/Cash App),embedded_finance
2026-01-27,64.58999633789062,XYZ,Block (Square/Cash App),embedded_finance
2026-01-28,64.22000122070312,XYZ,Block (Square/Cash App),embedded_finance
2026-01-29,62.209999084472656,XYZ,Block (Square/Cash App),embedded_finance
2026-01-30,60.43000030517578,XYZ,Block (Square/Cash App),embedded_finance
2026-02-02,60.400001525878906,XYZ,Block (Square/Cash App),embedded_finance
2026-02-03,56.790000915527344,XYZ,Block (Square/Cash App),embedded_finance
2026-02-04,57.43000030517578,XYZ,Block (Square/Cash App),embedded_finance
2026-02-05,53.380001068115234,XYZ,Block (Square/Cash App),embedded_finance
2026-02-06,55.970001220703125,XYZ,Block (Square/Cash App),embedded_finance
2026-02-09,56.779998779296875,XYZ,Block (Square/Cash App),embedded_finance
2026-02-10,57.29999923706055,XYZ,Block (Square/Cash App),embedded_finance
2026-02-11,53.810001373291016,XYZ,Block (Square/Cash App),embedded_finance
2026-02-12,49.09000015258789,XYZ,Block (Square/Cash App),embedded_finance
2026-02-13,49.79999923706055,XYZ,Block (Square/Cash App),embedded_finance
2026-02-17,50.810001373291016,XYZ,Block (Square/Cash App),embedded_finance
2026-02-18,53.599998474121094,XYZ,Block (Square/Cash App),embedded_finance
2026-02-19,52.88999938964844,XYZ,Block (Square/Cash App),embedded_finance
2026-02-20,53.220001220703125,XYZ,Block (Square/Cash App),embedded_finance
2026-02-23,50.75,XYZ,Block (Square/Cash App),embedded_finance
2026-02-24,51.0,XYZ,Block (Square/Cash App),embedded_finance
2026-02-25,51.939998626708984,XYZ,Block (Square/Cash App),embedded_finance
2026-02-26,54.529998779296875,XYZ,Block (Square/Cash App),embedded_finance
2026-02-27,63.70000076293945,XYZ,Block (Square/Cash App),embedded_finance
2026-03-02,64.44999694824219,XYZ,Block (Square/Cash App),embedded_finance
2026-03-03,62.900001525878906,XYZ,Block (Square/Cash App),embedded_finance
2026-03-04,65.23999786376953,XYZ,Block (Square/Cash App),embedded_finance
2026-03-05,67.37999725341797,XYZ,Block (Square/Cash App),embedded_finance
2026-03-06,66.33000183105469,XYZ,Block (Square/Cash App),embedded_finance
2026-03-09,65.54000091552734,XYZ,Block (Square/Cash App),embedded_finance
2026-03-10,65.5999984741211,XYZ,Block (Square/Cash App),embedded_finance
2026-03-11,64.62999725341797,XYZ,Block (Square/Cash App),embedded_finance
2026-03-12,59.900001525878906,XYZ,Block (Square/Cash App),embedded_finance
2026-03-13,59.790000915527344,XYZ,Block (Square/Cash App),embedded_finance
2026-03-16,59.849998474121094,XYZ,Block (Square/Cash App),embedded_finance
2026-03-17,59.790000915527344,XYZ,Block (Square/Cash App),embedded_finance
2026-03-18,57.84000015258789,XYZ,Block (Square/Cash App),embedded_finance
2026-03-19,58.9900016784668,XYZ,Block (Square/Cash App),embedded_finance
2026-03-20,59.369998931884766,XYZ,Block (Square/Cash App),embedded_finance
2026-03-23,61.16999816894531,XYZ,Block (Square/Cash App),embedded_finance
2026-03-24,59.88999938964844,XYZ,Block (Square/Cash App),embedded_finance
2026-03-25,60.0099983215332,XYZ,Block (Square/Cash App),embedded_finance
2026-03-26,59.369998931884766,XYZ,Block (Square/Cash App),embedded_finance
2026-03-27,55.97999954223633,XYZ,Block (Square/Cash App),embedded_finance
2026-03-30,57.029998779296875,XYZ,Block (Square/Cash App),embedded_finance
2026-03-31,60.18000030517578,XYZ,Block (Square/Cash App),embedded_finance
2026-04-01,59.540000915527344,XYZ,Block (Square/Cash App),embedded_finance
2026-04-02,59.779998779296875,XYZ,Block (Square/Cash App),embedded_finance
2026-04-06,60.68000030517578,XYZ,Block (Square/Cash App),embedded_finance
2026-04-07,59.970001220703125,XYZ,Block (Square/Cash App),embedded_finance
2026-04-08,62.83000183105469,XYZ,Block (Square/Cash App),embedded_finance
2026-04-09,62.689998626708984,XYZ,Block (Square/Cash App),embedded_finance
2026-04-10,62.20000076293945,XYZ,Block (Square/Cash App),embedded_finance
2026-04-13,64.22000122070312,XYZ,Block (Square/Cash App),embedded_finance
2026-04-14,66.1500015258789,XYZ,Block (Square/Cash App),embedded_finance
2026-04-15,67.97000122070312,XYZ,Block (Square/Cash App),embedded_finance
2026-04-16,68.66999816894531,XYZ,Block (Square/Cash App),embedded_finance
2026-04-17,71.26000213623047,XYZ,Block (Square/Cash App),embedded_finance
2026-04-20,73.88999938964844,XYZ,Block (Square/Cash App),embedded_finance
2026-04-21,71.75,XYZ,Block (Square/Cash App),embedded_finance
2026-04-22,72.5,XYZ,Block (Square/Cash App),embedded_finance
2026-04-23,69.93000030517578,XYZ,Block (Square/Cash App),embedded_finance
2026-04-24,71.62999725341797,XYZ,Block (Square/Cash App),embedded_finance
2026-04-27,71.27999877929688,XYZ,Block (Square/Cash App),embedded_finance
2026-04-28,69.54000091552734,XYZ,Block (Square/Cash App),embedded_finance
2026-04-29,69.45999908447266,XYZ,Block (Square/Cash App),embedded_finance
2026-04-30,70.51000213623047,XYZ,Block (Square/Cash App),embedded_finance
2026-05-01,71.80999755859375,XYZ,Block (Square/Cash App),embedded_finance
2026-05-04,71.9000015258789,XYZ,Block (Square/Cash App),embedded_finance
2026-05-05,71.25,XYZ,Block (Square/Cash App),embedded_finance
2026-05-06,70.83000183105469,XYZ,Block (Square/Cash App),embedded_finance
2026-05-07,70.13999938964844,XYZ,Block (Square/Cash App),embedded_finance
2026-05-08,74.8499984741211,XYZ,Block (Square/Cash App),embedded_finance
2026-05-11,73.16999816894531,XYZ,Block (Square/Cash App),embedded_finance
2026-05-12,72.12000274658203,XYZ,Block (Square/Cash App),embedded_finance
2026-05-13,69.77999877929688,XYZ,Block (Square/Cash App),embedded_finance
2026-05-14,71.52999877929688,XYZ,Block (Square/Cash App),embedded_finance
2026-05-15,70.36000061035156,XYZ,Block (Square/Cash App),embedded_finance
2026-05-18,70.62999725341797,XYZ,Block (Square/Cash App),embedded_finance
2026-05-19,69.16999816894531,XYZ,Block (Square/Cash App),embedded_finance
2026-05-20,70.88999938964844,XYZ,Block (Square/Cash App),embedded_finance
2026-05-21,68.6500015258789,XYZ,Block (Square/Cash App),embedded_finance
2026-05-22,68.08000183105469,XYZ,Block (Square/Cash App),embedded_finance
2026-05-26,69.16999816894531,XYZ,Block (Square/Cash App),embedded_finance
2026-05-27,71.41999816894531,XYZ,Block (Square/Cash App),embedded_finance
2026-05-28,74.3499984741211,XYZ,Block (Square/Cash App),embedded_finance
2026-05-29,75.72000122070312,XYZ,Block (Square/Cash App),embedded_finance
2026-06-01,76.0999984741211,XYZ,Block (Square/Cash App),embedded_finance
2026-06-02,74.1500015258789,XYZ,Block (Square/Cash App),embedded_finance
2026-06-03,69.80000305175781,XYZ,Block (Square/Cash App),embedded_finance
2026-06-04,70.88999938964844,XYZ,Block (Square/Cash App),embedded_finance
2026-06-05,68.1500015258789,XYZ,Block (Square/Cash App),embedded_finance
2026-06-08,69.91999816894531,XYZ,Block (Square/Cash App),embedded_finance
2026-06-09,68.29000091552734,XYZ,Block (Square/Cash App),embedded_finance
2026-06-10,66.62999725341797,XYZ,Block (Square/Cash App),embedded_finance
2026-06-11,69.08999633789062,XYZ,Block (Square/Cash App),embedded_finance
2026-06-12,69.5199966430664,XYZ,Block (Square/Cash App),embedded_finance
2026-06-15,74.3499984741211,XYZ,Block (Square/Cash App),embedded_finance
2026-06-16,74.68000030517578,XYZ,Block (Square/Cash App),embedded_finance
2026-06-17,72.83999633789062,XYZ,Block (Square/Cash App),embedded_finance
2026-06-18,74.77999877929688,XYZ,Block (Square/Cash App),embedded_finance
2026-06-22,73.06999969482422,XYZ,Block (Square/Cash App),embedded_finance
2026-06-23,72.37000274658203,XYZ,Block (Square/Cash App),embedded_finance
2026-06-24,75.68000030517578,XYZ,Block (Square/Cash App),embedded_finance
2026-06-25,74.08000183105469,XYZ,Block (Square/Cash App),embedded_finance
2026-06-26,77.81999969482422,XYZ,Block (Square/Cash App),embedded_finance
2026-06-29,78.0199966430664,XYZ,Block (Square/Cash App),embedded_finance
2026-06-30,76.0,XYZ,Block (Square/Cash App),embedded_finance
2026-07-01,77.12999725341797,XYZ,Block (Square/Cash App),embedded_finance
2026-07-02,78.83000183105469,XYZ,Block (Square/Cash App),embedded_finance
2026-07-06,78.91999816894531,XYZ,Block (Square/Cash App),embedded_finance
2026-07-07,77.55999755859375,XYZ,Block (Square/Cash App),embedded_finance
2026-07-08,76.55000305175781,XYZ,Block (Square/Cash App),embedded_finance
2026-07-09,77.41999816894531,XYZ,Block (Square/Cash App),embedded_finance
2026-07-10,77.30000305175781,XYZ,Block (Square/Cash App),embedded_finance
2026-07-13,78.72000122070312,XYZ,Block (Square/Cash App),embedded_finance
2026-07-14,79.98999786376953,XYZ,Block (Square/Cash App),embedded_finance
2026-07-15,81.80999755859375,XYZ,Block (Square/Cash App),embedded_finance
2026-07-16,81.5199966430664,XYZ,Block (Square/Cash App),embedded_finance
2026-07-17,79.94000244140625,XYZ,Block (Square/Cash App),embedded_finance
2026-07-20,79.29000091552734,XYZ,Block (Square/Cash App),embedded_finance
2026-07-21,80.37999725341797,XYZ,Block (Square/Cash App),embedded_finance
2026-07-22,77.45999908447266,XYZ,Block (Square/Cash App),embedded_finance
2026-07-23,76.48999786376953,XYZ,Block (Square/Cash App),embedded_finance
2026-07-24,77.1500015258789,XYZ,Block (Square/Cash App),embedded_finance
2026-07-27,81.23999786376953,XYZ,Block (Square/Cash App),embedded_finance
2026-07-28,83.0999984741211,XYZ,Block (Square/Cash App),embedded_finance
2026-07-29,82.18000030517578,XYZ,Block (Square/Cash App),embedded_finance
2026-07-30,82.58999633789062,XYZ,Block (Square/Cash App),embedded_finance
2026-07-31,81.23999786376953,XYZ,Block (Square/Cash App),embedded_finance
